# Blender 4.4.3
# www.blender.org
mtllib 台座.mtl
o 立方体.001
v 0.488233 0.040100 0.000002
v 0.471578 0.016128 0.000001
v 0.485202 0.085204 0.000011
v 0.441861 0.143919 0.000004
v 0.396871 0.171516 0.000004
v 0.392343 0.198542 0.000007
v 0.442204 0.247074 -0.000002
v 0.442876 0.290107 0.000003
v 0.418960 0.350225 0.000001
v 0.393361 0.386271 0.000002
v 0.335141 0.423248 0.000001
v 0.000000 0.000000 0.000000
v 0.489065 0.046512 0.032663
v 0.474729 0.021574 0.039762
v 0.443816 0.140458 0.035295
v 0.413007 0.223017 0.072123
v 0.438780 0.293783 0.048630
v 0.409128 0.364452 0.030426
v 0.382022 0.396182 0.035557
v 0.360549 0.414369 0.035773
v 0.000000 0.000000 0.000000
v 0.481463 0.045645 0.092465
v 0.468091 0.021043 0.087335
v 0.456842 0.009347 0.073107
v 0.488808 0.061028 0.043905
v 0.395504 0.170292 0.048670
v 0.434424 0.240126 0.048209
v 0.440714 0.252440 0.045123
v 0.000000 0.000000 0.000000
v 0.382258 0.178159 0.088846
v 0.438133 0.266690 0.076454
v 0.000000 0.000000 0.000000
v 0.464210 0.030191 0.132214
v 0.479714 0.058902 0.105742
v 0.387154 0.168682 0.102694
v 0.379785 0.192294 0.093675
v 0.427688 0.260160 0.119317
v 0.432715 0.280138 0.099474
v 0.427458 0.293576 0.111437
v 0.392295 0.369272 0.108004
v 0.364491 0.401766 0.100851
v 0.321820 0.422194 0.123255
v 0.000000 0.000000 0.000000
v 0.464546 0.045749 0.156042
v 0.454645 0.066986 0.183877
v 0.430925 0.136343 0.125812
v 0.372750 0.178212 0.123016
v 0.413080 0.295396 0.154463
v 0.000000 0.000000 0.000000
v 0.419015 0.134608 0.164426
v 0.372538 0.169389 0.144712
v 0.362436 0.205136 0.157833
v 0.404001 0.256782 0.183361
v 0.415914 0.273339 0.157426
v 0.000000 0.000000 0.000000
v 0.429807 0.002700 0.139202
v 0.357818 0.179599 0.159998
v 0.343210 0.196226 0.189496
v 0.373385 0.340337 0.200911
v 0.369233 0.368727 0.171317
v 0.331051 0.415840 0.142263
v 0.000000 0.000000 0.000000
v 0.392832 0.007008 0.238565
v 0.386442 0.001229 0.221236
v 0.447541 0.001190 -0.000002
v 0.396090 0.138869 0.205824
v 0.352184 0.166277 0.198733
v 0.347466 0.174392 0.187658
v 0.344479 0.209280 0.199570
v 0.366033 0.223823 0.205221
v 0.388238 0.262535 0.216351
v 0.000000 0.000000 0.000000
v 0.407692 0.043999 0.270829
v 0.405364 0.022575 0.251649
v 0.422314 0.056272 0.250300
v 0.371998 0.131434 0.258749
v 0.368639 0.268142 0.248409
v 0.371269 0.288928 0.241173
v 0.335074 0.388989 0.201420
v 0.310294 0.409916 0.198926
v 0.000000 0.000000 0.000000
v 0.348745 0.002782 0.286243
v 0.318265 0.179149 0.229277
v 0.335948 0.224213 0.251979
v 0.276146 0.417723 0.227003
v 0.249209 0.423917 0.205925
v 0.000000 0.000000 0.000000
v 0.369080 0.083996 0.314369
v 0.374239 0.110965 0.282209
v 0.350221 0.146762 0.262006
v 0.346375 0.266459 0.279125
v 0.341767 0.328381 0.259282
v 0.299255 0.383071 0.259506
v 0.281571 0.402333 0.251225
v 0.000000 0.000000 0.000000
v 0.357428 0.057058 0.337055
v 0.320962 0.136715 0.313252
v 0.282766 0.173048 0.277157
v 0.289965 0.183656 0.262165
v 0.298713 0.222285 0.292065
v 0.318232 0.243463 0.303121
v 0.303309 0.260290 0.324683
v 0.310501 0.277526 0.317982
v 0.296155 0.335818 0.306489
v 0.000000 0.000000 0.000000
v 0.330518 0.045837 0.361573
v 0.347270 0.021976 0.326931
v 0.242241 0.173196 0.313194
v 0.282841 0.242893 0.336181
v 0.281268 0.355837 0.305978
v 0.261991 0.380188 0.299758
v 0.236379 0.419882 0.261659
v 0.000000 0.000000 0.000000
v 0.327888 0.010744 0.329689
v 0.254094 0.200785 0.300682
v 0.259086 0.210165 0.303368
v 0.272330 0.277791 0.351318
v 0.000000 0.000000 0.000000
v 0.287181 0.048818 0.397985
v 0.246775 0.147226 0.360712
v 0.252343 0.180823 0.300032
v 0.234559 0.187960 0.312961
v 0.246449 0.290226 0.367536
v 0.228749 0.415862 0.278735
v 0.000000 0.000000 0.000000
v 0.252973 0.041055 0.417535
v 0.295634 0.034057 0.384530
v 0.269137 0.082417 0.404161
v 0.248804 0.122385 0.387202
v 0.204584 0.171927 0.339537
v 0.221850 0.209848 0.330907
v 0.237043 0.222821 0.345485
v 0.225488 0.365686 0.341773
v 0.166947 0.414286 0.322045
v 0.000000 0.000000 0.000000
v 0.223256 0.011927 0.409361
v 0.262190 0.004634 0.372770
v 0.245244 0.060065 0.425667
v 0.216097 0.245055 0.383560
v 0.232818 0.263747 0.378559
v 0.167334 0.396035 0.345703
v 0.173263 0.421743 0.299647
v 0.000000 0.000000 0.000000
v 0.217136 0.044264 0.438802
v 0.166801 0.166859 0.367408
v 0.166855 0.196354 0.354427
v 0.150671 0.207116 0.367084
v 0.179429 0.345166 0.381537
v 0.000000 0.000000 0.000000
v 0.130958 0.417715 0.332404
v 0.000000 0.000000 0.000000
v 0.170528 0.041980 0.458192
v 0.118565 0.210970 0.382191
v 0.130363 0.251108 0.422797
v 0.130298 0.272651 0.425023
v 0.000000 0.000000 0.000000
v 0.119485 0.024350 0.463224
v 0.120778 0.013506 0.452439
v 0.132450 0.003394 0.433025
v 0.120469 0.080164 0.471621
v 0.090968 0.291437 0.432875
v 0.000000 0.000000 0.000000
v 0.021976 0.001143 0.443825
v 0.098358 0.060460 0.480973
v 0.114386 0.145586 0.423631
v 0.059314 0.175879 0.389369
v 0.070862 0.197327 0.385859
v 0.094282 0.264760 0.434428
v 0.088973 0.332431 0.418185
v 0.060126 0.353542 0.412653
v 0.000000 0.000000 0.000000
v 0.059996 0.004318 0.451213
v 0.046749 0.134762 0.447872
v 0.028900 0.332373 0.426272
v 0.000000 0.000000 0.000000
v 0.019138 0.169588 0.398948
v 0.039346 0.187097 0.388981
v 0.007336 0.194791 0.391641
v 0.000221 0.245070 0.440338
v 0.027413 0.289195 0.441977
v 0.000000 0.000000 0.000000
v -0.009948 0.005296 0.456332
v 0.013658 0.066349 0.489992
v -0.013988 0.185388 0.390628
v 0.011230 0.258801 0.444139
v 0.039668 0.423610 0.332866
v 0.000000 0.000000 0.000000
v -0.000991 0.045755 0.490221
v -0.019361 0.138712 0.446160
v -0.039299 0.169236 0.397831
v -0.006532 0.293666 0.441407
v 0.000000 0.000000 0.000000
v -0.041872 0.052861 0.489460
v -0.053924 0.148731 0.431043
v -0.074265 0.180842 0.384875
v -0.060420 0.209348 0.393219
v -0.037667 0.222479 0.416088
v -0.078743 0.358518 0.406641
v -0.064065 0.393512 0.381298
v 0.000000 0.000000 0.000000
v -0.082629 0.010854 0.457453
v -0.082046 0.001849 0.441747
v -0.110297 0.055131 0.478639
v -0.104539 0.146610 0.425131
v -0.091469 0.173621 0.384825
v -0.099638 0.297228 0.428853
v -0.078009 0.339385 0.416846
v 0.000000 0.000000 0.000000
v -0.109709 0.102972 0.460867
v -0.105678 0.191012 0.376418
v -0.103045 0.223397 0.406263
v -0.112866 0.399905 0.362759
v -0.091990 0.414824 0.350187
v 0.000000 0.000000 0.000000
v -0.119383 0.026111 0.464916
v -0.150138 0.016383 0.446844
v -0.161107 0.063002 0.463390
v -0.137476 0.134800 0.428583
v -0.144359 0.148688 0.410302
v -0.140733 0.200865 0.366944
v -0.168132 0.223028 0.383379
v -0.141678 0.242140 0.415277
v -0.146443 0.259330 0.419402
v -0.120164 0.339266 0.407058
v -0.120773 0.382051 0.378045
v 0.000000 0.000000 0.000000
v -0.170510 0.078772 0.456186
v -0.118252 0.166449 0.386859
v 0.000000 0.000000 0.000000
v -0.182884 0.140543 0.405082
v -0.182343 0.172070 0.352670
v -0.162512 0.209455 0.363263
v -0.156507 0.398320 0.347880
v 0.000000 0.000000 0.000000
v -0.211365 0.025449 0.430673
v -0.208945 0.013412 0.419076
v -0.205043 0.189861 0.332956
v -0.184667 0.195689 0.345493
v -0.206876 0.209921 0.340865
v -0.205516 0.261391 0.393970
v -0.234878 0.300424 0.371651
v 0.000000 0.000000 0.000000
v -0.281713 0.078662 0.397770
v -0.229518 0.172815 0.322900
v -0.190712 0.419325 0.299074
v 0.000000 0.000000 0.000000
v -0.277199 0.002009 0.354433
v -0.232825 0.205124 0.319725
v -0.256016 0.212037 0.309110
v -0.227132 0.222083 0.350364
v -0.279099 0.241302 0.337599
v -0.252223 0.344839 0.337937
v -0.131711 0.423382 0.308348
v 0.000000 0.000000 0.000000
v -0.267870 0.135288 0.361736
v -0.275484 0.283913 0.347703
v -0.246983 0.412856 0.268165
v 0.000000 0.000000 0.000000
v -0.326691 0.107382 0.339152
v -0.289692 0.148374 0.324824
v -0.260379 0.168708 0.304898
v -0.279889 0.222823 0.310738
v -0.309856 0.272145 0.318570
v -0.301880 0.297223 0.321183
v -0.278732 0.379390 0.285329
v 0.000000 0.000000 0.000000
v -0.334936 0.080919 0.352962
v -0.293188 0.209191 0.268662
v -0.315370 0.241300 0.303766
v -0.327820 0.256372 0.299038
v -0.295727 0.333464 0.307891
v -0.270213 0.397230 0.271107
v 0.000000 0.000000 0.000000
v -0.374529 0.009827 0.273614
v -0.379858 0.077914 0.305598
v -0.311332 0.167351 0.255101
v -0.319906 0.222585 0.268975
v -0.336291 0.282449 0.289474
v -0.357269 0.290612 0.261171
v -0.334744 0.337859 0.262206
v 0.000000 0.000000 0.000000
v -0.311935 0.177932 0.238251
v -0.314519 0.198486 0.234962
v -0.328484 0.368192 0.241378
v -0.311037 0.388288 0.237400
v 0.000000 0.000000 0.000000
v -0.401813 0.021990 0.256081
v -0.407383 0.063701 0.273721
v -0.363773 0.137383 0.261234
v -0.344224 0.167524 0.208312
v -0.337290 0.209365 0.211252
v -0.385731 0.242969 0.210440
v -0.359169 0.260154 0.261444
v -0.373638 0.314055 0.221742
v -0.358218 0.355433 0.211781
v -0.300646 0.422727 0.158822
v 0.000000 0.000000 0.000000
v -0.409794 0.010343 0.217834
v -0.438571 0.074120 0.215756
v -0.399200 0.107204 0.249657
v -0.392798 0.138190 0.213867
v -0.346730 0.188297 0.180460
v -0.364224 0.222648 0.205972
v 0.000000 0.000000 0.000000
v -0.336070 0.000085 0.269278
v -0.446723 0.083923 0.188330
v -0.364694 0.169061 0.164566
v -0.359499 0.177749 0.158357
v -0.409352 0.264472 0.173432
v -0.405227 0.281625 0.181271
v 0.000000 0.000000 0.000000
v -0.376941 0.208121 0.125064
v -0.405491 0.240747 0.164476
v -0.419551 0.289100 0.141539
v 0.000000 0.000000 0.000000
v -0.430545 0.003610 0.143134
v -0.380567 0.171954 0.113198
v -0.374261 0.180876 0.116005
v -0.390667 0.210869 0.085953
v -0.345565 0.417241 0.096553
v 0.000000 0.000000 0.000000
v -0.455200 0.026160 0.151788
v -0.467197 0.081882 0.133234
v -0.451902 0.104387 0.139128
v -0.426089 0.147118 0.097562
v -0.412213 0.222299 0.069166
v -0.426784 0.261488 0.123134
v -0.432010 0.288506 0.097887
v -0.385569 0.380477 0.099123
v -0.375301 0.397813 0.073119
v 0.000000 0.000000 0.000000
v -0.462242 0.016615 0.095105
v -0.447613 0.003130 0.064146
v -0.478328 0.079541 0.089881
v -0.468673 0.103934 0.066909
v -0.441407 0.130352 0.105971
v -0.416816 0.344546 0.065959
v 0.000000 0.000000 0.000000
v -0.488632 0.053793 0.048974
v -0.485270 0.040064 0.050481
v -0.473433 0.021136 0.051299
v -0.440985 0.289507 0.040250
v -0.395518 0.380695 0.043818
v -0.355679 0.416932 0.046626
v -0.343278 0.421720 0.043724
v 0.000000 0.000000 0.000000
v -0.460192 0.007817 0.017117
v -0.397313 0.210630 0.042057
v -0.440091 0.245121 0.011325
v -0.426257 0.333947 0.019857
v -0.411296 0.362903 0.009728
v 0.000000 0.000000 0.000000
v -0.487514 0.040411 -0.029907
v -0.442896 0.142267 -0.013868
v -0.400890 0.168534 0.015129
v -0.390953 0.191990 0.007990
v -0.379164 0.400883 0.004162
v 0.000000 0.000000 0.000000
v -0.473211 0.018046 0.003821
v -0.463484 0.012851 -0.062548
v -0.476895 0.097990 -0.004531
v -0.399178 0.167521 -0.049528
v -0.389002 0.181507 -0.045481
v -0.392579 0.201609 -0.029274
v -0.441708 0.281350 -0.043687
v -0.437063 0.296030 -0.059699
v 0.000000 0.000000 0.000000
v -0.451451 0.003068 -0.024460
v -0.465501 0.109728 -0.058358
v -0.387741 0.192867 -0.052816
v -0.442176 0.260815 -0.043852
v -0.359760 0.413808 -0.052499
v 0.000000 0.000000 0.000000
v -0.440265 0.002242 -0.091998
v -0.430676 0.146678 -0.077958
v -0.384889 0.206786 -0.095848
v -0.411006 0.223510 -0.085238
v -0.432181 0.242827 -0.079232
v -0.434857 0.265404 -0.093267
v -0.370700 0.396043 -0.101281
v 0.000000 0.000000 0.000000
v -0.480207 0.044477 -0.097246
v -0.380857 0.195648 -0.090709
v -0.382275 0.212518 -0.124325
v -0.397246 0.360949 -0.110603
v -0.340687 0.419578 -0.096485
v 0.000000 0.000000 0.000000
v -0.433154 0.000076 0.010323
v -0.463216 0.079993 -0.149044
v -0.419023 0.146087 -0.128631
v -0.387948 0.168424 -0.101955
v -0.367028 0.181816 -0.135725
v -0.422933 0.263921 -0.137010
v -0.402666 0.338914 -0.135588
v -0.382876 0.366832 -0.142486
v 0.000000 0.000000 0.000000
v -0.417551 0.002417 -0.169365
v -0.448482 0.074775 -0.193723
v -0.437927 0.100376 -0.185130
v -0.371529 0.170228 -0.144009
v 0.000000 0.000000 0.000000
v -0.396329 0.005394 -0.227625
v -0.353876 0.199079 -0.170226
v -0.355581 0.210682 -0.182150
v -0.406937 0.265290 -0.179191
v -0.392774 0.289245 -0.204068
v -0.380426 0.332772 -0.194494
v -0.365874 0.357971 -0.194597
v -0.316329 0.422811 -0.120955
v 0.000000 0.000000 0.000000
v -0.414219 0.023259 -0.237546
v -0.423523 0.014848 -0.203470
v -0.395661 0.139169 -0.205794
v -0.332948 0.179471 -0.207226
v -0.390257 0.249339 -0.207995
v 0.000000 0.000000 0.000000
v -0.416685 0.043503 -0.256842
v -0.406768 0.080568 -0.266734
v -0.340020 0.223064 -0.244347
v -0.366877 0.251528 -0.247925
v -0.344569 0.356414 -0.231876
v -0.331895 0.390773 -0.203473
v 0.000000 0.000000 0.000000
v -0.385130 0.019279 -0.277360
v -0.380125 0.104650 -0.280928
v -0.371987 0.138850 -0.247055
v -0.334315 0.164439 -0.232119
v -0.324409 0.172991 -0.226818
v -0.304028 0.184922 -0.245750
v -0.330926 0.211995 -0.226646
v -0.373156 0.275707 -0.241870
v -0.366781 0.296799 -0.244188
v -0.346036 0.334274 -0.249657
v -0.293278 0.419077 -0.200846
v 0.000000 0.000000 0.000000
v -0.366361 0.025512 -0.308812
v -0.389200 0.073932 -0.295390
v -0.334725 0.133158 -0.303028
v -0.309186 0.202576 -0.243755
v -0.338156 0.261429 -0.288156
v -0.336322 0.285300 -0.289137
v 0.000000 0.000000 0.000000
v -0.373159 0.078867 -0.313388
v -0.276320 0.190873 -0.276821
v -0.306630 0.222988 -0.284376
v -0.314907 0.346129 -0.279716
v -0.288478 0.403005 -0.242016
v 0.000000 0.000000 0.000000
v -0.257206 0.168643 -0.307423
v -0.261652 0.207904 -0.297972
v -0.270107 0.223052 -0.319964
v -0.309295 0.292704 -0.315749
v 0.000000 0.000000 0.000000
v -0.289116 0.023108 -0.380124
v -0.292466 0.136244 -0.340478
v -0.302412 0.147063 -0.315281
v -0.223519 0.178472 -0.322839
v -0.254527 0.399525 -0.282879
v 0.000000 0.000000 0.000000
v -0.282618 0.043056 -0.399501
v -0.260465 0.010720 -0.385516
v -0.302718 0.055716 -0.386757
v -0.266320 0.076822 -0.408803
v -0.256128 0.147187 -0.353950
v -0.226854 0.199921 -0.320717
v -0.255309 0.243052 -0.357490
v -0.206864 0.419651 -0.287174
v 0.000000 0.000000 0.000000
v -0.227211 0.023033 -0.420228
v -0.276074 0.001766 -0.354025
v -0.209420 0.169685 -0.339708
v -0.232744 0.210006 -0.323930
v -0.245898 0.282066 -0.369412
v 0.000000 0.000000 0.000000
v -0.233210 0.045952 -0.431188
v -0.187664 0.188848 -0.342554
v -0.188516 0.205454 -0.347757
v -0.206903 0.247500 -0.390055
v -0.235222 0.261900 -0.377193
v -0.198878 0.361111 -0.361010
v 0.000000 0.000000 0.000000
v -0.200692 0.002383 -0.403247
v -0.222092 0.063035 -0.437554
v -0.213394 0.081119 -0.436803
v -0.152812 0.182234 -0.360424
v -0.149032 0.212079 -0.372678
v -0.174993 0.260450 -0.408305
v -0.180377 0.335715 -0.386092
v 0.000000 0.000000 0.000000
v -0.179536 0.042941 -0.455237
v -0.172285 0.011925 -0.433734
v -0.183941 0.108636 -0.432296
v -0.137629 0.340968 -0.400729
v -0.149641 0.370804 -0.377097
v 0.000000 0.000000 0.000000
v -0.143246 0.023189 -0.455899
v -0.145593 0.135646 -0.425194
v -0.138803 0.194163 -0.366186
v -0.151997 0.266141 -0.418065
v -0.092275 0.417719 -0.345636
v 0.000000 0.000000 0.000000
v -0.094200 0.052656 -0.481936
v -0.153958 0.164931 -0.376815
v -0.106620 0.183339 -0.376438
v -0.084630 0.202289 -0.384920
v -0.086580 0.247080 -0.432653
v -0.124133 0.289827 -0.424830
v -0.098009 0.396778 -0.370969
v -0.000009 0.424323 -0.000000
v 0.000000 0.000000 0.000000
v -0.083355 0.022130 -0.469348
v -0.104920 0.009921 -0.451268
v -0.062118 0.002659 -0.446838
v -0.066364 0.084722 -0.480156
v -0.041147 0.177182 -0.391270
v -0.091817 0.211183 -0.389711
v -0.066671 0.223571 -0.414027
v -0.091071 0.262503 -0.435005
v -0.092996 0.331210 -0.417722
v -0.061977 0.356382 -0.410577
v 0.000000 0.000000 0.000000
v -0.054863 0.043455 -0.486517
v -0.053942 0.144183 -0.438062
v -0.048256 0.185442 -0.388110
v -0.030949 0.198404 -0.391143
v -0.037017 0.413753 -0.361773
v 0.000000 0.000000 0.000000
v -0.017153 0.146551 -0.437473
v -0.002806 0.185953 -0.390907
v 0.003436 0.222504 -0.418088
v -0.030507 0.245452 -0.439424
v -0.043109 0.260675 -0.441971
v -0.025718 0.279565 -0.443395
v -0.019598 0.301254 -0.438632
v 0.000000 0.000000 0.000000
v 0.099393 0.000036 -0.399650
v -0.002627 0.081030 -0.486218
v 0.001609 0.135667 -0.449604
v 0.009806 0.195956 -0.391670
v 0.013205 0.206108 -0.395824
v 0.016593 0.416779 -0.358497
v 0.000000 0.000000 0.000000
v 0.013976 0.015672 -0.470479
v 0.015710 0.179495 -0.391866
v 0.027554 0.211613 -0.399817
v 0.062849 0.240270 -0.432997
v 0.015739 0.291126 -0.441855
v 0.044176 0.357240 -0.412638
v 0.000000 0.000000 0.000000
v 0.063028 0.043727 -0.485447
v 0.044587 0.024626 -0.476618
v 0.060218 0.134961 -0.445864
v 0.049672 0.148813 -0.431521
v 0.074536 0.223298 -0.412221
v 0.000000 0.000000 0.000000
v 0.098495 0.041687 -0.478434
v 0.083900 0.101083 -0.467728
v 0.062942 0.193161 -0.386207
v 0.066618 0.339722 -0.418974
v 0.000000 0.000000 0.000000
v 0.101650 0.024607 -0.467572
v 0.117342 0.075778 -0.474048
v 0.102744 0.138877 -0.434756
v 0.082172 0.167493 -0.393796
v 0.085261 0.176127 -0.384303
v 0.103864 0.186949 -0.376900
v 0.110291 0.199187 -0.376727
v 0.139423 0.222572 -0.394262
v 0.097850 0.262664 -0.433530
v 0.117699 0.287240 -0.427317
v 0.101582 0.360051 -0.400503
v 0.000000 0.000000 0.000000
v 0.155532 0.041047 -0.463223
v 0.126677 0.055774 -0.474691
v 0.140240 0.168262 -0.375906
v 0.098181 0.209735 -0.386457
v 0.116119 0.335408 -0.409762
v 0.000000 0.000000 0.000000
v 0.187805 0.048627 -0.453288
v 0.202321 0.060648 -0.447639
v 0.149942 0.193863 -0.361473
v 0.155300 0.208615 -0.365693
v 0.184568 0.242941 -0.398915
v 0.179254 0.264130 -0.406724
v 0.123925 0.395334 -0.364639
v 0.000000 0.000000 0.000000
v 0.218220 0.038804 -0.435634
v 0.202473 0.081651 -0.441856
v 0.222917 0.099309 -0.420979
v 0.220149 0.137414 -0.390389
v 0.190454 0.147784 -0.392004
v 0.188756 0.168504 -0.353598
v 0.152014 0.182981 -0.360715
v 0.161008 0.417408 -0.320268
v 0.000000 0.000000 0.000000
v 0.248342 0.025366 -0.409766
v 0.234830 0.077244 -0.427402
v 0.187309 0.183203 -0.343510
v 0.201885 0.209135 -0.342603
v 0.218548 0.265021 -0.387364
v 0.221098 0.298554 -0.380283
v 0.197252 0.336250 -0.377144
v 0.000000 0.000000 0.000000
v 0.270778 0.064149 -0.409203
v 0.235502 0.125443 -0.392348
v 0.224231 0.169041 -0.331233
v 0.216094 0.179281 -0.327057
v 0.233821 0.204394 -0.318311
v 0.217311 0.223608 -0.359095
v 0.238803 0.241035 -0.366848
v 0.219836 0.386636 -0.325479
v 0.175401 0.423758 -0.279534
v 0.000000 0.000000 0.000000
v 0.284764 0.020820 -0.381047
v 0.286181 0.082397 -0.392791
v 0.278950 0.104119 -0.381747
v 0.268990 0.140374 -0.354590
v 0.265803 0.371490 -0.306006
v 0.000000 0.000000 0.000000
v 0.307602 0.011843 -0.350233
v 0.267495 0.002809 -0.363803
v 0.315035 0.063250 -0.376189
v 0.262513 0.202985 -0.293626
v 0.288425 0.288992 -0.336215
v 0.260289 0.344948 -0.332034
v 0.379518 0.000004 -0.000000
v 0.342839 0.048275 -0.350655
v 0.344024 0.071057 -0.348285
v 0.323583 0.098452 -0.350517
v 0.298428 0.167239 -0.270649
v 0.274989 0.176362 -0.281653
v 0.270265 0.187153 -0.282252
v 0.283862 0.211878 -0.283509
v 0.240676 0.401692 -0.292109
v 0.333690 0.021054 -0.339616
v 0.307464 0.139846 -0.322281
v 0.319590 0.222490 -0.269593
v 0.302947 0.345694 -0.293131
v 0.360570 0.040544 -0.329060
v 0.370269 0.022967 -0.301309
v 0.379427 0.073142 -0.308582
v 0.337638 0.128256 -0.305595
v 0.334631 0.146541 -0.282318
v 0.299921 0.190593 -0.250741
v 0.354458 0.246088 -0.262074
v 0.308395 0.423289 -0.129540
v 0.404637 0.042412 -0.274799
v 0.349669 0.006968 -0.298481
v 0.325312 0.168658 -0.233751
v 0.323728 0.176160 -0.224253
v 0.316935 0.185519 -0.228719
v 0.316974 0.208796 -0.239408
v 0.365857 0.222316 -0.202593
v 0.320029 0.387470 -0.226378
v 0.303088 0.414778 -0.198343
v 0.391938 0.019267 -0.268063
v 0.382745 0.002597 -0.238346
v 0.423984 0.068363 -0.246331
v 0.382234 0.245927 -0.219506
v 0.372955 0.265681 -0.241949
v 0.371329 0.290338 -0.240600
v 0.416901 0.023644 -0.233506
v 0.344787 0.180239 -0.186648
v 0.342190 0.395245 -0.176793
v 0.435014 0.040636 -0.221648
v 0.434305 0.084013 -0.215552
v 0.351569 0.194801 -0.171737
v 0.393033 0.328429 -0.171966
v 0.363572 0.360011 -0.196715
v 0.335595 0.416024 -0.130801
v 0.446507 0.025299 -0.173925
v 0.453649 0.064721 -0.186534
v 0.355114 0.170148 -0.181347
v 0.367678 0.179019 -0.136721
v 0.367918 0.191581 -0.132536
v 0.380640 0.210920 -0.122701
v 0.396248 0.222747 -0.133791
v 0.412971 0.260342 -0.163648
v 0.458098 0.045949 -0.174934
v 0.420828 0.002979 -0.165673
v 0.472208 0.070472 -0.129413
v 0.414499 0.146008 -0.143914
v 0.376578 0.202245 -0.114928
v 0.415942 0.246697 -0.147505
v 0.372370 0.387234 -0.123224
v 0.360090 0.405650 -0.099462
v 0.447179 0.015306 -0.146080
v 0.445204 0.005557 -0.101865
v 0.474555 0.052743 -0.125457
v 0.442177 0.129950 -0.103612
v 0.383042 0.179403 -0.085303
v 0.381542 0.193036 -0.085347
v 0.466199 0.017292 -0.075817
v 0.428720 0.146699 -0.088330
v 0.396490 0.169191 -0.052911
v 0.440952 0.262369 -0.057904
v 0.423021 0.331424 -0.064658
v 0.396326 0.378763 -0.049593
v 0.486246 0.043544 -0.057276
v 0.479092 0.031680 -0.065975
v 0.390825 0.178799 -0.034516
v 0.415341 0.223616 -0.060773
v 0.405177 0.361235 -0.077793
v 0.449433 0.003170 -0.053560
v 0.483556 0.080561 -0.054837
v 0.446924 0.135715 -0.046543
v 0.434723 0.147424 -0.035789
v 0.390210 0.198716 -0.046109
v 0.427783 0.332294 -0.000009
v 0.413862 0.359712 -0.000011
v 0.333278 0.423328 0.000001
v 0.491390 0.050902 -0.000003
v 0.474938 0.018951 0.000003
v 0.486705 0.080479 -0.000002
v 0.446467 0.139843 -0.000005
v 0.402000 0.167621 0.000001
v 0.390647 0.182205 -0.000004
v 0.444698 0.264172 -0.000003
v 0.442311 0.290619 -0.000001
v 0.395665 0.383417 0.000000
v 0.359330 0.417151 -0.000004
v 0.491221 0.057164 -0.000002
v 0.391545 0.183469 0.000016
v 0.401255 0.210985 0.000009
v 0.396395 0.210185 0.044994
v 0.354618 0.419802 0.000003
v 0.425943 0.331966 0.034362
v 0.390771 0.177711 0.042587
v 0.059533 0.000000 0.007521
v 0.391496 0.203024 0.049282
v 0.396577 0.375626 0.066839
v 0.387666 0.188537 0.049418
v 0.000000 0.000000 0.000000
v 0.000000 0.000000 0.000000
v 0.000000 0.000000 0.000000
v 0.468948 0.092799 0.102841
v 0.058944 0.000000 0.011244
v 0.472070 0.100736 0.053539
v 0.448115 0.002369 0.045000
v 0.000000 0.000000 0.000000
v 0.000000 0.000000 0.000000
v 0.000000 0.000000 0.000000
v 0.260319 0.000019 0.290375
v 0.058121 0.000000 0.014923
v 0.406953 0.338427 0.121298
v 0.347866 0.417880 0.081138
v 0.000000 0.000000 0.000000
v 0.000000 0.000000 0.000000
v 0.000000 0.000000 0.000000
v 0.442067 0.136171 0.079726
v 0.402290 0.148337 0.166100
v 0.057070 0.000000 0.018543
v 0.365161 0.191698 0.140588
v 0.370851 0.200464 0.129990
v 0.390546 0.222763 0.149613
v 0.375521 0.211786 0.140886
v 0.000000 0.000000 0.000000
v 0.000000 0.000000 0.000000
v 0.000000 0.000000 0.000000
v 0.389498 0.356992 0.143124
v 0.441931 0.082789 0.201248
v 0.447546 0.053780 0.201716
v 0.055792 0.000000 0.022090
v 0.417766 0.247412 0.143074
v 0.000000 0.000000 0.000000
v 0.000000 0.000000 0.000000
v 0.000000 0.000000 0.000000
v 0.465105 0.078686 0.145590
v 0.444375 0.038230 0.199516
v 0.433563 0.020820 0.195988
v 0.437818 0.011464 0.159477
v 0.054296 0.000000 0.025550
v 0.394850 0.241513 0.189624
v 0.394716 0.290590 0.199734
v 0.394072 0.330272 0.166993
v 0.000000 0.000000 0.000000
v 0.000000 0.000000 0.000000
v 0.000000 0.000000 0.000000
v 0.355506 0.393603 0.151578
v 0.429987 0.071847 0.233128
v 0.052584 0.000000 0.028908
v 0.335193 0.184298 0.201410
v 0.000000 0.000000 0.000000
v 0.000000 0.000000 0.000000
v 0.000000 0.000000 0.000000
v 0.050665 0.000000 0.032153
v 0.000000 0.000000 0.000000
v 0.000000 0.000000 0.000000
v 0.000000 0.000000 0.000000
v 0.421849 0.105879 0.212041
v 0.295893 0.420268 0.190704
v 0.310093 0.165354 0.261644
v 0.048546 0.000000 0.035271
v 0.309647 0.190810 0.239121
v 0.000000 0.000000 0.000000
v 0.000000 0.000000 0.000000
v 0.000000 0.000000 0.000000
v 0.373427 0.148126 0.223638
v 0.318754 0.204480 0.232868
v 0.374806 0.247599 0.233186
v 0.383824 0.040450 0.302165
v 0.046236 0.000000 0.038250
v 0.289454 0.199541 0.265644
v 0.299193 0.209798 0.263398
v 0.000000 0.000000 0.000000
v 0.000000 0.000000 0.000000
v 0.000000 0.000000 0.000000
v 0.338179 0.294449 0.283598
v 0.391409 0.060877 0.296501
v 0.376661 0.014723 0.280497
v 0.303728 0.147926 0.313112
v 0.292648 0.001927 0.340460
v 0.043743 0.000000 0.041077
v 0.320187 0.354946 0.265761
v 0.000000 0.000000 0.000000
v 0.000000 0.000000 0.000000
v 0.000000 0.000000 0.000000
v 0.262271 0.165567 0.308997
v 0.344218 0.073495 0.347512
v 0.355333 0.042988 0.336083
v 0.041077 0.000000 0.043743
v 0.291078 0.299528 0.329589
v 0.000000 0.000000 0.000000
v 0.000000 0.000000 0.000000
v 0.000000 0.000000 0.000000
v 0.287890 0.133692 0.347416
v 0.038250 0.000000 0.046236
v 0.260234 0.193350 0.292103
v 0.301922 0.087656 0.377476
v 0.230912 0.404308 0.296082
v 0.000000 0.000000 0.000000
v 0.000000 0.000000 0.000000
v 0.000000 0.000000 0.000000
v 0.035271 0.000000 0.048546
v 0.241918 0.236352 0.359688
v 0.257767 0.250905 0.359584
v 0.000000 0.000000 0.000000
v 0.000000 0.000000 0.000000
v 0.000000 0.000000 0.000000
v 0.247192 0.342264 0.343351
v 0.217671 0.393069 0.319871
v 0.032153 0.000000 0.050665
v 0.216675 0.197017 0.326721
v 0.289497 0.019270 0.375954
v 0.000000 0.000000 0.000000
v 0.000000 0.000000 0.000000
v 0.000000 0.000000 0.000000
v 0.214020 0.139001 0.391468
v 0.191045 0.001701 0.405327
v 0.028908 0.000000 0.052584
v 0.191896 0.373767 0.354552
v 0.197020 0.294607 0.394993
v 0.000000 0.000000 0.000000
v 0.000000 0.000000 0.000000
v 0.000000 0.000000 0.000000
v 0.214185 0.338363 0.366803
v 0.184207 0.209794 0.353511
v 0.191827 0.061677 0.451846
v 0.025550 0.000000 0.054296
v 0.137252 0.387143 0.367724
v 0.179566 0.260417 0.406643
v 0.000000 0.000000 0.000000
v 0.000000 0.000000 0.000000
v 0.000000 0.000000 0.000000
v 0.186213 0.024229 0.441052
v 0.022090 0.000000 0.055792
v 0.150844 0.175191 0.364619
v 0.146759 0.236774 0.408282
v 0.192046 0.277592 0.400810
v 0.000000 0.000000 0.000000
v 0.000000 0.000000 0.000000
v 0.000000 0.000000 0.000000
v 0.165766 0.182666 0.354566
v 0.195212 0.237028 0.387888
v 0.171258 0.246077 0.406046
v 0.018543 0.000000 0.057070
v 0.144292 0.293011 0.417550
v 0.000000 0.000000 0.000000
v 0.000000 0.000000 0.000000
v 0.000000 0.000000 0.000000
v 0.162054 0.135749 0.419538
v 0.147037 0.364553 0.382637
v 0.116995 0.188010 0.373001
v 0.194795 0.101468 0.433194
v 0.120733 0.198897 0.373756
v 0.189948 0.080092 0.448439
v 0.117110 0.119559 0.447499
v 0.014923 0.000000 0.058121
v 0.108418 0.241244 0.424345
v 0.120495 0.044450 0.474556
v 0.000000 0.000000 0.000000
v 0.000000 0.000000 0.000000
v 0.000000 0.000000 0.000000
v 0.075497 0.106233 0.465329
v 0.011244 0.000000 0.058944
v 0.077367 0.167764 0.394335
v 0.077180 0.182792 0.383523
v 0.055134 0.212188 0.397933
v 0.096043 0.361758 0.400976
v 0.103240 0.177066 0.379069
v 0.073191 0.207710 0.390195
v 0.000000 0.000000 0.000000
v 0.000000 0.000000 0.000000
v 0.000000 0.000000 0.000000
v 0.059788 0.076762 0.484520
v 0.007521 0.000000 0.059533
v 0.035655 0.237116 0.433281
v 0.020340 0.393171 0.386411
v 0.066642 0.249092 0.437035
v 0.053040 0.278111 0.441003
v 0.000000 0.000000 0.000000
v 0.000000 0.000000 0.000000
v 0.000000 0.000000 0.000000
v 0.013256 0.146674 0.437376
v 0.033652 0.083701 0.483839
v 0.003768 0.000000 0.059888
v 0.000000 0.000000 0.000000
v 0.000000 0.000000 0.000000
v 0.000000 0.000000 0.000000
v 0.065265 0.148794 0.429574
v 0.021280 0.206488 0.395691
v 0.065019 0.042353 0.484836
v 0.018125 0.105172 0.471808
v 0.000000 0.000000 0.060006
v -0.006134 0.175700 0.394348
v -0.017851 0.371649 0.404820
v -0.004115 0.021102 0.476345
v 0.000000 0.000000 0.000000
v 0.000000 0.000000 0.000000
v 0.000000 0.000000 0.000000
v -0.006924 0.351928 0.418098
v -0.044515 0.102473 0.472008
v -0.055478 0.019063 0.470962
v -0.003768 0.000000 0.059888
v -0.017443 0.208675 0.396956
v -0.045879 0.239072 0.433774
v -0.032227 0.401121 0.377476
v 0.000000 0.000000 0.000000
v 0.000000 0.000000 0.000000
v 0.000000 0.000000 0.000000
v -0.061500 0.037097 0.482442
v -0.007521 0.000000 0.059533
v -0.051881 0.419487 0.350348
v -0.030124 0.329444 0.427644
v 0.000000 0.000000 0.000000
v 0.000000 0.000000 0.000000
v 0.000000 0.000000 0.000000
v -0.041265 0.194125 0.389099
v -0.022001 0.079982 0.486159
v -0.076696 0.082486 0.479422
v -0.109694 0.043024 0.476778
v -0.011244 0.000000 0.058944
v -0.073744 0.193854 0.384139
v -0.109336 0.279917 0.430490
v -0.086801 0.263475 0.435941
v 0.000000 0.000000 0.000000
v 0.000000 0.000000 0.000000
v 0.000000 0.000000 0.000000
v -0.120383 0.076759 0.472880
v -0.014923 0.000000 0.058121
v -0.102447 0.242595 0.427041
v -0.105405 0.206688 0.382060
v 0.000000 0.000000 0.000000
v 0.000000 0.000000 0.000000
v 0.000000 0.000000 0.000000
v -0.155971 0.002686 0.424347
v -0.018543 0.000000 0.057070
v -0.151228 0.368241 0.378686
v -0.139298 0.294066 0.418860
v 0.000000 0.000000 0.000000
v 0.000000 0.000000 0.000000
v 0.000000 0.000000 0.000000
v -0.131841 0.176422 0.370918
v -0.022090 0.000000 0.055793
v -0.118942 0.212682 0.384368
v -0.187994 0.247148 0.399323
v -0.177807 0.340991 0.384840
v -0.177763 0.048777 0.457458
v -0.176204 0.040686 0.455272
v -0.166660 0.281141 0.411558
v 0.000000 0.000000 0.000000
v 0.000000 0.000000 0.000000
v 0.000000 0.000000 0.000000
v -0.225079 0.148670 0.371985
v -0.227420 0.084798 0.427990
v -0.200892 0.066697 0.447146
v -0.234401 0.005721 0.392921
v -0.025550 0.000000 0.054296
v -0.155798 0.182521 0.358950
v -0.154638 0.417771 0.322570
v -0.184806 0.298956 0.398993
v 0.000000 0.000000 0.000000
v 0.000000 0.000000 0.000000
v 0.000000 0.000000 0.000000
v -0.171102 0.106002 0.439972
v -0.239656 0.072227 0.426368
v -0.028908 0.000000 0.052584
v -0.194721 0.239400 0.390437
v -0.216585 0.354611 0.355588
v -0.220151 0.280612 0.385717
v 0.000000 0.000000 0.000000
v 0.000000 0.000000 0.000000
v 0.000000 0.000000 0.000000
v -0.191438 0.381797 0.347758
v -0.219396 0.131973 0.395946
v -0.271860 0.040593 0.405300
v -0.032153 0.000000 0.050665
v -0.204512 0.179114 0.335045
v 0.000000 0.000000 0.000000
v 0.000000 0.000000 0.000000
v 0.000000 0.000000 0.000000
v -0.234982 0.054584 0.431147
v -0.307948 0.027575 0.369314
v -0.035271 0.000000 0.048546
v -0.239096 0.182385 0.309553
v -0.258658 0.263955 0.361575
v 0.000000 0.000000 0.000000
v 0.000000 0.000000 0.000000
v 0.000000 0.000000 0.000000
v -0.241184 0.101731 0.408730
v -0.213061 0.401285 0.312711
v -0.038250 0.000000 0.046236
v -0.233538 0.420106 0.263042
v 0.000000 0.000000 0.000000
v 0.000000 0.000000 0.000000
v 0.000000 0.000000 0.000000
v -0.290221 0.052992 0.396422
v -0.328675 0.137463 0.304435
v -0.041077 0.000000 0.043743
v -0.276945 0.203903 0.281174
v 0.000000 0.000000 0.000000
v 0.000000 0.000000 0.000000
v 0.000000 0.000000 0.000000
v -0.298371 0.355077 0.290249
v -0.261389 0.187536 0.290562
v -0.296306 0.105352 0.367470
v -0.344369 0.057887 0.350394
v -0.315959 0.042062 0.372668
v -0.297779 0.011946 0.358504
v -0.290920 0.253579 0.334583
v -0.043743 0.000000 0.041077
v 0.000000 0.000000 0.000000
v 0.000000 0.000000 0.000000
v 0.000000 0.000000 0.000000
v -0.366458 0.101694 0.301587
v -0.380524 0.055077 0.310492
v -0.046236 0.000000 0.038250
v -0.344054 0.242535 0.273121
v 0.000000 0.000000 0.000000
v 0.000000 0.000000 0.000000
v 0.000000 0.000000 0.000000
v -0.378662 0.022110 0.289801
v -0.048546 0.000000 0.035271
v -0.317752 0.209677 0.240377
v -0.273193 0.419497 0.225121
v -0.402599 0.043374 0.278378
v 0.000000 0.000000 0.000000
v 0.000000 0.000000 0.000000
v 0.000000 0.000000 0.000000
v -0.415381 0.082273 0.252108
v -0.050665 0.000000 0.032153
v -0.325676 0.185606 0.215913
v -0.379117 0.253772 0.230311
v -0.338342 0.392253 0.189067
v -0.301802 0.409785 0.211735
v 0.000000 0.000000 0.000000
v 0.000000 0.000000 0.000000
v 0.000000 0.000000 0.000000
v -0.341603 0.175907 0.196170
v -0.431873 0.051661 0.233230
v -0.052584 0.000000 0.028908
v -0.345762 0.199703 0.187073
v -0.316333 0.418012 0.165012
v 0.000000 0.000000 0.000000
v 0.000000 0.000000 0.000000
v 0.000000 0.000000 0.000000
v -0.453536 0.053507 0.188353
v -0.441186 0.015925 0.166109
v -0.054296 0.000000 0.025550
v -0.347780 0.402783 0.145405
v -0.358973 0.210321 0.174411
v -0.439619 0.041396 0.213585
v -0.425736 0.026804 0.222258
v -0.397594 0.305369 0.183369
v 0.000000 0.000000 0.000000
v 0.000000 0.000000 0.000000
v 0.000000 0.000000 0.000000
v -0.379597 0.349006 0.178709
v -0.055793 0.000000 0.022090
v 0.000000 0.000000 0.000000
v 0.000000 0.000000 0.000000
v 0.000000 0.000000 0.000000
v -0.409833 0.145890 0.156659
v -0.363066 0.193826 0.146290
v -0.393885 0.164889 0.102314
v -0.423029 0.122027 0.182514
v -0.471893 0.055760 0.136241
v -0.395593 0.002067 0.213441
v -0.057070 0.000000 0.018543
v -0.379127 0.188685 0.095877
v -0.394158 0.223125 0.141051
v -0.467161 0.042192 0.144549
v 0.000000 0.000000 0.000000
v 0.000000 0.000000 0.000000
v 0.000000 0.000000 0.000000
v -0.375443 0.373527 0.148624
v -0.058121 0.000000 0.014923
v -0.378848 0.200951 0.106136
v -0.405452 0.355058 0.093899
v 0.000000 0.000000 0.000000
v 0.000000 0.000000 0.000000
v 0.000000 0.000000 0.000000
v -0.481182 0.046099 0.093187
v -0.472794 0.030988 0.098053
v -0.058944 0.000000 0.011244
v -0.387609 0.176496 0.066092
v -0.391355 0.203083 0.049640
v -0.415797 0.326520 0.108435
v 0.000000 0.000000 0.000000
v 0.000000 0.000000 0.000000
v 0.000000 0.000000 0.000000
v -0.422822 0.238253 0.105099
v -0.431035 0.246086 0.092200
v -0.432236 0.150472 0.005294
v -0.484166 0.067718 0.075772
v -0.059533 0.000000 0.007521
v -0.390696 0.181321 0.027703
v -0.436970 0.264031 0.081770
v 0.000000 0.000000 0.000000
v 0.000000 0.000000 0.000000
v 0.000000 0.000000 0.000000
v -0.059888 0.000000 0.003768
v -0.418961 0.223242 0.000729
v -0.435339 0.240075 0.038750
v 0.000000 0.000000 0.000000
v 0.000000 0.000000 0.000000
v 0.000000 0.000000 0.000000
v -0.442081 0.139645 0.057912
v -0.483759 0.082347 0.041150
v -0.484816 0.082398 -0.028727
v -0.489425 0.071982 0.002402
v -0.490860 0.049880 0.000217
v -0.060006 0.000000 0.000000
v -0.442569 0.289316 -0.001660
v -0.409794 0.362303 -0.041566
v 0.000000 0.000000 0.000000
v 0.000000 0.000000 0.000000
v 0.000000 0.000000 0.000000
v -0.455831 0.127645 -0.006541
v -0.059888 0.000000 -0.003768
v -0.398024 0.209089 -0.002803
v -0.433278 0.236801 -0.020778
v -0.309925 0.424248 0.047486
v 0.000000 0.000000 0.000000
v 0.000000 0.000000 0.000000
v 0.000000 0.000000 0.000000
v -0.059533 0.000000 -0.007521
v -0.386382 0.175720 -0.080355
v -0.394820 0.210247 -0.058553
v -0.353363 0.419648 -0.021753
v -0.391198 0.383706 -0.058839
v 0.000000 0.000000 0.000000
v 0.000000 0.000000 0.000000
v 0.000000 0.000000 0.000000
v -0.423299 0.339484 -0.027538
v -0.058944 0.000000 -0.011244
v -0.380549 0.182841 -0.091184
v -0.475840 0.025486 -0.057393
v 0.000000 0.000000 0.000000
v 0.000000 0.000000 0.000000
v 0.000000 0.000000 0.000000
v -0.058121 0.000000 -0.014923
v -0.420763 0.243902 -0.128103
v -0.477705 0.067981 -0.108630
v 0.000000 0.000000 0.000000
v 0.000000 0.000000 0.000000
v 0.000000 0.000000 0.000000
v -0.441713 0.133109 -0.094367
v -0.455293 0.103440 -0.129791
v -0.477889 0.081025 -0.090371
v -0.468566 0.058441 -0.147136
v -0.464370 0.040097 -0.150421
v -0.443178 0.022298 -0.176698
v -0.057070 0.000000 -0.018543
v -0.379712 0.222004 -0.174190
v -0.440277 0.006865 -0.129539
v -0.426483 0.290571 -0.117255
v 0.000000 0.000000 0.000000
v 0.000000 0.000000 0.000000
v 0.000000 0.000000 0.000000
v -0.369773 0.196921 -0.130773
v -0.055793 0.000000 -0.022090
v -0.365707 0.206607 -0.153130
v -0.407076 0.243151 -0.165949
v 0.000000 0.000000 0.000000
v 0.000000 0.000000 0.000000
v 0.000000 0.000000 0.000000
v -0.336958 0.415267 -0.130555
v -0.443341 0.043313 -0.207230
v -0.054296 0.000000 -0.025550
v -0.318829 0.412350 -0.177996
v 0.000000 0.000000 0.000000
v 0.000000 0.000000 0.000000
v 0.000000 0.000000 0.000000
v -0.422820 0.059431 -0.250152
v -0.052584 0.000000 -0.028908
v -0.381377 0.239109 -0.211919
v 0.000000 0.000000 0.000000
v 0.000000 0.000000 0.000000
v 0.000000 0.000000 0.000000
v -0.411124 0.105768 -0.231560
v -0.350612 0.391866 -0.166361
v -0.050665 0.000000 -0.032153
v -0.351445 0.169550 -0.189688
v 0.000000 0.000000 0.000000
v 0.000000 0.000000 0.000000
v 0.000000 0.000000 0.000000
v -0.328970 0.190217 -0.211357
v -0.430426 0.076959 -0.229515
v -0.386796 0.053846 -0.302513
v -0.048546 0.000000 -0.035271
v 0.000000 0.000000 0.000000
v 0.000000 0.000000 0.000000
v 0.000000 0.000000 0.000000
v -0.046236 0.000000 -0.038250
v -0.299199 0.175355 -0.256678
v -0.295492 0.378952 -0.268493
v -0.249262 0.422663 -0.235007
v -0.341797 0.246605 -0.278466
v 0.000000 0.000000 0.000000
v 0.000000 0.000000 0.000000
v 0.000000 0.000000 0.000000
v -0.341643 0.077154 -0.348530
v -0.355574 0.044379 -0.336430
v -0.043743 0.000000 -0.041077
v -0.297819 0.248146 -0.326250
v -0.292983 0.208645 -0.268272
v -0.252912 0.416372 -0.255430
v -0.295410 0.169743 -0.268212
v 0.000000 0.000000 0.000000
v 0.000000 0.000000 0.000000
v 0.000000 0.000000 0.000000
v -0.339817 0.147465 -0.274364
v -0.328460 0.025999 -0.349277
v -0.333474 0.013868 -0.329717
v -0.041077 0.000000 -0.043743
v -0.281562 0.357870 -0.304045
v -0.353476 0.058080 -0.340950
v -0.309220 0.261536 -0.318902
v 0.000000 0.000000 0.000000
v 0.000000 0.000000 0.000000
v 0.000000 0.000000 0.000000
v -0.265736 0.176787 -0.290124
v -0.038250 0.000000 -0.046236
v -0.247196 0.184402 -0.303033
v -0.297022 0.239747 -0.320450
v -0.319722 0.003060 -0.319366
v 0.000000 0.000000 0.000000
v 0.000000 0.000000 0.000000
v 0.000000 0.000000 0.000000
v -0.252794 0.373583 -0.314504
v -0.035271 0.000000 -0.048546
v -0.282153 0.266599 -0.343877
v -0.280365 0.296602 -0.340079
v 0.000000 0.000000 0.000000
v 0.000000 0.000000 0.000000
v 0.000000 0.000000 0.000000
v -0.314930 0.073286 -0.374087
v -0.263332 0.061987 -0.413952
v -0.032153 -0.000000 -0.050665
v 0.000000 0.000000 0.000000
v 0.000000 0.000000 0.000000
v 0.000000 0.000000 0.000000
v -0.241670 0.345843 -0.345101
v -0.222763 0.188066 -0.321347
v -0.212935 0.381845 -0.334956
v -0.286817 0.099084 -0.380503
v -0.206892 0.146149 -0.386492
v -0.028908 -0.000000 -0.052584
v -0.196667 0.212037 -0.349658
v -0.202280 0.237255 -0.384461
v -0.228353 0.293233 -0.378093
v -0.152136 0.418303 -0.321851
v -0.013439 0.423919 -0.327051
v 0.000000 0.000000 0.000000
v 0.000000 0.000000 0.000000
v 0.000000 0.000000 0.000000
v -0.211352 0.335741 -0.369648
v -0.242033 0.101392 -0.408457
v -0.166729 0.403418 -0.337408
v -0.025550 -0.000000 -0.054296
v -0.161368 0.386995 -0.357649
v -0.103675 0.422434 -0.324588
v 0.000000 0.000000 0.000000
v 0.000000 0.000000 0.000000
v 0.000000 0.000000 0.000000
v -0.177736 0.069142 -0.456371
v -0.144562 0.002132 -0.426235
v -0.022090 -0.000000 -0.055793
v -0.132250 0.173158 -0.373247
v -0.140711 0.205396 -0.369672
v -0.139310 0.248254 -0.418986
v -0.164796 0.290023 -0.410600
v 0.000000 0.000000 0.000000
v 0.000000 0.000000 0.000000
v 0.000000 0.000000 0.000000
v -0.123748 0.102222 -0.457775
v -0.150268 0.083769 -0.461401
v -0.018543 -0.000000 -0.057070
v 0.000000 0.000000 0.000000
v 0.000000 0.000000 0.000000
v 0.000000 0.000000 0.000000
v -0.095775 0.133020 -0.441490
v -0.014923 -0.000000 -0.058121
v -0.087411 0.175800 -0.384064
v -0.081521 0.190989 -0.382464
v -0.114288 0.239325 -0.421146
v -0.105897 0.365154 -0.395714
v -0.164929 0.052773 -0.462744
v 0.000000 0.000000 0.000000
v 0.000000 0.000000 0.000000
v 0.000000 0.000000 0.000000
v -0.011244 -0.000000 -0.058944
v -0.057959 0.168819 -0.396439
v 0.000000 0.000000 0.000000
v 0.000000 0.000000 0.000000
v 0.000000 0.000000 0.000000
v -0.131294 0.147492 -0.416568
v -0.054102 0.067042 -0.487464
v -0.007521 -0.000000 -0.059533
v 0.001929 0.420718 -0.350298
v -0.066345 0.239688 -0.431353
v 0.000000 0.000000 0.000000
v 0.000000 0.000000 0.000000
v 0.000000 0.000000 0.000000
v -0.032698 0.210318 -0.397744
v -0.038822 0.007717 -0.459041
v 0.044022 0.002451 -0.449272
v -0.003768 -0.000000 -0.059888
v -0.011169 0.235336 -0.432573
v -0.043234 0.336888 -0.423047
v 0.000000 0.000000 0.000000
v 0.000000 0.000000 0.000000
v 0.000000 0.000000 0.000000
v -0.049014 0.386512 -0.389726
v 0.000000 -0.000000 -0.060006
v 0.013276 0.168458 -0.400964
v 0.000000 0.000000 0.000000
v 0.000000 0.000000 0.000000
v 0.000000 0.000000 0.000000
v 0.015926 0.330649 -0.427865
v 0.005028 0.383753 -0.395627
v 0.001710 0.106996 -0.471499
v 0.064516 0.083117 -0.481205
v 0.042314 0.071906 -0.487426
v 0.003768 -0.000000 -0.059888
v 0.000000 0.000000 0.000000
v 0.000000 0.000000 0.000000
v 0.000000 0.000000 0.000000
v 0.010333 0.046280 -0.490278
v 0.020447 0.245674 -0.440268
v 0.007521 -0.000000 -0.059533
v 0.042820 0.174122 -0.392979
v 0.054900 0.182261 -0.387385
v 0.076565 0.248517 -0.435114
v 0.000000 0.000000 0.000000
v 0.000000 0.000000 0.000000
v 0.000000 0.000000 0.000000
v 0.011244 -0.000000 -0.058944
v 0.066841 0.385572 -0.388116
v 0.093155 0.415400 -0.349010
v 0.070232 0.058779 -0.486037
v 0.046141 0.269845 -0.442435
v 0.069962 0.287631 -0.437556
v 0.000000 0.000000 0.000000
v 0.000000 0.000000 0.000000
v 0.000000 0.000000 0.000000
v 0.014923 -0.000000 -0.058121
v 0.137212 0.236643 -0.411919
v 0.080994 0.420173 -0.342331
v 0.000000 0.000000 0.000000
v 0.000000 0.000000 0.000000
v 0.000000 0.000000 0.000000
v 0.018543 -0.000000 -0.057070
v 0.102429 0.012373 -0.455734
v 0.000000 0.000000 0.000000
v 0.000000 0.000000 0.000000
v 0.000000 0.000000 0.000000
v 0.151716 0.105565 -0.446882
v 0.177850 0.009342 -0.427749
v 0.022090 -0.000000 -0.055793
v 0.163813 0.079443 -0.458441
v 0.121393 0.002327 -0.433703
v 0.000000 0.000000 0.000000
v 0.000000 0.000000 0.000000
v 0.000000 0.000000 0.000000
v 0.159301 0.339154 -0.393408
v 0.158824 0.134272 -0.421681
v 0.150396 0.368914 -0.378224
v 0.314226 0.001690 -0.320528
v 0.209901 0.002279 -0.398112
v 0.025550 -0.000000 -0.054296
v 0.219625 0.248722 -0.383561
v 0.191012 0.289155 -0.399288
v 0.000000 0.000000 0.000000
v 0.000000 0.000000 0.000000
v 0.000000 0.000000 0.000000
v 0.181769 0.371373 -0.362804
v 0.028908 -0.000000 -0.052584
v 0.000000 0.000000 0.000000
v 0.000000 0.000000 0.000000
v 0.000000 0.000000 0.000000
v 0.032153 -0.000000 -0.050665
v 0.191248 0.196413 -0.342246
v 0.000000 0.000000 0.000000
v 0.000000 0.000000 0.000000
v 0.000000 0.000000 0.000000
v 0.227268 0.348643 -0.353283
v 0.248158 0.048463 -0.423054
v 0.274605 0.043568 -0.405005
v 0.035271 0.000000 -0.048546
v 0.275089 0.236990 -0.336161
v 0.245831 0.290470 -0.367909
v 0.000000 0.000000 0.000000
v 0.000000 0.000000 0.000000
v 0.000000 0.000000 0.000000
v 0.262013 0.264351 -0.359194
v 0.038250 0.000000 -0.046236
v 0.243720 0.212231 -0.318908
v 0.232625 0.416837 -0.273391
v 0.197661 0.420992 -0.287890
v 0.000000 0.000000 0.000000
v 0.000000 0.000000 0.000000
v 0.000000 0.000000 0.000000
v 0.274625 0.223250 -0.316252
v 0.276362 0.245920 -0.343263
v 0.311556 0.248411 -0.312974
v 0.304177 0.266095 -0.324356
v 0.000000 0.000000 0.000000
v 0.000000 0.000000 0.000000
v 0.000000 0.000000 0.000000
v 0.291796 0.204041 -0.265710
v 0.322671 0.239516 -0.294122
v 0.266512 0.420038 -0.230422
v 0.298358 0.178145 -0.255203
v 0.335955 0.337050 -0.260754
v 0.302778 0.376851 -0.262925
v 0.279995 0.407139 -0.244961
v 0.345500 0.260280 -0.279518
v 0.360307 0.239189 -0.245759
v 0.336614 0.298023 -0.284014
v 0.367260 0.134613 -0.260519
v 0.342854 0.356099 -0.234772
v 0.410907 0.088274 -0.253752
v 0.423678 0.054737 -0.248202
v 0.367064 0.332130 -0.218972
v 0.404316 0.126297 -0.213116
v 0.442436 0.050550 -0.212350
v 0.414355 0.010560 -0.210343
v 0.386199 0.237000 -0.197946
v 0.318563 0.420845 -0.144490
v 0.331730 0.197812 -0.209297
v 0.425073 0.127136 -0.165723
v 0.363745 0.209252 -0.161372
v 0.386052 0.360817 -0.146186
v 0.405090 0.287695 -0.179293
v 0.396892 0.141313 -0.198920
v 0.451121 0.106091 -0.137360
v 0.450788 0.085607 -0.177411
v 0.473191 0.042242 -0.122906
v 0.345974 0.419662 -0.072735
v 0.419929 0.287728 -0.141610
v 0.463105 0.024024 -0.118894
v 0.377505 0.169362 -0.131766
v 0.467888 0.082702 -0.129311
v 0.428951 0.262300 -0.115882
v 0.379142 0.396784 -0.058586
v 0.389251 0.209715 -0.083650
v 0.451840 0.002642 -0.000002
v 0.388706 0.188436 -0.042716
v 0.438806 0.248059 -0.048240
v 0.438724 0.295554 -0.044705
v 0.395972 0.209809 -0.044425
v 0.482854 0.058581 -0.088896
v 0.433196 0.238774 -0.049723
v 0.415888 0.000874 -0.142387
v 0.396717 0.207760 0.000007
v 0.440719 0.244552 -0.000014
v 0.489067 0.062008 -0.041946
v 0.469609 0.106134 -0.042432
v 0.442777 0.276663 0.037325
v 0.484867 0.078859 0.047011
v 0.059822 0.000000 0.004708
v 0.059740 0.000000 0.005647
v 0.059644 0.000000 0.006585
v 0.421419 0.152158 0.084170
v 0.478217 0.074142 0.101618
v 0.431531 0.242397 0.081535
v 0.059408 0.000000 0.008455
v 0.059268 0.000000 0.009387
v 0.059113 0.000000 0.010317
v 0.388719 0.209180 0.084681
v 0.058760 0.000000 0.012168
v 0.058561 0.000000 0.013090
v 0.058348 0.000000 0.014008
v 0.417656 0.340596 0.071955
v 0.057880 0.000000 0.015834
v 0.057624 0.000000 0.016741
v 0.057354 0.000000 0.017644
v 0.412069 0.239050 0.143708
v 0.056771 0.000000 0.019437
v 0.056459 0.000000 0.020326
v 0.056133 0.000000 0.021211
v 0.448068 0.101987 0.155172
v 0.055439 0.000000 0.022964
v 0.055071 0.000000 0.023832
v 0.054690 0.000000 0.024694
v 0.053888 0.000000 0.026399
v 0.053466 0.000000 0.027242
v 0.053032 0.000000 0.028079
v 0.052124 0.000000 0.029731
v 0.051650 0.000000 0.030546
v 0.051164 0.000000 0.031353
v 0.323342 0.171763 0.231286
v 0.347762 0.356212 0.227739
v 0.429772 0.042137 0.233081
v 0.366488 0.240164 0.238389
v 0.050154 0.000000 0.032945
v 0.049630 0.000000 0.033729
v 0.049094 0.000000 0.034504
v 0.406718 0.077825 0.269175
v 0.047986 0.000000 0.036029
v 0.047414 0.000000 0.036778
v 0.046831 0.000000 0.037518
v 0.341436 0.243339 0.276959
v 0.045629 0.000000 0.038971
v 0.045012 0.000000 0.039683
v 0.044383 0.000000 0.040385
v 0.043092 0.000000 0.041759
v 0.042431 0.000000 0.042431
v 0.041759 0.000000 0.043092
v 0.040385 0.000000 0.044383
v 0.039683 0.000000 0.045012
v 0.038971 0.000000 0.045629
v 0.336693 0.100410 0.335527
v 0.302885 0.064398 0.386092
v 0.037518 0.000000 0.046831
v 0.036778 0.000000 0.047414
v 0.036029 0.000000 0.047986
v 0.252032 0.024109 0.406363
v 0.034504 0.000000 0.049094
v 0.033729 0.000000 0.049630
v 0.032945 0.000000 0.050154
v 0.204066 0.185472 0.333050
v 0.031353 0.000000 0.051164
v 0.030546 0.000000 0.051650
v 0.029731 0.000000 0.052124
v 0.028079 0.000000 0.053032
v 0.027242 0.000000 0.053466
v 0.026399 0.000000 0.053888
v 0.239656 0.085007 0.420985
v 0.024694 0.000000 0.054690
v 0.023832 0.000000 0.055071
v 0.022964 0.000000 0.055439
v 0.175592 0.149879 0.395777
v 0.142430 0.222454 0.393250
v 0.183666 0.013101 0.430081
v 0.021211 0.000000 0.056133
v 0.020326 0.000000 0.056459
v 0.019437 0.000000 0.056771
v 0.120909 0.168925 0.381186
v 0.147858 0.337289 0.398568
v 0.155047 0.059030 0.466074
v 0.092823 0.398794 0.370092
v 0.077455 0.419316 0.346245
v 0.017644 0.000000 0.057354
v 0.016741 0.000000 0.057624
v 0.015834 0.000000 0.057880
v 0.014008 0.000000 0.058348
v 0.013090 0.000000 0.058561
v 0.012168 0.000000 0.058760
v 0.010317 0.000000 0.059113
v 0.009387 0.000000 0.059268
v 0.008455 0.000000 0.059408
v 0.039728 0.377013 0.398840
v 0.059205 0.021191 0.472588
v 0.006585 0.000000 0.059644
v 0.005647 0.000000 0.059740
v 0.004708 0.000000 0.059822
v 0.058164 0.053705 0.487480
v 0.002827 0.000000 0.059940
v 0.001885 0.000000 0.059977
v 0.000942 0.000000 0.059999
v 0.017075 0.416450 0.359630
v -0.035565 0.266612 0.443378
v -0.000942 0.000000 0.059999
v -0.001885 0.000000 0.059977
v -0.002827 0.000000 0.059940
v 0.047383 0.221684 0.414680
v -0.004708 0.000000 0.059822
v -0.005647 0.000000 0.059740
v -0.006585 0.000000 0.059644
v -0.058670 0.246805 0.437141
v -0.063738 0.133049 0.447317
v -0.061576 0.068070 0.486067
v -0.053305 0.289713 0.439404
v -0.008455 0.000000 0.059408
v -0.009387 0.000000 0.059268
v -0.010317 0.000000 0.059113
v -0.012168 0.000000 0.058760
v -0.013090 0.000000 0.058561
v -0.014008 0.000000 0.058348
v -0.015834 0.000000 0.057880
v -0.016741 0.000000 0.057624
v -0.017644 0.000000 0.057354
v -0.019437 0.000000 0.056771
v -0.020326 0.000000 0.056459
v -0.021211 0.000000 0.056133
v -0.022964 0.000000 0.055439
v -0.023832 0.000000 0.055071
v -0.024694 0.000000 0.054690
v -0.026399 0.000000 0.053888
v -0.027242 0.000000 0.053466
v -0.028079 0.000000 0.053032
v -0.191611 0.164255 0.359651
v -0.029731 0.000000 0.052124
v -0.030546 0.000000 0.051650
v -0.031353 0.000000 0.051164
v -0.242073 0.235295 0.358802
v -0.225773 0.041819 0.433536
v -0.032945 0.000000 0.050154
v -0.033729 0.000000 0.049630
v -0.034504 0.000000 0.049094
v -0.243493 0.246177 0.367402
v -0.036029 0.000000 0.047986
v -0.036778 0.000000 0.047414
v -0.037519 0.000000 0.046831
v -0.266550 0.019786 0.392830
v -0.038971 0.000000 0.045629
v -0.039683 0.000000 0.045012
v -0.040385 0.000000 0.044383
v -0.261320 0.176648 0.294154
v -0.246120 0.374076 0.319653
v -0.334786 0.068048 0.357724
v -0.289066 0.175575 0.267649
v -0.342162 0.020206 0.329974
v -0.041759 0.000000 0.043092
v -0.042431 0.000000 0.042431
v -0.043092 0.000000 0.041759
v -0.298438 0.187511 0.252502
v -0.353312 0.043290 0.338687
v -0.044383 0.000000 0.040385
v -0.045012 0.000000 0.039683
v -0.045629 0.000000 0.038971
v -0.329017 0.150530 0.279140
v -0.333248 0.003819 0.308383
v -0.046831 0.000000 0.037519
v -0.047414 0.000000 0.036778
v -0.047986 0.000000 0.036029
v -0.049094 0.000000 0.034504
v -0.049630 0.000000 0.033729
v -0.050154 0.000000 0.032945
v -0.381659 0.280622 0.227035
v -0.051164 0.000000 0.031353
v -0.051650 0.000000 0.030546
v -0.052124 0.000000 0.029731
v -0.369039 0.149042 0.228866
v -0.053032 0.000000 0.028079
v -0.053466 0.000000 0.027242
v -0.053888 0.000000 0.026399
v -0.414088 0.250173 0.155585
v -0.054690 0.000000 0.024694
v -0.055071 0.000000 0.023832
v -0.055439 0.000000 0.022964
v -0.056133 0.000000 0.021211
v -0.056459 0.000000 0.020326
v -0.056771 0.000000 0.019437
v -0.398986 0.341228 0.141520
v -0.057354 0.000000 0.017644
v -0.057624 0.000000 0.016741
v -0.057880 0.000000 0.015834
v -0.058348 0.000000 0.014008
v -0.058561 0.000000 0.013090
v -0.058760 0.000000 0.012168
v -0.466339 0.072854 0.147947
v -0.059113 0.000000 0.010317
v -0.059268 0.000000 0.009387
v -0.059408 0.000000 0.008455
v -0.385115 0.191255 0.069291
v -0.059644 0.000000 0.006585
v -0.059740 0.000000 0.005647
v -0.059822 0.000000 0.004708
v -0.395059 0.173710 0.019091
v -0.440557 0.257176 0.053844
v -0.059940 0.000000 0.002827
v -0.059977 0.000000 0.001885
v -0.059999 0.000000 0.000942
v -0.392398 0.176714 -0.024777
v -0.439128 0.245960 -0.039263
v -0.444298 0.262053 0.003136
v -0.059999 0.000000 -0.000942
v -0.059977 0.000000 -0.001885
v -0.059940 0.000000 -0.002827
v -0.487089 0.060419 -0.063359
v -0.059822 0.000000 -0.004708
v -0.059740 0.000000 -0.005647
v -0.059644 0.000000 -0.006585
v -0.059408 0.000000 -0.008455
v -0.059268 0.000000 -0.009387
v -0.059113 0.000000 -0.010317
v -0.460514 0.020334 -0.117372
v -0.058760 0.000000 -0.012168
v -0.058561 0.000000 -0.013090
v -0.058348 0.000000 -0.014008
v -0.417443 0.339776 -0.075485
v -0.057880 0.000000 -0.015834
v -0.057624 0.000000 -0.016741
v -0.057354 0.000000 -0.017644
v -0.410089 0.291265 -0.165167
v -0.056771 0.000000 -0.019437
v -0.056459 0.000000 -0.020326
v -0.056133 0.000000 -0.021211
v -0.453304 0.056222 -0.189056
v -0.055439 0.000000 -0.022964
v -0.055071 0.000000 -0.023832
v -0.054690 0.000000 -0.024694
v -0.366773 0.002345 -0.262425
v -0.053888 0.000000 -0.026399
v -0.053466 0.000000 -0.027242
v -0.053032 0.000000 -0.028079
v -0.389459 0.149089 -0.192407
v -0.417002 0.134032 -0.171676
v -0.353086 0.182195 -0.168099
v -0.052124 0.000000 -0.029731
v -0.051650 0.000000 -0.030546
v -0.051164 0.000000 -0.031353
v -0.330720 0.203683 -0.214964
v -0.386778 0.041664 -0.298812
v -0.345477 0.238248 -0.265180
v -0.050154 0.000000 -0.032945
v -0.049630 0.000000 -0.033729
v -0.049094 0.000000 -0.034504
v -0.323242 0.378077 -0.235448
v -0.047986 0.000000 -0.036029
v -0.047414 0.000000 -0.036778
v -0.046831 0.000000 -0.037519
v -0.045629 0.000000 -0.038971
v -0.045012 0.000000 -0.039683
v -0.044383 0.000000 -0.040385
v -0.043092 0.000000 -0.041759
v -0.042431 0.000000 -0.042431
v -0.041759 0.000000 -0.043092
v -0.040385 0.000000 -0.044383
v -0.039683 0.000000 -0.045012
v -0.038971 0.000000 -0.045629
v -0.331952 0.103616 -0.337378
v -0.324565 0.041862 -0.365657
v -0.037519 0.000000 -0.046831
v -0.036778 0.000000 -0.047414
v -0.036029 0.000000 -0.047986
v -0.271449 0.335501 -0.328194
v -0.034504 0.000000 -0.049094
v -0.033729 -0.000000 -0.049630
v -0.032945 -0.000000 -0.050154
v -0.215022 0.135441 -0.395445
v -0.209309 0.402795 -0.313531
v -0.202932 0.223765 -0.367758
v -0.031353 -0.000000 -0.051164
v -0.030546 -0.000000 -0.051650
v -0.029731 -0.000000 -0.052124
v -0.181260 0.174943 -0.350141
v -0.201458 0.283534 -0.395262
v -0.028079 -0.000000 -0.053032
v -0.027242 -0.000000 -0.053466
v -0.026399 -0.000000 -0.053888
v -0.024694 -0.000000 -0.054690
v -0.023832 -0.000000 -0.055071
v -0.022964 -0.000000 -0.055439
v -0.158789 0.240369 -0.407208
v -0.021211 -0.000000 -0.056133
v -0.020326 -0.000000 -0.056459
v -0.019437 -0.000000 -0.056771
v -0.017644 -0.000000 -0.057354
v -0.016741 -0.000000 -0.057624
v -0.015834 -0.000000 -0.057880
v -0.127441 0.222475 -0.397981
v -0.117424 0.041576 -0.474193
v -0.014008 -0.000000 -0.058348
v -0.013090 -0.000000 -0.058561
v -0.012168 -0.000000 -0.058760
v -0.125577 0.070630 -0.473186
v -0.073768 0.286346 -0.437154
v -0.010317 -0.000000 -0.059113
v -0.009387 -0.000000 -0.059268
v -0.008455 -0.000000 -0.059408
v -0.068426 0.104839 -0.467399
v -0.028483 0.022091 -0.476194
v -0.006585 -0.000000 -0.059644
v -0.005647 -0.000000 -0.059740
v -0.004708 -0.000000 -0.059822
v -0.002827 -0.000000 -0.059940
v -0.001885 -0.000000 -0.059977
v -0.000942 -0.000000 -0.059999
v -0.019042 0.356758 -0.414709
v -0.011948 0.062853 -0.490498
v 0.000942 -0.000000 -0.059999
v 0.001885 -0.000000 -0.059977
v 0.002827 -0.000000 -0.059940
v 0.008080 0.262318 -0.444360
v 0.004708 -0.000000 -0.059822
v 0.005647 -0.000000 -0.059740
v 0.006585 -0.000000 -0.059644
v 0.035724 0.402732 -0.375213
v 0.059155 0.205181 -0.390825
v 0.008455 -0.000000 -0.059408
v 0.009387 -0.000000 -0.059268
v 0.010317 -0.000000 -0.059113
v 0.012168 -0.000000 -0.058760
v 0.013090 -0.000000 -0.058561
v 0.014008 -0.000000 -0.058348
v 0.153333 0.022366 -0.451567
v 0.132212 0.245895 -0.420252
v 0.015834 -0.000000 -0.057880
v 0.016741 -0.000000 -0.057624
v 0.017644 -0.000000 -0.057354
v 0.132007 0.148441 -0.414726
v 0.124534 0.174692 -0.374543
v 0.141840 0.261404 -0.420943
v 0.148663 0.289132 -0.417175
v 0.019437 -0.000000 -0.056771
v 0.020326 -0.000000 -0.056459
v 0.021211 -0.000000 -0.056133
v 0.199764 0.019784 -0.430747
v 0.022964 -0.000000 -0.055439
v 0.023832 -0.000000 -0.055071
v 0.024694 -0.000000 -0.054690
v 0.174685 0.400516 -0.336804
v 0.026399 -0.000000 -0.053888
v 0.027242 -0.000000 -0.053466
v 0.028079 -0.000000 -0.053032
v 0.244755 0.013427 -0.399154
v 0.029731 -0.000000 -0.052124
v 0.030546 -0.000000 -0.051650
v 0.031353 -0.000000 -0.051164
v 0.180805 0.174835 -0.351012
v 0.032945 -0.000000 -0.050154
v 0.033729 -0.000000 -0.049630
v 0.034504 0.000000 -0.049094
v 0.036029 0.000000 -0.047986
v 0.036778 0.000000 -0.047414
v 0.037519 0.000000 -0.046831
v 0.236729 0.185335 -0.310923
v 0.263311 0.150891 -0.342711
v 0.257853 0.171114 -0.302060
v 0.311084 0.042786 -0.377700
v 0.038971 0.000000 -0.045629
v 0.039683 0.000000 -0.045012
v 0.040385 0.000000 -0.044383
v 0.352218 0.091611 -0.327167
v 0.340548 0.278751 -0.285270
v 0.383646 0.054392 -0.306835
v 0.382002 0.096448 -0.287376
v 0.370970 0.149427 -0.225287
v 0.343305 0.208935 -0.201162
v 0.394608 0.258608 -0.203203
v 0.392171 0.286211 -0.206903
v 0.408673 0.239501 -0.153562
v 0.406841 0.343117 -0.114934
v 0.429425 0.243066 -0.092498
v 0.430586 0.286809 -0.104758
v 0.470340 0.096994 -0.082750
v 0.356700 0.416407 -0.044278
v 0.441567 0.277917 -0.050830
v 0.387534 0.172041 -0.086283
vn 0.8127 0.5782 0.0728
vn 0.7966 0.5950 0.1066
vn 0.8283 0.5590 0.0373
vn 0.8289 0.5557 0.0646
vn 0.9147 0.3981 0.0693
vn 0.8803 0.4738 0.0224
vn 0.9209 0.3836 0.0686
vn 0.9670 0.2379 0.0907
vn 0.9111 0.4059 0.0715
vn 0.9951 -0.0527 0.0835
vn 0.9661 -0.2551 0.0398
vn 0.9090 -0.3995 0.1192
vn 0.9600 -0.2527 0.1205
vn 0.9771 0.2097 0.0352
vn 0.9797 0.1817 0.0849
vn 0.5278 -0.8492 0.0155
vn 0.5554 -0.8311 0.0276
vn 0.5309 -0.8465 0.0399
vn 0.9999 -0.0156 -0.0030
vn 0.9977 -0.0476 0.0473
vn 0.9992 -0.0369 0.0139
vn 0.8866 0.4352 0.1567
vn 0.8014 0.5964 0.0448
vn 0.8350 0.5423 0.0929
vn 0.8261 0.5624 0.0362
vn 0.9956 -0.0636 0.0685
vn 0.9925 -0.0633 0.1044
vn 0.9891 -0.0790 0.1246
vn 0.4569 0.8876 0.0590
vn 0.6375 -0.7680 0.0604
vn 0.5568 -0.8255 0.0929
vn 0.9932 -0.0508 0.1049
vn 0.9954 -0.0609 0.0742
vn 0.0018 -0.9999 -0.0167
vn 0.0107 -0.9999 0.0122
vn -0.0000 -1.0000 -0.0000
vn -0.0000 1.0000 -0.0000
vn 0.0201 -0.9998 0.0035
vn 0.5305 0.8466 0.0427
vn 0.5142 0.8558 0.0573
vn 0.5545 0.8242 0.1150
vn 0.9729 0.1843 0.1396
vn 0.9704 0.1102 0.2149
vn 0.9671 0.2378 0.0907
vn 0.7944 0.5904 0.1428
vn 0.8432 0.5050 0.1842
vn 0.7788 0.6127 0.1345
vn 0.9679 0.1543 0.1985
vn 0.9733 0.0277 0.2279
vn 0.9797 0.1817 0.0848
vn 0.6011 0.7874 0.1368
vn 0.6535 0.7350 0.1808
vn 0.6428 0.7637 0.0597
vn 0.5309 -0.8465 0.0400
vn 0.5090 -0.8470 0.1534
vn 0.9815 0.1622 0.1015
vn 0.9607 0.2505 0.1193
vn 0.9801 0.1014 0.1705
vn 0.5608 0.8258 0.0593
vn 0.6238 0.7724 0.1197
vn 0.8656 -0.4766 0.1537
vn 0.8061 -0.5450 0.2305
vn 0.8628 -0.4871 0.1351
vn 0.8058 -0.5288 0.2665
vn 0.8024 -0.5252 0.2835
vn 0.8130 -0.5368 0.2256
vn 0.6397 -0.7557 0.1404
vn 0.5928 -0.7752 0.2185
vn 0.0552 0.9973 0.0479
vn 0.2044 0.9759 0.0768
vn 0.0980 0.9951 0.0150
vn 0.0884 -0.9958 0.0245
vn 0.0205 -0.9997 0.0103
vn 0.7779 0.5883 0.2207
vn 0.9649 0.0838 0.2488
vn 0.6143 -0.7822 0.1043
vn 0.5111 -0.8395 0.1846
vn 0.5440 -0.8273 0.1405
vn 0.5706 -0.7903 0.2230
vn 0.9833 -0.0464 0.1760
vn 0.9582 -0.1291 0.2552
vn 0.9698 0.1072 0.2189
vn 0.9349 0.0313 0.3536
vn 0.9584 -0.0048 0.2853
vn 0.0640 -0.9978 0.0159
vn 0.4894 0.8609 0.1392
vn 0.5488 0.8053 0.2244
vn 0.7944 0.5417 0.2747
vn 0.9200 0.1545 0.3603
vn 0.9068 -0.0691 0.4158
vn 0.9502 0.0375 0.3094
vn 0.3378 0.9297 0.1467
vn 0.2436 0.9685 0.0514
vn 0.9345 -0.1189 0.3355
vn 0.9119 -0.0136 0.4102
vn 0.6945 0.6656 0.2733
vn 0.5933 0.7857 0.1752
vn 0.8703 0.4219 0.2541
vn 0.7980 0.5234 0.2986
vn 0.8463 0.3934 0.3591
vn 0.9271 0.0357 0.3730
vn 0.9238 0.0485 0.3797
vn 0.9152 0.0786 0.3952
vn 0.8340 0.3981 0.3820
vn 0.8414 0.4690 0.2686
vn 0.6293 -0.7470 0.2143
vn 0.6087 -0.7406 0.2847
vn 0.5505 -0.7784 0.3017
vn 0.5538 -0.7860 0.2748
vn 0.4536 -0.8500 0.2678
vn 0.6295 0.7037 0.3294
vn 0.7943 0.4298 0.4293
vn 0.7405 0.5769 0.3447
vn 0.7421 0.5496 0.3837
vn 0.9235 -0.2178 0.3157
vn 0.9238 -0.2277 0.3077
vn 0.9216 -0.2545 0.2932
vn 0.5765 0.7770 0.2528
vn 0.6602 0.6975 0.2786
vn 0.8887 -0.2367 0.3927
vn 0.8965 -0.2358 0.3751
vn 0.8515 -0.3389 0.4001
vn 0.8274 -0.1937 0.5272
vn 0.8455 -0.3367 0.4144
vn 0.3435 -0.9216 0.1807
vn 0.8909 0.1323 0.4345
vn 0.8779 0.0690 0.4739
vn 0.4375 0.8639 0.2494
vn 0.5069 0.8044 0.3099
vn 0.6338 0.6713 0.3844
vn 0.7158 0.5162 0.4703
vn 0.9117 0.0898 0.4009
vn 0.8605 -0.0749 0.5040
vn 0.8325 0.1038 0.5442
vn 0.8685 -0.0986 0.4857
vn 0.8779 0.1133 0.4652
vn 0.8590 -0.0046 0.5120
vn 0.5212 0.7861 0.3321
vn 0.7573 -0.5616 0.3333
vn 0.7407 -0.5347 0.4067
vn 0.7193 -0.5253 0.4545
vn 0.5632 0.7593 0.3259
vn 0.5910 0.7498 0.2976
vn 0.5848 0.7062 0.3991
vn 0.6246 0.6548 0.4256
vn 0.8052 0.2535 0.5360
vn 0.8275 0.1718 0.5345
vn 0.6605 0.5625 0.4974
vn 0.7290 0.5020 0.4654
vn 0.8198 0.1610 0.5495
vn 0.8760 -0.1305 0.4643
vn 0.8261 -0.0839 0.5572
vn 0.8258 0.0893 0.5568
vn 0.8447 0.0855 0.5284
vn 0.8027 0.1029 0.5874
vn 0.5899 0.6986 0.4049
vn 0.7381 0.3840 0.5547
vn 0.7910 0.3414 0.5077
vn 0.8315 0.1181 0.5429
vn 0.5783 0.6441 0.5007
vn 0.7687 0.2338 0.5953
vn 0.4961 -0.7835 0.3740
vn 0.4771 -0.8334 0.2789
vn 0.4172 -0.8360 0.3566
vn 0.3842 0.8658 0.3205
vn 0.4101 0.8061 0.4266
vn 0.4871 0.7914 0.3693
vn 0.6609 0.5078 0.5527
vn 0.6706 0.5850 0.4561
vn 0.6544 0.5813 0.4835
vn 0.6770 0.5863 0.4449
vn 0.7688 -0.1276 0.6266
vn 0.7356 -0.0989 0.6701
vn 0.7587 0.0108 0.6514
vn 0.6566 -0.5043 0.5608
vn 0.6371 -0.4715 0.6098
vn 0.6726 -0.5243 0.5222
vn 0.4945 0.7423 0.4520
vn 0.4617 0.8001 0.3829
vn 0.4411 -0.7836 0.4375
vn 0.6430 -0.5902 0.4882
vn 0.6519 -0.5656 0.5051
vn 0.5661 -0.6277 0.5344
vn 0.7750 -0.0610 0.6290
vn 0.7568 -0.2194 0.6157
vn 0.6384 0.4068 0.6534
vn 0.6971 0.3832 0.6059
vn 0.6779 0.4060 0.6128
vn 0.6232 0.4592 0.6331
vn 0.7456 0.2394 0.6219
vn 0.6976 0.1154 0.7071
vn 0.1012 0.9922 0.0726
vn 0.0883 0.9918 0.0921
vn 0.5310 -0.7227 0.4424
vn 0.7129 -0.2248 0.6642
vn 0.4131 -0.8062 0.4237
vn 0.4554 -0.8217 0.3427
vn 0.7020 0.1042 0.7045
vn 0.6749 -0.1439 0.7238
vn 0.7417 0.2425 0.6254
vn 0.5344 0.6759 0.5075
vn 0.5744 0.5238 0.6291
vn 0.5643 -0.4839 0.6689
vn 0.7214 -0.1419 0.6778
vn 0.6489 -0.2803 0.7074
vn 0.6841 -0.1250 0.7186
vn 0.6231 0.4569 0.6348
vn 0.5980 0.5321 0.5994
vn 0.5252 0.5470 0.6518
vn 0.4103 0.7474 0.5225
vn 0.5090 0.6399 0.5757
vn 0.3246 0.8552 0.4041
vn 0.3652 -0.8272 0.4271
vn 0.7259 -0.1544 0.6702
vn 0.7324 -0.1476 0.6647
vn 0.6996 -0.1524 0.6981
vn 0.6150 -0.5019 0.6082
vn 0.5458 -0.4704 0.6934
vn 0.5039 -0.7164 0.4826
vn 0.4422 -0.7373 0.5107
vn 0.3312 -0.8659 0.3748
vn 0.4152 -0.8418 0.3450
vn 0.4670 0.7527 0.4640
vn 0.4085 0.7944 0.4496
vn 0.4443 0.8112 0.3803
vn 0.3984 0.6949 0.5986
vn 0.6172 0.1295 0.7761
vn 0.7232 0.1459 0.6750
vn 0.5861 -0.5121 0.6279
vn 0.6124 0.0764 0.7868
vn 0.3242 0.8647 0.3836
vn 0.3514 0.7835 0.5124
vn 0.4746 0.6645 0.5773
vn 0.5992 0.4098 0.6878
vn 0.5362 0.4718 0.6999
vn 0.3499 -0.7884 0.5060
vn 0.2963 -0.8457 0.4438
vn 0.4463 -0.6915 0.5680
vn 0.3572 -0.7887 0.5003
vn 0.3920 0.7024 0.5941
vn 0.4514 0.5695 0.6870
vn 0.5318 0.4353 0.7264
vn 0.6392 -0.2927 0.7112
vn 0.5180 -0.0679 0.8527
vn 0.5988 -0.0976 0.7949
vn 0.4307 0.6076 0.6673
vn 0.5425 -0.1247 0.8308
vn 0.5028 -0.0726 0.8613
vn 0.5622 -0.1122 0.8194
vn 0.4186 0.5377 0.7319
vn 0.4676 0.5361 0.7028
vn 0.5046 -0.4474 0.7384
vn 0.5019 -0.4445 0.7420
vn 0.5392 0.2342 0.8089
vn 0.4885 0.2313 0.8413
vn 0.4561 0.4226 0.7831
vn 0.4352 0.2620 0.8614
vn 0.4801 0.3342 0.8111
vn 0.2508 0.8178 0.5180
vn 0.2367 0.8169 0.5260
vn 0.4119 -0.4741 0.7782
vn 0.3751 -0.4507 0.8100
vn 0.4263 -0.4989 0.7546
vn 0.2677 -0.8080 0.5248
vn 0.4908 -0.1393 0.8601
vn 0.4393 -0.0731 0.8953
vn 0.5080 -0.1558 0.8471
vn 0.4400 -0.5014 0.7450
vn 0.4111 -0.6186 0.6696
vn 0.4332 0.0838 0.8974
vn 0.3991 -0.1175 0.9094
vn 0.0112 -0.9995 0.0284
vn 0.0065 -0.9842 0.1772
vn 0.3788 0.5987 0.7058
vn 0.3807 0.4563 0.8043
vn 0.3067 0.7086 0.6355
vn 0.2564 0.6738 0.6930
vn 0.3855 0.2218 0.8956
vn 0.3885 0.2058 0.8982
vn 0.2064 -0.7958 0.5692
vn 0.3266 -0.6812 0.6552
vn 0.3893 -0.5130 0.7651
vn 0.3128 -0.6000 0.7363
vn 0.3741 -0.2539 0.8919
vn 0.4732 -0.2090 0.8558
vn 0.3496 -0.6878 0.6362
vn 0.2406 -0.7871 0.5679
vn 0.3091 0.4147 0.8559
vn 0.2624 0.6817 0.6830
vn 0.2851 0.7953 0.5350
vn 0.3911 -0.1023 0.9147
vn 0.3543 -0.1187 0.9276
vn 0.3080 -0.6094 0.7306
vn 0.2512 -0.6498 0.7174
vn 0.2107 -0.8672 0.4512
vn 0.1696 -0.8356 0.5226
vn -0.0645 -0.9965 0.0527
vn 0.1514 0.8586 0.4897
vn 0.1589 0.7752 0.6114
vn 0.2206 0.7694 0.5995
vn 0.1641 0.7235 0.6706
vn 0.1280 0.9689 0.2118
vn 0.0492 0.9810 0.1876
vn 0.1031 0.9623 0.2515
vn 0.0101 0.9905 0.1372
vn 0.1671 -0.7647 0.6223
vn 0.2961 0.0292 0.9547
vn 0.2965 -0.1254 0.9468
vn 0.3215 0.2379 0.9165
vn 0.0977 0.8025 0.5886
vn 0.2301 0.6796 0.6965
vn 0.2031 0.6604 0.7229
vn 0.1375 0.7009 0.6999
vn 0.2010 0.5488 0.8115
vn 0.1932 0.3925 0.8992
vn 0.3172 -0.1735 0.9323
vn 0.2377 -0.1481 0.9600
vn 0.2920 -0.1655 0.9420
vn 0.2328 0.2305 0.9448
vn 0.2779 0.1744 0.9446
vn 0.2092 0.2583 0.9432
vn 0.2504 0.1992 0.9474
vn 0.1952 0.2031 0.9595
vn 0.3022 0.2360 0.9236
vn 0.1777 0.3258 0.9286
vn 0.2051 0.5977 0.7751
vn 0.1347 0.5476 0.8258
vn 0.2207 0.5132 0.8294
vn 0.1697 -0.0702 0.9830
vn 0.2148 -0.0633 0.9746
vn 0.2604 -0.0418 0.9646
vn 0.1273 0.4927 0.8608
vn 0.1501 -0.7573 0.6356
vn 0.0745 -0.7979 0.5982
vn 0.2299 -0.2033 0.9518
vn 0.2192 -0.2288 0.9485
vn 0.1983 -0.1133 0.9736
vn 0.1454 -0.1431 0.9790
vn 0.2463 -0.0741 0.9663
vn 0.1973 0.2243 0.9543
vn 0.1934 0.0458 0.9801
vn 0.0758 -0.7893 0.6093
vn 0.0333 -0.9904 0.1344
vn 0.1155 0.4977 0.8596
vn 0.0727 -0.7755 0.6271
vn 0.0657 0.5125 0.8562
vn 0.0833 0.6160 0.7833
vn 0.0412 0.7011 0.7119
vn 0.0859 -0.7623 0.6415
vn 0.1157 0.1587 0.9805
vn 0.1093 -0.0322 0.9935
vn 0.0374 0.7707 0.6361
vn 0.1199 -0.5558 0.8226
vn 0.0233 -0.2857 0.9580
vn -0.0152 -0.2693 0.9629
vn 0.0060 -0.7848 0.6197
vn 0.1258 -0.0763 0.9891
vn 0.1229 0.0668 0.9902
vn 0.0308 0.0367 0.9989
vn -0.0000 -1.0000 0.0001
vn -0.0000 -1.0000 0.0002
vn 0.0219 0.8610 0.5082
vn 0.0168 0.7893 0.6137
vn 0.0903 0.6665 0.7400
vn 0.0529 0.7184 0.6936
vn 0.0744 0.1664 0.9833
vn 0.1596 -0.4126 0.8968
vn 0.0442 -0.4043 0.9135
vn 0.0219 -0.3754 0.9266
vn 0.0086 0.9641 0.2652
vn -0.0098 -0.7935 0.6085
vn 0.0301 0.0558 0.9980
vn -0.0672 0.0941 0.9933
vn 0.1464 -0.9239 -0.3535
vn -0.0000 -0.9239 -0.3827
vn -0.0107 0.4864 0.8736
vn -0.0715 0.3925 0.9170
vn 0.0674 0.3957 0.9159
vn 0.0363 -0.1881 0.9815
vn 0.0425 0.2900 0.9561
vn 0.0263 0.1457 0.9890
vn -0.0297 -0.4056 0.9136
vn 0.0072 -0.4025 0.9154
vn 0.0079 -0.0036 1.0000
vn -0.0096 -0.9560 0.2931
vn -0.0122 -0.9579 0.2869
vn -0.0171 0.0909 0.9957
vn -0.0520 0.8611 0.5058
vn -0.0735 0.8047 0.5891
vn 0.0251 0.5560 0.8308
vn -0.0288 0.6996 0.7139
vn -0.0754 0.5411 0.8376
vn -0.0217 0.9879 0.1536
vn 0.0388 -0.7468 0.6640
vn -0.0123 -0.6937 0.7202
vn -0.0694 -0.7376 0.6717
vn -0.1241 0.2089 0.9700
vn -0.0118 0.3418 0.9397
vn -0.1114 0.6620 0.7411
vn -0.0422 0.5988 0.7998
vn -0.1576 0.5380 0.8280
vn -0.0416 -0.4211 0.9061
vn -0.0560 0.7418 0.6683
vn -0.0836 0.7914 0.6056
vn -0.1217 0.6959 0.7077
vn -0.0131 -0.8239 0.5666
vn -0.0515 -0.7853 0.6170
vn -0.0921 -0.8294 0.5510
vn -0.0489 -0.7989 0.5995
vn -0.1143 -0.7923 0.5994
vn -0.1781 0.8403 0.5120
vn -0.1079 0.8663 0.4877
vn -0.0930 0.8699 0.4843
vn -0.1572 0.4136 0.8968
vn -0.1984 0.5438 0.8155
vn -0.1516 -0.7863 0.5989
vn -0.0757 -0.5006 0.8624
vn -0.1183 -0.5543 0.8238
vn -0.1320 -0.5711 0.8102
vn -0.1556 -0.7233 0.6728
vn -0.1876 0.0548 0.9807
vn -0.0078 -0.9997 0.0216
vn -0.2604 0.4353 0.8618
vn -0.2319 0.4822 0.8448
vn -0.1494 0.3981 0.9051
vn -0.1534 0.7714 0.6176
vn -0.2056 0.7350 0.6461
vn -0.2047 -0.5926 0.7791
vn -0.1815 -0.7996 0.5725
vn -0.3040 0.5490 0.7786
vn -0.0486 0.9909 0.1258
vn -0.0958 0.9690 0.2278
vn -0.2361 -0.2382 0.9421
vn -0.3225 -0.1355 0.9368
vn -0.3006 -0.3005 0.9052
vn -0.1640 0.6986 0.6964
vn -0.2042 0.8082 0.5523
vn -0.2253 0.6653 0.7117
vn -0.2274 0.5360 0.8130
vn -0.1916 0.4504 0.8720
vn -0.2359 0.5564 0.7968
vn -0.2289 0.6325 0.7399
vn -0.3062 0.5722 0.7608
vn -0.2845 0.7233 0.6292
vn -0.1793 -0.6791 0.7118
vn -0.1859 -0.6894 0.7001
vn -0.1594 -0.6471 0.7456
vn -0.3377 -0.5201 0.7845
vn -0.3391 -0.5254 0.7804
vn -0.3474 -0.4863 0.8018
vn -0.2207 -0.7349 0.6412
vn -0.2473 -0.7837 0.5698
vn -0.0415 0.9991 0.0051
vn -0.4078 -0.1919 0.8927
vn -0.2475 0.0983 0.9639
vn -0.3076 0.2522 0.9175
vn -0.3784 0.1125 0.9188
vn -0.0001 -1.0000 0.0001
vn -0.2837 0.7267 0.6256
vn -0.3057 -0.1904 0.9329
vn -0.2999 -0.1633 0.9399
vn -0.2683 -0.3020 0.9148
vn -0.1694 -0.8334 0.5261
vn -0.2278 -0.8348 0.5013
vn -0.3579 -0.1440 0.9226
vn -0.4143 -0.4897 0.7672
vn -0.3146 -0.4355 0.8434
vn -0.3463 -0.5613 0.7517
vn -0.4022 -0.5241 0.7507
vn -0.3206 -0.5802 0.7487
vn -0.3171 -0.6903 0.6503
vn -0.2818 -0.7716 0.5702
vn -0.1932 -0.8225 0.5350
vn -0.3213 -0.7896 0.5228
vn -0.0230 -0.9985 0.0495
vn -0.3805 0.4397 0.8136
vn -0.4065 0.2845 0.8682
vn -0.3639 0.6555 0.6617
vn -0.3577 0.3179 0.8781
vn -0.3468 0.3473 0.8713
vn -0.3447 0.3528 0.8699
vn -0.4411 -0.0514 0.8960
vn -0.4352 -0.0346 0.8997
vn -0.4750 -0.1493 0.8672
vn 0.0008 1.0000 -0.0000
vn -0.4935 0.1177 0.8617
vn -0.4630 -0.1084 0.8797
vn -0.2515 0.8386 0.4833
vn -0.3065 0.8077 0.5037
vn -0.4440 0.1498 0.8834
vn -0.5232 0.1455 0.8397
vn -0.5072 0.1403 0.8503
vn -0.4328 0.5406 0.7214
vn -0.3709 0.6379 0.6750
vn -0.4458 0.4984 0.7435
vn -0.4875 -0.1472 0.8606
vn -0.4128 0.4282 0.8039
vn -0.4189 -0.3865 0.8217
vn -0.4051 -0.4057 0.8193
vn -0.2773 0.7762 0.5662
vn -0.3819 0.7375 0.5570
vn -0.3247 -0.7970 0.5092
vn -0.4909 -0.0477 0.8699
vn -0.4550 -0.1611 0.8758
vn -0.4352 -0.5875 0.6823
vn -0.5770 -0.0693 0.8138
vn -0.4801 -0.5192 0.7071
vn -0.4800 -0.5194 0.7070
vn -0.4789 -0.5215 0.7062
vn -0.5075 0.1051 0.8552
vn -0.5829 0.1466 0.7992
vn -0.3272 0.7990 0.5044
vn -0.5139 -0.1741 0.8400
vn -0.5131 -0.1553 0.8442
vn -0.4457 -0.5901 0.6731
vn -0.4433 0.6566 0.6102
vn -0.4415 0.6619 0.6058
vn -0.4585 0.6916 0.5581
vn -0.3247 0.8637 0.3856
vn -0.4023 0.7961 0.4521
vn -0.4344 0.6844 0.5855
vn -0.5228 0.5451 0.6554
vn -0.4866 0.6083 0.6271
vn -0.5399 0.4430 0.7157
vn -0.5016 0.4937 0.7104
vn -0.4787 -0.5219 0.7060
vn -0.3437 -0.8376 0.4245
vn -0.2780 -0.8346 0.4756
vn -0.3627 -0.7683 0.5274
vn -0.4023 -0.7798 0.4796
vn -0.5180 0.2915 0.8042
vn -0.6414 0.3449 0.6853
vn -0.5764 0.3388 0.7437
vn -0.5983 0.4966 0.6288
vn -0.5532 -0.3528 0.7546
vn -0.6723 0.2499 0.6968
vn -0.6667 0.2350 0.7073
vn -0.5748 0.1550 0.8035
vn -0.3941 0.8117 0.4311
vn -0.4919 0.7202 0.4893
vn -0.4128 -0.7881 0.4566
vn -0.3691 -0.7562 0.5403
vn -0.4851 -0.4982 0.7186
vn -0.5732 -0.3040 0.7610
vn -0.5770 -0.4550 0.6783
vn -0.3262 -0.8472 0.4193
vn -0.5030 0.6734 0.5417
vn -0.5258 0.6964 0.4885
vn -0.5735 0.5642 0.5939
vn -0.6170 0.5119 0.5978
vn -0.6325 0.4003 0.6632
vn -0.5444 0.6270 0.5572
vn -0.6575 -0.2098 0.7237
vn -0.6436 -0.1858 0.7425
vn -0.6776 -0.2466 0.6929
vn -0.5825 -0.3850 0.7158
vn -0.6087 -0.3861 0.6931
vn -0.6664 -0.3594 0.6533
vn -0.4361 -0.7993 0.4134
vn -0.6243 0.0547 0.7793
vn -0.6954 0.0328 0.7179
vn -0.6555 -0.0215 0.7549
vn -0.6820 0.1421 0.7174
vn -0.5386 0.6591 0.5249
vn -0.5517 0.6906 0.4677
vn -0.6305 0.2543 0.7333
vn -0.6420 0.2472 0.7258
vn -0.6989 0.2757 0.6599
vn -0.4028 -0.8326 0.3801
vn -0.1372 0.9879 0.0719
vn -0.1122 0.9892 0.0947
vn -0.0662 0.9952 0.0717
vn -0.4884 -0.7339 0.4722
vn -0.4782 -0.7834 0.3970
vn -0.7592 0.0308 0.6501
vn -0.7413 -0.0193 0.6709
vn -0.4329 0.8244 0.3647
vn -0.6530 0.5368 0.5342
vn -0.5824 0.6770 0.4501
vn -0.6596 0.5741 0.4850
vn -0.7240 0.1963 0.6613
vn -0.7607 0.1822 0.6231
vn -0.7560 0.1582 0.6352
vn -0.4419 0.8145 0.3759
vn -0.4486 0.8402 0.3048
vn -0.4631 -0.8204 0.3354
vn -0.4500 -0.7776 0.4391
vn -0.5429 -0.7388 0.3993
vn -0.3870 0.8656 0.3177
vn -0.7142 0.4172 0.5620
vn -0.8051 0.2428 0.5412
vn -0.4700 -0.8274 0.3074
vn -0.7468 -0.2651 0.6099
vn -0.5432 -0.7316 0.4119
vn -0.5426 -0.7803 0.3111
vn -0.6267 -0.5102 0.5890
vn -0.7104 -0.5017 0.4936
vn -0.6826 -0.4930 0.5395
vn -0.7504 -0.2893 0.5943
vn -0.7713 -0.2842 0.5695
vn -0.7509 -0.4286 0.5025
vn -0.4934 0.8136 0.3077
vn -0.5814 0.6949 0.4232
vn -0.7050 0.5579 0.4378
vn -0.7894 -0.1638 0.5917
vn -0.8299 -0.1131 0.5464
vn -0.7686 -0.1231 0.6277
vn -0.7146 -0.5880 0.3789
vn -0.7272 -0.5080 0.4616
vn -0.8072 0.0556 0.5877
vn -0.8615 -0.0005 0.5078
vn -0.8081 0.0296 0.5884
vn -0.0887 -0.9961 0.0033
vn -0.7047 -0.4749 0.5271
vn -0.7339 -0.4972 0.4628
vn -0.7710 -0.4504 0.4501
vn -0.5503 0.7376 0.3912
vn -0.6330 0.6893 0.3525
vn -0.8254 -0.0658 0.5607
vn -0.8313 -0.0693 0.5515
vn -0.8429 -0.0764 0.5325
vn -0.8252 -0.2969 0.4805
vn -0.2429 0.9629 0.1177
vn -0.7777 -0.5129 0.3635
vn -0.5736 -0.7385 0.3543
vn -0.6222 -0.7094 0.3309
vn -0.8620 -0.0147 0.5068
vn -0.8071 0.3449 0.4793
vn -0.8348 0.2694 0.4801
vn -0.7578 0.3266 0.5648
vn -0.6273 0.7021 0.3369
vn -0.5429 0.7887 0.2883
vn -0.6158 0.7456 0.2547
vn -0.8750 0.1065 0.4723
vn -0.8909 0.1293 0.4354
vn -0.9146 0.1390 0.3798
vn -0.9149 -0.0746 0.3966
vn -0.9238 -0.1392 0.3567
vn -0.8755 -0.2362 0.4216
vn -0.0001 -1.0000 -0.0000
vn -0.7959 0.4740 0.3765
vn -0.8604 0.3153 0.4003
vn -0.7310 0.6045 0.3166
vn -0.7393 0.5135 0.4356
vn -0.2337 0.9695 0.0741
vn -0.7745 -0.5768 0.2596
vn -0.8284 -0.4818 0.2857
vn -0.8325 -0.4306 0.3485
vn -0.8333 -0.4037 0.3777
vn -0.7987 0.5490 0.2464
vn -0.8373 0.4165 0.3543
vn -0.7559 -0.5814 0.3011
vn -0.0622 -0.9977 0.0268
vn -0.6955 0.6731 0.2513
vn -0.7428 0.6433 0.1855
vn -0.8533 -0.4533 0.2577
vn -0.8455 -0.4655 0.2615
vn -0.8556 -0.4496 0.2565
vn -0.7418 0.6035 0.2924
vn -0.7443 0.6374 0.1993
vn -0.9206 0.2452 0.3040
vn -0.9595 0.1191 0.2551
vn -0.7729 -0.6116 0.1692
vn -0.7300 -0.6160 0.2961
vn -0.8943 0.3255 0.3071
vn -0.8976 0.3747 0.2322
vn -0.9222 0.3326 0.1970
vn -0.5228 0.8398 0.1466
vn -0.5025 0.8585 0.1021
vn -0.4842 0.8538 0.1915
vn -0.9344 -0.2166 0.2829
vn -0.9648 -0.1623 0.2068
vn -0.9561 -0.1749 0.2352
vn -0.6787 0.7222 0.1334
vn -0.6143 0.7687 0.1779
vn -0.5451 -0.8205 0.1720
vn -0.5497 -0.8278 0.1124
vn -0.5705 -0.8168 0.0862
vn -0.2230 0.9744 0.0283
vn -0.1013 -0.9945 0.0285
vn -0.8349 0.5138 0.1972
vn -0.8831 0.4501 0.1327
vn -0.7713 -0.6192 0.1474
vn -0.7779 -0.6113 0.1458
vn -0.8235 -0.5568 0.1090
vn -0.9123 0.3643 0.1869
vn -0.9487 0.2844 0.1385
vn -0.6229 0.7789 0.0729
vn -0.9831 0.0210 0.1816
vn -0.9807 0.0213 0.1944
vn -0.5025 0.8641 0.0288
vn -0.5668 0.8237 0.0145
vn -0.7506 0.6559 0.0801
vn -0.9768 0.1286 0.1711
vn -0.9796 0.1260 0.1563
vn -0.9641 0.0742 0.2549
vn -0.9878 0.1309 0.0844
vn -0.8296 0.5459 0.1167
vn -0.9210 0.3823 0.0746
vn -0.9862 -0.0026 0.1657
vn -0.8349 -0.5210 0.1776
vn -0.8564 -0.5114 0.0712
vn -0.8421 -0.5338 0.0777
vn -0.9279 -0.3582 0.1036
vn -0.9236 -0.3700 0.0999
vn -0.9164 -0.3827 0.1168
vn -0.9144 0.3860 0.1221
vn -0.9324 -0.3514 0.0846
vn -0.9333 -0.3493 0.0840
vn -0.9316 -0.3619 0.0333
vn -0.9715 0.2224 0.0826
vn -0.9977 0.0531 0.0417
vn -0.9991 0.0309 0.0297
vn -0.8541 0.5202 0.0013
vn -0.9175 -0.3971 -0.0231
vn -0.8670 0.4955 -0.0522
vn -0.9163 -0.3997 0.0238
vn -0.8479 -0.5292 -0.0331
vn -0.7449 -0.6672 0.0044
vn -0.4086 -0.9125 0.0183
vn -0.7827 0.6224 -0.0063
vn -0.8153 0.5697 -0.1035
vn -0.9125 -0.4048 -0.0587
vn -0.9284 -0.3675 -0.0543
vn -0.6239 -0.7815 0.0011
vn -0.5612 -0.8276 -0.0105
vn -0.5526 -0.8318 0.0518
vn -0.6839 -0.7272 0.0586
vn -0.7333 -0.6788 -0.0388
vn -0.8059 -0.5837 -0.0996
vn -0.9987 0.0487 0.0141
vn -0.9887 0.1181 -0.0926
vn -0.9953 0.0234 -0.0943
vn -0.9802 -0.1643 -0.1107
vn -0.9778 -0.1743 -0.1166
vn -0.9894 -0.1188 -0.0836
vn -0.6069 -0.7837 -0.1326
vn -0.7693 -0.6349 -0.0711
vn -0.6932 -0.7104 -0.1213
vn -0.6205 -0.7836 0.0299
vn -0.6252 -0.7756 -0.0874
vn -0.5611 -0.8270 -0.0352
vn -0.5061 0.8605 -0.0588
vn -0.5083 0.8569 -0.0859
vn -0.6715 0.7402 -0.0336
vn -0.8285 0.5541 -0.0811
vn -0.8869 0.4303 -0.1681
vn -0.9076 0.4165 -0.0536
vn -0.9682 0.2263 -0.1064
vn -0.9701 0.2170 -0.1089
vn -0.9560 0.2785 -0.0923
vn -0.9080 0.3846 -0.1660
vn -0.6505 0.7541 -0.0908
vn -0.6793 0.7093 -0.1883
vn -0.7470 0.6556 -0.1102
vn -0.9338 0.2781 -0.2252
vn -0.9652 0.2378 -0.1089
vn -0.9696 -0.2301 -0.0832
vn -0.9691 -0.2280 -0.0942
vn -0.9589 -0.2424 -0.1477
vn -0.5010 -0.8597 -0.0993
vn -0.9565 0.2560 -0.1401
vn -0.9737 0.1053 -0.2021
vn -0.9943 0.0491 -0.0949
vn -0.9897 0.0170 -0.1423
vn -0.9736 -0.0217 -0.2273
vn -0.7422 -0.6561 -0.1368
vn -0.5379 -0.8247 -0.1748
vn -0.5561 -0.8280 -0.0721
vn -0.1305 0.9897 -0.0580
vn -0.1700 0.9847 -0.0391
vn -0.1223 0.9924 -0.0140
vn -0.4944 0.8599 -0.1269
vn -0.6041 0.7744 -0.1878
vn -0.8884 0.3570 -0.2888
vn -0.8378 -0.5188 -0.1700
vn -0.8028 -0.5391 -0.2547
vn -0.8169 -0.5414 -0.1987
vn -0.9494 -0.2339 -0.2097
vn -0.9329 -0.2322 -0.2752
vn -0.9551 -0.2296 -0.1872
vn -0.8359 0.4947 -0.2377
vn -0.8149 0.5115 -0.2727
vn -0.8001 0.5182 -0.3023
vn -0.7398 0.6539 -0.1584
vn -0.6876 0.6707 -0.2780
vn -0.8053 0.5473 -0.2279
vn -0.5967 -0.7728 -0.2162
vn -0.5251 -0.8154 -0.2438
vn -0.5120 -0.8447 -0.1559
vn -0.9063 0.3423 -0.2478
vn -0.8592 0.4196 -0.2928
vn -0.8723 0.3399 -0.3514
vn -0.7824 0.5269 -0.3321
vn -0.9428 -0.0628 -0.3273
vn -0.9334 -0.0533 -0.3548
vn -0.6107 0.7580 -0.2291
vn -0.6595 0.6866 -0.3060
vn -0.5564 -0.7935 -0.2466
vn -0.9159 -0.2022 -0.3467
vn -0.9126 -0.2119 -0.3498
vn -0.9370 -0.1667 -0.3071
vn -0.6367 -0.7338 -0.2368
vn -0.9083 0.0625 -0.4136
vn -0.9266 0.0963 -0.3636
vn -0.8698 0.1958 -0.4528
vn -0.8171 0.3997 -0.4155
vn -0.7505 0.5278 -0.3977
vn -0.7640 0.5748 -0.2933
vn -0.8162 0.4557 -0.3551
vn -0.5683 0.7545 -0.3283
vn -0.7707 -0.5201 -0.3680
vn -0.7884 -0.5229 -0.3240
vn -0.0316 -0.9994 -0.0158
vn -0.0234 -0.9996 -0.0162
vn -0.0001 -1.0000 -0.0001
vn -0.8289 0.0949 -0.5512
vn -0.8540 0.1216 -0.5058
vn -0.8753 0.1468 -0.4607
vn -0.7272 0.5517 -0.4084
vn -0.8965 -0.0900 -0.4338
vn -0.8901 -0.1096 -0.4425
vn -0.8267 -0.2211 -0.5173
vn -0.6203 0.6844 -0.3832
vn -0.7770 0.4811 -0.4060
vn -0.9127 0.1417 -0.3832
vn -0.8770 0.1538 -0.4552
vn -0.8421 0.1911 -0.5044
vn -0.8899 -0.0679 -0.4510
vn -0.8602 -0.1134 -0.4971
vn -0.8410 -0.1084 -0.5301
vn -0.7606 -0.5027 -0.4108
vn -0.7496 -0.4934 -0.4412
vn -0.7654 -0.5177 -0.3824
vn -0.7444 -0.5205 -0.4184
vn -0.8396 0.0520 -0.5408
vn -0.8720 -0.0588 -0.4860
vn -0.7425 0.3990 -0.5380
vn -0.7979 0.2743 -0.5368
vn -0.7150 0.5149 -0.4729
vn -0.7273 0.4936 -0.4769
vn -0.6491 -0.6252 -0.4334
vn -0.6833 -0.5982 -0.4185
vn -0.7446 -0.5318 -0.4035
vn -0.5765 -0.7499 -0.3245
vn -0.5010 -0.7913 -0.3506
vn -0.6498 0.6203 -0.4393
vn -0.6695 0.5499 -0.4994
vn -0.6269 -0.6400 -0.4443
vn -0.5158 0.7745 -0.3661
vn -0.5118 0.7481 -0.4224
vn -0.6827 -0.5148 -0.5186
vn -0.6990 -0.5242 -0.4864
vn -0.7284 -0.5139 -0.4531
vn -0.4888 -0.7939 -0.3615
vn -0.4615 -0.8161 -0.3479
vn -0.5373 -0.7809 -0.3185
vn -0.4588 0.8314 -0.3134
vn -0.4109 0.8559 -0.3141
vn -0.5234 0.8122 -0.2575
vn -0.6283 0.6226 -0.4665
vn -0.6652 0.4556 -0.5915
vn -0.7781 -0.1703 -0.6047
vn -0.7627 -0.1518 -0.6286
vn -0.7263 -0.1361 -0.6738
vn -0.6634 0.4994 -0.5572
vn -0.5780 0.6254 -0.5242
vn -0.7514 0.1441 -0.6439
vn -0.7797 0.1234 -0.6138
vn -0.7927 0.1289 -0.5959
vn -0.6107 -0.5922 -0.5257
vn -0.7539 -0.1032 -0.6488
vn -0.8236 -0.0888 -0.5602
vn -0.0121 -0.9998 -0.0141
vn -0.4960 0.7933 -0.3530
vn -0.3825 0.8570 -0.3454
vn -0.7480 0.1799 -0.6388
vn -0.6419 0.5852 -0.4956
vn -0.6208 0.6051 -0.4984
vn -0.5538 0.6585 -0.5096
vn -0.5477 0.7057 -0.4495
vn -0.5597 0.6577 -0.5041
vn -0.5887 0.5438 -0.5981
vn -0.6067 0.4830 -0.6314
vn -0.6687 -0.4864 -0.5624
vn -0.7005 -0.3818 -0.6029
vn -0.6627 -0.3259 -0.6743
vn -0.7192 0.0258 -0.6944
vn -0.6927 0.1494 -0.7055
vn -0.4596 -0.7794 -0.4258
vn -0.4155 -0.8276 -0.3773
vn -0.7757 -0.1699 -0.6077
vn -0.7229 -0.1217 -0.6801
vn -0.2552 0.9359 -0.2427
vn -0.2449 0.9380 -0.2452
vn -0.2630 0.9343 -0.2408
vn -0.6165 -0.6344 -0.4663
vn -0.4684 -0.7546 -0.4596
vn -0.3766 -0.8443 -0.3813
vn -0.6663 0.3596 -0.6533
vn -0.4298 0.7892 -0.4387
vn -0.4558 0.7266 -0.5141
vn -0.3983 -0.7785 -0.4851
vn -0.6315 -0.4974 -0.5948
vn -0.5681 -0.5114 -0.6448
vn -0.5549 -0.5882 -0.5883
vn -0.6884 0.0848 -0.7204
vn -0.7001 0.0632 -0.7112
vn -0.4219 0.7945 -0.4367
vn -0.4734 0.6766 -0.5640
vn -0.5822 0.5205 -0.6246
vn -0.5865 0.4079 -0.6997
vn -0.4747 -0.6281 -0.6165
vn -0.6335 0.1054 -0.7665
vn -0.3274 0.8602 -0.3911
vn -0.3655 0.7777 -0.5114
vn -0.6089 0.2553 -0.7510
vn -0.5125 0.5252 -0.6793
vn -0.4951 0.6064 -0.6223
vn -0.6466 0.1047 -0.7556
vn -0.6150 -0.0136 -0.7884
vn -0.3788 -0.8238 -0.4218
vn -0.6649 -0.0938 -0.7410
vn -0.5649 -0.0907 -0.8202
vn -0.0001 -1.0000 -0.0002
vn -0.4747 0.5529 -0.6848
vn -0.4588 0.5709 -0.6809
vn -0.3822 0.6515 -0.6554
vn -0.6070 0.2326 -0.7599
vn -0.5600 0.1743 -0.8100
vn -0.6181 0.2312 -0.7513
vn -0.3276 -0.8199 -0.4695
vn -0.6029 -0.2117 -0.7692
vn -0.5715 -0.2269 -0.7886
vn -0.6552 -0.1941 -0.7301
vn -0.5854 -0.4976 -0.6401
vn -0.5483 -0.5098 -0.6629
vn -0.5402 -0.6213 -0.5676
vn -0.5084 0.4591 -0.7286
vn -0.4991 0.2540 -0.8285
vn 0.0067 -0.9995 -0.0306
vn -0.0000 -1.0000 -0.0001
vn -0.4158 0.6353 -0.6508
vn -0.4321 0.5348 -0.7261
vn -0.4871 0.4612 -0.7417
vn -0.3691 0.7508 -0.5478
vn -0.4898 -0.5111 -0.7063
vn -0.5082 -0.5164 -0.6892
vn -0.4503 -0.4989 -0.7405
vn -0.3474 0.8049 -0.4811
vn -0.3005 -0.7867 -0.5392
vn -0.4821 -0.5162 -0.7079
vn -0.3668 -0.6300 -0.6845
vn -0.2654 0.8611 -0.4336
vn -0.2392 0.8573 -0.4559
vn -0.5455 -0.1597 -0.8227
vn -0.4524 -0.2907 -0.8431
vn -0.4656 -0.2738 -0.8416
vn -0.4052 0.3834 -0.8299
vn -0.2911 0.7535 -0.5895
vn -0.3837 -0.6612 -0.6447
vn -0.3556 -0.6430 -0.6783
vn -0.4022 -0.6762 -0.6173
vn -0.2545 -0.8494 -0.4623
vn -0.5330 -0.0767 -0.8426
vn -0.4777 -0.0365 -0.8778
vn -0.4181 -0.4787 -0.7721
vn -0.4561 0.0218 -0.8896
vn -0.5595 0.1344 -0.8179
vn -0.4026 0.5450 -0.7355
vn -0.3826 0.4139 -0.8260
vn -0.4573 0.4071 -0.7907
vn -0.3878 0.6011 -0.6988
vn -0.3238 0.5600 -0.7626
vn -0.3064 0.6654 -0.6807
vn -0.2497 0.8066 -0.5358
vn -0.3337 -0.7969 -0.5035
vn -0.2007 -0.8424 -0.5001
vn -0.0044 0.9970 -0.0771
vn -0.0530 0.9868 -0.1530
vn -0.0270 0.9995 -0.0192
vn -0.4199 0.3190 -0.8497
vn -0.2986 0.5840 -0.7549
vn -0.2931 0.4338 -0.8520
vn -0.2874 -0.6622 -0.6921
vn -0.2545 -0.6405 -0.7245
vn -0.1897 -0.7950 -0.5762
vn -0.2129 -0.8310 -0.5140
vn -0.3215 -0.0740 -0.9440
vn -0.4113 -0.0820 -0.9078
vn -0.4354 -0.0400 -0.8993
vn -0.3654 -0.2960 -0.8826
vn -0.3032 -0.2014 -0.9314
vn -0.3671 -0.3386 -0.8664
vn -0.0257 -0.9983 -0.0519
vn -0.0072 -0.9998 -0.0208
vn -0.3582 0.3333 -0.8721
vn -0.2217 0.8163 -0.5333
vn -0.1785 0.7481 -0.6392
vn -0.2116 0.8011 -0.5599
vn -0.1802 0.7091 -0.6817
vn -0.2008 -0.5867 -0.7846
vn -0.1611 -0.5614 -0.8117
vn -0.3645 0.2057 -0.9082
vn -0.2856 0.4094 -0.8665
vn -0.2400 0.2180 -0.9460
vn -0.1726 0.7805 -0.6009
vn -0.0559 0.9641 -0.2596
vn -0.0943 0.9762 -0.1955
vn -0.2621 0.3344 -0.9053
vn -0.2093 0.0903 -0.9737
vn -0.2623 -0.1362 -0.9553
vn -0.2861 -0.2756 -0.9177
vn -0.2111 -0.1989 -0.9570
vn -0.1878 -0.2096 -0.9596
vn -0.1823 -0.7490 -0.6370
vn -0.1341 -0.8110 -0.5694
vn -0.1595 -0.8558 -0.4922
vn -0.0800 -0.8644 -0.4963
vn -0.2733 0.0641 -0.9598
vn -0.2109 0.0516 -0.9761
vn -0.3405 0.0813 -0.9367
vn -0.1657 0.7265 -0.6668
vn -0.1763 0.8028 -0.5696
vn -0.1583 0.6635 -0.7312
vn -0.2506 0.6728 -0.6961
vn -0.3293 -0.3236 -0.8870
vn -0.2161 -0.2673 -0.9390
vn -0.1954 -0.2593 -0.9458
vn -0.1721 -0.7418 -0.6482
vn -0.0978 -0.7877 -0.6083
vn -0.2007 -0.5159 -0.8328
vn -0.1514 -0.5076 -0.8482
vn -0.2682 -0.5147 -0.8143
vn -0.1982 0.3952 -0.8969
vn -0.1492 0.3172 -0.9366
vn -0.2305 0.5035 -0.8327
vn -0.1890 -0.1450 -0.9712
vn -0.1871 -0.1309 -0.9736
vn -0.1700 -0.0169 -0.9853
vn -0.2156 0.5351 -0.8168
vn -0.1136 0.5633 -0.8184
vn -0.1310 0.4112 -0.9021
vn -0.1069 0.2921 -0.9504
vn -0.0941 0.4031 -0.9103
vn -0.1565 0.2326 -0.9599
vn -0.1282 0.2563 -0.9581
vn -0.0905 0.2870 -0.9537
vn -0.0747 -0.4980 -0.8640
vn -0.0677 -0.4820 -0.8735
vn -0.1291 -0.2444 -0.9610
vn -0.1689 0.0408 -0.9848
vn -0.0600 0.1070 -0.9924
vn -0.1054 -0.1136 -0.9879
vn -0.0028 -0.9993 -0.0367
vn -0.0822 0.6150 -0.7842
vn 0.0018 0.5545 -0.8322
vn -0.1464 -0.9239 0.3535
vn -0.0000 -0.9239 0.3827
vn -0.1138 0.6778 -0.7263
vn -0.0624 0.6177 -0.7839
vn 0.0204 0.6307 -0.7758
vn -0.0194 0.7990 -0.6011
vn 0.0045 0.6782 -0.7349
vn -0.0578 0.6499 -0.7578
vn -0.0147 0.1055 -0.9943
vn -0.0251 0.0139 -0.9996
vn -0.0426 0.0261 -0.9988
vn -0.0590 -0.1521 -0.9866
vn -0.0528 -0.1380 -0.9890
vn -0.0012 0.4866 -0.8736
vn -0.0921 0.6664 -0.7399
vn 0.0055 0.6555 -0.7551
vn -0.0356 0.5183 -0.8544
vn 0.9485 0.3142 0.0415
vn -0.0036 0.9546 -0.2978
vn 0.0297 0.9206 -0.3893
vn -0.0462 0.9158 -0.3989
vn 0.0159 0.8619 -0.5068
vn 0.0661 0.8096 -0.5833
vn 0.0847 0.5268 -0.8458
vn -0.0403 -0.0254 -0.9989
vn 0.0121 -0.7956 -0.6056
vn 0.0463 -0.8365 -0.5460
vn -0.0455 -0.8330 -0.5515
vn 0.0366 0.3955 -0.9177
vn 0.1516 0.3390 -0.9285
vn 0.0414 0.2172 -0.9753
vn 0.0822 0.7464 -0.6604
vn 0.1484 0.4136 -0.8983
vn 0.0667 0.7478 -0.6606
vn 0.1335 0.6654 -0.7344
vn 0.0644 -0.6905 -0.7204
vn 0.0298 0.0137 -0.9995
vn 0.0556 0.0589 -0.9967
vn 0.1397 -0.0870 -0.9864
vn 0.1206 -0.0965 -0.9880
vn 0.1072 -0.7049 -0.7012
vn 0.1085 -0.7890 -0.6047
vn 0.0168 -0.9983 -0.0563
vn -0.0010 -0.9989 -0.0475
vn 0.1637 0.0711 -0.9840
vn 0.1007 -0.0194 -0.9947
vn 0.0884 0.5662 -0.8195
vn 0.1499 0.3960 -0.9059
vn 0.1782 0.3310 -0.9266
vn 0.1016 0.5945 -0.7976
vn 0.1611 0.7085 -0.6871
vn 0.1549 0.5385 -0.8283
vn 0.1344 0.0109 -0.9909
vn 0.1811 -0.0312 -0.9830
vn 0.2482 -0.1131 -0.9621
vn 0.1596 0.2273 -0.9607
vn 0.1605 0.2165 -0.9630
vn 0.2329 0.1573 -0.9597
vn 0.1889 -0.1286 -0.9736
vn 0.0261 0.9947 -0.0996
vn 0.2275 -0.0822 -0.9703
vn 0.1616 -0.1574 -0.9742
vn 0.1526 -0.4780 -0.8650
vn 0.1564 -0.5602 -0.8135
vn 0.1567 -0.5664 -0.8091
vn 0.2193 0.4903 -0.8435
vn 0.0970 0.4989 -0.8612
vn 0.1445 0.8314 -0.5366
vn 0.2240 0.7072 -0.6706
vn 0.1962 -0.1345 -0.9713
vn 0.2666 -0.0271 -0.9634
vn 0.3064 -0.1337 -0.9425
vn 0.1334 -0.7799 -0.6116
vn 0.1447 -0.8544 -0.4990
vn 0.0588 -0.8215 -0.5672
vn 0.2493 0.4023 -0.8809
vn 0.2354 0.3394 -0.9107
vn 0.2295 0.2490 -0.9409
vn 0.3182 0.3413 -0.8845
vn 0.1405 0.7020 -0.6982
vn 0.2184 0.6856 -0.6944
vn 0.2498 0.7311 -0.6349
vn 0.2107 0.5412 -0.8141
vn 0.3380 0.4258 -0.8393
vn 0.2652 0.5490 -0.7927
vn 0.2987 -0.4276 -0.8532
vn 0.2995 -0.4380 -0.8476
vn 0.3601 -0.3796 -0.8522
vn 0.3303 0.1552 -0.9311
vn 0.3932 0.1745 -0.9028
vn 0.2069 -0.7442 -0.6351
vn 0.2115 -0.8250 -0.5240
vn 0.2447 -0.8555 -0.4564
vn 0.3179 0.0397 -0.9473
vn 0.3422 0.0564 -0.9379
vn 0.3971 0.0689 -0.9152
vn 0.3474 0.5121 -0.7855
vn 0.2845 0.4950 -0.8210
vn 0.0413 0.9963 -0.0750
vn 0.0825 0.9907 -0.1082
vn 0.2798 -0.5173 -0.8087
vn 0.3179 -0.6535 -0.6869
vn 0.2800 -0.5317 -0.7993
vn 0.3868 -0.2280 -0.8935
vn 0.4941 -0.1968 -0.8468
vn 0.4019 -0.2262 -0.8873
vn 0.1773 0.8638 -0.4717
vn 0.2584 0.8011 -0.5399
vn 0.1804 0.8057 -0.5642
vn 0.2695 0.6688 -0.6928
vn 0.3454 0.7045 -0.6200
vn 0.3973 0.5323 -0.7476
vn 0.3448 -0.3718 -0.8619
vn 0.4392 -0.3923 -0.8082
vn 0.2824 0.7877 -0.5475
vn 0.3178 0.7323 -0.6023
vn 0.2102 -0.7934 -0.5713
vn 0.3218 -0.7782 -0.5392
vn 0.2316 -0.8206 -0.5225
vn 0.4378 0.0929 -0.8942
vn 0.4909 0.1012 -0.8653
vn 0.4179 0.4144 -0.8085
vn 0.4716 0.3540 -0.8077
vn 0.3936 0.3398 -0.8542
vn 0.3644 0.5880 -0.7221
vn 0.4784 0.4757 -0.7382
vn 0.3799 0.0016 -0.9250
vn 0.5049 -0.0835 -0.8592
vn 0.4841 -0.0608 -0.8729
vn 0.4444 -0.1194 -0.8878
vn 0.4406 -0.1747 -0.8805
vn 0.4426 -0.1482 -0.8844
vn 0.3306 -0.7739 -0.5401
vn 0.3267 -0.8332 -0.4462
vn 0.4858 0.1760 -0.8561
vn 0.5438 0.0952 -0.8338
vn 0.2441 0.8583 -0.4514
vn 0.3452 0.8233 -0.4507
vn 0.4240 0.5998 -0.6786
vn 0.5435 0.3823 -0.7473
vn 0.4428 0.4626 -0.7681
vn 0.4190 0.6602 -0.6233
vn 0.4716 0.1383 -0.8709
vn 0.5547 -0.0234 -0.8317
vn 0.4295 0.7353 -0.5243
vn 0.4623 -0.4070 -0.7878
vn 0.4861 -0.4963 -0.7193
vn 0.3804 -0.5173 -0.7666
vn 0.4088 -0.5551 -0.7244
vn 0.5881 0.0771 -0.8051
vn 0.3736 0.7759 -0.5083
vn 0.4847 0.6121 -0.6248
vn 0.5021 0.0388 -0.8639
vn 0.5806 -0.0589 -0.8120
vn 0.2713 0.8737 -0.4038
vn 0.3802 0.8027 -0.4595
vn 0.5700 -0.2247 -0.7903
vn 0.6135 -0.1990 -0.7642
vn 0.5536 0.4470 -0.7026
vn 0.6388 0.2093 -0.7404
vn 0.5370 0.3534 -0.7660
vn 0.5298 0.3041 -0.7917
vn 0.5325 0.2971 -0.7926
vn 0.5022 0.3678 -0.7827
vn 0.5897 -0.2056 -0.7810
vn 0.5622 -0.2229 -0.7964
vn 0.6520 -0.2002 -0.7313
vn 0.4719 -0.6275 -0.6193
vn 0.5271 -0.6045 -0.5972
vn 0.4455 -0.6125 -0.6530
vn 0.6131 0.2849 -0.7369
vn 0.5337 0.2702 -0.8013
vn 0.4001 -0.7951 -0.4557
vn 0.3315 -0.8352 -0.4389
vn 0.5480 -0.5217 -0.6539
vn 0.5136 -0.5223 -0.6807
vn 0.4140 -0.7496 -0.5164
vn 0.5951 -0.5116 -0.6198
vn 0.3861 -0.7607 -0.5218
vn 0.4007 -0.7911 -0.4622
vn 0.3970 0.8184 -0.4154
vn 0.5324 0.6266 -0.5691
vn 0.5777 0.5121 -0.6356
vn 0.5980 0.4959 -0.6297
vn 0.5311 0.5985 -0.5998
vn 0.5883 0.5123 -0.6257
vn 0.6248 0.2321 -0.7455
vn 0.6623 0.2392 -0.7101
vn 0.6814 0.2603 -0.6840
vn 0.6764 -0.2046 -0.7075
vn 0.6370 -0.0451 -0.7695
vn 0.7009 0.0192 -0.7130
vn 0.6210 -0.0611 -0.7814
vn 0.0175 -0.9997 -0.0184
vn 0.0997 -0.9946 -0.0282
vn 0.7440 0.1629 -0.6480
vn 0.5290 -0.6519 -0.5433
vn 0.5275 -0.6654 -0.5281
vn 0.0781 0.9948 -0.0660
vn 0.5021 -0.7329 -0.4591
vn 0.4706 -0.7888 -0.3954
vn 0.6311 -0.5108 -0.5837
vn 0.6389 0.4544 -0.6208
vn 0.7286 0.2785 -0.6258
vn 0.4241 0.8282 -0.3665
vn 0.3810 0.8536 -0.3553
vn 0.7107 -0.2631 -0.6524
vn 0.7283 -0.3028 -0.6147
vn 0.6466 0.4769 -0.5953
vn 0.7101 0.4105 -0.5721
vn 0.6365 0.3895 -0.6657
vn 0.4524 -0.8268 -0.3342
vn 0.3867 -0.8360 -0.3893
vn 0.4113 0.8369 -0.3611
vn 0.4808 0.7665 -0.4258
vn 0.6850 -0.0404 -0.7274
vn 0.7580 0.1003 -0.6445
vn 0.7747 -0.0017 -0.6323
vn 0.5237 0.7378 -0.4259
vn 0.6076 0.6701 -0.4265
vn 0.5780 0.6303 -0.5183
vn 0.7683 0.1182 -0.6291
vn 0.6891 0.5086 -0.5162
vn 0.7363 -0.1801 -0.6523
vn 0.7473 -0.2735 -0.6056
vn 0.7483 -0.2875 -0.5978
vn 0.6748 -0.5014 -0.5414
vn 0.7092 -0.5132 -0.4833
vn 0.7023 -0.5252 -0.4805
vn 0.6331 -0.6051 -0.4828
vn 0.6323 -0.6457 -0.4281
vn 0.5156 -0.7402 -0.4315
vn 0.4941 -0.8023 -0.3349
vn 0.4851 -0.7689 -0.4164
vn 0.2761 -0.9356 -0.2199
vn 0.8160 0.2176 -0.5356
vn 0.4166 0.8616 -0.2899
vn 0.5083 0.8033 -0.3103
vn 0.5911 0.6175 -0.5189
vn 0.7026 0.5197 -0.4860
vn 0.6085 0.6696 -0.4257
vn 0.7534 -0.3700 -0.5435
vn 0.7579 -0.4208 -0.4984
vn 0.7851 0.0914 -0.6126
vn 0.8455 0.1960 -0.4967
vn 0.8533 0.0404 -0.5198
vn 0.5423 -0.7841 -0.3017
vn 0.7877 -0.2284 -0.5722
vn 0.8201 -0.2068 -0.5335
vn 0.8377 -0.1888 -0.5125
vn 0.6805 -0.6193 -0.3917
vn 0.4692 -0.8306 -0.2999
vn 0.0628 -0.9972 -0.0396
vn 0.8360 0.0659 -0.5447
vn 0.7173 0.4191 -0.5566
vn 0.7911 0.3919 -0.4697
vn 0.8194 -0.0921 -0.5658
vn 0.8226 -0.1082 -0.5582
vn 0.7946 0.1316 -0.5927
vn 0.4466 0.8468 -0.2888
vn 0.6321 0.7046 -0.3224
vn 0.6831 -0.6507 -0.3315
vn 0.6905 -0.6119 -0.3857
vn 0.5427 -0.7950 -0.2710
vn 0.5211 -0.8284 -0.2052
vn 0.8345 0.3317 -0.4400
vn 0.6132 0.6664 -0.4241
vn 0.7243 0.5029 -0.4717
vn 0.7357 0.5722 -0.3625
vn 0.6637 0.6692 -0.3342
vn 0.8846 0.0614 -0.4623
vn 0.9049 0.0285 -0.4246
vn 0.8923 0.0445 -0.4493
vn 0.7439 0.5377 -0.3968
vn 0.8413 -0.2378 -0.4854
vn 0.8595 -0.2225 -0.4601
vn 0.8385 -0.2437 -0.4874
vn 0.8578 -0.3252 -0.3981
vn 0.1390 -0.9885 -0.0599
vn 0.8448 0.3877 -0.3687
vn 0.8649 0.3248 -0.3827
vn 0.7049 0.5693 -0.4232
vn 0.6983 0.6106 -0.3736
vn 0.7486 0.5521 -0.3671
vn 0.7853 0.5405 -0.3019
vn 0.7746 0.5490 -0.3139
vn 0.7710 -0.4441 -0.4564
vn 0.8143 -0.4110 -0.4099
vn 0.8643 0.2752 -0.4210
vn 0.7864 0.3415 -0.5147
vn 0.9172 0.1382 -0.3736
vn 0.7615 -0.5254 -0.3796
vn 0.7458 -0.5960 -0.2977
vn 0.8926 0.3396 -0.2966
vn 0.4631 0.8559 -0.2300
vn 0.4888 0.8543 -0.1768
vn 0.7267 0.6247 -0.2859
vn 0.9421 0.0919 -0.3225
vn 0.9350 0.0830 -0.3448
vn 0.8227 -0.4126 -0.3912
vn 0.5897 -0.7848 -0.1905
vn 0.5199 -0.8240 -0.2253
vn 0.9415 0.0187 -0.3364
vn 0.8997 0.0650 -0.4317
vn 0.8232 -0.4771 -0.3078
vn 0.6387 -0.7409 -0.2079
vn 0.8651 0.4369 -0.2465
vn 0.6220 0.7635 -0.1737
vn 0.7075 0.6661 -0.2360
vn 0.7614 -0.5924 -0.2632
vn 0.7869 -0.5732 -0.2286
vn 0.7360 -0.6092 -0.2953
vn 0.8946 0.2760 -0.3513
vn 0.9089 0.2651 -0.3220
vn 0.4050 0.8917 -0.2023
vn 0.3601 0.9249 -0.1223
vn 0.4985 0.8450 -0.1935
vn 0.9313 0.0367 -0.3623
vn 0.9416 0.0307 -0.3354
vn 0.9481 0.0149 -0.3178
vn 0.9710 0.1027 -0.2158
vn 0.8232 0.5454 -0.1578
vn 0.6921 0.7135 -0.1089
vn 0.5642 0.8154 -0.1295
vn 0.9561 0.0593 -0.2868
vn 0.9594 0.0658 -0.2744
vn 0.8370 -0.4993 -0.2241
vn 0.7660 -0.6124 -0.1954
vn 0.7807 -0.5663 -0.2642
vn 0.6706 -0.7237 -0.1631
vn 0.7158 -0.6370 -0.2863
vn 0.9378 -0.2478 -0.2430
vn 0.9500 -0.2355 -0.2051
vn 0.9286 -0.1997 -0.3129
vn 0.5908 -0.7953 -0.1358
vn 0.2910 -0.9540 -0.0726
vn 0.9254 0.3070 -0.2221
vn 0.7466 0.6417 -0.1753
vn 0.8437 0.5141 -0.1544
vn 0.7942 0.5577 -0.2414
vn 0.8793 0.4137 -0.2360
vn 0.7794 0.6196 -0.0933
vn 0.8963 -0.3996 -0.1923
vn 0.8916 -0.4405 -0.1055
vn 0.8977 -0.3848 -0.2144
vn 0.9272 0.3579 -0.1100
vn 0.5278 -0.8350 -0.1559
vn 0.6162 -0.7824 -0.0904
vn 0.5554 -0.8206 -0.1347
vn 0.8406 -0.5291 -0.1156
vn 0.6883 -0.7171 -0.1097
vn 0.9695 0.0448 -0.2411
vn 0.9558 0.1897 -0.2247
vn 0.9887 0.0242 -0.1481
vn 0.9882 0.1015 -0.1149
vn 0.4826 0.8602 -0.1647
vn 0.6032 0.7876 -0.1259
vn 0.8283 0.5566 -0.0643
vn 0.5445 -0.8365 -0.0614
vn 0.9635 -0.2295 -0.1380
vn 0.9736 -0.2087 -0.0929
vn 0.8579 -0.4983 -0.1256
vn 0.8587 -0.5038 -0.0943
vn 0.8585 -0.5025 -0.1021
vn 0.5898 -0.8054 -0.0592
vn 0.1100 -0.9938 -0.0159
vn 0.0458 -0.9989 0.0008
vn 0.9067 0.3991 -0.1365
vn 0.9573 0.2712 -0.0997
vn 0.7674 -0.6368 -0.0745
vn 0.8481 0.5256 -0.0669
vn 0.9149 0.3987 -0.0632
vn 0.9742 0.2134 -0.0729
vn 0.9830 0.1817 -0.0247
vn 0.9876 0.1564 -0.0133
vn 0.6212 -0.7835 -0.0140
vn 0.8818 -0.4659 -0.0736
vn 0.8854 -0.4642 -0.0245
vn 0.6435 -0.7654 -0.0051
vn 0.6213 -0.7835 -0.0140
vn 0.9785 -0.1984 -0.0571
vn 0.9790 -0.1960 -0.0564
vn 0.5836 -0.8111 -0.0389
vn 0.5765 -0.8164 -0.0339
vn 0.9966 0.0714 -0.0421
vn 0.9765 0.2116 -0.0409
vn 0.5839 0.8104 -0.0478
vn 0.5184 0.8551 -0.0122
vn 0.5298 0.8481 0.0058
vn 0.7348 0.6728 -0.0861
vn 0.8135 0.5812 -0.0181
vn 0.7432 0.6679 -0.0391
vn 0.5225 0.8519 0.0361
vn 0.8737 0.4761 0.0997
vn 0.9771 0.2098 0.0353
vn 0.9758 0.2004 0.0875
vn 0.6510 0.7591 0.0025
vn 0.6973 0.7139 0.0639
vn 0.5528 -0.8315 0.0548
vn 0.6347 -0.7726 0.0175
vn 0.9850 -0.1725 0.0088
vn 0.9903 -0.1373 0.0206
vn 0.9956 -0.0637 0.0685
vn 0.9903 -0.1372 0.0206
vn 0.8620 -0.5004 0.0810
vn 0.8212 -0.5705 0.0131
vn 0.8435 -0.5358 0.0368
vn 0.1809 0.9831 0.0291
vn 0.6622 -0.7485 0.0351
vn 0.6794 -0.7194 0.1442
vn 0.0027 -0.9994 -0.0338
vn 0.0202 -0.9998 0.0036
vn 0.8345 -0.5423 0.0979
vn 0.9027 -0.3884 0.1852
vn 0.9113 -0.3303 0.2459
vn 0.8858 0.4284 0.1784
vn 0.8959 -0.4348 0.0911
vn 0.8960 -0.4308 0.1072
vn 0.8960 -0.4333 0.0971
vn 0.9581 -0.2227 0.1802
vn 0.9569 -0.2205 0.1891
vn 0.9566 -0.2200 0.1912
vn 0.9368 0.2481 0.2468
vn 0.7672 0.6225 0.1545
vn 0.7831 0.5834 0.2155
vn 0.9553 -0.2179 0.1996
vn 0.9498 0.1174 0.2899
vn 0.8411 -0.4582 0.2873
vn 0.9042 0.2606 0.3383
vn 0.7417 0.6423 0.1933
vn 0.7451 0.6194 0.2473
vn 0.9505 0.1397 0.2775
vn 0.9460 0.1898 0.2629
vn 0.7705 -0.5388 0.3406
vn 0.4763 0.8599 0.1838
vn 0.7599 0.5381 0.3647
vn 0.7340 0.6181 0.2815
vn 0.7876 -0.5639 0.2484
vn 0.7583 -0.5811 0.2955
vn 0.7954 -0.4655 0.3882
vn 0.7928 -0.5156 0.3250
vn 0.8548 -0.3583 0.3754
vn 0.8243 0.3428 0.4506
vn 0.8399 -0.3557 0.4099
vn 0.8071 -0.3975 0.4365
vn 0.7687 -0.4363 0.4678
vn 0.3276 0.9324 0.1526
vn 0.4505 0.8482 0.2788
vn 0.6916 0.5891 0.4179
vn 0.7921 0.4215 0.4414
vn 0.7313 -0.4773 0.4872
vn 0.7368 -0.5348 0.4137
vn 0.7358 -0.5176 0.4367
vn 0.5733 -0.7461 0.3386
vn 0.7790 -0.3065 0.5471
vn 0.7716 -0.3197 0.5500
vn 0.7906 -0.1122 0.6020
vn 0.5701 -0.7325 0.3721
vn 0.7211 -0.5040 0.4754
vn 0.7281 -0.4573 0.5106
vn 0.8500 -0.2305 0.4737
vn 0.8093 -0.1730 0.5613
vn 0.3041 -0.9317 0.1986
vn 0.7758 -0.1222 0.6190
vn 0.0235 -0.9994 0.0272
vn 0.7897 0.1356 0.5983
vn 0.6549 0.5075 0.5599
vn 0.2107 0.9605 0.1820
vn 0.4384 0.8215 0.3647
vn 0.6422 0.0781 0.7626
vn 0.5728 -0.4925 0.6553
vn 0.3358 0.8723 0.3554
vn 0.6331 0.2842 0.7200
vn 0.3986 0.8019 0.4450
vn 0.6162 0.2959 0.7299
vn 0.5957 0.3006 0.7448
vn 0.6656 0.0049 0.7463
vn 0.5819 0.0337 0.8125
vn 0.6128 0.1093 0.7826
vn 0.3827 -0.7245 0.5732
vn 0.5587 0.3240 0.7635
vn 0.2704 0.8426 0.4657
vn 0.5751 -0.0984 0.8122
vn 0.5415 -0.3755 0.7522
vn 0.4897 -0.5022 0.7127
vn 0.5321 0.0813 0.8428
vn 0.4799 0.4031 0.7793
vn 0.2990 0.7644 0.5713
vn 0.1355 -0.9685 0.2089
vn 0.3738 0.6248 0.6854
vn 0.4675 0.3901 0.7932
vn 0.4094 0.3389 0.8471
vn 0.3412 0.5441 0.7665
vn 0.4632 -0.4381 0.7704
vn 0.4297 -0.0270 0.9026
vn 0.4697 0.2634 0.8426
vn 0.5161 -0.1508 0.8431
vn 0.2532 0.7070 0.6604
vn 0.3714 0.3911 0.8421
vn 0.2971 0.5561 0.7762
vn 0.4201 -0.0242 0.9072
vn 0.3524 -0.3904 0.8505
vn 0.2015 0.9109 0.3601
vn 0.1489 -0.8312 0.5357
vn 0.2873 -0.5131 0.8089
vn 0.3829 -0.6342 0.6716
vn 0.2244 -0.8756 0.4276
vn 0.3617 0.4064 0.8391
vn 0.2925 0.1555 0.9435
vn 0.3517 -0.0185 0.9359
vn 0.3126 0.5039 0.8052
vn 0.2700 -0.5162 0.8128
vn 0.2335 -0.5311 0.8145
vn 0.2744 -0.5298 0.8025
vn 0.1294 0.7913 0.5975
vn 0.3113 -0.1294 0.9414
vn 0.2006 -0.5904 0.7818
vn 0.2115 -0.4880 0.8468
vn 0.0864 -0.8489 0.5214
vn 0.2267 -0.4181 0.8797
vn 0.1685 -0.4117 0.8956
vn 0.2155 -0.3356 0.9170
vn 0.1108 -0.5120 0.8518
vn 0.0379 -0.9739 0.2237
vn 0.1064 0.8598 0.4994
vn 0.0793 0.6715 0.7368
vn 0.1804 -0.6027 0.7773
vn 0.1800 -0.6090 0.7725
vn 0.1313 -0.5896 0.7969
vn 0.0801 -0.4811 0.8730
vn 0.1719 0.3381 0.9253
vn 0.0837 0.3234 0.9426
vn 0.0503 0.7249 0.6870
vn 0.0895 0.0281 0.9956
vn 0.0954 0.0098 0.9954
vn -0.0210 0.3435 0.9389
vn 0.0168 0.3703 0.9288
vn -0.0726 0.3056 0.9494
vn -0.0402 0.4826 0.8749
vn -0.0648 0.1133 0.9914
vn -0.0476 0.1550 0.9868
vn -0.1268 0.1754 0.9763
vn -0.0499 0.6598 0.7498
vn -0.0233 0.5642 0.8253
vn -0.0526 0.6691 0.7413
vn -0.1927 0.0477 0.9801
vn -0.0572 -0.0039 0.9984
vn -0.0914 -0.0685 0.9935
vn -0.0524 0.0113 0.9986
vn -0.1002 -0.3754 0.9214
vn -0.0864 -0.3601 0.9289
vn -0.1414 -0.3868 0.9113
vn -0.1303 -0.2633 0.9559
vn -0.0743 -0.3269 0.9421
vn -0.0917 -0.3034 0.9484
vn -0.0037 -0.5014 0.8652
vn 0.0078 -0.4953 0.8687
vn -0.1060 -0.5440 0.8324
vn -0.1279 -0.1932 0.9728
vn -0.0729 -0.2212 0.9725
vn -0.0954 -0.8651 0.4925
vn -0.0988 0.8656 0.4909
vn -0.1838 0.4318 0.8830
vn -0.1936 0.0631 0.9791
vn -0.2413 0.1643 0.9564
vn -0.2261 -0.1512 0.9623
vn -0.2096 -0.3231 0.9229
vn -0.2123 0.1419 0.9669
vn -0.1034 -0.5783 0.8093
vn -0.1961 -0.2277 0.9538
vn -0.2080 0.2851 0.9357
vn -0.1847 -0.3681 0.9112
vn -0.2539 -0.3283 0.9098
vn -0.1509 -0.6331 0.7592
vn -0.1549 0.7582 0.6334
vn -0.1250 0.6735 0.7285
vn -0.1308 0.6903 0.7116
vn -0.3140 0.0978 0.9444
vn -0.3233 0.3598 0.8753
vn -0.1096 0.9310 0.3481
vn -0.3759 -0.5029 0.7783
vn -0.2885 -0.5473 0.7856
vn -0.1593 0.7702 0.6176
vn -0.3594 0.3131 0.8791
vn -0.4077 0.1614 0.8987
vn -0.0897 0.9862 0.1392
vn -0.0257 -0.9989 0.0403
vn -0.2660 0.7902 0.5521
vn -0.3025 0.6706 0.6774
vn -0.3944 0.5673 0.7229
vn -0.5332 -0.2090 0.8198
vn -0.1341 -0.9610 0.2418
vn -0.3042 0.8094 0.5023
vn -0.4957 0.4892 0.7176
vn -0.4799 0.4186 0.7710
vn -0.4798 0.4304 0.7646
vn -0.3015 -0.7458 0.5941
vn -0.4650 -0.5394 0.7020
vn -0.5806 0.3348 0.7421
vn -0.4886 -0.1433 0.8607
vn -0.4782 -0.5817 0.6580
vn -0.3252 0.8680 0.3752
vn -0.5580 -0.4856 0.6730
vn -0.4660 -0.6880 0.5564
vn -0.6437 0.0565 0.7632
vn -0.6732 -0.0213 0.7392
vn -0.7564 0.2117 0.6189
vn -0.6277 -0.4827 0.6108
vn -0.6216 -0.5367 0.5706
vn -0.6261 -0.4924 0.6046
vn -0.6196 -0.5209 0.5872
vn -0.6929 -0.3421 0.6347
vn -0.6898 -0.2703 0.6716
vn -0.7653 -0.1069 0.6348
vn -0.7006 -0.4645 0.5417
vn -0.5343 -0.7335 0.4202
vn -0.1188 -0.9876 0.1029
vn -0.5906 0.6780 0.4377
vn -0.7832 0.2351 0.5756
vn -0.4265 -0.8740 0.2329
vn -0.3297 -0.9148 0.2334
vn -0.3386 -0.9108 0.2360
vn -0.8059 0.2091 0.5539
vn -0.8325 0.2287 0.5046
vn -0.4278 0.8652 0.2616
vn -0.6047 0.7059 0.3687
vn -0.6335 0.6925 0.3452
vn -0.8268 0.2655 0.4959
vn -0.7404 0.5110 0.4366
vn -0.8662 -0.1842 0.4646
vn -0.4431 -0.8669 0.2284
vn -0.8710 0.2054 0.4463
vn -0.7906 0.4631 0.4005
vn -0.5058 -0.8300 0.2350
vn -0.8949 -0.1631 0.4153
vn -0.8939 -0.1402 0.4257
vn -0.8970 -0.2583 0.3588
vn -0.6223 -0.7372 0.2631
vn -0.6079 -0.7180 0.3391
vn -0.8755 -0.2377 0.4207
vn -0.4769 0.8529 0.2122
vn -0.6951 0.6461 0.3153
vn -0.8864 0.1760 0.4281
vn -0.9394 -0.1577 0.3045
vn -0.5891 -0.7792 0.2141
vn -0.8469 0.4392 0.2997
vn -0.7097 0.6380 0.2989
vn -0.7342 0.6263 0.2621
vn -0.8788 -0.2466 0.4084
vn -0.8910 -0.2027 0.4062
vn -0.9482 -0.1643 0.2718
vn -0.6624 -0.7322 0.1582
vn -0.8450 -0.4691 0.2569
vn -0.9574 0.0334 0.2867
vn -0.9486 0.0483 0.3128
vn -0.9074 0.0153 0.4201
vn -0.8275 0.5135 0.2268
vn -0.8680 0.3711 0.3299
vn -0.8277 0.4906 0.2723
vn -0.9502 0.1334 0.2815
vn -0.9465 0.1484 0.2864
vn -0.8825 0.4072 0.2355
vn -0.5507 -0.8156 0.1775
vn -0.5456 -0.8278 0.1309
vn -0.8469 -0.4658 0.2565
vn -0.6075 -0.7879 0.1007
vn -0.8330 -0.4911 0.2548
vn -0.5249 -0.8272 0.2003
vn -0.9727 0.0646 0.2228
vn -0.9828 0.0656 0.1726
vn -0.1116 -0.9934 0.0264
vn -0.8291 0.5309 0.1751
vn -0.5866 0.7821 0.2102
vn -0.5626 0.8106 0.1623
vn -0.6829 0.7100 0.1716
vn -0.6878 0.7214 0.0814
vn -0.9644 -0.1644 0.2073
vn -0.8428 -0.4696 0.2628
vn -0.9521 -0.1813 0.2461
vn -0.3502 0.9355 0.0467
vn -0.8838 -0.4355 0.1711
vn -0.9537 -0.2073 0.2178
vn -0.9305 -0.2604 0.2575
vn -0.9596 -0.2055 0.1923
vn -0.6864 0.7265 0.0327
vn -0.6933 0.7155 0.0856
vn -0.6843 0.7269 0.0574
vn -0.9949 0.0460 0.0900
vn -0.9356 0.3398 0.0956
vn -0.9146 0.4020 0.0431
vn -0.7708 0.6314 0.0852
vn -0.8116 -0.5812 0.0594
vn -0.9691 -0.2267 0.0969
vn -0.9669 -0.2232 0.1241
vn -0.9696 -0.2276 0.0898
vn -0.8308 0.5563 0.0173
vn -0.6810 0.7322 0.0026
vn -0.8004 -0.5986 0.0332
vn -0.9867 0.1451 0.0735
vn -0.9836 0.1617 0.0799
vn -0.9953 0.0964 -0.0059
vn -0.3549 0.9346 0.0251
vn -0.6133 -0.7869 0.0691
vn -0.9943 0.0294 0.1021
vn -0.1462 -0.9892 -0.0082
vn -0.8983 0.4391 0.0139
vn -0.5973 0.8019 -0.0141
vn -0.9979 0.0653 -0.0052
vn -0.9719 -0.2356 0.0007
vn -0.9674 -0.2510 0.0326
vn -0.9980 0.0635 0.0012
vn -0.9445 0.3281 -0.0141
vn -0.8590 0.5117 -0.0171
vn -0.9543 0.2847 -0.0906
vn -0.9957 0.0773 -0.0515
vn -0.6995 0.7095 -0.0848
vn -0.7451 0.6659 -0.0366
vn -0.8968 -0.4382 -0.0607
vn -0.9704 0.2276 -0.0807
vn -0.9913 -0.1069 -0.0765
vn -0.1196 0.9927 -0.0130
vn -0.0589 -0.9981 -0.0170
vn -0.7572 0.6369 -0.1449
vn -0.7171 0.6912 -0.0892
vn -0.7007 0.7047 -0.1114
vn -0.9629 -0.2152 -0.1626
vn -0.7687 0.6208 -0.1540
vn -0.8622 0.4853 -0.1453
vn -0.9725 -0.1949 -0.1275
vn -0.5932 0.7890 -0.1597
vn -0.9755 -0.0197 -0.2189
vn -0.9794 0.0064 -0.2019
vn -0.9755 -0.0026 -0.2198
vn -0.9477 -0.1389 -0.2874
vn -0.6415 -0.7391 -0.2056
vn -0.9600 0.1005 -0.2615
vn -0.8089 0.5475 -0.2140
vn -0.9745 -0.0151 -0.2240
vn -0.8820 -0.4189 -0.2158
vn -0.8911 -0.4112 -0.1921
vn -0.8787 -0.4137 -0.2382
vn -0.8462 -0.5021 -0.1787
vn -0.9264 -0.2251 -0.3020
vn -0.6121 -0.7743 -0.1609
vn -0.9459 0.0912 -0.3113
vn -0.3779 -0.9189 -0.1130
vn -0.4802 0.8576 -0.1840
vn -0.6210 0.7552 -0.2100
vn -0.9067 0.3132 -0.2825
vn -0.9319 0.1988 -0.3033
vn -0.9005 -0.2191 -0.3757
vn -0.9069 -0.2197 -0.3596
vn -0.5191 -0.8283 -0.2110
vn -0.8970 -0.3290 -0.2953
vn -0.9001 -0.3156 -0.3004
vn -0.6294 -0.7486 -0.2084
vn -0.9057 0.1403 -0.4001
vn -0.4747 -0.8414 -0.2583
vn -0.4520 0.8542 -0.2569
vn -0.7969 -0.4934 -0.3486
vn -0.7849 -0.5139 -0.3460
vn -0.7847 -0.4961 -0.3717
vn -0.8084 -0.4721 -0.3516
vn -0.1548 0.9838 -0.0907
vn -0.3289 0.9317 -0.1539
vn -0.3965 0.8965 -0.1978
vn -0.3364 0.9283 -0.1587
vn -0.7708 0.5256 -0.3601
vn -0.7202 0.5128 -0.4674
vn -0.7211 0.5648 -0.4012
vn -0.6996 0.6104 -0.3714
vn -0.8921 -0.0576 -0.4481
vn -0.4250 0.8789 -0.2164
vn -0.7051 -0.6193 -0.3454
vn -0.7290 0.4887 -0.4793
vn -0.8133 -0.2468 -0.5269
vn -0.8199 0.2025 -0.5356
vn -0.7118 -0.5197 -0.4724
vn -0.5680 -0.7495 -0.3401
vn -0.8025 0.0692 -0.5926
vn -0.7822 -0.1822 -0.5958
vn -0.4876 0.8166 -0.3089
vn -0.6779 0.3780 -0.6305
vn -0.7382 0.3112 -0.5986
vn -0.7204 0.3320 -0.6090
vn -0.7350 0.4044 -0.5442
vn -0.6585 -0.5031 -0.5597
vn -0.4558 -0.8392 -0.2967
vn -0.6278 -0.5651 -0.5353
vn -0.7518 -0.2214 -0.6211
vn -0.6566 0.3994 -0.6398
vn -0.6934 -0.2125 -0.6885
vn -0.5391 0.6311 -0.5577
vn -0.4758 0.6818 -0.5556
vn -0.3314 -0.8516 -0.4062
vn -0.6082 -0.3568 -0.7091
vn -0.6213 -0.3410 -0.7055
vn -0.5701 0.4504 -0.6871
vn -0.4565 0.6969 -0.5532
vn -0.5617 0.1771 -0.8082
vn -0.6159 0.2519 -0.7465
vn -0.5464 -0.5266 -0.6512
vn -0.5650 -0.1519 -0.8110
vn -0.5279 -0.1376 -0.8381
vn -0.5407 0.1840 -0.8208
vn -0.3921 -0.7344 -0.5540
vn -0.5318 -0.2716 -0.8021
vn -0.3061 0.7366 -0.6031
vn -0.3226 0.7338 -0.5979
vn -0.3099 -0.7337 -0.6047
vn -0.3619 0.6860 -0.6312
vn -0.4824 0.2342 -0.8440
vn -0.5123 0.0158 -0.8587
vn -0.1929 0.8599 -0.4725
vn -0.3614 0.6888 -0.6285
vn -0.3935 0.3193 -0.8621
vn -0.4299 0.2745 -0.8601
vn -0.4491 0.2446 -0.8594
vn -0.0694 0.9906 -0.1178
vn -0.0673 0.9914 -0.1120
vn -0.3211 -0.5366 -0.7804
vn -0.4581 -0.1135 -0.8816
vn -0.4203 0.0211 -0.9072
vn -0.2505 -0.8388 -0.4835
vn -0.3939 0.3233 -0.8604
vn -0.3331 -0.3306 -0.8830
vn -0.2475 -0.7474 -0.6166
vn -0.3823 -0.5698 -0.7275
vn -0.3893 -0.5706 -0.7231
vn -0.3500 -0.5657 -0.7466
vn -0.3600 -0.3820 -0.8512
vn -0.3032 -0.6282 -0.7165
vn -0.3251 -0.0735 -0.9428
vn -0.3201 -0.1792 -0.9303
vn -0.3728 0.0889 -0.9236
vn -0.2094 0.5610 -0.8009
vn -0.1259 -0.8351 -0.5355
vn -0.2590 -0.5304 -0.8072
vn -0.1660 -0.5622 -0.8101
vn -0.2310 -0.4726 -0.8505
vn -0.2331 0.3310 -0.9144
vn -0.2001 0.3965 -0.8960
vn -0.2400 0.3166 -0.9177
vn -0.2655 0.1172 -0.9570
vn -0.1768 -0.2872 -0.9414
vn -0.0962 -0.5076 -0.8562
vn -0.1005 -0.7199 -0.6867
vn -0.1113 -0.7512 -0.6506
vn -0.0430 -0.8370 -0.5455
vn -0.0791 0.8616 -0.5014
vn -0.0834 0.8422 -0.5327
vn -0.1345 0.5273 -0.8389
vn -0.1930 0.4099 -0.8915
vn -0.0374 -0.5012 -0.8645
vn -0.1258 -0.4956 -0.8594
vn -0.1190 -0.4787 -0.8699
vn -0.0479 -0.7512 -0.6584
vn -0.1683 -0.0060 -0.9857
vn -0.0624 0.7429 -0.6665
vn -0.0927 -0.0500 -0.9944
vn -0.1239 -0.0358 -0.9917
vn -0.0904 -0.0511 -0.9946
vn -0.0516 0.3011 -0.9522
vn -0.0092 0.2426 -0.9701
vn -0.0205 -0.6820 -0.7311
vn 0.0355 0.6197 -0.7840
vn -0.0619 0.3098 -0.9488
vn 0.0123 -0.4622 -0.8867
vn 0.0164 -0.3679 -0.9297
vn -0.0316 0.0912 -0.9953
vn -0.0565 -0.6316 -0.7732
vn 0.0368 -0.6605 -0.7499
vn 0.0144 -0.0865 -0.9961
vn -0.0599 -0.2224 -0.9731
vn 0.0578 -0.2037 -0.9773
vn 0.0133 -0.4991 -0.8664
vn 0.0663 -0.5016 -0.8625
vn 0.0239 -0.8144 -0.5798
vn 0.1086 0.0470 -0.9930
vn 0.1040 -0.4059 -0.9080
vn 0.1521 -0.4689 -0.8700
vn 0.1651 0.2205 -0.9613
vn 0.0256 0.7829 -0.6217
vn 0.1864 -0.1136 -0.9759
vn 0.0926 0.8821 -0.4618
vn 0.2926 -0.1403 -0.9459
vn 0.2231 -0.2876 -0.9314
vn 0.1681 -0.3196 -0.9325
vn 0.1350 -0.3381 -0.9314
vn 0.1352 -0.8288 -0.5429
vn 0.2207 -0.5812 -0.7832
vn 0.2354 -0.6692 -0.7048
vn 0.2665 0.0448 -0.9628
vn 0.1033 0.8609 -0.4982
vn 0.1641 0.7026 -0.6924
vn 0.2935 0.5755 -0.7633
vn 0.1401 0.9083 -0.3941
vn 0.1859 -0.5092 -0.8403
vn 0.1468 -0.6830 -0.7155
vn 0.0225 -0.9989 -0.0400
vn 0.3229 0.3775 -0.8679
vn 0.3668 0.2693 -0.8905
vn 0.3284 0.3647 -0.8713
vn 0.3325 0.0202 -0.9429
vn 0.2941 -0.5504 -0.7814
vn 0.3601 -0.2417 -0.9011
vn 0.3182 -0.0054 -0.9480
vn 0.3668 0.0050 -0.9303
vn 0.3351 -0.1629 -0.9280
vn 0.0921 0.9729 -0.2119
vn 0.3288 0.6774 -0.6580
vn 0.3505 0.6961 -0.6266
vn 0.4766 0.3544 -0.8045
vn 0.4210 0.4018 -0.8132
vn 0.3947 0.4240 -0.8151
vn 0.3726 0.2537 -0.8926
vn 0.3983 0.2408 -0.8851
vn 0.4823 -0.1687 -0.8596
vn 0.4216 -0.5763 -0.7001
vn 0.4744 -0.4184 -0.7745
vn 0.4368 -0.2168 -0.8731
vn 0.2742 0.8611 -0.4281
vn 0.4483 0.6269 -0.6372
vn 0.4307 0.6125 -0.6628
vn 0.5013 -0.4401 -0.7450
vn 0.5144 0.2912 -0.8066
vn 0.2872 -0.7413 -0.6066
vn 0.3748 -0.7213 -0.5825
vn 0.0684 -0.9927 -0.0996
vn 0.4812 0.5567 -0.6771
vn 0.5282 0.5970 -0.6038
vn 0.4293 -0.5941 -0.6803
vn 0.2792 -0.8360 -0.4725
vn 0.5300 -0.3536 -0.7708
vn 0.8227 -0.5639 0.0718
vn 0.3429 0.8586 -0.3811
vn 0.4853 0.6320 -0.6042
vn 0.5187 -0.5769 -0.6310
vn 0.5339 -0.5716 -0.6230
vn 0.4843 -0.5858 -0.6498
vn 0.5183 0.6157 -0.5935
vn 0.5591 -0.5709 -0.6013
vn 0.5567 -0.5750 -0.5996
vn 0.4652 -0.7572 -0.4585
vn 0.0171 -0.9999 0.0001
vn 0.7130 0.0437 -0.6998
vn 0.6959 -0.1602 -0.7001
vn 0.3506 -0.8595 -0.3720
vn 0.6549 -0.5393 -0.5294
vn 0.7715 0.1153 -0.6257
vn 0.7333 -0.1624 -0.6602
vn 0.0854 0.9958 -0.0332
vn 0.4859 0.7850 -0.3842
vn 0.4113 0.8487 -0.3323
vn 0.5882 0.6795 -0.4386
vn 0.4745 -0.8309 -0.2906
vn 0.7439 -0.2776 -0.6079
vn 0.7401 0.5188 -0.4279
vn 0.8455 -0.1758 -0.5043
vn 0.8812 0.0311 -0.4717
vn 0.8931 0.0186 -0.4495
vn 0.8703 -0.2582 -0.4194
vn 0.9064 0.0235 -0.4218
vn 0.9052 0.0180 -0.4246
vn 0.9135 0.0311 -0.4057
vn 0.4963 0.8371 -0.2303
vn 0.7393 0.6290 -0.2404
vn 0.7449 0.6016 -0.2885
vn 0.8236 -0.4227 -0.3782
vn 0.7695 -0.5275 -0.3599
vn 0.8732 -0.2787 -0.3998
vn 0.8763 -0.2762 -0.3947
vn 0.8931 -0.2489 -0.3747
vn 0.9099 -0.3206 -0.2634
vn 0.9183 -0.2738 -0.2858
vn 0.9194 -0.2619 -0.2935
vn 0.9213 0.3146 -0.2286
vn 0.8987 0.3199 -0.3002
vn 0.6964 0.6785 -0.2336
vn 0.9699 0.1060 -0.2193
vn 0.9555 -0.1832 -0.2310
vn 0.9389 -0.1913 -0.2860
vn 0.9531 -0.1846 -0.2397
vn 0.9592 0.0612 -0.2759
vn 0.8092 -0.5541 -0.1955
vn 0.9566 0.2355 -0.1717
vn 0.9696 0.0765 -0.2323
vn 0.6218 0.7791 -0.0794
vn 0.6648 -0.7453 -0.0518
vn 0.5015 0.8623 -0.0699
vn 0.9844 0.0914 -0.1503
vn 0.9847 0.0890 -0.1499
vn 0.8894 -0.4487 -0.0876
vn 0.1203 0.9927 -0.0072
vn 0.7369 0.6654 -0.1191
vn 0.7190 0.6818 -0.1347
vn 0.7996 0.5970 -0.0656
vn 0.8277 0.5297 -0.1851
vn 0.8399 0.5288 -0.1224
vn 0.8210 0.5397 -0.1863
vn 0.1640 0.9861 -0.0266
vn 0.2441 0.9697 -0.0114
vn 0.3816 0.9236 -0.0382
vn 0.6680 0.7435 -0.0326
vn 0.8889 -0.4577 -0.0210
vn 0.7875 0.6130 -0.0638
vn 0.7905 0.6093 -0.0626
vn 0.9792 0.2026 -0.0149
vn 0.9774 -0.1797 -0.1113
vn 0.9712 -0.1966 -0.1347
vn 0.9712 -0.2212 -0.0884
vn 0.9688 -0.2301 -0.0916
vn 0.9712 -0.2213 -0.0884
vn 0.8045 0.5938 0.0137
vn 0.7409 0.6713 0.0204
vn 0.8957 -0.4371 0.0815
vn 0.8718 -0.4818 0.0883
vn 0.8436 -0.5358 0.0369
vn 0.9282 -0.2913 0.2314
vn 0.8118 -0.5425 0.2158
vn 0.7968 0.4651 0.3858
vn 0.6187 0.7357 0.2755
vn 0.8014 0.4570 0.3859
vn 0.0866 -0.9935 0.0740
vn 0.6287 -0.2539 0.7350
vn 0.5941 -0.3288 0.7341
vn 0.4753 -0.5404 0.6943
vn 0.5530 -0.1164 0.8250
vn 0.5093 -0.2341 0.8281
vn 0.2271 -0.8800 0.4171
vn 0.3789 -0.2895 0.8790
vn 0.3705 -0.1902 0.9091
vn 0.2783 -0.4895 0.8264
vn 0.0959 -0.5135 0.8527
vn -0.0193 0.5491 0.8356
vn 0.0185 0.3151 0.9489
vn -0.1119 0.2758 0.9547
vn -0.2398 0.0648 0.9687
vn -0.4637 0.3461 0.8156
vn -0.4380 -0.7346 0.5182
vn -0.6686 -0.1708 0.7237
vn -0.7142 -0.1160 0.6902
vn -0.6453 -0.1967 0.7382
vn -0.6865 0.4791 0.5470
vn -0.7350 -0.0888 0.6722
vn -0.7125 0.3250 0.6218
vn -0.8126 -0.0584 0.5799
vn -0.7453 -0.4495 0.4925
vn -0.8835 -0.1771 0.4338
vn -0.7802 -0.4367 0.4479
vn -0.8795 0.2468 0.4070
vn -0.8999 -0.1655 0.4034
vn -0.9165 -0.2441 0.3169
vn -0.9237 -0.2769 0.2648
vn -0.7844 -0.6062 0.1313
vn -0.9709 -0.2309 0.0629
vn -0.7621 -0.6474 0.0060
vn -0.4462 0.8916 -0.0765
vn -0.5704 0.7639 -0.3018
vn -0.2720 -0.9509 -0.1477
vn -0.7302 0.4869 -0.4793
vn -0.7506 0.0577 -0.6583
vn -0.5281 0.1815 -0.8295
vn -0.5150 -0.2932 -0.8055
vn -0.4414 0.0871 -0.8931
vn -0.2626 -0.5429 -0.7977
vn -0.2962 0.4884 -0.8208
vn -0.1305 0.6978 -0.7043
vn 0.0163 -0.6027 -0.7978
vn 0.1099 0.0512 -0.9926
vn 0.1120 -0.5018 -0.8577
vn 0.0435 0.9287 -0.3684
vn 0.0864 -0.7362 -0.6712
vn 0.1945 -0.5345 -0.8225
vn 0.1691 -0.5084 -0.8443
vn 0.2427 0.2278 -0.9430
vn 0.3127 -0.2487 -0.9167
vn 0.3520 -0.2586 -0.8996
vn 0.2866 -0.2419 -0.9270
vn 0.6336 -0.3988 -0.6630
vn 0.7031 -0.3664 -0.6094
vn 0.6884 -0.4091 -0.5989
vn 0.6447 0.4718 -0.6015
vn 0.8246 -0.0598 -0.5626
vn 0.1344 0.9884 -0.0701
vn 0.7907 -0.4916 -0.3649
vn 0.9622 -0.2013 -0.1834
vn 0.9929 -0.0751 -0.0922
vn 0.9892 -0.0759 -0.1253
vn 0.9715 -0.1548 -0.1793
vn 0.8587 -0.5075 -0.0710
vn 0.9932 -0.0869 -0.0780
vn 0.6633 0.7460 -0.0597
vn 0.8437 0.5365 -0.0156
vn 0.8437 0.5366 -0.0155
vn 0.8891 -0.4564 -0.0360
vn 0.6513 -0.7588 0.0106
vn -0.0617 -0.4824 0.8738
vn -0.4592 -0.6995 0.5477
vn -0.8715 0.3624 0.3305
vn -0.9605 -0.2152 0.1762
vn -0.8920 -0.2279 -0.3904
vn -0.1138 -0.9878 -0.1064
vn -0.2372 0.9395 -0.2470
vn -0.4203 -0.5736 -0.7031
vn -0.0165 -0.5585 -0.8293
vn 0.0560 0.3973 -0.9160
vn 0.3550 -0.4105 -0.8399
vn 0.2110 0.9483 -0.2370
vn 0.3028 0.9335 -0.1922
vt 0.000000 0.000000
s 1
usemtl Black_marble
f 728/1/1 26/1/2 5/1/3
f 18/1/4 727/1/5 9/1/6
f 723/1/7 728/1/8 5/1/9
f 6/1/10 732/1/10 723/1/10
f 6/1/11 730/1/12 732/1/13
f 3/1/14 25/1/15 722/1/14
f 65/1/16 2/1/17 739/1/18
f 8/1/19 1491/1/20 7/1/21
f 727/1/5 18/1/4 1506/1/22
f 15/1/23 738/1/24 3/1/25
f 13/1/26 25/1/27 22/1/28
f 726/1/29 746/1/29 20/1/29
f 14/1/30 24/1/31 2/1/17
f 1491/1/20 31/1/32 28/1/33
f 1493/1/34 743/1/35 1494/1/36
f 743/1/35 1495/1/36 1494/1/36
f 12/1/37 1493/1/37 735/1/37
f 743/1/35 1493/1/34 65/1/38
f 1495/1/36 743/1/35 729/1/36
f 733/1/37 729/1/37 21/1/37
f 734/1/37 1495/1/37 733/1/37
f 735/1/37 1494/1/37 734/1/37
f 4/1/39 26/1/40 1496/1/41
f 732/1/42 30/1/43 728/1/44
f 750/1/45 736/1/46 738/1/24
f 18/1/4 731/1/47 1506/1/22
f 1497/1/48 34/1/49 25/1/50
f 746/1/51 41/1/52 20/1/53
f 739/1/54 24/1/31 56/1/55
f 1491/1/56 17/1/57 31/1/58
f 1499/1/36 743/1/35 1500/1/36
f 1500/1/36 743/1/35 1501/1/36
f 21/1/37 1499/1/37 742/1/37
f 743/1/35 1499/1/36 729/1/36
f 743/1/35 737/1/36 1501/1/36
f 740/1/37 737/1/37 29/1/37
f 741/1/37 1501/1/37 740/1/37
f 742/1/37 1500/1/37 741/1/37
f 15/1/59 1496/1/41 750/1/60
f 22/1/61 33/1/62 23/1/63
f 764/1/64 1510/1/65 1498/1/66
f 24/1/31 23/1/67 771/1/68
f 86/1/69 42/1/70 11/1/71
f 65/1/38 739/1/72 64/1/73
f 65/1/38 64/1/73 743/1/35
f 743/1/35 1504/1/36 1503/1/36
f 1504/1/36 743/1/35 1505/1/36
f 29/1/37 1503/1/37 749/1/37
f 737/1/36 743/1/35 1503/1/36
f 1505/1/36 743/1/35 744/1/36
f 747/1/37 744/1/37 32/1/37
f 748/1/37 1505/1/37 747/1/37
f 749/1/37 1504/1/37 748/1/37
f 750/1/45 46/1/74 736/1/46
f 36/1/75 30/1/43 732/1/42
f 16/1/76 756/1/77 1502/1/78
f 16/1/76 755/1/79 756/1/77
f 22/1/80 34/1/49 44/1/81
f 38/1/82 54/1/83 37/1/84
f 56/1/85 64/1/73 739/1/72
f 743/1/35 1508/1/36 1507/1/36
f 1508/1/36 743/1/35 1509/1/36
f 32/1/37 1507/1/37 759/1/37
f 743/1/35 1507/1/36 744/1/36
f 743/1/35 752/1/36 1509/1/36
f 757/1/37 752/1/37 43/1/37
f 758/1/37 1509/1/37 757/1/37
f 759/1/37 1508/1/37 758/1/37
f 1496/1/41 35/1/86 751/1/87
f 46/1/74 1514/1/88 736/1/46
f 45/1/89 762/1/90 44/1/91
f 42/1/70 61/1/92 746/1/93
f 54/1/83 764/1/94 37/1/84
f 54/1/83 53/1/95 764/1/94
f 1511/1/36 743/1/35 1512/1/36
f 743/1/35 1513/1/36 1512/1/36
f 43/1/37 1511/1/37 767/1/37
f 752/1/36 743/1/35 1511/1/36
f 1513/1/36 743/1/35 763/1/36
f 765/1/37 763/1/37 49/1/37
f 766/1/37 1513/1/37 765/1/37
f 767/1/37 1512/1/37 766/1/37
f 751/1/87 50/1/96 46/1/97
f 745/1/98 760/1/99 775/1/100
f 47/1/101 753/1/102 57/1/103
f 1514/1/88 761/1/104 768/1/105
f 768/1/105 761/1/104 45/1/89
f 1510/1/106 773/1/107 70/1/108
f 771/1/68 770/1/109 63/1/110
f 1515/1/36 743/1/35 1516/1/36
f 743/1/35 1517/1/36 1516/1/36
f 49/1/37 1515/1/37 778/1/37
f 743/1/35 1515/1/36 763/1/36
f 743/1/35 772/1/36 1517/1/36
f 776/1/37 772/1/37 55/1/37
f 777/1/37 1517/1/37 776/1/37
f 778/1/37 1516/1/37 777/1/37
f 50/1/96 751/1/87 66/1/111
f 760/1/99 59/1/112 775/1/100
f 60/1/113 59/1/112 760/1/99
f 50/1/96 790/1/114 1514/1/88
f 52/1/115 753/1/116 754/1/117
f 41/1/52 61/1/118 779/1/119
f 762/1/90 769/1/120 44/1/121
f 53/1/122 800/1/123 773/1/124
f 56/1/55 63/1/110 64/1/125
f 774/1/126 71/1/127 54/1/83
f 1518/1/36 743/1/35 1519/1/36
f 743/1/35 1520/1/36 1519/1/36
f 55/1/37 1518/1/37 785/1/37
f 772/1/36 743/1/35 1518/1/36
f 1520/1/36 743/1/35 781/1/36
f 783/1/37 781/1/37 62/1/37
f 784/1/37 1520/1/37 783/1/37
f 785/1/37 1519/1/37 784/1/37
f 67/1/128 798/1/129 751/1/87
f 79/1/130 1525/1/131 60/1/113
f 58/1/132 57/1/103 753/1/102
f 58/1/133 782/1/134 57/1/135
f 45/1/89 761/1/104 780/1/136
f 780/1/136 75/1/137 762/1/90
f 779/1/119 80/1/138 79/1/130
f 770/1/139 1526/1/140 74/1/141
f 1521/1/36 743/1/35 1522/1/36
f 743/1/35 1523/1/36 1522/1/36
f 62/1/37 1521/1/37 789/1/37
f 743/1/35 1521/1/36 781/1/36
f 743/1/35 786/1/36 1523/1/36
f 787/1/37 786/1/37 72/1/37
f 788/1/37 1523/1/37 787/1/37
f 789/1/37 1522/1/37 788/1/37
f 67/1/142 68/1/143 1524/1/144
f 66/1/111 76/1/145 790/1/114
f 68/1/146 782/1/134 83/1/147
f 76/1/145 89/1/148 790/1/114
f 790/1/114 89/1/148 1531/1/149
f 761/1/104 790/1/114 1531/1/149
f 1531/1/150 75/1/137 780/1/136
f 1526/1/151 75/1/137 73/1/152
f 77/1/153 78/1/154 91/1/155
f 1524/1/144 792/1/156 67/1/142
f 1528/1/36 743/1/35 1529/1/36
f 743/1/35 1530/1/36 1529/1/36
f 72/1/37 1528/1/37 797/1/37
f 743/1/35 1528/1/36 786/1/36
f 1530/1/36 743/1/35 793/1/36
f 795/1/37 793/1/37 81/1/37
f 796/1/37 1530/1/37 795/1/37
f 797/1/37 1529/1/37 796/1/37
f 59/1/112 92/1/157 78/1/158
f 59/1/112 1525/1/131 92/1/157
f 794/1/159 83/1/147 782/1/134
f 93/1/160 1525/1/131 79/1/130
f 75/1/137 1531/1/150 809/1/161
f 70/1/108 84/1/162 69/1/163
f 84/1/162 804/1/164 69/1/163
f 1532/1/36 743/1/35 1533/1/36
f 1533/1/36 743/1/35 1534/1/36
f 81/1/37 1532/1/37 807/1/37
f 743/1/35 1532/1/36 793/1/36
f 743/1/35 802/1/36 1534/1/36
f 805/1/37 802/1/37 87/1/37
f 806/1/37 1534/1/37 805/1/37
f 807/1/37 1533/1/37 806/1/37
f 792/1/165 811/1/166 90/1/167
f 814/1/168 92/1/157 1525/1/131
f 83/1/169 99/1/170 1524/1/171
f 1525/1/131 93/1/160 814/1/168
f 794/1/172 99/1/173 83/1/174
f 804/1/175 803/1/176 799/1/177
f 79/1/130 94/1/178 93/1/160
f 80/1/138 85/1/179 94/1/178
f 84/1/162 100/1/180 804/1/164
f 810/1/181 801/1/182 107/1/183
f 91/1/184 1535/1/185 800/1/123
f 92/1/157 814/1/168 104/1/186
f 1524/1/187 99/1/188 98/1/189
f 809/1/161 88/1/190 819/1/191
f 791/1/192 86/1/69 112/1/193
f 84/1/162 1535/1/194 100/1/180
f 91/1/184 101/1/195 1535/1/185
f 107/1/183 114/1/196 810/1/197
f 91/1/184 103/1/198 102/1/199
f 808/1/200 103/1/198 91/1/184
f 1536/1/36 743/1/35 1537/1/36
f 743/1/35 1538/1/36 1537/1/36
f 87/1/37 1536/1/37 817/1/37
f 743/1/35 1536/1/36 802/1/36
f 1538/1/36 743/1/35 813/1/36
f 815/1/37 813/1/37 95/1/37
f 816/1/37 1538/1/37 815/1/37
f 817/1/37 1537/1/37 816/1/37
f 811/1/166 97/1/201 90/1/167
f 93/1/160 110/1/202 814/1/168
f 804/1/175 115/1/203 803/1/176
f 803/1/204 115/1/205 828/1/206
f 819/1/207 1545/1/208 829/1/209
f 93/1/160 94/1/178 830/1/210
f 830/1/210 111/1/211 93/1/160
f 85/1/179 124/1/212 94/1/178
f 804/1/164 100/1/180 116/1/213
f 820/1/214 96/1/215 106/1/216
f 820/1/217 127/1/218 107/1/183
f 101/1/219 109/1/220 100/1/180
f 114/1/196 812/1/221 82/1/222
f 98/1/223 818/1/224 792/1/225
f 1539/1/36 743/1/35 1540/1/36
f 743/1/35 1541/1/36 1540/1/36
f 95/1/37 1539/1/37 825/1/37
f 743/1/35 1539/1/36 813/1/36
f 1541/1/36 743/1/35 821/1/36
f 823/1/37 821/1/37 105/1/37
f 824/1/37 1541/1/37 823/1/37
f 825/1/37 1540/1/37 824/1/37
f 830/1/210 841/1/226 111/1/211
f 819/1/191 1546/1/227 96/1/228
f 820/1/217 106/1/229 127/1/218
f 103/1/198 117/1/230 102/1/199
f 1542/1/36 743/1/35 1543/1/36
f 743/1/35 1544/1/36 1543/1/36
f 105/1/37 1542/1/37 833/1/37
f 743/1/35 1542/1/36 821/1/36
f 1544/1/36 743/1/35 827/1/36
f 831/1/37 827/1/37 113/1/37
f 832/1/37 1544/1/37 831/1/37
f 833/1/37 1543/1/37 832/1/37
f 818/1/231 120/1/232 811/1/166
f 811/1/166 826/1/233 97/1/201
f 121/1/234 108/1/235 98/1/189
f 132/1/236 131/1/237 116/1/213
f 844/1/238 137/1/239 114/1/196
f 743/1/35 1548/1/36 1547/1/36
f 743/1/35 1549/1/36 1548/1/36
f 113/1/37 1547/1/37 839/1/37
f 827/1/36 743/1/35 1547/1/36
f 1549/1/36 743/1/35 834/1/36
f 837/1/37 834/1/37 118/1/37
f 838/1/37 1549/1/37 837/1/37
f 839/1/37 1548/1/37 838/1/37
f 818/1/240 108/1/240 130/1/240
f 110/1/202 133/1/241 840/1/242
f 115/1/205 122/1/243 828/1/206
f 117/1/230 140/1/244 836/1/245
f 1551/1/36 743/1/35 1552/1/36
f 743/1/35 1553/1/36 1552/1/36
f 118/1/37 1551/1/37 847/1/37
f 743/1/35 1551/1/36 834/1/36
f 1553/1/36 743/1/35 842/1/36
f 845/1/37 842/1/37 125/1/37
f 846/1/37 1553/1/37 845/1/37
f 847/1/37 1552/1/37 846/1/37
f 826/1/233 120/1/232 129/1/246
f 843/1/247 1554/1/248 122/1/249
f 129/1/246 1561/1/250 128/1/251
f 115/1/203 131/1/252 843/1/253
f 128/1/254 138/1/255 1546/1/227
f 856/1/256 852/1/257 123/1/258
f 1555/1/36 743/1/35 1556/1/36
f 743/1/35 1557/1/36 1556/1/36
f 125/1/37 1555/1/37 855/1/37
f 842/1/36 743/1/35 1555/1/36
f 1557/1/36 743/1/35 850/1/36
f 853/1/37 850/1/37 135/1/37
f 854/1/37 1557/1/37 853/1/37
f 855/1/37 1556/1/37 854/1/37
f 145/1/259 1565/1/260 120/1/232
f 857/1/261 146/1/262 843/1/263
f 132/1/236 857/1/264 131/1/237
f 138/1/265 144/1/266 126/1/267
f 127/1/218 126/1/268 1550/1/269
f 140/1/244 869/1/270 861/1/271
f 743/1/35 849/1/272 163/1/273
f 1558/1/36 743/1/35 1559/1/36
f 743/1/35 1560/1/36 1559/1/36
f 135/1/37 1558/1/37 864/1/37
f 850/1/36 743/1/35 1558/1/36
f 743/1/35 859/1/36 1560/1/36
f 862/1/37 859/1/37 143/1/37
f 863/1/37 1560/1/37 862/1/37
f 864/1/37 1559/1/37 863/1/37
f 133/1/241 851/1/274 148/1/275
f 141/1/276 860/1/277 851/1/274
f 138/1/255 886/1/278 858/1/279
f 132/1/236 1566/1/280 857/1/264
f 874/1/281 1566/1/280 132/1/236
f 144/1/282 865/1/283 1550/1/269
f 861/1/271 875/1/284 139/1/285
f 136/1/286 865/1/283 1567/1/287
f 1562/1/36 743/1/35 1563/1/36
f 743/1/35 1564/1/36 1563/1/36
f 143/1/37 1562/1/37 872/1/37
f 859/1/36 743/1/35 1562/1/36
f 1564/1/36 743/1/35 866/1/36
f 870/1/37 866/1/37 149/1/37
f 871/1/37 1564/1/37 870/1/37
f 872/1/37 1563/1/37 871/1/37
f 148/1/275 1572/1/288 852/1/257
f 1565/1/260 881/1/289 848/1/290
f 858/1/291 152/1/292 144/1/266
f 875/1/293 868/1/294 874/1/281
f 868/1/294 1566/1/280 874/1/281
f 849/1/295 1567/1/287 159/1/296
f 743/1/35 163/1/273 305/1/297
f 1568/1/36 743/1/35 1569/1/36
f 743/1/35 1570/1/36 1569/1/36
f 149/1/37 1568/1/37 880/1/37
f 743/1/35 1568/1/36 866/1/36
f 743/1/35 876/1/36 1570/1/36
f 878/1/37 876/1/37 151/1/37
f 879/1/37 1570/1/37 878/1/37
f 880/1/37 1569/1/37 879/1/37
f 1571/1/298 165/1/299 1565/1/260
f 881/1/289 1565/1/260 165/1/299
f 150/1/300 1574/1/301 141/1/276
f 142/1/302 1575/1/303 150/1/304
f 186/1/305 1575/1/303 142/1/302
f 865/1/283 158/1/306 1567/1/287
f 861/1/271 155/1/307 154/1/308
f 877/1/309 155/1/307 869/1/270
f 1571/1/298 920/1/310 165/1/299
f 1571/1/311 900/1/312 896/1/313
f 1572/1/288 899/1/314 169/1/315
f 885/1/316 167/1/317 883/1/318
f 900/1/319 883/1/320 897/1/321
f 1574/1/301 899/1/314 860/1/277
f 160/1/322 164/1/323 1573/1/324
f 743/1/35 1577/1/36 1576/1/36
f 1577/1/36 743/1/35 1578/1/36
f 151/1/37 1576/1/37 893/1/37
f 876/1/36 743/1/35 1576/1/36
f 1578/1/36 743/1/35 888/1/36
f 891/1/37 888/1/37 156/1/37
f 892/1/37 1578/1/37 891/1/37
f 893/1/37 1577/1/37 892/1/37
f 900/1/319 897/1/321 166/1/325
f 887/1/326 894/1/327 160/1/328
f 167/1/329 897/1/330 883/1/331
f 160/1/328 894/1/327 905/1/332
f 1566/1/280 889/1/333 1599/1/334
f 154/1/308 168/1/335 909/1/336
f 164/1/337 922/1/338 890/1/339
f 155/1/307 161/1/340 168/1/341
f 159/1/296 158/1/306 172/1/342
f 159/1/343 163/1/273 849/1/272
f 169/1/315 899/1/314 170/1/344
f 1579/1/36 743/1/35 1580/1/36
f 743/1/35 1581/1/36 1580/1/36
f 156/1/37 1579/1/37 904/1/37
f 743/1/35 1579/1/36 888/1/36
f 743/1/35 895/1/36 1581/1/36
f 902/1/37 895/1/37 162/1/37
f 903/1/37 1581/1/37 902/1/37
f 904/1/37 1580/1/37 903/1/37
f 1586/1/345 172/1/342 158/1/306
f 743/1/35 1583/1/36 1582/1/36
f 743/1/35 1584/1/36 1583/1/36
f 162/1/37 1582/1/37 913/1/37
f 895/1/36 743/1/35 1582/1/36
f 1584/1/36 743/1/35 906/1/36
f 911/1/37 906/1/37 171/1/37
f 912/1/37 1584/1/37 911/1/37
f 913/1/37 1583/1/37 912/1/37
f 905/1/332 894/1/327 915/1/346
f 1574/1/301 1585/1/347 899/1/314
f 1574/1/301 908/1/348 1585/1/347
f 898/1/349 921/1/349 901/1/349
f 905/1/350 1590/1/351 164/1/323
f 1574/1/301 1594/1/352 908/1/348
f 909/1/353 185/1/354 179/1/355
f 172/1/342 1586/1/345 927/1/356
f 909/1/357 910/1/358 185/1/359
f 1587/1/36 743/1/35 1588/1/360
f 171/1/37 1587/1/37 919/1/37
f 743/1/35 1587/1/36 906/1/36
f 1589/1/360 305/1/297 916/1/361
f 917/1/37 916/1/37 175/1/37
f 918/1/37 1589/1/37 917/1/37
f 919/1/37 1588/1/37 918/1/37
f 920/1/310 176/1/362 914/1/363
f 166/1/364 176/1/365 896/1/313
f 177/1/366 925/1/366 166/1/366
f 167/1/367 921/1/368 178/1/369
f 1575/1/303 186/1/305 1594/1/370
f 927/1/356 182/1/371 172/1/342
f 180/1/372 1595/1/373 185/1/359
f 1591/1/361 305/1/297 1592/1/361
f 305/1/297 1593/1/361 1592/1/361
f 175/1/37 1591/1/37 930/1/37
f 305/1/297 1591/1/361 916/1/361
f 1593/1/361 305/1/297 924/1/361
f 928/1/374 924/1/375 181/1/36
f 929/1/37 1593/1/37 928/1/37
f 930/1/37 1592/1/37 929/1/37
f 931/1/376 944/1/377 174/1/378
f 1585/1/347 931/1/376 170/1/344
f 177/1/379 178/1/379 184/1/379
f 905/1/350 915/1/380 183/1/381
f 935/1/382 921/1/368 898/1/383
f 1590/1/351 183/1/381 188/1/384
f 163/1/273 182/1/385 202/1/386
f 191/1/387 1595/1/373 180/1/372
f 1596/1/361 305/1/297 1597/1/361
f 305/1/297 1598/1/361 1597/1/361
f 181/1/37 1596/1/37 940/1/37
f 305/1/297 1596/1/361 924/1/361
f 1598/1/361 305/1/297 934/1/361
f 938/1/37 934/1/37 187/1/37
f 939/1/37 1598/1/37 938/1/37
f 940/1/37 1597/1/37 939/1/37
f 914/1/363 190/1/388 194/1/389
f 923/1/390 189/1/391 932/1/392
f 186/1/305 943/1/393 1594/1/370
f 907/1/394 179/1/395 936/1/396
f 944/1/377 1606/1/397 191/1/398
f 1600/1/361 305/1/297 1601/1/361
f 305/1/297 1602/1/361 1601/1/361
f 187/1/37 1600/1/37 947/1/37
f 305/1/297 1600/1/361 934/1/361
f 1602/1/361 305/1/297 942/1/361
f 945/1/37 942/1/37 192/1/37
f 946/1/37 1602/1/37 945/1/37
f 947/1/37 1601/1/37 946/1/37
f 189/1/391 194/1/389 1604/1/399
f 926/1/400 198/1/401 931/1/376
f 178/1/369 935/1/382 948/1/402
f 937/1/403 943/1/404 199/1/405
f 935/1/406 197/1/407 196/1/408
f 933/1/409 201/1/410 182/1/371
f 228/1/411 204/1/412 194/1/413
f 944/1/377 207/1/414 1606/1/397
f 932/1/392 1604/1/399 209/1/415
f 199/1/405 198/1/401 926/1/400
f 197/1/407 936/1/396 211/1/416
f 936/1/417 1603/1/418 961/1/419
f 936/1/396 961/1/420 211/1/416
f 1595/1/373 1606/1/397 955/1/421
f 202/1/422 305/1/297 163/1/273
f 1607/1/361 305/1/297 1608/1/361
f 1608/1/361 305/1/297 1609/1/361
f 192/1/37 1607/1/37 958/1/37
f 305/1/297 1607/1/361 942/1/361
f 305/1/297 952/1/361 1609/1/361
f 956/1/37 952/1/37 200/1/37
f 957/1/37 1609/1/37 956/1/37
f 958/1/37 1608/1/37 957/1/37
f 198/1/401 224/1/423 207/1/414
f 209/1/415 959/1/424 950/1/425
f 213/1/426 212/1/427 199/1/405
f 215/1/428 216/1/429 201/1/410
f 1610/1/361 305/1/297 1611/1/361
f 1611/1/361 305/1/297 1612/1/360
f 200/1/37 1610/1/37 965/1/37
f 952/1/361 305/1/297 1610/1/361
f 305/1/297 960/1/360 1612/1/360
f 963/1/37 960/1/37 208/1/37
f 964/1/37 1612/1/37 963/1/37
f 965/1/37 1611/1/37 964/1/37
f 209/1/415 995/1/430 959/1/424
f 253/1/431 990/1/432 943/1/393
f 961/1/433 223/1/434 222/1/435
f 305/1/297 1614/1/360 1613/1/360
f 1614/1/360 305/1/297 1615/1/360
f 208/1/37 1613/1/37 972/1/37
f 305/1/297 1613/1/360 960/1/360
f 305/1/297 967/1/360 1615/1/360
f 970/1/37 967/1/37 214/1/37
f 971/1/37 1615/1/37 970/1/37
f 972/1/37 1614/1/37 971/1/37
f 204/1/436 219/1/437 218/1/438
f 205/1/439 195/1/440 973/1/441
f 209/1/415 218/1/438 995/1/430
f 198/1/401 225/1/442 968/1/443
f 225/1/442 212/1/427 233/1/444
f 975/1/445 220/1/446 962/1/447
f 220/1/448 975/1/449 232/1/450
f 211/1/416 222/1/451 221/1/452
f 1153/1/453 253/1/431 186/1/305
f 223/1/434 976/1/454 222/1/435
f 954/1/455 969/1/456 980/1/457
f 1616/1/360 305/1/297 1617/1/360
f 305/1/297 1618/1/360 1617/1/360
f 214/1/37 1616/1/37 983/1/37
f 967/1/360 305/1/297 1616/1/360
f 1618/1/360 305/1/297 974/1/458
f 981/1/37 974/1/37 226/1/37
f 982/1/37 1618/1/37 981/1/37
f 983/1/37 1617/1/37 982/1/37
f 219/1/437 230/1/459 218/1/438
f 220/1/460 989/1/461 210/1/462
f 975/1/463 221/1/452 232/1/464
f 978/1/465 1630/1/466 979/1/467
f 976/1/468 998/1/469 222/1/470
f 235/1/471 236/1/472 216/1/429
f 966/1/473 236/1/472 987/1/474
f 966/1/475 247/1/475 202/1/475
f 977/1/476 991/1/477 969/1/456
f 1619/1/458 305/1/297 1620/1/458
f 305/1/297 1621/1/458 1620/1/458
f 226/1/37 1619/1/37 994/1/37
f 974/1/458 305/1/297 1619/1/458
f 305/1/297 988/1/458 1621/1/458
f 992/1/37 988/1/37 229/1/37
f 993/1/37 1621/1/37 992/1/37
f 994/1/37 1620/1/37 993/1/37
f 230/1/459 1005/1/478 995/1/430
f 973/1/479 989/1/480 231/1/481
f 989/1/482 220/1/483 238/1/484
f 225/1/442 233/1/444 968/1/443
f 86/1/69 509/1/485 1153/1/453
f 1000/1/486 240/1/487 980/1/457
f 980/1/457 991/1/477 1000/1/486
f 1622/1/458 305/1/297 1623/1/458
f 305/1/297 1624/1/458 1623/1/458
f 229/1/37 1622/1/37 1003/1/37
f 988/1/458 305/1/297 1622/1/458
f 1624/1/458 305/1/297 997/1/458
f 1001/1/37 997/1/37 234/1/37
f 1002/1/37 1624/1/37 1001/1/37
f 1003/1/37 1623/1/37 1002/1/37
f 1625/1/488 984/1/489 219/1/437
f 989/1/490 237/1/491 1008/1/492
f 995/1/430 1005/1/478 1020/1/493
f 977/1/476 1004/1/494 999/1/495
f 238/1/484 237/1/496 989/1/482
f 995/1/430 1020/1/493 985/1/497
f 239/1/498 238/1/499 232/1/450
f 990/1/500 1021/1/501 233/1/444
f 221/1/452 250/1/502 232/1/464
f 978/1/465 1012/1/503 1630/1/504
f 976/1/468 1634/1/505 998/1/469
f 240/1/487 1000/1/486 1016/1/506
f 1626/1/458 305/1/297 1627/1/458
f 305/1/297 1628/1/458 1627/1/458
f 234/1/37 1626/1/37 1011/1/37
f 305/1/297 1626/1/458 997/1/458
f 305/1/297 1007/1/458 1628/1/458
f 1009/1/37 1007/1/37 242/1/37
f 1010/1/37 1628/1/37 1009/1/37
f 1011/1/37 1627/1/37 1010/1/37
f 238/1/507 239/1/508 248/1/509
f 996/1/510 1027/1/511 1012/1/503
f 990/1/500 245/1/512 1021/1/501
f 1630/1/504 1027/1/513 1006/1/514
f 998/1/469 1634/1/505 1629/1/515
f 1625/1/516 244/1/517 261/1/518
f 1631/1/458 305/1/297 1632/1/458
f 305/1/297 1633/1/458 1632/1/458
f 242/1/37 1631/1/37 1019/1/37
f 1007/1/458 305/1/297 1631/1/458
f 305/1/297 1014/1/458 1633/1/458
f 1017/1/37 1014/1/37 246/1/37
f 1018/1/37 1633/1/37 1017/1/37
f 1019/1/37 1632/1/37 1018/1/37
f 261/1/519 260/1/520 984/1/489
f 255/1/521 1036/1/522 1020/1/493
f 1643/1/523 252/1/524 999/1/495
f 985/1/497 1020/1/493 243/1/525
f 239/1/508 249/1/526 248/1/509
f 250/1/502 249/1/527 239/1/528
f 987/1/474 1638/1/529 1039/1/530
f 241/1/531 264/1/532 256/1/533
f 1635/1/458 305/1/297 1636/1/458
f 305/1/297 1637/1/458 1636/1/458
f 246/1/37 1635/1/37 1026/1/37
f 1014/1/458 305/1/297 1635/1/458
f 305/1/297 1022/1/458 1637/1/458
f 1024/1/37 1022/1/37 254/1/37
f 1025/1/37 1637/1/37 1024/1/37
f 1026/1/37 1636/1/37 1025/1/37
f 241/1/531 252/1/524 264/1/532
f 1036/1/522 267/1/534 243/1/525
f 248/1/535 1035/1/535 237/1/535
f 267/1/536 1644/1/537 243/1/538
f 1021/1/501 257/1/539 272/1/540
f 250/1/502 262/1/541 249/1/527
f 250/1/502 1629/1/542 262/1/541
f 1006/1/543 1027/1/544 1038/1/545
f 1039/1/530 247/1/546 987/1/474
f 1639/1/458 305/1/297 1640/1/458
f 305/1/297 1641/1/458 1640/1/458
f 254/1/37 1639/1/37 1033/1/37
f 1022/1/458 305/1/297 1639/1/458
f 1641/1/458 305/1/297 1029/1/458
f 1031/1/37 1029/1/37 258/1/37
f 1032/1/37 1641/1/37 1031/1/37
f 1033/1/37 1640/1/37 1032/1/37
f 1642/1/547 261/1/518 244/1/517
f 255/1/521 260/1/520 1028/1/548
f 1028/1/548 259/1/549 255/1/521
f 252/1/524 1034/1/550 271/1/551
f 255/1/521 259/1/549 1036/1/522
f 1643/1/523 1034/1/550 252/1/524
f 265/1/552 1034/1/550 1643/1/523
f 1035/1/553 248/1/554 1030/1/555
f 251/1/556 1040/1/557 269/1/558
f 247/1/546 1039/1/530 1656/1/559
f 256/1/560 263/1/561 1040/1/562
f 256/1/560 264/1/563 263/1/561
f 261/1/518 1642/1/547 1645/1/564
f 261/1/518 1645/1/564 276/1/565
f 1642/1/566 1035/1/567 1645/1/568
f 249/1/527 262/1/541 268/1/569
f 296/1/570 1055/1/571 1023/1/572
f 269/1/573 277/1/574 262/1/541
f 263/1/561 278/1/575 270/1/576
f 263/1/561 264/1/563 278/1/575
f 261/1/519 1655/1/577 260/1/520
f 1647/1/458 305/1/297 1648/1/458
f 305/1/297 1649/1/458 1648/1/458
f 258/1/37 1647/1/37 1044/1/37
f 305/1/297 1647/1/458 1029/1/458
f 305/1/297 1041/1/458 1649/1/458
f 1042/1/37 1041/1/37 266/1/37
f 1043/1/37 1649/1/37 1042/1/37
f 1044/1/37 1648/1/37 1043/1/37
f 259/1/549 1028/1/548 1045/1/578
f 259/1/549 1045/1/578 267/1/534
f 272/1/540 285/1/579 265/1/552
f 285/1/579 284/1/580 265/1/552
f 1037/1/581 275/1/582 1046/1/583
f 1055/1/584 1065/1/585 257/1/539
f 277/1/574 1054/1/586 268/1/569
f 1656/1/559 1646/1/587 274/1/588
f 261/1/519 276/1/589 1655/1/577
f 1652/1/458 305/1/297 1653/1/458
f 305/1/297 1654/1/458 1653/1/458
f 266/1/37 1652/1/37 1051/1/37
f 305/1/297 1652/1/458 1041/1/458
f 1654/1/458 305/1/297 1047/1/458
f 1049/1/37 1047/1/37 273/1/37
f 1050/1/37 1654/1/37 1049/1/37
f 1051/1/37 1653/1/37 1050/1/37
f 271/1/551 1034/1/550 280/1/590
f 275/1/582 288/1/591 1046/1/583
f 1054/1/586 277/1/574 291/1/592
f 1651/1/593 1046/1/593 1056/1/593
f 277/1/574 1048/1/594 303/1/595
f 1651/1/596 1056/1/597 1052/1/598
f 1048/1/599 293/1/600 1063/1/601
f 305/1/297 1658/1/458 1657/1/458
f 305/1/297 1659/1/458 1658/1/458
f 273/1/37 1657/1/37 1059/1/37
f 305/1/297 1657/1/458 1047/1/458
f 305/1/297 1053/1/458 1659/1/458
f 1057/1/37 1053/1/37 281/1/37
f 1058/1/37 1659/1/37 1057/1/37
f 1059/1/37 1658/1/37 1058/1/37
f 276/1/589 1667/1/602 1655/1/577
f 284/1/580 280/1/590 1034/1/550
f 1045/1/578 289/1/603 300/1/604
f 283/1/605 1062/1/606 1650/1/607
f 277/1/574 303/1/595 291/1/592
f 1056/1/597 1083/1/608 287/1/609
f 279/1/610 1663/1/611 293/1/612
f 388/1/613 1662/1/458 1661/1/458
f 281/1/37 1660/1/37 1068/1/37
f 1053/1/458 305/1/297 1660/1/458
f 388/1/613 1061/1/458 1662/1/458
f 1066/1/37 1061/1/37 286/1/37
f 1067/1/37 1662/1/37 1066/1/37
f 1068/1/37 1661/1/37 1067/1/37
f 283/1/614 291/1/615 1072/1/616
f 285/1/579 1065/1/617 1064/1/618
f 1056/1/619 288/1/620 1070/1/621
f 1056/1/622 1070/1/622 1082/1/622
f 296/1/570 1073/1/623 1055/1/571
f 1056/1/597 1082/1/624 1083/1/608
f 274/1/588 287/1/625 298/1/626
f 293/1/612 1663/1/611 1063/1/627
f 294/1/628 1663/1/629 279/1/630
f 1664/1/458 388/1/613 1665/1/458
f 388/1/613 1666/1/458 1665/1/458
f 286/1/37 1664/1/37 1076/1/37
f 1061/1/458 388/1/613 1664/1/458
f 1666/1/458 388/1/613 1071/1/458
f 1074/1/37 1071/1/37 297/1/37
f 1075/1/37 1666/1/37 1074/1/37
f 1076/1/37 1665/1/37 1075/1/37
f 1667/1/602 301/1/631 289/1/603
f 1073/1/632 1080/1/633 1065/1/585
f 1070/1/634 299/1/635 1077/1/636
f 309/1/637 1671/1/638 292/1/639
f 1668/1/458 388/1/613 1669/1/458
f 388/1/613 1670/1/458 1669/1/458
f 297/1/37 1668/1/37 1087/1/37
f 1071/1/458 388/1/613 1668/1/458
f 388/1/613 1079/1/640 1670/1/458
f 1085/1/37 1079/1/37 304/1/37
f 1086/1/37 1670/1/37 1085/1/37
f 1087/1/37 1669/1/37 1086/1/37
f 294/1/628 1088/1/641 1084/1/642
f 301/1/631 1096/1/643 300/1/604
f 300/1/604 1096/1/643 1060/1/644
f 296/1/570 320/1/645 1073/1/623
f 1082/1/624 322/1/646 1083/1/608
f 1671/1/647 313/1/648 292/1/649
f 1672/1/640 388/1/613 1673/1/640
f 388/1/613 1674/1/640 1673/1/640
f 304/1/37 1672/1/37 1092/1/37
f 1079/1/640 388/1/613 1672/1/640
f 388/1/613 1089/1/640 1674/1/640
f 1090/1/37 1089/1/37 311/1/37
f 1091/1/37 1674/1/37 1090/1/37
f 1092/1/37 1673/1/37 1091/1/37
f 1096/1/643 324/1/650 306/1/651
f 1072/1/652 1081/1/652 312/1/652
f 305/1/297 1098/1/653 388/1/613
f 1675/1/640 388/1/613 1676/1/640
f 388/1/613 1677/1/640 1676/1/640
f 311/1/37 1675/1/37 1105/1/37
f 1089/1/640 388/1/613 1675/1/640
f 388/1/613 1099/1/640 1677/1/640
f 1103/1/37 1099/1/37 315/1/37
f 1104/1/37 1677/1/37 1103/1/37
f 1105/1/37 1676/1/37 1104/1/37
f 1093/1/654 336/1/655 1096/1/643
f 312/1/656 1108/1/657 1094/1/658
f 1106/1/659 1080/1/633 329/1/660
f 1685/1/661 1097/1/662 1077/1/636
f 322/1/646 332/1/663 1078/1/664
f 314/1/665 1118/1/666 328/1/667
f 388/1/613 1680/1/640 1679/1/640
f 1680/1/640 388/1/613 1681/1/640
f 315/1/37 1679/1/37 1112/1/37
f 1099/1/640 388/1/613 1679/1/640
f 388/1/613 1107/1/640 1681/1/640
f 1110/1/37 1107/1/37 321/1/37
f 1111/1/37 1681/1/37 1110/1/37
f 1112/1/37 1680/1/37 1111/1/37
f 1095/1/668 325/1/669 1093/1/670
f 1108/1/671 1689/1/672 1100/1/673
f 1080/1/633 330/1/674 329/1/660
f 320/1/675 330/1/674 1080/1/633
f 316/1/676 332/1/677 333/1/678
f 296/1/570 1153/1/453 345/1/679
f 1098/1/653 316/1/680 388/1/613
f 1682/1/640 388/1/613 1683/1/640
f 388/1/613 1684/1/640 1683/1/640
f 321/1/37 1682/1/37 1121/1/37
f 1107/1/640 388/1/613 1682/1/640
f 388/1/613 1115/1/640 1684/1/640
f 1119/1/37 1115/1/37 331/1/37
f 1120/1/37 1684/1/37 1119/1/37
f 1121/1/37 1683/1/37 1120/1/37
f 1109/1/681 337/1/682 1118/1/666
f 1108/1/683 319/1/684 1117/1/685
f 1685/1/661 334/1/686 1125/1/687
f 320/1/675 344/1/688 330/1/674
f 1097/1/662 1125/1/689 1113/1/690
f 388/1/613 1687/1/640 1686/1/640
f 388/1/613 1688/1/640 1687/1/640
f 331/1/37 1686/1/37 1131/1/37
f 1115/1/640 388/1/613 1686/1/640
f 1688/1/640 388/1/613 1126/1/640
f 1129/1/37 1126/1/37 338/1/37
f 1130/1/37 1688/1/37 1129/1/37
f 1131/1/37 1687/1/37 1130/1/37
f 325/1/669 355/1/691 1124/1/692
f 1095/1/693 1116/1/693 1693/1/693
f 1689/1/694 1116/1/695 1100/1/696
f 1689/1/694 1127/1/697 1116/1/695
f 335/1/698 1139/1/699 334/1/686
f 1125/1/689 339/1/700 1113/1/690
f 1114/1/701 340/1/702 341/1/703
f 1694/1/704 1134/1/705 1123/1/706
f 1690/1/640 388/1/613 1691/1/640
f 388/1/613 1692/1/640 1691/1/640
f 338/1/37 1690/1/37 1137/1/37
f 388/1/613 1690/1/640 1126/1/640
f 1692/1/640 388/1/613 1132/1/640
f 1135/1/37 1132/1/37 346/1/37
f 1136/1/37 1692/1/37 1135/1/37
f 1137/1/37 1691/1/37 1136/1/37
f 1116/1/707 1127/1/707 1693/1/707
f 1689/1/708 1117/1/709 356/1/710
f 1139/1/699 1141/1/711 1125/1/687
f 1695/1/640 388/1/613 1696/1/640
f 388/1/613 1697/1/640 1696/1/640
f 346/1/37 1695/1/37 1148/1/37
f 388/1/613 1695/1/640 1132/1/640
f 1697/1/640 388/1/613 1143/1/640
f 1146/1/37 1143/1/37 352/1/37
f 1147/1/37 1697/1/37 1146/1/37
f 1148/1/37 1696/1/37 1147/1/37
f 1127/1/697 356/1/712 1698/1/713
f 335/1/698 361/1/714 1139/1/699
f 1117/1/709 1151/1/715 356/1/710
f 1139/1/699 361/1/714 1140/1/716
f 1142/1/717 353/1/718 340/1/702
f 341/1/703 353/1/718 359/1/719
f 333/1/720 347/1/720 368/1/720
f 1149/1/721 369/1/722 361/1/714
f 356/1/710 364/1/723 370/1/724
f 356/1/710 1151/1/715 364/1/723
f 1133/1/725 1151/1/726 348/1/727
f 1134/1/728 1152/1/729 1133/1/725
f 359/1/719 353/1/718 1168/1/730
f 1700/1/731 365/1/732 371/1/733
f 1701/1/640 388/1/613 1702/1/640
f 388/1/613 1703/1/640 1702/1/640
f 352/1/37 1701/1/37 1156/1/37
f 388/1/613 1701/1/640 1143/1/640
f 1703/1/640 388/1/613 1150/1/640
f 1154/1/37 1150/1/37 358/1/37
f 1155/1/37 1703/1/37 1154/1/37
f 1156/1/37 1702/1/37 1155/1/37
f 1704/1/734 382/1/735 353/1/736
f 1152/1/729 377/1/737 1133/1/725
f 1699/1/738 378/1/739 1152/1/729
f 347/1/740 360/1/741 368/1/742
f 355/1/691 362/1/743 1124/1/692
f 1705/1/640 388/1/613 1706/1/640
f 388/1/613 1707/1/640 1706/1/640
f 358/1/37 1705/1/37 1164/1/37
f 388/1/613 1705/1/640 1150/1/640
f 1707/1/640 388/1/613 1157/1/640
f 1162/1/37 1157/1/37 367/1/37
f 1163/1/37 1707/1/37 1162/1/37
f 1164/1/37 1706/1/37 1163/1/37
f 1124/1/692 362/1/743 375/1/744
f 354/1/745 369/1/722 1149/1/721
f 1145/1/746 1715/1/747 1165/1/748
f 363/1/749 1158/1/750 1698/1/751
f 369/1/722 1180/1/752 1140/1/716
f 372/1/753 380/1/754 1161/1/755
f 1180/1/752 1174/1/756 1704/1/757
f 1699/1/758 371/1/759 378/1/760
f 360/1/741 374/1/761 368/1/742
f 365/1/732 366/1/762 379/1/763
f 1708/1/640 388/1/613 1709/1/640
f 1709/1/640 388/1/613 1710/1/640
f 367/1/37 1708/1/37 1171/1/37
f 388/1/613 1708/1/640 1157/1/640
f 388/1/613 1166/1/640 1710/1/640
f 1169/1/37 1166/1/37 373/1/37
f 1170/1/37 1710/1/37 1169/1/37
f 1171/1/37 1709/1/37 1170/1/37
f 363/1/764 370/1/765 1167/1/766
f 1159/1/767 376/1/767 364/1/767
f 377/1/737 384/1/768 1159/1/769
f 409/1/770 386/1/771 1160/1/772
f 1712/1/640 388/1/613 1713/1/640
f 388/1/613 1714/1/640 1713/1/640
f 373/1/37 1712/1/37 1177/1/37
f 1166/1/640 388/1/613 1712/1/640
f 1714/1/640 388/1/613 1172/1/640
f 1175/1/37 1172/1/37 381/1/37
f 1176/1/37 1714/1/37 1175/1/37
f 1177/1/37 1713/1/37 1176/1/37
f 375/1/744 391/1/773 390/1/774
f 1174/1/756 1180/1/752 389/1/775
f 382/1/776 1182/1/777 1711/1/778
f 379/1/779 1173/1/780 378/1/781
f 388/1/613 1717/1/640 1716/1/640
f 1717/1/640 388/1/613 1718/1/640
f 381/1/37 1716/1/37 1190/1/37
f 388/1/613 1716/1/640 1172/1/640
f 388/1/613 1184/1/640 1718/1/640
f 1188/1/37 1184/1/37 387/1/37
f 1189/1/37 1718/1/37 1188/1/37
f 1190/1/37 1717/1/37 1189/1/37
f 1158/1/782 392/1/783 400/1/784
f 1178/1/785 390/1/774 1732/1/786
f 1179/1/787 389/1/775 1180/1/752
f 1183/1/788 412/1/789 1186/1/790
f 1187/1/791 394/1/792 1719/1/793
f 1720/1/640 388/1/613 1721/1/640
f 388/1/613 1722/1/640 1721/1/640
f 387/1/37 1720/1/37 1197/1/37
f 1184/1/640 388/1/613 1720/1/640
f 1722/1/640 388/1/613 1192/1/640
f 1195/1/37 1192/1/37 396/1/37
f 1196/1/37 1722/1/37 1195/1/37
f 1197/1/37 1721/1/37 1196/1/37
f 1179/1/787 1732/1/786 399/1/794
f 1191/1/795 392/1/796 1167/1/766
f 1179/1/787 399/1/794 389/1/775
f 1198/1/797 1212/1/798 380/1/754
f 377/1/737 1185/1/799 384/1/768
f 1723/1/800 1199/1/801 1182/1/802
f 377/1/737 1194/1/803 1185/1/799
f 405/1/804 1719/1/805 406/1/806
f 407/1/807 406/1/806 1719/1/793
f 388/1/613 1725/1/640 1724/1/640
f 1725/1/640 388/1/613 1726/1/640
f 396/1/37 1724/1/37 1204/1/37
f 1192/1/640 388/1/613 1724/1/640
f 388/1/613 1200/1/640 1726/1/640
f 1202/1/37 1200/1/37 401/1/37
f 1203/1/37 1726/1/37 1202/1/37
f 1204/1/37 1725/1/37 1203/1/37
f 394/1/792 408/1/808 407/1/807
f 395/1/809 1212/1/798 408/1/808
f 399/1/794 398/1/810 389/1/775
f 1198/1/797 1201/1/811 1212/1/798
f 1199/1/812 1183/1/813 1182/1/777
f 388/1/613 397/1/814 1727/1/815
f 1728/1/816 388/1/613 1729/1/816
f 388/1/613 1730/1/816 1729/1/816
f 401/1/37 1728/1/37 1210/1/37
f 1200/1/640 388/1/613 1728/1/816
f 1730/1/816 388/1/613 1206/1/816
f 1208/1/37 1206/1/37 410/1/37
f 1209/1/37 1730/1/37 1208/1/37
f 1210/1/37 1729/1/37 1209/1/37
f 1218/1/817 414/1/818 1733/1/819
f 1732/1/786 1211/1/820 399/1/794
f 1733/1/821 403/1/822 1218/1/823
f 1212/1/798 422/1/824 408/1/808
f 399/1/794 1219/1/825 398/1/810
f 399/1/794 1211/1/820 1219/1/825
f 1723/1/826 1219/1/827 1205/1/828
f 1199/1/829 1205/1/830 417/1/831
f 415/1/832 1207/1/833 1194/1/834
f 1183/1/813 1199/1/812 411/1/835
f 405/1/804 406/1/806 431/1/836
f 405/1/804 431/1/836 415/1/837
f 1734/1/816 388/1/613 1735/1/816
f 388/1/613 1736/1/816 1735/1/816
f 410/1/37 1734/1/37 1217/1/37
f 388/1/613 1734/1/816 1206/1/816
f 388/1/613 1213/1/816 1736/1/816
f 1215/1/37 1213/1/37 416/1/37
f 1216/1/37 1736/1/37 1215/1/37
f 1217/1/37 1735/1/37 1216/1/37
f 407/1/807 433/1/838 432/1/839
f 422/1/824 421/1/840 408/1/808
f 1211/1/820 418/1/841 1219/1/825
f 430/1/842 1737/1/843 404/1/844
f 1212/1/798 1201/1/811 422/1/824
f 1207/1/845 419/1/846 1185/1/799
f 432/1/839 431/1/836 406/1/806
f 1211/1/820 426/1/847 425/1/848
f 1737/1/843 430/1/842 439/1/849
f 422/1/824 434/1/850 447/1/851
f 1738/1/852 424/1/853 417/1/854
f 424/1/855 1727/1/856 402/1/857
f 1740/1/816 388/1/613 1741/1/816
f 388/1/613 1742/1/816 1741/1/816
f 416/1/37 1740/1/37 1224/1/37
f 1213/1/816 388/1/613 1740/1/816
f 388/1/613 1221/1/816 1742/1/816
f 1222/1/37 1221/1/37 423/1/37
f 1223/1/37 1742/1/37 1222/1/37
f 1224/1/37 1741/1/37 1223/1/37
f 427/1/858 1243/1/859 1731/1/860
f 1743/1/861 446/1/862 421/1/840
f 1218/1/823 439/1/863 429/1/864
f 429/1/864 439/1/863 444/1/865
f 418/1/841 425/1/848 443/1/866
f 1743/1/861 447/1/851 1227/1/867
f 443/1/868 1220/1/869 437/1/870
f 424/1/853 1738/1/852 436/1/871
f 431/1/836 440/1/872 420/1/873
f 1727/1/815 470/1/874 388/1/613
f 428/1/875 1239/1/876 427/1/858
f 433/1/838 441/1/877 432/1/839
f 388/1/613 1745/1/816 1744/1/816
f 1745/1/816 388/1/613 1746/1/816
f 423/1/37 1744/1/37 1232/1/37
f 1221/1/816 388/1/613 1744/1/816
f 388/1/613 1225/1/816 1746/1/816
f 1230/1/37 1225/1/37 435/1/37
f 1231/1/37 1746/1/37 1230/1/37
f 1232/1/37 1745/1/37 1231/1/37
f 428/1/878 1226/1/879 1239/1/880
f 1243/1/881 438/1/882 426/1/847
f 426/1/847 438/1/882 425/1/848
f 443/1/866 1756/1/883 1233/1/884
f 439/1/885 1237/1/886 444/1/887
f 1248/1/888 443/1/868 1233/1/889
f 419/1/846 445/1/890 1237/1/891
f 1220/1/892 1248/1/888 1234/1/893
f 1228/1/894 1238/1/895 434/1/896
f 419/1/846 1739/1/897 445/1/890
f 1245/1/898 1257/1/899 1727/1/856
f 441/1/877 446/1/862 452/1/900
f 388/1/613 1748/1/816 1747/1/816
f 388/1/613 1749/1/816 1748/1/816
f 435/1/37 1747/1/37 1242/1/37
f 1225/1/816 388/1/613 1747/1/816
f 1749/1/816 388/1/613 1235/1/816
f 1240/1/37 1235/1/37 442/1/37
f 1241/1/37 1749/1/37 1240/1/37
f 1242/1/37 1748/1/37 1241/1/37
f 433/1/838 446/1/862 441/1/877
f 425/1/848 438/1/882 1756/1/883
f 447/1/851 1238/1/901 458/1/902
f 445/1/890 451/1/903 1237/1/891
f 1234/1/904 1757/1/905 1244/1/906
f 441/1/877 452/1/907 1249/1/908
f 1750/1/816 388/1/613 1751/1/816
f 388/1/613 1752/1/816 1751/1/816
f 442/1/37 1750/1/37 1252/1/37
f 388/1/613 1750/1/816 1235/1/816
f 1752/1/816 388/1/613 1246/1/816
f 1250/1/37 1246/1/37 448/1/37
f 1251/1/37 1752/1/37 1250/1/37
f 1252/1/37 1751/1/37 1251/1/37
f 438/1/882 456/1/909 455/1/910
f 1247/1/911 1761/1/912 446/1/862
f 438/1/882 455/1/910 1756/1/883
f 446/1/862 1227/1/867 1247/1/911
f 1245/1/898 1244/1/906 454/1/913
f 452/1/907 1263/1/914 1249/1/908
f 1753/1/816 388/1/613 1754/1/816
f 388/1/613 1755/1/816 1754/1/816
f 448/1/37 1753/1/37 1260/1/37
f 388/1/613 1753/1/816 1246/1/816
f 388/1/613 1254/1/816 1755/1/816
f 1258/1/37 1254/1/37 453/1/37
f 1259/1/37 1755/1/37 1258/1/37
f 1260/1/37 1754/1/37 1259/1/37
f 449/1/915 464/1/916 456/1/909
f 1761/1/912 1264/1/917 452/1/900
f 1756/1/883 455/1/910 1277/1/918
f 1756/1/883 1277/1/918 1233/1/884
f 1227/1/867 1261/1/919 1247/1/911
f 458/1/902 1261/1/919 1227/1/867
f 1268/1/920 462/1/921 1248/1/888
f 1237/1/891 451/1/903 450/1/922
f 1757/1/923 462/1/921 460/1/924
f 388/1/613 1759/1/925 1758/1/816
f 388/1/613 1760/1/925 1759/1/925
f 453/1/37 1758/1/37 1267/1/37
f 388/1/613 1758/1/816 1254/1/816
f 1760/1/925 388/1/613 1262/1/925
f 1265/1/37 1262/1/37 459/1/37
f 1266/1/37 1760/1/37 1265/1/37
f 1267/1/37 1759/1/37 1266/1/37
f 449/1/926 457/1/927 471/1/928
f 1255/1/929 457/1/930 1253/1/931
f 450/1/922 451/1/903 472/1/932
f 1263/1/933 466/1/934 1236/1/935
f 1236/1/936 466/1/937 1256/1/938
f 1274/1/939 1282/1/940 1264/1/917
f 1763/1/816 536/1/941 1764/1/942
f 459/1/37 1762/1/37 1273/1/37
f 1262/1/925 388/1/613 1762/1/816
f 536/1/941 1270/1/942 1764/1/942
f 1271/1/37 1270/1/37 468/1/37
f 1272/1/37 1764/1/37 1271/1/37
f 1273/1/37 1763/1/37 1272/1/37
f 1261/1/919 1276/1/943 1274/1/939
f 1277/1/918 1289/1/944 463/1/945
f 1261/1/919 1766/1/946 1276/1/943
f 465/1/947 472/1/948 477/1/949
f 458/1/902 467/1/950 1766/1/946
f 451/1/903 1767/1/951 472/1/932
f 454/1/913 460/1/952 469/1/953
f 1768/1/942 536/1/941 1769/1/942
f 536/1/941 1770/1/942 1769/1/942
f 468/1/37 1768/1/37 1287/1/37
f 1270/1/942 536/1/941 1768/1/942
f 1770/1/942 536/1/941 1279/1/942
f 1285/1/37 1279/1/37 474/1/37
f 1286/1/37 1770/1/37 1285/1/37
f 1287/1/37 1769/1/37 1286/1/37
f 464/1/916 471/1/954 1278/1/955
f 465/1/956 477/1/957 476/1/958
f 1289/1/944 484/1/959 463/1/945
f 1766/1/946 1290/1/960 1276/1/943
f 1280/1/961 477/1/962 472/1/963
f 472/1/932 1767/1/951 1280/1/964
f 1269/1/965 475/1/966 460/1/924
f 460/1/952 475/1/967 469/1/953
f 1282/1/940 1772/1/968 473/1/969
f 480/1/970 488/1/971 1288/1/972
f 1765/1/973 492/1/974 1289/1/944
f 1289/1/944 492/1/974 484/1/959
f 1276/1/943 1290/1/960 1292/1/975
f 1283/1/976 1290/1/960 1766/1/946
f 461/1/977 469/1/953 491/1/978
f 509/1/485 1284/1/979 1153/1/453
f 1284/1/979 1293/1/980 1228/1/981
f 488/1/971 1772/1/982 1282/1/940
f 1773/1/942 536/1/941 1774/1/942
f 536/1/941 1775/1/942 1774/1/942
f 474/1/37 1773/1/37 1296/1/37
f 1279/1/942 536/1/941 1773/1/942
f 536/1/941 1291/1/942 1775/1/942
f 1294/1/37 1291/1/37 481/1/37
f 1295/1/37 1775/1/37 1294/1/37
f 1296/1/37 1774/1/37 1295/1/37
f 488/1/971 494/1/983 493/1/984
f 477/1/962 486/1/985 1301/1/986
f 1767/1/951 1786/1/987 486/1/988
f 475/1/966 1319/1/989 490/1/990
f 475/1/966 483/1/991 1319/1/989
f 487/1/992 1302/1/993 478/1/994
f 482/1/995 1298/1/996 470/1/874
f 1772/1/982 488/1/971 1303/1/997
f 1776/1/942 536/1/941 1777/1/942
f 536/1/941 1778/1/942 1777/1/942
f 481/1/37 1776/1/37 1306/1/37
f 1291/1/942 536/1/941 1776/1/942
f 536/1/941 1299/1/942 1778/1/942
f 1304/1/37 1299/1/37 489/1/37
f 1305/1/37 1778/1/37 1304/1/37
f 1306/1/37 1777/1/37 1305/1/37
f 488/1/971 493/1/984 1303/1/997
f 1771/1/998 1300/1/999 503/1/1000
f 1292/1/975 1290/1/960 508/1/1001
f 1301/1/986 486/1/985 516/1/1002
f 1301/1/986 516/1/1002 505/1/1003
f 1297/1/1004 1308/1/1005 1791/1/1006
f 1290/1/960 500/1/1007 508/1/1001
f 1293/1/980 500/1/1008 1283/1/1009
f 470/1/874 1298/1/996 536/1/941
f 1303/1/997 493/1/984 507/1/1010
f 1780/1/942 536/1/941 1781/1/942
f 536/1/941 1782/1/942 1781/1/942
f 489/1/37 1780/1/37 1312/1/37
f 1299/1/942 536/1/941 1780/1/942
f 536/1/941 1309/1/942 1782/1/942
f 1310/1/37 1309/1/37 495/1/37
f 1311/1/37 1782/1/37 1310/1/37
f 1312/1/37 1781/1/37 1311/1/37
f 1791/1/1006 502/1/1011 1319/1/989
f 1319/1/989 1787/1/1012 490/1/1013
f 518/1/1014 506/1/1015 1302/1/993
f 496/1/1016 512/1/1017 491/1/978
f 1298/1/1018 512/1/1017 513/1/1019
f 507/1/1020 518/1/1021 499/1/1022
f 503/1/1000 1300/1/999 1324/1/1023
f 536/1/941 1784/1/942 1783/1/942
f 1784/1/942 536/1/941 1785/1/942
f 495/1/37 1783/1/37 1322/1/37
f 1309/1/942 536/1/941 1783/1/942
f 1785/1/942 536/1/941 1314/1/942
f 1320/1/37 1314/1/37 501/1/37
f 1321/1/37 1785/1/37 1320/1/37
f 1322/1/37 1784/1/37 1321/1/37
f 1328/1/1024 1313/1/1025 497/1/1026
f 498/1/1027 505/1/1028 1316/1/1029
f 1317/1/1030 517/1/1031 1786/1/987
f 1787/1/1032 511/1/1033 496/1/1034
f 519/1/1035 1792/1/1036 507/1/1010
f 1788/1/942 536/1/941 1789/1/942
f 536/1/941 1790/1/942 1789/1/942
f 501/1/37 1788/1/37 1327/1/37
f 536/1/941 1788/1/942 1314/1/942
f 536/1/941 1323/1/942 1790/1/942
f 1325/1/37 1323/1/37 510/1/37
f 1326/1/37 1790/1/37 1325/1/37
f 1327/1/37 1789/1/37 1326/1/37
f 1315/1/1037 1324/1/1037 1300/1/1037
f 504/1/1038 1316/1/1039 524/1/1040
f 1307/1/1041 1796/1/1042 514/1/1043
f 1791/1/1006 514/1/1043 1329/1/1044
f 536/1/941 1794/1/942 1793/1/942
f 536/1/941 1795/1/942 1794/1/942
f 510/1/37 1793/1/37 1335/1/37
f 1323/1/942 536/1/941 1793/1/942
f 1795/1/942 536/1/941 1330/1/942
f 1333/1/37 1330/1/37 521/1/37
f 1334/1/37 1795/1/37 1333/1/37
f 1335/1/37 1794/1/37 1334/1/37
f 519/1/1035 1341/1/1045 1792/1/1036
f 1315/1/1046 524/1/1047 515/1/1048
f 1336/1/1049 525/1/1050 505/1/1003
f 505/1/1028 525/1/1051 1316/1/1029
f 1792/1/1052 533/1/1053 532/1/1054
f 1298/1/1055 513/1/1055 1338/1/1055
f 1798/1/942 536/1/941 1799/1/942
f 536/1/941 1800/1/942 1799/1/942
f 521/1/37 1798/1/37 1344/1/37
f 536/1/941 1798/1/942 1330/1/942
f 1800/1/942 536/1/941 1339/1/942
f 1342/1/37 1339/1/37 527/1/37
f 1343/1/37 1800/1/37 1342/1/37
f 1344/1/37 1799/1/37 1343/1/37
f 1796/1/1042 523/1/1056 1353/1/1057
f 1796/1/1042 1353/1/1057 514/1/1043
f 1801/1/942 536/1/941 1802/1/942
f 536/1/941 1803/1/942 1802/1/942
f 527/1/37 1801/1/37 1350/1/37
f 536/1/941 1801/1/942 1339/1/942
f 1803/1/942 536/1/941 1346/1/942
f 1348/1/1058 1346/1/1059 535/1/36
f 1349/1/37 1803/1/37 1348/1/37
f 1350/1/37 1802/1/37 1349/1/37
f 1324/1/1060 515/1/1061 1347/1/1062
f 528/1/1063 538/1/1064 523/1/1065
f 515/1/1066 529/1/1067 544/1/1068
f 524/1/1069 525/1/1070 529/1/1067
f 514/1/1043 1353/1/1057 537/1/1071
f 1345/1/1072 1352/1/1073 1804/1/1074
f 9/1/6 727/1/5 8/1/1075
f 1331/1/1076 541/1/1077 526/1/1078
f 1806/1/942 536/1/941 1807/1/942
f 536/1/941 1808/1/942 1807/1/942
f 535/1/37 1806/1/37 1359/1/37
f 536/1/941 1806/1/942 1346/1/942
f 1808/1/942 536/1/941 1356/1/942
f 1357/1/37 1356/1/37 542/1/37
f 1358/1/37 1808/1/37 1357/1/37
f 1359/1/37 1807/1/37 1358/1/37
f 528/1/1063 1347/1/1079 553/1/1080
f 1352/1/1073 548/1/1081 1804/1/1074
f 539/1/1082 544/1/1068 529/1/1067
f 530/1/1083 545/1/1084 1336/1/1085
f 1351/1/1086 1374/1/1087 547/1/1088
f 1810/1/942 536/1/941 1811/1/942
f 536/1/941 1812/1/942 1811/1/942
f 542/1/37 1810/1/37 1368/1/37
f 536/1/941 1810/1/942 1356/1/942
f 1812/1/942 536/1/941 1362/1/942
f 1366/1/37 1362/1/37 549/1/37
f 1367/1/37 1812/1/37 1366/1/37
f 1368/1/37 1811/1/37 1367/1/37
f 553/1/1080 552/1/1089 538/1/1064
f 548/1/1081 559/1/1090 1351/1/1086
f 1813/1/1091 1370/1/1092 1352/1/1073
f 545/1/1093 1814/1/1093 540/1/1093
f 1360/1/1094 1355/1/1095 1372/1/1096
f 1372/1/1096 550/1/1097 1360/1/1094
f 546/1/1098 554/1/1099 530/1/1083
f 1393/1/1100 536/1/941 1338/1/1101
f 547/1/1088 1374/1/1102 1373/1/1103
f 1363/1/1104 1364/1/1105 565/1/1106
f 552/1/1107 563/1/1108 557/1/1109
f 1364/1/1110 558/1/1111 566/1/1112
f 1355/1/1113 1354/1/1114 562/1/1115
f 550/1/1097 1372/1/1096 574/1/1116
f 1331/1/1076 1284/1/979 1380/1/1117
f 1373/1/1103 569/1/1118 1365/1/1119
f 1815/1/942 536/1/941 1816/1/942
f 1816/1/942 536/1/941 1817/1/942
f 549/1/37 1815/1/37 1377/1/37
f 536/1/941 1815/1/942 1362/1/942
f 536/1/941 1369/1/942 1817/1/942
f 1375/1/37 1369/1/37 555/1/37
f 1376/1/37 1817/1/37 1375/1/37
f 1377/1/37 1816/1/37 1376/1/37
f 1814/1/1120 576/1/1121 567/1/1122
f 557/1/1109 562/1/1123 1354/1/1124
f 1813/1/1091 1371/1/1125 585/1/1126
f 556/1/1127 574/1/1128 573/1/1129
f 1385/1/1130 1393/1/1131 1338/1/1132
f 1818/1/942 536/1/941 1819/1/36
f 536/1/941 1820/1/36 1819/1/36
f 555/1/37 1818/1/37 1383/1/37
f 1369/1/942 536/1/941 1818/1/942
f 1820/1/36 536/1/941 1378/1/36
f 1381/1/37 1378/1/37 560/1/37
f 1382/1/37 1820/1/37 1381/1/37
f 1383/1/37 1819/1/37 1382/1/37
f 559/1/1090 577/1/1133 570/1/1134
f 566/1/1135 565/1/1106 1364/1/1105
f 536/1/941 1824/1/36 1823/1/36
f 1824/1/36 536/1/941 1825/1/36
f 560/1/37 1823/1/37 1388/1/37
f 536/1/941 1823/1/36 1378/1/36
f 536/1/941 1384/1/36 1825/1/36
f 1386/1/37 1384/1/37 572/1/37
f 1387/1/37 1825/1/37 1386/1/37
f 1388/1/37 1824/1/37 1387/1/37
f 577/1/1133 1829/1/1136 570/1/1134
f 564/1/1137 1827/1/1138 575/1/1139
f 571/1/1140 1397/1/1141 577/1/1133
f 563/1/1108 1389/1/1142 557/1/1109
f 567/1/1143 576/1/1144 582/1/1145
f 1392/1/1146 580/1/1147 574/1/1128
f 1385/1/1130 1821/1/1148 1390/1/1149
f 1393/1/1131 1390/1/1149 1401/1/1150
f 1828/1/1151 1829/1/1152 584/1/1153
f 1830/1/36 536/1/941 1831/1/36
f 536/1/941 1832/1/36 1831/1/36
f 572/1/37 1830/1/37 1396/1/37
f 1384/1/36 536/1/941 1830/1/36
f 1832/1/36 536/1/941 1391/1/36
f 1394/1/37 1391/1/37 578/1/37
f 1395/1/37 1832/1/37 1394/1/37
f 1396/1/37 1831/1/37 1395/1/37
f 1389/1/1142 588/1/1154 1392/1/1155
f 1380/1/1117 612/1/1156 1431/1/1157
f 573/1/1158 1833/1/1159 1821/1/1160
f 584/1/1161 1403/1/1162 583/1/1163
f 536/1/941 1835/1/36 1834/1/36
f 1835/1/36 536/1/941 1836/1/36
f 578/1/37 1834/1/37 1407/1/37
f 1391/1/36 536/1/941 1834/1/36
f 536/1/941 1402/1/36 1836/1/36
f 1405/1/37 1402/1/37 586/1/37
f 1406/1/37 1836/1/37 1405/1/37
f 1407/1/37 1835/1/37 1406/1/37
f 575/1/1164 591/1/1165 1826/1/1166
f 1398/1/1167 591/1/1165 590/1/1168
f 1398/1/1167 589/1/1169 1389/1/1142
f 581/1/1170 582/1/1145 1414/1/1171
f 585/1/1126 594/1/1172 1837/1/1173
f 568/1/1174 609/1/1175 582/1/1176
f 584/1/1153 1404/1/1177 600/1/1178
f 602/1/1179 601/1/1180 1404/1/1181
f 1838/1/36 536/1/941 1839/1/36
f 536/1/941 1840/1/36 1839/1/36
f 586/1/37 1838/1/37 1412/1/37
f 1402/1/36 536/1/941 1838/1/36
f 1840/1/36 536/1/941 1409/1/36
f 1410/1/37 1409/1/37 595/1/37
f 1411/1/37 1840/1/37 1410/1/37
f 1412/1/37 1839/1/37 1411/1/37
f 602/1/1179 1408/1/1182 1418/1/1183
f 593/1/1184 1414/1/1185 598/1/1186
f 580/1/1187 1419/1/1188 579/1/1189
f 1401/1/1150 1841/1/1190 621/1/1191
f 1404/1/1177 601/1/1192 1423/1/1193
f 1842/1/36 536/1/941 1843/1/36
f 536/1/941 1844/1/36 1843/1/36
f 595/1/37 1842/1/37 1417/1/37
f 536/1/941 1842/1/36 1409/1/36
f 536/1/941 1413/1/36 1844/1/36
f 1415/1/37 1413/1/37 603/1/37
f 1416/1/37 1844/1/37 1415/1/37
f 1417/1/37 1843/1/37 1416/1/37
f 592/1/1194 1853/1/1195 591/1/1165
f 602/1/1179 1418/1/1183 601/1/1180
f 605/1/1196 615/1/1197 589/1/1169
f 589/1/1169 615/1/1197 597/1/1198
f 1408/1/1182 1837/1/1173 611/1/1199
f 580/1/1147 597/1/1200 604/1/1201
f 594/1/1172 634/1/1202 1837/1/1173
f 1419/1/1203 1420/1/1204 587/1/1205
f 1403/1/1206 610/1/1206 583/1/1206
f 1423/1/1193 1427/1/1207 600/1/1178
f 1846/1/36 536/1/941 1847/1/36
f 536/1/941 1848/1/36 1847/1/36
f 603/1/37 1846/1/37 1426/1/37
f 1413/1/36 536/1/941 1846/1/36
f 536/1/941 1421/1/36 1848/1/36
f 1424/1/37 1421/1/37 613/1/37
f 1425/1/37 1848/1/37 1424/1/37
f 1426/1/37 1847/1/37 1425/1/37
f 1853/1/1195 617/1/1208 590/1/1168
f 605/1/1196 590/1/1168 617/1/1209
f 1419/1/1210 604/1/1201 1420/1/1211
f 594/1/1172 1431/1/1212 1430/1/1213
f 1427/1/1214 1436/1/1215 1403/1/1162
f 625/1/1216 624/1/1217 1423/1/1218
f 536/1/941 1850/1/36 1849/1/36
f 1850/1/36 536/1/941 1851/1/36
f 613/1/37 1849/1/37 1434/1/37
f 1421/1/36 536/1/941 1849/1/36
f 536/1/941 1428/1/36 1851/1/36
f 1432/1/37 1428/1/37 619/1/37
f 1433/1/37 1851/1/37 1432/1/37
f 1434/1/37 1850/1/37 1433/1/37
f 1852/1/1219 1854/1/1220 607/1/1221
f 1852/1/1222 608/1/1223 623/1/1224
f 1429/1/1225 623/1/1226 608/1/1227
f 615/1/1197 622/1/1228 604/1/1229
f 609/1/1175 1435/1/1230 1429/1/1231
f 1420/1/1204 1855/1/1232 614/1/1233
f 1422/1/1234 1435/1/1230 609/1/1175
f 1855/1/1232 635/1/1235 614/1/1233
f 1841/1/1190 614/1/1236 620/1/1237
f 617/1/1208 1853/1/1195 636/1/1238
f 617/1/1209 636/1/1239 629/1/1240
f 1852/1/1241 631/1/1242 1854/1/1243
f 1852/1/1244 632/1/1245 631/1/1246
f 1852/1/1222 623/1/1224 632/1/1247
f 622/1/1248 627/1/1249 1855/1/1250
f 1400/1/1251 1486/1/1252 536/1/941
f 536/1/941 1857/1/36 1856/1/36
f 536/1/941 1858/1/36 1857/1/36
f 619/1/37 1856/1/37 1441/1/37
f 1428/1/36 536/1/941 1856/1/36
f 1440/1/37 1858/1/37 1439/1/37
f 1441/1/37 1857/1/37 1440/1/37
f 632/1/1245 1445/1/1253 631/1/1246
f 633/1/1254 1442/1/1255 623/1/1226
f 1431/1/1157 612/1/1156 1444/1/1256
f 1443/1/1257 637/1/1258 1435/1/1230
f 1855/1/1232 639/1/1259 635/1/1235
f 624/1/1217 638/1/1260 1451/1/1261
f 1853/1/1195 630/1/1262 643/1/1263
f 1442/1/1264 644/1/1265 632/1/1247
f 1859/1/1266 641/1/1267 628/1/1268
f 637/1/1258 652/1/1269 633/1/1270
f 1444/1/1271 1448/1/1272 1430/1/1213
f 1438/1/1273 1860/1/1274 1449/1/1275
f 643/1/1276 1452/1/1277 642/1/1278
f 644/1/1279 1445/1/1253 632/1/1245
f 642/1/1278 1862/1/1280 1859/1/1266
f 639/1/1281 1861/1/1282 647/1/1283
f 640/1/1284 647/1/1285 656/1/1286
f 1443/1/1257 645/1/1287 1450/1/1288
f 640/1/1289 656/1/1290 648/1/1291
f 648/1/1292 657/1/1292 1400/1/1292
f 1451/1/1261 661/1/1293 1860/1/1274
f 649/1/1294 1863/1/1295 643/1/1276
f 638/1/1260 1447/1/1296 1453/1/1297
f 1447/1/1296 654/1/1298 1453/1/1297
f 644/1/1265 652/1/1299 1462/1/1300
f 1861/1/1301 658/1/1302 1455/1/1303
f 1450/1/1288 653/1/1304 637/1/1258
f 645/1/1305 660/1/1306 659/1/1307
f 645/1/1287 659/1/1308 1450/1/1288
f 656/1/1290 657/1/1309 648/1/1291
f 657/1/1310 1486/1/1252 1400/1/1251
f 1860/1/1274 661/1/1293 660/1/1311
f 1446/1/1312 661/1/1293 1451/1/1261
f 1446/1/1312 1456/1/1313 661/1/1293
f 1462/1/1314 663/1/1315 651/1/1316
f 655/1/1317 664/1/1318 654/1/1298
f 659/1/1308 1460/1/1319 1450/1/1288
f 662/1/1320 1459/1/1321 656/1/1290
f 657/1/1309 1459/1/1321 680/1/1322
f 1456/1/1313 1866/1/1323 661/1/1293
f 649/1/1324 650/1/1325 673/1/1326
f 1863/1/1295 1467/1/1327 1452/1/1277
f 1462/1/1328 667/1/1329 663/1/1330
f 664/1/1318 669/1/1331 654/1/1298
f 1455/1/1332 665/1/1333 647/1/1334
f 659/1/1335 1865/1/1335 684/1/1335
f 680/1/1336 1486/1/1252 657/1/1310
f 1866/1/1323 668/1/1337 1466/1/1338
f 1456/1/1313 669/1/1331 668/1/1337
f 1454/1/1339 1457/1/1340 666/1/1341
f 669/1/1331 664/1/1318 1465/1/1342
f 1457/1/1340 1469/1/1343 666/1/1341
f 1864/1/1344 667/1/1345 1462/1/1300
f 666/1/1346 658/1/1302 1454/1/1347
f 666/1/1346 672/1/1348 658/1/1302
f 665/1/1349 671/1/1350 662/1/1320
f 1466/1/1338 668/1/1337 1472/1/1351
f 1863/1/1295 673/1/1352 682/1/1353
f 1467/1/1327 1463/1/1354 1457/1/1340
f 675/1/1355 674/1/1356 667/1/1329
f 667/1/1329 674/1/1356 663/1/1330
f 1464/1/1357 667/1/1345 1864/1/1344
f 653/1/1304 677/1/1358 1464/1/1359
f 672/1/1348 679/1/1360 1458/1/1361
f 679/1/1362 671/1/1350 665/1/1349
f 1459/1/1321 671/1/1350 687/1/1363
f 668/1/1337 1465/1/1342 1868/1/1364
f 686/1/1365 685/1/1366 664/1/1318
f 676/1/1367 683/1/1368 1464/1/1369
f 672/1/1348 1469/1/1370 681/1/1371
f 1461/1/1372 1471/1/1373 670/1/1374
f 678/1/1375 1472/1/1376 1476/1/1377
f 675/1/1355 691/1/1378 674/1/1356
f 1465/1/1342 685/1/1366 703/1/1379
f 686/1/1365 1477/1/1380 685/1/1366
f 1471/1/1381 686/1/1365 670/1/1374
f 681/1/1382 689/1/1383 679/1/1360
f 1470/1/1384 1473/1/1385 671/1/1350
f 684/1/1386 1869/1/1387 1867/1/1388
f 1476/1/1389 1869/1/1390 684/1/1391
f 680/1/1322 687/1/1363 688/1/1392
f 688/1/1393 704/1/1393 680/1/1393
f 1474/1/1394 1874/1/1394 695/1/1394
f 690/1/1395 1871/1/1396 1468/1/1397
f 1468/1/1397 1871/1/1396 1475/1/1398
f 703/1/1379 1477/1/1380 698/1/1399
f 1478/1/1400 708/1/1401 692/1/1402
f 1475/1/1398 1871/1/1396 705/1/1403
f 676/1/1404 702/1/1405 1478/1/1406
f 1470/1/1384 700/1/1407 1473/1/1385
f 1869/1/1387 702/1/1405 677/1/1358
f 700/1/1407 693/1/1408 1473/1/1385
f 1476/1/1409 1870/1/1410 696/1/1411
f 1870/1/1410 1873/1/1412 696/1/1411
f 1474/1/1413 694/1/1414 682/1/1353
f 690/1/1395 1490/1/1415 1871/1/1396
f 1478/1/1406 702/1/1405 1483/1/1416
f 1869/1/1390 696/1/1417 1481/1/1418
f 1869/1/1419 1481/1/1420 1485/1/1421
f 693/1/1408 704/1/1422 688/1/1392
f 1486/1/1252 704/1/1423 1479/1/1424
f 697/1/1425 1482/1/1426 1870/1/1410
f 700/1/1407 713/1/1427 693/1/1408
f 710/1/1428 709/1/1429 697/1/1425
f 698/1/1399 710/1/1428 703/1/1379
f 1489/1/1430 705/1/1403 714/1/1431
f 1489/1/1430 714/1/1431 712/1/1432
f 702/1/1405 1487/1/1433 1483/1/1416
f 699/1/1434 713/1/1435 700/1/1407
f 1488/1/1436 1487/1/1437 702/1/1405
f 696/1/1417 718/1/1438 1488/1/1439
f 713/1/1440 1479/1/1441 704/1/1422
f 1873/1/1412 718/1/1442 696/1/1411
f 1873/1/1412 719/1/1443 718/1/1442
f 707/1/1444 716/1/1445 715/1/1446
f 706/1/1447 715/1/1448 1490/1/1415
f 698/1/1399 1477/1/1380 720/1/1449
f 5/1/1450 26/1/40 4/1/39
f 3/1/25 738/1/24 1492/1/1451
f 3/1/1452 1492/1/1453 25/1/50
f 726/1/1454 20/1/53 19/1/1455
f 725/1/1456 724/1/1457 16/1/76
f 1/1/1458 722/1/1459 13/1/1460
f 722/1/1461 25/1/27 13/1/26
f 14/1/1462 2/1/1463 1/1/1464
f 11/1/71 509/1/485 86/1/69
f 1491/1/20 28/1/33 7/1/21
f 8/1/1075 17/1/57 1491/1/56
f 728/1/44 723/1/7 732/1/42
f 15/1/23 750/1/45 738/1/24
f 1492/1/1453 1497/1/48 25/1/50
f 726/1/1465 11/1/71 42/1/70
f 16/1/76 27/1/1466 1498/1/1467
f 2/1/17 24/1/31 739/1/54
f 12/1/1468 65/1/1469 1493/1/34
f 733/1/36 1495/1/36 729/1/36
f 734/1/36 1494/1/36 1495/1/36
f 735/1/36 1493/1/34 1494/1/36
f 4/1/39 1496/1/41 15/1/59
f 725/1/1470 1502/1/1471 730/1/12
f 732/1/13 730/1/12 36/1/1472
f 1492/1/1451 738/1/24 736/1/46
f 1492/1/1451 736/1/46 1497/1/1473
f 19/1/1455 20/1/53 41/1/52
f 19/1/1455 41/1/52 731/1/47
f 725/1/1456 16/1/76 1502/1/78
f 22/1/80 25/1/50 34/1/49
f 28/1/1474 1498/1/1475 27/1/1476
f 28/1/1477 31/1/1478 1498/1/1479
f 14/1/30 23/1/67 24/1/31
f 38/1/82 17/1/57 39/1/1480
f 31/1/58 17/1/57 38/1/82
f 17/1/57 727/1/5 1506/1/22
f 21/1/36 729/1/36 1499/1/36
f 740/1/36 1501/1/36 737/1/36
f 741/1/36 1500/1/36 1501/1/36
f 742/1/36 1499/1/36 1500/1/36
f 1496/1/41 26/1/40 35/1/86
f 26/1/2 728/1/1 30/1/1481
f 731/1/47 41/1/52 40/1/1482
f 736/1/46 768/1/105 1497/1/1473
f 726/1/1465 42/1/70 746/1/93
f 31/1/1478 37/1/1483 1498/1/1479
f 31/1/58 38/1/82 37/1/84
f 29/1/36 737/1/36 1503/1/36
f 747/1/36 1505/1/36 744/1/36
f 748/1/36 1504/1/36 1505/1/36
f 749/1/36 1503/1/36 1504/1/36
f 39/1/1480 1506/1/22 745/1/98
f 40/1/1482 1506/1/22 731/1/47
f 1497/1/48 768/1/1484 34/1/49
f 45/1/89 44/1/91 34/1/49
f 33/1/62 22/1/61 44/1/1485
f 16/1/76 1510/1/106 755/1/79
f 23/1/67 33/1/62 771/1/68
f 56/1/55 24/1/31 771/1/68
f 48/1/1486 39/1/1480 745/1/98
f 32/1/36 744/1/36 1507/1/36
f 757/1/36 1509/1/36 752/1/36
f 758/1/36 1508/1/36 1509/1/36
f 759/1/36 1507/1/36 1508/1/36
f 1496/1/41 751/1/87 46/1/97
f 35/1/1487 30/1/1481 47/1/1488
f 745/1/98 40/1/1482 760/1/99
f 36/1/75 753/1/1489 30/1/43
f 30/1/43 753/1/1489 47/1/1490
f 736/1/46 1514/1/88 768/1/105
f 754/1/117 36/1/1472 1502/1/1471
f 41/1/52 779/1/119 40/1/1482
f 769/1/1491 33/1/62 44/1/1485
f 770/1/139 33/1/62 769/1/1491
f 33/1/62 770/1/139 771/1/68
f 39/1/1480 48/1/1486 54/1/83
f 43/1/36 752/1/36 1511/1/36
f 765/1/36 1513/1/36 763/1/36
f 766/1/36 1512/1/36 1513/1/36
f 767/1/36 1511/1/36 1512/1/36
f 751/1/87 35/1/86 51/1/1492
f 47/1/1488 57/1/1493 51/1/1494
f 46/1/74 50/1/96 1514/1/88
f 36/1/1472 754/1/117 753/1/116
f 760/1/99 40/1/1482 779/1/119
f 754/1/1495 756/1/1496 52/1/1497
f 773/1/1498 1510/1/65 764/1/64
f 764/1/1499 53/1/122 773/1/124
f 54/1/83 71/1/127 53/1/95
f 774/1/1500 775/1/100 59/1/112
f 49/1/36 763/1/36 1515/1/36
f 776/1/36 1517/1/36 772/1/36
f 777/1/36 1516/1/36 1517/1/36
f 778/1/36 1515/1/36 1516/1/36
f 751/1/87 51/1/1492 67/1/128
f 790/1/114 50/1/96 66/1/111
f 1514/1/88 790/1/114 761/1/104
f 753/1/1501 52/1/1497 58/1/1502
f 756/1/77 755/1/79 69/1/163
f 755/1/79 1510/1/106 70/1/108
f 55/1/36 772/1/36 1518/1/36
f 783/1/36 1520/1/36 781/1/36
f 784/1/36 1519/1/36 1520/1/36
f 785/1/36 1518/1/36 1519/1/36
f 66/1/111 751/1/87 798/1/129
f 60/1/113 1525/1/131 59/1/112
f 779/1/119 79/1/130 60/1/113
f 52/1/1497 69/1/1503 58/1/1502
f 69/1/1503 52/1/1497 756/1/1496
f 762/1/90 45/1/89 780/1/136
f 61/1/118 80/1/138 779/1/119
f 755/1/79 70/1/108 69/1/163
f 1526/1/151 762/1/90 75/1/137
f 762/1/90 1526/1/151 769/1/120
f 61/1/92 42/1/70 791/1/1504
f 80/1/138 61/1/118 791/1/1505
f 769/1/1491 1526/1/140 770/1/139
f 71/1/127 774/1/126 78/1/154
f 774/1/1500 59/1/112 78/1/158
f 62/1/36 781/1/36 1521/1/36
f 787/1/36 1523/1/36 786/1/36
f 788/1/36 1522/1/36 1523/1/36
f 789/1/36 1521/1/36 1522/1/36
f 1524/1/171 68/1/1506 83/1/169
f 761/1/104 1531/1/149 780/1/1507
f 1527/1/1508 773/1/1509 800/1/1510
f 63/1/110 770/1/109 74/1/1511
f 72/1/36 786/1/36 1528/1/36
f 795/1/36 1530/1/36 793/1/36
f 796/1/36 1529/1/36 1530/1/36
f 797/1/36 1528/1/36 1529/1/36
f 798/1/129 67/1/128 90/1/167
f 76/1/145 798/1/129 90/1/167
f 782/1/134 58/1/133 794/1/159
f 799/1/1512 58/1/1502 69/1/1503
f 58/1/1502 799/1/1512 794/1/172
f 799/1/1512 69/1/1503 804/1/1513
f 75/1/137 809/1/1514 73/1/152
f 42/1/70 86/1/69 791/1/192
f 84/1/162 1527/1/1515 1535/1/194
f 74/1/141 73/1/1516 801/1/182
f 800/1/1510 1535/1/1517 1527/1/1508
f 800/1/123 71/1/1518 77/1/1519
f 91/1/184 800/1/123 77/1/1519
f 63/1/110 82/1/1520 64/1/125
f 81/1/36 793/1/36 1532/1/36
f 805/1/36 1534/1/36 802/1/36
f 806/1/36 1533/1/36 1534/1/36
f 807/1/36 1532/1/36 1533/1/36
f 90/1/167 67/1/128 792/1/165
f 799/1/1512 803/1/204 794/1/172
f 79/1/130 80/1/138 94/1/178
f 1531/1/150 88/1/190 809/1/161
f 801/1/1521 809/1/1514 96/1/215
f 810/1/181 74/1/141 801/1/182
f 63/1/110 810/1/197 82/1/222
f 810/1/197 114/1/196 82/1/222
f 64/1/73 812/1/1522 743/1/35
f 91/1/184 78/1/1523 808/1/200
f 814/1/168 110/1/202 104/1/186
f 89/1/148 97/1/201 1545/1/208
f 99/1/173 794/1/172 803/1/204
f 89/1/148 1545/1/208 88/1/1524
f 820/1/214 801/1/1521 96/1/215
f 85/1/1525 791/1/1525 112/1/1525
f 820/1/217 107/1/183 801/1/182
f 100/1/180 1535/1/194 101/1/219
f 101/1/195 91/1/184 102/1/199
f 792/1/225 1524/1/1526 98/1/223
f 808/1/200 92/1/157 104/1/186
f 87/1/36 802/1/36 1536/1/36
f 815/1/36 1538/1/36 813/1/36
f 816/1/36 1537/1/36 1538/1/36
f 817/1/36 1536/1/36 1537/1/36
f 93/1/160 111/1/211 110/1/202
f 828/1/206 99/1/173 803/1/204
f 121/1/1527 99/1/173 828/1/206
f 115/1/203 804/1/175 116/1/1528
f 124/1/212 85/1/179 112/1/1529
f 86/1/69 142/1/302 112/1/193
f 103/1/198 808/1/200 822/1/1530
f 818/1/224 98/1/223 108/1/1531
f 95/1/36 813/1/36 1539/1/36
f 823/1/36 1541/1/36 821/1/36
f 824/1/36 1540/1/36 1541/1/36
f 825/1/36 1539/1/36 1540/1/36
f 792/1/165 818/1/231 811/1/166
f 98/1/189 99/1/188 121/1/234
f 97/1/201 826/1/233 1545/1/208
f 1546/1/227 819/1/1532 829/1/1533
f 116/1/213 100/1/180 132/1/236
f 96/1/228 1546/1/227 106/1/1534
f 119/1/1535 106/1/1534 1546/1/227
f 107/1/183 127/1/218 844/1/238
f 114/1/196 107/1/183 844/1/238
f 105/1/36 821/1/36 1542/1/36
f 831/1/36 1544/1/36 827/1/36
f 832/1/36 1543/1/36 1544/1/36
f 833/1/36 1542/1/36 1543/1/36
f 1545/1/208 826/1/233 829/1/209
f 828/1/206 122/1/1536 121/1/1527
f 124/1/212 112/1/1529 142/1/302
f 132/1/236 109/1/220 835/1/1537
f 123/1/1538 117/1/230 822/1/1530
f 113/1/36 827/1/36 1547/1/36
f 837/1/36 1549/1/36 834/1/36
f 838/1/36 1548/1/36 1549/1/36
f 839/1/36 1547/1/36 1548/1/36
f 818/1/231 130/1/1539 120/1/232
f 840/1/242 822/1/1530 104/1/186
f 110/1/202 840/1/242 104/1/186
f 826/1/233 129/1/246 829/1/209
f 110/1/202 111/1/211 133/1/241
f 115/1/1540 843/1/247 122/1/249
f 133/1/241 111/1/211 841/1/226
f 116/1/1528 131/1/252 115/1/203
f 829/1/1533 128/1/254 1546/1/227
f 119/1/1541 126/1/268 127/1/218
f 109/1/1542 139/1/1542 835/1/1542
f 127/1/218 1550/1/269 844/1/238
f 844/1/238 136/1/286 137/1/239
f 117/1/230 123/1/1543 140/1/244
f 743/1/35 812/1/1522 849/1/272
f 118/1/36 834/1/36 1551/1/36
f 845/1/36 1553/1/36 842/1/36
f 846/1/36 1552/1/36 1553/1/36
f 847/1/36 1551/1/36 1552/1/36
f 108/1/235 121/1/234 1554/1/1544
f 119/1/1535 1546/1/227 138/1/255
f 830/1/210 124/1/212 134/1/1545
f 1550/1/269 126/1/268 144/1/282
f 139/1/285 140/1/244 861/1/271
f 1550/1/269 865/1/283 136/1/286
f 812/1/1546 137/1/1546 849/1/1546
f 140/1/244 123/1/1543 869/1/270
f 840/1/242 856/1/256 123/1/1538
f 125/1/36 842/1/36 1555/1/36
f 853/1/36 1557/1/36 850/1/36
f 854/1/36 1556/1/36 1557/1/36
f 855/1/36 1555/1/36 1556/1/36
f 120/1/232 130/1/1539 145/1/259
f 120/1/232 848/1/1547 129/1/246
f 133/1/241 148/1/275 856/1/256
f 130/1/1548 1554/1/1544 873/1/1549
f 129/1/246 848/1/1547 884/1/1550
f 1561/1/250 129/1/246 884/1/1550
f 131/1/252 857/1/1551 843/1/253
f 1554/1/248 843/1/247 146/1/1552
f 841/1/226 830/1/210 134/1/1545
f 128/1/254 1561/1/1553 138/1/255
f 126/1/267 119/1/1554 138/1/265
f 835/1/1537 874/1/281 132/1/236
f 135/1/36 850/1/36 1558/1/36
f 862/1/36 1560/1/36 859/1/36
f 863/1/36 1559/1/36 1560/1/36
f 864/1/36 1558/1/36 1559/1/36
f 120/1/232 1565/1/260 848/1/290
f 145/1/259 130/1/1539 867/1/1555
f 867/1/1556 130/1/1548 873/1/1549
f 884/1/1550 848/1/1547 881/1/289
f 148/1/275 851/1/274 882/1/1557
f 1554/1/248 146/1/1552 873/1/1558
f 146/1/262 857/1/261 147/1/1559
f 138/1/265 858/1/291 144/1/266
f 142/1/302 150/1/304 134/1/1560
f 877/1/309 869/1/270 852/1/257
f 143/1/36 859/1/36 1562/1/36
f 870/1/36 1564/1/36 866/1/36
f 871/1/36 1563/1/36 1564/1/36
f 872/1/36 1562/1/36 1563/1/36
f 134/1/1545 150/1/300 141/1/276
f 857/1/264 1566/1/280 153/1/1561
f 865/1/283 144/1/282 152/1/1562
f 874/1/281 139/1/1563 875/1/293
f 849/1/295 136/1/1564 1567/1/287
f 149/1/36 866/1/36 1568/1/36
f 878/1/36 1570/1/36 876/1/36
f 879/1/36 1569/1/36 1570/1/36
f 880/1/36 1568/1/36 1569/1/36
f 1565/1/260 145/1/259 1571/1/298
f 1571/1/311 145/1/259 867/1/1555
f 1572/1/288 882/1/1557 899/1/314
f 873/1/1549 883/1/1565 867/1/1556
f 883/1/320 900/1/319 867/1/1566
f 884/1/1550 881/1/289 887/1/326
f 146/1/1552 883/1/1567 873/1/1558
f 884/1/1550 887/1/326 886/1/1568
f 885/1/1569 146/1/262 147/1/1559
f 147/1/1559 153/1/1570 885/1/1569
f 886/1/278 160/1/322 1573/1/324
f 875/1/293 889/1/1571 868/1/294
f 159/1/296 1567/1/287 158/1/306
f 869/1/270 155/1/307 861/1/271
f 1572/1/288 169/1/315 877/1/309
f 867/1/1555 900/1/312 1571/1/311
f 887/1/326 881/1/289 165/1/299
f 886/1/1568 887/1/326 160/1/328
f 1574/1/301 150/1/300 1575/1/1572
f 890/1/339 1573/1/1573 164/1/337
f 890/1/339 152/1/292 1573/1/1573
f 157/1/1574 152/1/1562 890/1/1575
f 1566/1/280 868/1/294 889/1/333
f 865/1/283 152/1/1562 157/1/1574
f 157/1/1574 158/1/306 865/1/283
f 154/1/308 155/1/307 168/1/335
f 877/1/309 161/1/340 155/1/307
f 161/1/340 877/1/309 169/1/315
f 151/1/36 876/1/36 1576/1/36
f 891/1/36 1578/1/36 888/1/36
f 892/1/36 1577/1/36 1578/1/36
f 893/1/36 1576/1/36 1577/1/36
f 153/1/1561 1599/1/334 898/1/1576
f 153/1/1561 1566/1/280 1599/1/334
f 167/1/367 885/1/1577 901/1/1578
f 160/1/322 905/1/350 164/1/323
f 154/1/1579 909/1/1579 889/1/1579
f 157/1/1574 890/1/1575 922/1/1580
f 158/1/306 157/1/1574 1586/1/345
f 163/1/273 159/1/343 172/1/1581
f 156/1/36 888/1/36 1579/1/36
f 902/1/36 1581/1/36 895/1/36
f 903/1/36 1580/1/36 1581/1/36
f 904/1/36 1579/1/36 1580/1/36
f 920/1/310 1571/1/298 896/1/1582
f 900/1/312 166/1/364 896/1/313
f 173/1/1583 887/1/326 165/1/299
f 901/1/1584 153/1/1570 898/1/1585
f 1599/1/334 889/1/333 907/1/394
f 889/1/1586 909/1/353 907/1/1587
f 168/1/341 910/1/358 909/1/357
f 168/1/341 161/1/340 910/1/358
f 920/1/310 896/1/1582 176/1/362
f 162/1/36 895/1/36 1582/1/36
f 911/1/36 1584/1/36 906/1/36
f 912/1/36 1583/1/36 1584/1/36
f 913/1/36 1582/1/36 1583/1/36
f 165/1/299 920/1/310 173/1/1583
f 166/1/325 897/1/321 177/1/1588
f 887/1/326 173/1/1583 894/1/327
f 921/1/368 167/1/367 901/1/1578
f 1574/1/301 1575/1/1572 1594/1/352
f 164/1/337 1590/1/351 922/1/338
f 163/1/273 172/1/1581 182/1/385
f 161/1/340 180/1/1589 910/1/358
f 169/1/315 174/1/378 180/1/1589
f 171/1/36 906/1/36 1587/1/36
f 917/1/36 1589/1/360 916/1/361
f 918/1/36 1588/1/360 1589/1/360
f 919/1/36 1587/1/36 1588/1/360
f 176/1/365 166/1/364 925/1/1590
f 173/1/1583 920/1/310 914/1/363
f 170/1/344 931/1/376 174/1/378
f 894/1/327 173/1/1583 923/1/390
f 170/1/344 899/1/314 1585/1/347
f 167/1/329 178/1/1591 177/1/1592
f 905/1/350 183/1/381 1590/1/351
f 175/1/36 916/1/361 1591/1/361
f 928/1/36 1593/1/361 924/1/361
f 929/1/36 1592/1/361 1593/1/361
f 930/1/36 1591/1/361 1592/1/361
f 173/1/1583 914/1/363 189/1/391
f 925/1/1593 177/1/1594 184/1/1595
f 173/1/1583 189/1/391 923/1/390
f 931/1/376 1585/1/347 926/1/400
f 1594/1/352 937/1/403 908/1/348
f 898/1/1576 1599/1/334 935/1/406
f 86/1/69 1153/1/453 186/1/305
f 181/1/36 924/1/361 1596/1/361
f 938/1/36 1598/1/361 934/1/361
f 939/1/36 1597/1/361 1598/1/361
f 940/1/36 1596/1/361 1597/1/361
f 176/1/362 190/1/388 914/1/363
f 189/1/391 914/1/363 194/1/389
f 932/1/392 189/1/391 1604/1/399
f 923/1/390 932/1/392 949/1/1596
f 921/1/368 935/1/382 178/1/369
f 926/1/400 908/1/348 937/1/403
f 193/1/1597 183/1/381 949/1/1598
f 193/1/1597 949/1/1598 1605/1/1599
f 935/1/406 1599/1/334 197/1/407
f 907/1/394 197/1/407 1599/1/334
f 907/1/394 936/1/396 197/1/407
f 927/1/356 933/1/409 182/1/371
f 187/1/36 934/1/361 1600/1/361
f 945/1/36 1602/1/361 942/1/361
f 946/1/36 1601/1/361 1602/1/361
f 947/1/36 1600/1/361 1601/1/361
f 190/1/1600 925/1/1601 195/1/1602
f 195/1/1603 184/1/1604 948/1/1605
f 184/1/1604 178/1/1606 948/1/1605
f 948/1/1607 935/1/1608 196/1/1609
f 1605/1/1599 949/1/1596 950/1/425
f 943/1/404 937/1/403 1594/1/352
f 941/1/1610 188/1/1611 193/1/1612
f 927/1/1613 188/1/1614 941/1/1615
f 185/1/354 1603/1/1616 179/1/355
f 185/1/354 1595/1/1617 1603/1/1616
f 182/1/371 201/1/410 202/1/1618
f 190/1/388 228/1/1619 194/1/389
f 205/1/439 190/1/1620 195/1/440
f 1604/1/399 194/1/389 204/1/436
f 195/1/1603 948/1/1605 953/1/1621
f 209/1/415 950/1/425 932/1/392
f 959/1/1622 1605/1/1599 950/1/425
f 943/1/404 213/1/426 199/1/405
f 203/1/1623 951/1/1624 193/1/1612
f 196/1/408 197/1/407 211/1/416
f 193/1/1597 1605/1/1599 203/1/1625
f 943/1/393 186/1/305 253/1/431
f 215/1/428 941/1/1615 951/1/1624
f 193/1/1612 951/1/1624 941/1/1610
f 933/1/1626 941/1/1615 215/1/428
f 1595/1/1617 955/1/1627 1603/1/1616
f 954/1/455 1606/1/397 206/1/1628
f 955/1/421 1606/1/397 954/1/455
f 1606/1/397 207/1/414 206/1/1628
f 192/1/36 942/1/361 1607/1/361
f 956/1/36 1609/1/361 952/1/361
f 957/1/36 1608/1/361 1609/1/361
f 958/1/36 1607/1/361 1608/1/361
f 199/1/405 212/1/427 225/1/442
f 199/1/405 225/1/442 198/1/401
f 210/1/462 953/1/1629 962/1/1630
f 196/1/1631 975/1/445 962/1/447
f 203/1/1625 1605/1/1599 959/1/1622
f 955/1/1627 223/1/434 961/1/433
f 933/1/1626 215/1/428 201/1/410
f 228/1/1632 190/1/1633 205/1/1634
f 200/1/36 952/1/361 1610/1/361
f 963/1/36 1612/1/360 960/1/360
f 964/1/36 1611/1/361 1612/1/360
f 965/1/36 1610/1/361 1611/1/361
f 206/1/1628 207/1/414 224/1/423
f 1604/1/399 218/1/438 209/1/415
f 962/1/1630 220/1/460 210/1/462
f 203/1/1625 959/1/1622 217/1/1635
f 217/1/1635 959/1/1622 227/1/1636
f 211/1/416 221/1/452 975/1/463
f 978/1/465 951/1/1624 203/1/1623
f 213/1/1637 943/1/1637 990/1/1637
f 215/1/428 951/1/1624 979/1/467
f 211/1/416 961/1/420 222/1/451
f 202/1/1618 201/1/410 966/1/473
f 955/1/421 954/1/455 223/1/434
f 980/1/457 223/1/434 954/1/455
f 969/1/456 954/1/455 206/1/1628
f 208/1/36 960/1/360 1613/1/360
f 970/1/36 1615/1/360 967/1/360
f 971/1/36 1614/1/360 1615/1/360
f 972/1/36 1613/1/360 1614/1/360
f 224/1/423 198/1/401 968/1/443
f 959/1/424 995/1/430 227/1/1636
f 213/1/426 990/1/500 212/1/427
f 212/1/427 990/1/500 233/1/444
f 951/1/1624 978/1/465 979/1/467
f 235/1/1638 215/1/428 979/1/467
f 215/1/428 235/1/1638 216/1/1639
f 966/1/473 216/1/429 236/1/472
f 969/1/456 224/1/423 977/1/476
f 214/1/36 967/1/360 1616/1/360
f 981/1/36 1618/1/360 974/1/458
f 982/1/36 1617/1/360 1618/1/360
f 983/1/36 1616/1/360 1617/1/360
f 204/1/412 228/1/411 219/1/437
f 205/1/1634 973/1/1640 228/1/1632
f 210/1/1641 989/1/480 973/1/479
f 217/1/1635 986/1/1642 978/1/465
f 978/1/465 986/1/1642 1012/1/503
f 253/1/431 245/1/1643 990/1/432
f 979/1/467 1630/1/466 235/1/1638
f 223/1/434 240/1/487 976/1/454
f 305/1/297 202/1/422 247/1/1644
f 980/1/457 969/1/456 991/1/477
f 1625/1/488 228/1/411 231/1/1645
f 226/1/36 974/1/458 1619/1/458
f 992/1/36 1621/1/458 988/1/458
f 993/1/36 1620/1/458 1621/1/458
f 994/1/36 1619/1/458 1620/1/458
f 228/1/411 1625/1/488 219/1/437
f 219/1/437 984/1/489 230/1/459
f 228/1/411 973/1/1646 231/1/1645
f 995/1/430 218/1/438 230/1/459
f 995/1/430 985/1/497 227/1/1636
f 227/1/1636 985/1/497 986/1/1642
f 1000/1/486 991/1/477 241/1/531
f 229/1/36 988/1/458 1622/1/458
f 1001/1/36 1624/1/458 997/1/458
f 1002/1/36 1623/1/458 1624/1/458
f 1003/1/36 1622/1/458 1623/1/458
f 231/1/1647 989/1/1647 1008/1/1647
f 968/1/443 1004/1/494 977/1/476
f 233/1/444 1004/1/494 968/1/443
f 1634/1/1648 240/1/487 1016/1/506
f 235/1/471 1638/1/529 236/1/472
f 236/1/472 1638/1/529 987/1/474
f 987/1/1649 247/1/1649 966/1/1649
f 231/1/1645 244/1/1650 1625/1/488
f 234/1/36 997/1/458 1626/1/458
f 1009/1/36 1628/1/458 1007/1/458
f 1010/1/36 1627/1/458 1628/1/458
f 1011/1/36 1626/1/458 1627/1/458
f 241/1/531 977/1/476 999/1/495
f 244/1/1651 231/1/1652 1008/1/1653
f 1005/1/478 255/1/521 1020/1/493
f 233/1/444 1021/1/501 1004/1/494
f 1630/1/504 1012/1/503 1027/1/513
f 250/1/502 221/1/452 1629/1/542
f 1629/1/542 221/1/452 998/1/1654
f 1006/1/543 1638/1/1655 235/1/1638
f 1016/1/506 1000/1/486 256/1/560
f 241/1/531 256/1/560 1000/1/486
f 984/1/489 1625/1/488 261/1/519
f 242/1/36 1007/1/458 1631/1/458
f 1017/1/36 1633/1/458 1014/1/458
f 1018/1/36 1632/1/458 1633/1/458
f 1019/1/36 1631/1/458 1632/1/458
f 1008/1/1653 1015/1/1656 244/1/1651
f 237/1/491 1015/1/1656 1008/1/492
f 1020/1/493 1036/1/522 243/1/525
f 1004/1/494 1021/1/501 1643/1/523
f 238/1/484 248/1/1657 237/1/496
f 1027/1/511 996/1/510 243/1/538
f 1629/1/515 1634/1/505 251/1/1658
f 260/1/520 255/1/521 984/1/489
f 246/1/36 1014/1/458 1635/1/458
f 1024/1/36 1637/1/458 1022/1/458
f 1025/1/36 1636/1/458 1637/1/458
f 1026/1/36 1635/1/458 1636/1/458
f 264/1/532 252/1/524 271/1/551
f 237/1/491 1035/1/567 1015/1/1656
f 272/1/540 1643/1/523 1021/1/501
f 243/1/538 1644/1/537 1027/1/511
f 1021/1/501 245/1/512 257/1/539
f 245/1/512 1023/1/1659 257/1/539
f 1013/1/1660 1006/1/543 1038/1/545
f 1634/1/1648 1016/1/506 1040/1/557
f 1039/1/530 1638/1/529 1013/1/1661
f 254/1/36 1022/1/458 1639/1/458
f 1031/1/36 1641/1/458 1029/1/458
f 1032/1/36 1640/1/458 1641/1/458
f 1033/1/36 1639/1/458 1640/1/458
f 267/1/534 1036/1/522 259/1/549
f 1037/1/1662 1027/1/1662 1644/1/1662
f 1038/1/1663 1027/1/1663 1651/1/1663
f 1038/1/545 1651/1/596 1013/1/1660
f 1039/1/530 1013/1/1661 1646/1/587
f 1035/1/567 1650/1/1664 1645/1/568
f 249/1/1665 268/1/1666 1030/1/1667
f 268/1/569 262/1/541 277/1/574
f 253/1/431 296/1/570 1023/1/572
f 1023/1/1659 1055/1/584 257/1/539
f 1013/1/1660 1651/1/596 1646/1/1668
f 269/1/558 1040/1/557 270/1/1669
f 258/1/36 1029/1/458 1647/1/458
f 1042/1/36 1649/1/458 1041/1/458
f 1043/1/36 1648/1/458 1649/1/458
f 1044/1/36 1647/1/458 1648/1/458
f 1650/1/1670 1035/1/553 1030/1/555
f 1030/1/1671 283/1/605 1650/1/607
f 283/1/614 268/1/1666 1054/1/1672
f 1030/1/1667 268/1/1666 283/1/614
f 1037/1/581 1644/1/537 275/1/582
f 272/1/540 257/1/539 1065/1/617
f 277/1/574 269/1/573 1048/1/594
f 270/1/1669 1048/1/599 269/1/558
f 274/1/588 1646/1/587 1052/1/1673
f 296/1/570 253/1/431 1153/1/453
f 247/1/1644 1656/1/1674 305/1/297
f 266/1/36 1041/1/458 1652/1/458
f 1049/1/36 1654/1/458 1047/1/458
f 1050/1/36 1653/1/458 1654/1/458
f 1051/1/36 1652/1/458 1653/1/458
f 260/1/520 1655/1/577 1028/1/548
f 1645/1/564 282/1/1675 276/1/565
f 1645/1/568 1650/1/1664 282/1/1676
f 285/1/579 272/1/540 1065/1/617
f 1098/1/1677 1656/1/1678 274/1/1679
f 293/1/612 278/1/575 279/1/610
f 273/1/36 1047/1/458 1657/1/458
f 1057/1/36 1659/1/458 1053/1/458
f 1058/1/36 1658/1/458 1659/1/458
f 1059/1/36 1657/1/458 1658/1/458
f 289/1/603 1655/1/577 1667/1/602
f 1028/1/548 289/1/603 1045/1/578
f 282/1/1676 1650/1/1664 1062/1/1680
f 288/1/591 275/1/582 1060/1/1681
f 1055/1/584 1073/1/632 1065/1/585
f 1052/1/598 1056/1/597 287/1/609
f 1052/1/1673 287/1/625 274/1/588
f 305/1/297 1656/1/1674 1098/1/653
f 280/1/590 294/1/628 279/1/630
f 290/1/1682 1667/1/602 276/1/589
f 281/1/36 1053/1/458 1660/1/458
f 1066/1/36 1662/1/458 1061/1/458
f 1067/1/36 1661/1/458 1662/1/458
f 1068/1/36 1660/1/458 1661/1/458
f 290/1/1683 282/1/1675 1069/1/1684
f 290/1/1683 276/1/565 282/1/1675
f 1069/1/1685 282/1/1676 1062/1/1680
f 280/1/590 284/1/580 295/1/1686
f 1062/1/606 283/1/605 1072/1/1687
f 283/1/614 1054/1/1672 291/1/615
f 287/1/625 1083/1/608 298/1/626
f 1098/1/1677 274/1/1679 298/1/1688
f 286/1/36 1061/1/458 1664/1/458
f 1074/1/36 1666/1/458 1071/1/458
f 1075/1/36 1665/1/458 1666/1/458
f 1076/1/36 1664/1/458 1665/1/458
f 295/1/1686 1088/1/641 294/1/628
f 1069/1/1685 1062/1/1680 302/1/1689
f 300/1/604 289/1/603 301/1/631
f 285/1/579 1064/1/618 284/1/580
f 284/1/580 1064/1/618 295/1/1686
f 1060/1/1681 299/1/635 288/1/591
f 288/1/591 299/1/635 1070/1/634
f 1065/1/617 1080/1/633 1064/1/618
f 1064/1/618 1106/1/659 295/1/1686
f 299/1/1690 1060/1/644 306/1/651
f 291/1/592 303/1/595 1081/1/1691
f 1082/1/1692 1070/1/1693 1077/1/1694
f 313/1/1695 303/1/595 292/1/1696
f 1063/1/1697 309/1/1697 292/1/1697
f 298/1/626 1083/1/608 1078/1/664
f 297/1/36 1071/1/458 1668/1/458
f 1085/1/36 1670/1/458 1079/1/640
f 1086/1/36 1669/1/458 1670/1/458
f 1087/1/36 1668/1/458 1669/1/458
f 290/1/1682 307/1/1698 1667/1/602
f 1667/1/602 1093/1/670 301/1/631
f 290/1/1683 1069/1/1684 307/1/1699
f 1096/1/643 301/1/631 1093/1/654
f 308/1/1700 1069/1/1685 302/1/1689
f 1088/1/641 295/1/1686 1106/1/659
f 299/1/635 306/1/651 1685/1/661
f 299/1/635 1685/1/661 1077/1/636
f 1073/1/632 320/1/675 1080/1/633
f 1077/1/1694 1102/1/1701 1082/1/1692
f 1101/1/1702 303/1/595 313/1/1695
f 1078/1/664 1083/1/608 322/1/646
f 1098/1/1677 298/1/1688 316/1/676
f 1667/1/602 307/1/1698 1093/1/670
f 304/1/36 1079/1/640 1672/1/640
f 1090/1/36 1674/1/640 1089/1/640
f 1091/1/36 1673/1/640 1674/1/640
f 1092/1/36 1672/1/640 1673/1/640
f 1088/1/641 1678/1/1703 1084/1/642
f 307/1/1699 308/1/1704 317/1/1705
f 1072/1/1687 312/1/1706 1094/1/1707
f 1106/1/659 1064/1/618 1080/1/633
f 1102/1/1701 1077/1/1694 1097/1/1708
f 1122/1/1709 1101/1/1702 313/1/1695
f 313/1/648 1671/1/647 1122/1/1710
f 1671/1/638 309/1/637 327/1/1711
f 309/1/637 314/1/1712 327/1/1711
f 309/1/637 310/1/1713 314/1/1712
f 307/1/1698 1095/1/668 1093/1/670
f 1084/1/642 1678/1/1703 314/1/665
f 311/1/36 1089/1/640 1675/1/640
f 1103/1/36 1677/1/640 1099/1/640
f 1104/1/36 1676/1/640 1677/1/640
f 1105/1/36 1675/1/640 1676/1/640
f 314/1/665 1678/1/1703 1118/1/666
f 317/1/1714 308/1/1715 318/1/1716
f 324/1/650 1096/1/643 336/1/655
f 318/1/1717 1094/1/1718 1100/1/696
f 306/1/651 324/1/650 323/1/1719
f 1685/1/661 306/1/651 323/1/1719
f 312/1/1720 1101/1/1702 319/1/1721
f 1123/1/1722 1122/1/1710 1671/1/647
f 315/1/36 1099/1/640 1679/1/640
f 1110/1/36 1681/1/640 1107/1/640
f 1111/1/36 1680/1/640 1681/1/640
f 1112/1/36 1679/1/640 1680/1/640
f 1118/1/666 1678/1/1703 1109/1/681
f 1106/1/659 329/1/660 1109/1/681
f 1106/1/659 1109/1/681 1678/1/1703
f 319/1/1721 1101/1/1702 326/1/1723
f 296/1/570 345/1/679 320/1/645
f 1122/1/1709 326/1/1723 1101/1/1702
f 1102/1/1724 1114/1/701 322/1/646
f 1078/1/1725 332/1/677 316/1/676
f 327/1/1711 328/1/1726 1128/1/1727
f 388/1/613 316/1/680 333/1/1728
f 328/1/667 1118/1/666 337/1/682
f 321/1/36 1107/1/640 1682/1/640
f 1119/1/36 1684/1/640 1115/1/640
f 1120/1/36 1683/1/640 1684/1/640
f 1121/1/36 1682/1/640 1683/1/640
f 1116/1/1729 317/1/1714 318/1/1716
f 1095/1/668 317/1/1730 1116/1/1731
f 325/1/1732 1138/1/1733 336/1/655
f 1116/1/695 318/1/1717 1100/1/696
f 335/1/698 324/1/650 336/1/655
f 323/1/1719 324/1/650 335/1/698
f 1689/1/672 1108/1/671 1117/1/1734
f 1108/1/657 312/1/656 319/1/1735
f 323/1/1719 334/1/686 1685/1/661
f 1097/1/662 1685/1/661 1125/1/689
f 1097/1/1708 1113/1/1736 1102/1/1701
f 344/1/1737 320/1/645 345/1/679
f 1102/1/1724 1113/1/1738 1114/1/701
f 332/1/663 322/1/646 1114/1/701
f 1123/1/1739 327/1/1740 1128/1/1741
f 355/1/1742 1095/1/1743 1693/1/1744
f 1128/1/1727 328/1/1726 342/1/1745
f 331/1/36 1115/1/640 1686/1/640
f 1129/1/36 1688/1/640 1126/1/640
f 1130/1/36 1687/1/640 1688/1/640
f 1131/1/36 1686/1/640 1687/1/640
f 325/1/669 1095/1/668 355/1/691
f 342/1/1746 337/1/682 350/1/1747
f 1109/1/681 343/1/1748 337/1/682
f 329/1/660 343/1/1748 1109/1/681
f 329/1/660 330/1/674 343/1/1748
f 1125/1/687 334/1/686 1139/1/699
f 319/1/684 348/1/1749 1117/1/685
f 340/1/1750 1113/1/1751 339/1/1752
f 1114/1/701 1113/1/1738 340/1/702
f 1122/1/1709 1134/1/728 326/1/1723
f 333/1/678 332/1/677 347/1/740
f 338/1/36 1126/1/640 1690/1/640
f 1135/1/36 1692/1/640 1132/1/640
f 1136/1/36 1691/1/640 1692/1/640
f 1137/1/36 1690/1/640 1691/1/640
f 337/1/682 351/1/1753 350/1/1747
f 337/1/682 343/1/1748 351/1/1753
f 1127/1/697 1689/1/694 356/1/712
f 330/1/674 357/1/1754 343/1/1748
f 1151/1/1755 1117/1/685 348/1/1749
f 339/1/1756 1125/1/1757 1141/1/1758
f 330/1/674 344/1/688 357/1/1754
f 319/1/1721 326/1/1723 348/1/727
f 345/1/679 1160/1/1759 344/1/1737
f 347/1/740 341/1/1760 359/1/719
f 1128/1/1727 342/1/1745 1694/1/1761
f 388/1/613 333/1/1728 368/1/1762
f 346/1/36 1132/1/640 1695/1/640
f 1146/1/36 1697/1/640 1143/1/640
f 1147/1/36 1696/1/640 1697/1/640
f 1148/1/36 1695/1/640 1696/1/640
f 1138/1/1733 354/1/745 1149/1/721
f 1138/1/1733 1149/1/721 335/1/698
f 1149/1/721 361/1/714 335/1/698
f 1141/1/1763 1139/1/699 1140/1/716
f 344/1/688 1160/1/1764 357/1/1754
f 326/1/1723 1133/1/725 348/1/727
f 1142/1/1765 339/1/1756 1141/1/1758
f 340/1/702 353/1/718 341/1/703
f 1694/1/704 1700/1/1766 349/1/1767
f 342/1/1745 1144/1/1768 1700/1/731
f 342/1/1746 350/1/1747 1144/1/1769
f 351/1/1753 1165/1/748 350/1/1747
f 1165/1/748 351/1/1753 1145/1/746
f 1693/1/1770 1127/1/1770 1698/1/1770
f 1698/1/751 356/1/1771 363/1/749
f 1145/1/746 351/1/1753 1161/1/755
f 363/1/764 356/1/1772 370/1/765
f 351/1/1753 357/1/1754 1161/1/755
f 1141/1/1758 1704/1/757 1142/1/1765
f 1151/1/726 1133/1/725 1159/1/769
f 1699/1/758 349/1/1767 1700/1/1766
f 1700/1/1766 371/1/759 1699/1/758
f 347/1/740 359/1/719 360/1/741
f 1144/1/1769 366/1/762 365/1/732
f 1700/1/731 1144/1/1768 365/1/732
f 1144/1/1769 350/1/1747 1165/1/748
f 352/1/36 1143/1/640 1701/1/640
f 1154/1/36 1703/1/640 1150/1/640
f 1155/1/36 1702/1/640 1703/1/640
f 1156/1/36 1701/1/640 1702/1/640
f 362/1/1773 355/1/1742 1698/1/1774
f 1693/1/1744 1698/1/1774 355/1/1742
f 1140/1/716 361/1/714 369/1/722
f 1161/1/755 357/1/1754 372/1/753
f 1151/1/715 1159/1/1775 364/1/723
f 1704/1/757 1141/1/1758 1140/1/1776
f 1133/1/725 377/1/737 1159/1/769
f 1704/1/734 353/1/736 1142/1/1777
f 345/1/1778 409/1/770 1160/1/772
f 1152/1/729 378/1/739 377/1/737
f 388/1/613 368/1/1762 374/1/1779
f 358/1/36 1150/1/640 1705/1/640
f 1162/1/36 1707/1/640 1157/1/640
f 1163/1/36 1706/1/640 1707/1/640
f 1164/1/36 1705/1/640 1706/1/640
f 1124/1/692 375/1/744 354/1/745
f 366/1/762 1165/1/748 1715/1/747
f 362/1/1773 1698/1/1774 1158/1/1780
f 354/1/1781 375/1/1782 1178/1/785
f 1178/1/785 369/1/722 354/1/745
f 382/1/776 1168/1/730 353/1/718
f 371/1/1783 379/1/779 378/1/781
f 371/1/733 365/1/732 379/1/763
f 367/1/36 1157/1/640 1708/1/640
f 1169/1/36 1710/1/640 1166/1/640
f 1170/1/36 1709/1/640 1710/1/640
f 1171/1/36 1708/1/640 1709/1/640
f 362/1/1773 1158/1/1780 391/1/1784
f 1158/1/1785 363/1/1785 1167/1/1785
f 370/1/1786 364/1/1786 376/1/1786
f 380/1/754 372/1/753 386/1/1787
f 382/1/1788 1704/1/1789 1174/1/1790
f 1174/1/1790 1181/1/1791 382/1/1788
f 378/1/739 1173/1/1792 377/1/737
f 360/1/741 1168/1/730 1711/1/778
f 366/1/762 1187/1/1793 379/1/763
f 1187/1/791 366/1/762 1715/1/747
f 373/1/36 1166/1/640 1712/1/640
f 1175/1/36 1714/1/640 1172/1/640
f 1176/1/36 1713/1/640 1714/1/640
f 1177/1/36 1712/1/640 1713/1/640
f 375/1/744 362/1/743 391/1/773
f 1187/1/791 1715/1/747 394/1/792
f 1178/1/785 375/1/1782 390/1/774
f 369/1/722 1178/1/785 1179/1/787
f 1145/1/746 1161/1/755 385/1/1794
f 1167/1/766 370/1/765 383/1/1795
f 383/1/1796 370/1/1797 376/1/1798
f 1159/1/1799 384/1/1799 376/1/1799
f 1173/1/1792 1194/1/803 377/1/737
f 1182/1/777 1183/1/813 1711/1/778
f 1173/1/780 379/1/779 393/1/1800
f 1711/1/1801 1183/1/788 1186/1/790
f 393/1/1802 379/1/763 1187/1/1793
f 374/1/761 1186/1/790 397/1/1803
f 374/1/1779 397/1/814 388/1/613
f 381/1/36 1172/1/640 1716/1/640
f 1188/1/36 1718/1/640 1184/1/640
f 1189/1/36 1717/1/640 1718/1/640
f 1190/1/36 1716/1/640 1717/1/640
f 390/1/774 391/1/773 400/1/1804
f 1158/1/1805 400/1/1805 391/1/1805
f 1178/1/785 1732/1/786 1179/1/787
f 1158/1/1806 1167/1/1806 392/1/1806
f 1167/1/766 383/1/1795 1191/1/795
f 385/1/1794 1161/1/755 380/1/754
f 1174/1/756 389/1/775 1181/1/1807
f 380/1/754 386/1/1787 1198/1/797
f 382/1/1788 1181/1/1791 1182/1/802
f 393/1/1800 405/1/1808 1194/1/1809
f 397/1/1810 1186/1/790 412/1/789
f 393/1/1802 1187/1/1793 1719/1/805
f 387/1/36 1184/1/640 1720/1/640
f 1195/1/36 1722/1/640 1192/1/640
f 1196/1/36 1721/1/640 1722/1/640
f 1197/1/36 1720/1/640 1721/1/640
f 1731/1/860 1732/1/786 390/1/774
f 380/1/754 1212/1/798 395/1/809
f 1191/1/1811 376/1/1798 1193/1/1812
f 1193/1/1813 376/1/1813 384/1/1813
f 1181/1/1807 389/1/775 398/1/1814
f 1723/1/826 1181/1/1807 398/1/1814
f 384/1/768 1185/1/799 404/1/1815
f 1182/1/802 1181/1/1791 1723/1/800
f 1719/1/793 394/1/792 407/1/807
f 396/1/36 1192/1/640 1724/1/640
f 1202/1/36 1726/1/640 1200/1/640
f 1203/1/36 1725/1/640 1726/1/640
f 1204/1/36 1724/1/640 1725/1/640
f 400/1/1804 1214/1/1816 1731/1/860
f 1733/1/821 392/1/796 1191/1/795
f 1733/1/821 1191/1/795 403/1/822
f 404/1/844 1193/1/1817 384/1/1818
f 1193/1/1817 403/1/1819 1191/1/1820
f 386/1/771 409/1/770 434/1/1821
f 386/1/1822 434/1/1823 1198/1/1824
f 1194/1/803 1207/1/845 1185/1/799
f 401/1/36 1200/1/640 1728/1/816
f 1208/1/36 1730/1/816 1206/1/816
f 1209/1/36 1729/1/816 1730/1/816
f 1210/1/36 1728/1/816 1729/1/816
f 1733/1/1825 414/1/1826 1214/1/1827
f 1732/1/786 413/1/1828 1211/1/820
f 1193/1/1817 404/1/844 403/1/1819
f 1723/1/826 398/1/1814 1219/1/827
f 1199/1/829 1723/1/1829 1205/1/830
f 1201/1/1830 1198/1/1824 434/1/1823
f 1199/1/812 417/1/854 411/1/835
f 412/1/1831 1183/1/813 411/1/835
f 1228/1/981 409/1/770 1153/1/453
f 410/1/36 1206/1/816 1734/1/816
f 1215/1/36 1736/1/816 1213/1/816
f 1216/1/36 1735/1/816 1736/1/816
f 1217/1/36 1734/1/816 1735/1/816
f 1214/1/1816 427/1/858 1731/1/860
f 1214/1/1827 414/1/1826 428/1/1832
f 1211/1/820 413/1/1828 426/1/847
f 1211/1/820 425/1/848 418/1/841
f 1218/1/823 403/1/822 1737/1/1833
f 1205/1/828 1219/1/827 418/1/1834
f 1207/1/833 415/1/832 420/1/1835
f 411/1/1836 424/1/855 412/1/789
f 402/1/857 412/1/789 424/1/855
f 415/1/837 431/1/836 420/1/873
f 429/1/1837 414/1/818 1218/1/817
f 421/1/840 422/1/824 1743/1/861
f 1218/1/823 1737/1/1833 439/1/863
f 1743/1/861 422/1/824 447/1/851
f 422/1/824 1201/1/811 434/1/850
f 1205/1/830 1220/1/892 417/1/831
f 1220/1/892 1738/1/1838 417/1/831
f 434/1/1821 409/1/770 1228/1/981
f 1207/1/845 1739/1/897 419/1/846
f 427/1/858 1214/1/1816 428/1/875
f 416/1/36 1213/1/816 1740/1/816
f 1222/1/36 1742/1/816 1221/1/816
f 1223/1/36 1741/1/816 1742/1/816
f 1224/1/36 1740/1/816 1741/1/816
f 1731/1/860 1243/1/859 426/1/1839
f 1226/1/1840 428/1/1841 429/1/1842
f 446/1/862 1743/1/861 1227/1/867
f 418/1/841 443/1/866 437/1/1843
f 430/1/1844 1237/1/886 439/1/885
f 430/1/1845 419/1/846 1237/1/891
f 1229/1/1846 1739/1/897 420/1/1835
f 1229/1/1847 420/1/873 440/1/872
f 1727/1/856 424/1/855 1245/1/898
f 440/1/872 431/1/836 441/1/877
f 432/1/839 441/1/877 431/1/836
f 423/1/36 1221/1/816 1744/1/816
f 1230/1/36 1746/1/816 1225/1/816
f 1231/1/36 1745/1/816 1746/1/816
f 1232/1/36 1744/1/816 1745/1/816
f 1243/1/859 427/1/858 1239/1/876
f 433/1/838 421/1/840 446/1/862
f 443/1/866 425/1/848 1756/1/883
f 1227/1/867 447/1/851 458/1/902
f 1738/1/1838 1220/1/892 1234/1/893
f 436/1/871 1738/1/852 1234/1/904
f 445/1/890 1739/1/897 1256/1/938
f 1245/1/898 436/1/871 1244/1/906
f 1229/1/1846 1236/1/936 1256/1/938
f 435/1/36 1225/1/816 1747/1/816
f 1240/1/36 1749/1/816 1235/1/816
f 1241/1/36 1748/1/816 1749/1/816
f 1242/1/36 1747/1/816 1748/1/816
f 1243/1/881 456/1/909 438/1/882
f 429/1/1842 1253/1/1848 1226/1/1840
f 1236/1/935 440/1/872 1249/1/1849
f 442/1/36 1235/1/816 1750/1/816
f 1250/1/36 1752/1/816 1246/1/816
f 1251/1/36 1751/1/816 1752/1/816
f 1252/1/36 1750/1/816 1751/1/816
f 1239/1/876 449/1/915 456/1/909
f 452/1/900 446/1/862 1761/1/912
f 1239/1/880 1226/1/879 1253/1/1850
f 1239/1/880 1253/1/1850 449/1/1851
f 454/1/913 1244/1/906 1757/1/905
f 1228/1/981 1153/1/453 1284/1/979
f 1245/1/898 470/1/1852 1257/1/899
f 470/1/1852 1245/1/898 461/1/977
f 452/1/907 1264/1/917 1263/1/914
f 388/1/613 470/1/874 536/1/941
f 448/1/36 1246/1/816 1753/1/816
f 1258/1/36 1755/1/816 1254/1/816
f 1259/1/36 1754/1/816 1755/1/816
f 1260/1/36 1753/1/816 1754/1/816
f 1761/1/912 1247/1/911 1274/1/939
f 1275/1/1853 444/1/887 450/1/1854
f 1268/1/1855 1233/1/884 1277/1/918
f 1248/1/888 462/1/921 1757/1/923
f 1264/1/917 473/1/969 1263/1/914
f 1761/1/912 1274/1/939 1264/1/917
f 453/1/36 1254/1/816 1758/1/816
f 1265/1/36 1760/1/925 1262/1/925
f 1266/1/36 1759/1/925 1760/1/925
f 1267/1/36 1758/1/816 1759/1/925
f 449/1/915 471/1/954 464/1/916
f 449/1/1851 1253/1/1850 457/1/1856
f 455/1/910 456/1/909 464/1/916
f 1274/1/939 1247/1/911 1261/1/919
f 1275/1/1857 1255/1/929 444/1/1858
f 465/1/947 450/1/1859 472/1/948
f 450/1/1860 465/1/956 1275/1/1861
f 458/1/902 1766/1/946 1261/1/919
f 462/1/921 1268/1/920 463/1/1862
f 1757/1/905 460/1/952 454/1/913
f 451/1/903 1256/1/938 466/1/1863
f 1263/1/933 479/1/1864 466/1/934
f 1264/1/917 1282/1/940 473/1/969
f 459/1/36 1262/1/925 1762/1/816
f 1271/1/36 1764/1/942 1270/1/942
f 1272/1/36 1763/1/816 1764/1/942
f 1273/1/36 1762/1/816 1763/1/816
f 1282/1/940 1274/1/939 1288/1/972
f 455/1/910 1765/1/973 1277/1/918
f 464/1/916 1278/1/1865 1765/1/1866
f 1289/1/944 1277/1/918 1765/1/973
f 1255/1/929 1275/1/1857 457/1/930
f 460/1/924 462/1/921 1269/1/965
f 1767/1/951 466/1/1863 1281/1/1867
f 468/1/36 1270/1/942 1768/1/942
f 1285/1/36 1770/1/942 1279/1/942
f 1286/1/36 1769/1/942 1770/1/942
f 1287/1/36 1768/1/942 1769/1/942
f 457/1/927 1771/1/1868 471/1/928
f 457/1/930 1275/1/1857 476/1/1869
f 476/1/958 1275/1/1861 465/1/956
f 467/1/950 1283/1/976 1766/1/946
f 475/1/966 1269/1/965 483/1/991
f 473/1/969 1772/1/968 479/1/1870
f 1278/1/955 471/1/954 503/1/1871
f 503/1/1872 471/1/928 1771/1/1868
f 485/1/1873 1771/1/1874 476/1/1869
f 480/1/970 1292/1/975 494/1/983
f 480/1/970 1276/1/943 1292/1/975
f 477/1/962 1280/1/961 486/1/985
f 483/1/1875 463/1/1862 484/1/959
f 1283/1/1009 467/1/1876 1293/1/980
f 467/1/1876 1228/1/1877 1293/1/980
f 475/1/967 490/1/1878 469/1/953
f 478/1/1879 479/1/1870 487/1/1880
f 461/1/977 491/1/978 482/1/1881
f 474/1/36 1279/1/942 1773/1/942
f 1294/1/36 1775/1/942 1291/1/942
f 1295/1/36 1774/1/942 1775/1/942
f 1296/1/36 1773/1/942 1774/1/942
f 1300/1/1882 1771/1/1874 485/1/1873
f 484/1/959 492/1/974 1308/1/1005
f 498/1/1027 477/1/957 1301/1/1883
f 484/1/959 1308/1/1005 1297/1/1004
f 483/1/1875 484/1/959 1297/1/1004
f 483/1/991 1297/1/1004 1319/1/989
f 1283/1/976 500/1/1007 1290/1/960
f 1767/1/951 1779/1/1884 1786/1/987
f 1281/1/1885 478/1/1886 1779/1/1887
f 1767/1/951 1281/1/1867 1779/1/1884
f 1779/1/1888 478/1/994 1302/1/993
f 496/1/1034 491/1/1889 469/1/953
f 487/1/1880 1772/1/968 499/1/1022
f 481/1/36 1291/1/942 1776/1/942
f 1304/1/36 1778/1/942 1299/1/942
f 1305/1/36 1777/1/942 1778/1/942
f 1306/1/36 1776/1/942 1777/1/942
f 1278/1/1865 1328/1/1024 1765/1/1866
f 1765/1/973 497/1/1026 492/1/974
f 504/1/1890 485/1/1890 498/1/1890
f 1308/1/1005 492/1/974 1307/1/1041
f 494/1/983 1292/1/975 508/1/1001
f 1302/1/993 487/1/992 499/1/1891
f 1303/1/1892 507/1/1020 499/1/1022
f 489/1/36 1299/1/942 1780/1/942
f 1310/1/36 1782/1/942 1309/1/942
f 1311/1/36 1781/1/942 1782/1/942
f 1312/1/36 1780/1/942 1781/1/942
f 492/1/974 497/1/1026 1307/1/1041
f 494/1/983 1318/1/1893 493/1/984
f 1319/1/989 1297/1/1004 1791/1/1006
f 486/1/988 1786/1/987 516/1/1894
f 490/1/1878 1787/1/1032 496/1/1034
f 1302/1/1895 506/1/1896 1317/1/1897
f 518/1/1014 1302/1/993 499/1/1891
f 512/1/1017 1298/1/1018 491/1/978
f 507/1/1020 1792/1/1052 518/1/1021
f 495/1/36 1309/1/942 1783/1/942
f 1320/1/36 1785/1/942 1314/1/942
f 1321/1/36 1784/1/942 1785/1/942
f 1322/1/36 1783/1/942 1784/1/942
f 507/1/1010 493/1/984 519/1/1035
f 504/1/1898 1315/1/1899 1300/1/1900
f 498/1/1901 1316/1/1901 504/1/1901
f 494/1/983 508/1/1001 1318/1/1893
f 516/1/1894 1786/1/987 517/1/1031
f 1319/1/989 502/1/1011 1787/1/1012
f 500/1/1008 1293/1/980 1331/1/1076
f 522/1/1902 1787/1/1902 502/1/1902
f 511/1/1033 1787/1/1032 522/1/1903
f 517/1/1031 1317/1/1030 1332/1/1904
f 512/1/1017 496/1/1016 511/1/1905
f 512/1/1017 1337/1/1906 513/1/1019
f 501/1/36 1314/1/942 1788/1/942
f 1325/1/36 1790/1/942 1323/1/942
f 1326/1/36 1789/1/942 1790/1/942
f 1327/1/36 1788/1/942 1789/1/942
f 503/1/1871 1324/1/1907 1328/1/1024
f 523/1/1908 1313/1/1025 1328/1/1024
f 519/1/1035 1318/1/1893 520/1/1909
f 1315/1/1899 504/1/1898 524/1/1910
f 1307/1/1041 1313/1/1025 1796/1/1042
f 514/1/1043 1308/1/1005 1307/1/1041
f 1797/1/1911 511/1/1033 522/1/1903
f 1332/1/1912 506/1/1896 531/1/1913
f 511/1/1905 1797/1/1914 1337/1/1906
f 532/1/1054 506/1/1015 518/1/1014
f 510/1/36 1323/1/942 1793/1/942
f 1333/1/36 1795/1/942 1330/1/942
f 1334/1/36 1794/1/942 1795/1/942
f 1335/1/36 1793/1/942 1794/1/942
f 1313/1/1025 523/1/1056 1796/1/1042
f 524/1/1040 1316/1/1039 525/1/1915
f 1336/1/1049 505/1/1003 516/1/1002
f 500/1/1007 526/1/1916 508/1/1001
f 516/1/1894 517/1/1031 1336/1/1085
f 522/1/1917 502/1/1918 1329/1/1919
f 526/1/1078 500/1/1008 1331/1/1076
f 1298/1/996 1338/1/1101 536/1/941
f 1792/1/1036 534/1/1920 533/1/1053
f 1792/1/1036 1341/1/1045 534/1/1920
f 521/1/36 1330/1/942 1798/1/942
f 1342/1/36 1800/1/942 1339/1/942
f 1343/1/36 1799/1/942 1800/1/942
f 1344/1/36 1798/1/942 1799/1/942
f 523/1/1908 1324/1/1907 528/1/1063
f 1353/1/1057 523/1/1065 538/1/1064
f 520/1/1909 1345/1/1072 1804/1/1074
f 1329/1/1044 514/1/1043 537/1/1921
f 1345/1/1072 526/1/1916 1352/1/1073
f 517/1/1031 530/1/1083 1336/1/1085
f 517/1/1031 1332/1/1904 1340/1/1922
f 527/1/36 1339/1/942 1801/1/942
f 1348/1/36 1803/1/942 1346/1/942
f 1349/1/36 1802/1/942 1803/1/942
f 1350/1/36 1801/1/942 1802/1/942
f 528/1/1063 1324/1/1907 1347/1/1079
f 1341/1/1045 1351/1/1086 534/1/1920
f 1347/1/1062 515/1/1061 544/1/1923
f 1341/1/1045 1804/1/1074 1351/1/1086
f 524/1/1047 529/1/1924 515/1/1048
f 525/1/1050 540/1/1925 539/1/1926
f 525/1/1050 1336/1/1049 540/1/1925
f 526/1/1916 1813/1/1091 1352/1/1073
f 1329/1/1044 537/1/1921 1805/1/1927
f 537/1/1921 1355/1/1095 1805/1/1927
f 1331/1/1076 1293/1/980 1284/1/979
f 531/1/1928 1361/1/1929 1340/1/1922
f 532/1/1054 1809/1/1930 531/1/1931
f 547/1/1088 1373/1/1103 1809/1/1930
f 1351/1/1086 547/1/1088 534/1/1920
f 535/1/36 1346/1/942 1806/1/942
f 1357/1/36 1808/1/942 1356/1/942
f 1358/1/36 1807/1/942 1808/1/942
f 1359/1/36 1806/1/942 1807/1/942
f 528/1/1063 553/1/1080 538/1/1064
f 1363/1/1104 1347/1/1062 544/1/1923
f 1351/1/1086 1804/1/1074 548/1/1081
f 537/1/1071 1353/1/1057 1354/1/1124
f 1360/1/1094 1805/1/1927 1355/1/1095
f 1284/1/979 509/1/485 612/1/1156
f 1361/1/1929 546/1/1098 1340/1/1922
f 531/1/1931 1809/1/1930 1361/1/1932
f 1797/1/1911 1360/1/1933 551/1/1934
f 1337/1/1906 543/1/1935 1338/1/1132
f 1374/1/1087 1351/1/1086 559/1/1090
f 542/1/36 1356/1/942 1810/1/942
f 1366/1/36 1812/1/942 1362/1/942
f 1367/1/36 1811/1/942 1812/1/942
f 1368/1/36 1810/1/942 1811/1/942
f 1363/1/1104 544/1/1923 1364/1/1105
f 1353/1/1057 538/1/1064 552/1/1107
f 1353/1/1057 552/1/1107 557/1/1109
f 548/1/1081 1352/1/1073 1370/1/1092
f 1364/1/1110 539/1/1936 558/1/1111
f 1354/1/1124 1353/1/1057 557/1/1109
f 530/1/1083 554/1/1099 545/1/1084
f 1340/1/1922 546/1/1098 530/1/1083
f 546/1/1937 1361/1/1937 1365/1/1937
f 543/1/1935 1385/1/1130 1338/1/1132
f 1361/1/1932 1809/1/1930 1373/1/1103
f 564/1/1137 1347/1/1062 1363/1/1104
f 552/1/1089 553/1/1080 563/1/1108
f 1814/1/1120 545/1/1938 576/1/1121
f 1355/1/1113 562/1/1115 1372/1/1939
f 541/1/1940 1371/1/1125 1813/1/1091
f 550/1/1941 574/1/1128 556/1/1127
f 541/1/1940 1380/1/1942 1371/1/1125
f 549/1/36 1362/1/942 1815/1/942
f 1375/1/36 1817/1/942 1369/1/942
f 1376/1/36 1816/1/942 1817/1/942
f 1377/1/36 1815/1/942 1816/1/942
f 558/1/1111 567/1/1943 566/1/1112
f 567/1/1944 558/1/1945 1814/1/1946
f 1370/1/1092 1813/1/1091 585/1/1126
f 1372/1/1939 562/1/1115 574/1/1128
f 576/1/1947 554/1/1099 568/1/1174
f 546/1/1098 1822/1/1948 1379/1/1949
f 1379/1/1949 554/1/1099 546/1/1098
f 569/1/1118 1374/1/1102 570/1/1950
f 1374/1/1087 559/1/1090 570/1/1134
f 555/1/36 1369/1/942 1818/1/942
f 1381/1/36 1820/1/36 1378/1/36
f 1382/1/36 1819/1/36 1820/1/36
f 1383/1/36 1818/1/942 1819/1/36
f 553/1/1080 564/1/1951 1826/1/1166
f 563/1/1108 553/1/1080 1826/1/1166
f 564/1/1137 1363/1/1104 565/1/1952
f 548/1/1081 571/1/1140 559/1/1090
f 571/1/1140 1370/1/1092 585/1/1126
f 1399/1/1953 571/1/1140 585/1/1126
f 574/1/1128 562/1/1115 1392/1/1146
f 1371/1/1125 1380/1/1942 594/1/1954
f 1380/1/1117 1284/1/979 612/1/1156
f 1821/1/1160 561/1/1955 573/1/1158
f 1385/1/1130 561/1/1956 1821/1/1148
f 1828/1/1151 569/1/1118 570/1/1950
f 1393/1/1131 1385/1/1130 1390/1/1149
f 1393/1/1100 1401/1/1957 536/1/941
f 560/1/36 1378/1/36 1823/1/36
f 1386/1/36 1825/1/36 1384/1/36
f 1387/1/36 1824/1/36 1825/1/36
f 1388/1/36 1823/1/36 1824/1/36
f 566/1/1958 593/1/1959 1827/1/1960
f 1389/1/1142 563/1/1108 1398/1/1167
f 562/1/1123 557/1/1109 1389/1/1142
f 562/1/1123 1389/1/1142 1392/1/1155
f 579/1/1961 574/1/1128 580/1/1147
f 1371/1/1125 594/1/1172 585/1/1126
f 576/1/1947 568/1/1174 582/1/1176
f 573/1/1129 574/1/1128 579/1/1961
f 1822/1/1948 583/1/1962 1379/1/1949
f 583/1/1163 1828/1/1963 584/1/1161
f 570/1/1950 1829/1/1152 1828/1/1151
f 572/1/36 1384/1/36 1830/1/36
f 1394/1/36 1832/1/36 1391/1/36
f 1395/1/36 1831/1/36 1832/1/36
f 1396/1/36 1830/1/36 1831/1/36
f 566/1/1964 581/1/1965 593/1/1184
f 581/1/1170 567/1/1143 582/1/1145
f 567/1/1943 581/1/1966 566/1/1112
f 594/1/1967 1380/1/1967 1431/1/1967
f 1404/1/1177 584/1/1153 1829/1/1152
f 575/1/1164 592/1/1194 591/1/1165
f 578/1/36 1391/1/36 1834/1/36
f 1405/1/36 1836/1/36 1402/1/36
f 1406/1/36 1835/1/36 1836/1/36
f 1407/1/36 1834/1/36 1835/1/36
f 1845/1/1968 592/1/1969 575/1/1139
f 1398/1/1167 1826/1/1166 591/1/1165
f 598/1/1970 1845/1/1971 593/1/1972
f 1845/1/1973 1827/1/1960 593/1/1959
f 1398/1/1167 590/1/1168 589/1/1169
f 1389/1/1142 589/1/1169 588/1/1154
f 580/1/1147 1392/1/1146 588/1/1974
f 1403/1/1162 584/1/1161 600/1/1975
f 1841/1/1190 1833/1/1159 596/1/1976
f 1390/1/1149 1833/1/1159 1841/1/1190
f 586/1/36 1402/1/36 1838/1/36
f 1410/1/36 1840/1/36 1409/1/36
f 1411/1/36 1839/1/36 1840/1/36
f 1412/1/36 1838/1/36 1839/1/36
f 589/1/1169 590/1/1168 605/1/1196
f 581/1/1965 1414/1/1185 593/1/1184
f 582/1/1145 599/1/1977 1414/1/1171
f 588/1/1154 589/1/1169 597/1/1198
f 585/1/1126 1837/1/1173 1408/1/1182
f 597/1/1200 580/1/1147 588/1/1974
f 587/1/1978 579/1/1189 1419/1/1188
f 1390/1/1149 1841/1/1190 1401/1/1150
f 591/1/1165 1853/1/1195 590/1/1168
f 595/1/36 1409/1/36 1842/1/36
f 1415/1/36 1844/1/36 1413/1/36
f 1416/1/36 1843/1/36 1844/1/36
f 1417/1/36 1842/1/36 1843/1/36
f 1853/1/1195 592/1/1194 606/1/1979
f 606/1/1980 1845/1/1968 607/1/1981
f 1845/1/1971 598/1/1970 607/1/1221
f 1408/1/1182 611/1/1199 1418/1/1183
f 598/1/1186 1414/1/1185 1852/1/1222
f 599/1/1977 608/1/1982 1414/1/1171
f 615/1/1197 604/1/1229 597/1/1983
f 1419/1/1210 580/1/1147 604/1/1201
f 1420/1/1204 596/1/1976 587/1/1205
f 609/1/1175 583/1/1984 610/1/1985
f 1401/1/1957 621/1/1986 1400/1/1251
f 1427/1/1207 1423/1/1193 624/1/1217
f 601/1/1180 1418/1/1183 1423/1/1218
f 603/1/36 1413/1/36 1846/1/36
f 1424/1/36 1848/1/36 1421/1/36
f 1425/1/36 1847/1/36 1848/1/36
f 1426/1/36 1846/1/36 1847/1/36
f 1423/1/1218 1418/1/1183 625/1/1216
f 615/1/1197 605/1/1196 616/1/1987
f 605/1/1196 617/1/1209 616/1/1987
f 625/1/1216 1418/1/1183 618/1/1988
f 611/1/1199 618/1/1988 1418/1/1183
f 607/1/1221 598/1/1970 1852/1/1219
f 1852/1/1222 1414/1/1185 608/1/1223
f 611/1/1199 1837/1/1173 634/1/1202
f 608/1/1227 599/1/1989 1429/1/1225
f 594/1/1172 1430/1/1213 634/1/1202
f 599/1/1990 609/1/1175 1429/1/1231
f 609/1/1175 610/1/1985 1422/1/1234
f 596/1/1976 1420/1/1204 614/1/1233
f 610/1/1991 1403/1/1162 1436/1/1215
f 600/1/1975 1427/1/1214 1403/1/1162
f 730/1/12 6/1/1992 724/1/1992 725/1/1470
f 613/1/36 1421/1/36 1849/1/36
f 1432/1/36 1851/1/36 1428/1/36
f 1433/1/36 1850/1/36 1851/1/36
f 1434/1/36 1849/1/36 1850/1/36
f 1853/1/1195 606/1/1979 1854/1/1993
f 607/1/1981 1854/1/1994 606/1/1980
f 615/1/1197 616/1/1987 629/1/1240
f 611/1/1199 634/1/1202 618/1/1988
f 1429/1/1231 1435/1/1230 633/1/1270
f 1436/1/1995 1422/1/1996 610/1/1997
f 1841/1/1190 620/1/1237 621/1/1191
f 630/1/1998 1854/1/1243 631/1/1242
f 622/1/1228 615/1/1197 628/1/1268
f 1436/1/1995 1443/1/1999 1422/1/1996
f 1443/1/1999 1436/1/1995 1437/1/2000
f 614/1/1236 635/1/2001 620/1/1237
f 619/1/36 1428/1/36 1856/1/36
f 1439/1/36 1858/1/36 626/1/2002
f 1440/1/36 1857/1/36 1858/1/36
f 1441/1/36 1856/1/36 1857/1/36
f 1859/1/1266 629/1/1240 642/1/1278
f 618/1/1988 1447/1/1296 638/1/1260
f 618/1/1988 634/1/1202 1447/1/1296
f 628/1/1268 629/1/1240 1859/1/1266
f 634/1/1202 1448/1/1272 1447/1/1296
f 633/1/1270 1435/1/1230 637/1/1258
f 622/1/1248 628/1/2003 627/1/1249
f 1422/1/1234 1443/1/1257 1435/1/1230
f 1437/1/2004 1438/1/1273 1449/1/1275
f 620/1/1237 648/1/1291 1400/1/2005
f 624/1/1217 1451/1/1261 1860/1/1274
f 1438/1/1273 624/1/1217 1860/1/1274
f 536/1/941 1486/1/1252 626/1/2002
f 1853/1/1195 643/1/1263 636/1/1238
f 636/1/1239 642/1/1278 629/1/1240
f 1442/1/2006 633/1/2006 652/1/2006
f 1861/1/1301 628/1/2003 641/1/2007
f 1861/1/1282 639/1/1281 627/1/2008
f 646/1/2009 1444/1/1256 612/1/1156
f 640/1/1284 635/1/1235 639/1/1259
f 648/1/1291 635/1/2001 640/1/1289
f 638/1/1260 1446/1/1312 1451/1/1261
f 630/1/1262 631/1/2010 649/1/2011
f 636/1/1239 643/1/1276 642/1/1278
f 1448/1/1272 654/1/1298 1447/1/1296
f 652/1/1269 637/1/1258 653/1/1304
f 1448/1/1272 1444/1/1271 655/1/1317
f 640/1/1284 639/1/1259 647/1/1285
f 1443/1/1257 1450/1/1288 637/1/1258
f 630/1/1262 649/1/2011 643/1/1263
f 650/1/1325 649/1/1324 1445/1/2012
f 643/1/1276 1863/1/1295 1452/1/1277
f 1446/1/1312 638/1/1260 1453/1/1297
f 1445/1/1253 651/1/1316 650/1/1325
f 644/1/1279 651/1/1316 1445/1/1253
f 642/1/1278 1452/1/1277 1862/1/1280
f 641/1/1267 1859/1/1266 1862/1/1280
f 641/1/1267 1862/1/1280 1454/1/1347
f 652/1/1269 653/1/1304 1864/1/2013
f 645/1/1305 1449/1/2014 660/1/1306
f 1449/1/1275 1860/1/1274 660/1/1311
f 1446/1/1312 1453/1/1297 1456/1/1313
f 650/1/1325 651/1/1316 663/1/2015
f 1864/1/1344 1462/1/1300 652/1/1299
f 658/1/1302 641/1/1267 1454/1/1347
f 662/1/1320 647/1/1285 665/1/1349
f 653/1/1304 1450/1/1288 1460/1/1319
f 656/1/1286 647/1/1285 662/1/1320
f 1865/1/2016 659/1/1307 660/1/1306
f 657/1/1309 656/1/1290 1459/1/1321
f 660/1/1311 661/1/1293 1866/1/2017
f 660/1/1311 1866/1/2017 1865/1/2018
f 649/1/1294 673/1/1352 1863/1/1295
f 650/1/1325 663/1/2015 673/1/1326
f 1453/1/1297 669/1/1331 1456/1/1313
f 1454/1/1339 1452/1/1277 1457/1/1340
f 1864/1/2013 653/1/1304 1464/1/1359
f 665/1/1333 1455/1/1332 1458/1/2019
f 662/1/1320 671/1/1350 1459/1/1321
f 1865/1/2018 1866/1/2017 678/1/2020
f 1456/1/1313 668/1/1337 1866/1/1323
f 664/1/1318 655/1/1317 670/1/1374
f 680/1/1322 1459/1/1321 687/1/1363
f 678/1/1375 1866/1/2021 1466/1/2022
f 1863/1/1295 682/1/1353 1467/1/2023
f 1474/1/2024 673/1/1326 674/1/2025
f 674/1/2025 673/1/1326 663/1/2015
f 669/1/1331 1465/1/1342 668/1/1337
f 1457/1/1340 1463/1/1354 1469/1/1343
f 664/1/1318 685/1/1366 1465/1/1342
f 675/1/2026 667/1/1345 1464/1/1357
f 672/1/1348 666/1/1346 1469/1/1370
f 1464/1/1359 677/1/1358 676/1/1404
f 1867/1/2027 1460/1/1319 659/1/1308
f 665/1/1333 1458/1/2019 679/1/2028
f 1460/1/1319 1867/1/1388 653/1/1304
f 1865/1/2029 678/1/2030 684/1/1391
f 673/1/1352 1474/1/1413 682/1/1353
f 1472/1/1351 668/1/1337 1868/1/1364
f 1469/1/1343 1463/1/1354 1468/1/1397
f 683/1/2031 675/1/2032 1464/1/2033
f 681/1/1382 679/1/1360 672/1/1348
f 681/1/2034 1469/1/2035 1475/1/1398
f 671/1/1350 679/1/1362 1470/1/1384
f 682/1/2036 694/1/1414 690/1/1395
f 1463/1/1354 690/1/1395 1468/1/1397
f 675/1/1355 692/1/2037 691/1/1378
f 1465/1/1342 703/1/1379 1868/1/1364
f 1475/1/1398 1469/1/1343 1468/1/1397
f 1470/1/2038 679/1/2039 689/1/2040
f 1867/1/1388 1869/1/1387 677/1/1358
f 687/1/1363 671/1/1350 1473/1/1385
f 684/1/1391 678/1/2030 1476/1/1389
f 704/1/1423 1486/1/1252 680/1/1336
f 1476/1/1409 1472/1/2041 1870/1/1410
f 697/1/1425 1868/1/1364 703/1/1379
f 703/1/1379 685/1/1366 1477/1/1380
f 692/1/1402 683/1/2031 1478/1/1400
f 681/1/2034 1475/1/1398 705/1/1403
f 1478/1/2042 683/1/1368 676/1/1367
f 681/1/2034 705/1/1403 1484/1/2043
f 681/1/1382 1484/1/2044 689/1/1383
f 1471/1/1381 1872/1/2045 686/1/1365
f 677/1/1358 702/1/1405 676/1/1404
f 702/1/1405 1869/1/1387 1485/1/2046
f 1869/1/1390 1476/1/1389 696/1/1417
f 697/1/1425 1870/1/1410 1868/1/1364
f 694/1/1414 1474/1/1413 695/1/2047
f 1490/1/1415 690/1/1395 706/1/1447
f 691/1/1378 1480/1/2048 701/1/2049
f 692/1/2037 1480/1/2048 691/1/1378
f 708/1/1401 1478/1/1400 1483/1/2050
f 1489/1/1430 1484/1/2043 705/1/1403
f 612/1/1156 711/1/2051 646/1/2009
f 1873/1/1412 1870/1/1410 1482/1/1426
f 695/1/2052 1874/1/2053 701/1/2054
f 691/1/2055 701/1/2056 1874/1/2057
f 706/1/1447 694/1/1414 707/1/1444
f 1471/1/2058 646/1/2009 711/1/2051
f 1471/1/2058 721/1/2059 1872/1/2060
f 704/1/1422 693/1/1408 713/1/1440
f 703/1/1379 710/1/1428 697/1/1425
f 1477/1/1380 1872/1/2045 721/1/2061
f 721/1/2059 1471/1/2058 711/1/2051
f 699/1/1434 712/1/2062 713/1/1435
f 1485/1/2046 1488/1/1436 702/1/1405
f 612/1/1156 509/1/485 711/1/2051
f 1486/1/1252 1479/1/1424 626/1/2002
f 1873/1/1412 1482/1/1426 719/1/1443
f 707/1/1444 695/1/2047 716/1/1445
f 716/1/2063 695/1/2052 717/1/2064
f 717/1/2064 695/1/2052 701/1/2054
f 701/1/2065 1480/1/2065 717/1/2065
f 1480/1/2066 708/1/2067 717/1/2068
f 708/1/2067 1487/1/2069 717/1/2070
f 17/1/57 8/1/1075 727/1/5
f 15/1/23 3/1/25 4/1/2071
f 19/1/1455 10/1/2072 726/1/1454
f 28/1/1474 27/1/1476 7/1/2073
f 731/1/47 18/1/4 19/1/1455
f 13/1/2074 14/1/1462 1/1/2075
f 39/1/1480 17/1/57 1506/1/22
f 1502/1/1471 36/1/1472 730/1/12
f 26/1/2 30/1/1481 35/1/1487
f 764/1/2076 1498/1/2076 37/1/2076
f 46/1/97 750/1/60 1496/1/41
f 768/1/1484 45/1/89 34/1/49
f 40/1/1482 745/1/98 1506/1/22
f 756/1/1496 754/1/1495 1502/1/2077
f 38/1/82 39/1/1480 54/1/83
f 47/1/1488 51/1/1494 35/1/1487
f 775/1/100 48/1/1486 745/1/98
f 774/1/126 54/1/83 48/1/1486
f 51/1/1494 57/1/1493 68/1/2078
f 775/1/100 774/1/126 48/1/1486
f 68/1/143 67/1/142 51/1/2079
f 779/1/119 60/1/113 760/1/99
f 71/1/1518 800/1/123 53/1/122
f 63/1/110 56/1/55 771/1/68
f 782/1/2080 68/1/2078 57/1/1493
f 78/1/154 77/1/153 71/1/127
f 76/1/145 66/1/111 798/1/129
f 80/1/138 791/1/1505 85/1/179
f 84/1/162 70/1/108 1527/1/1515
f 810/1/197 63/1/110 74/1/1511
f 88/1/1524 1531/1/149 89/1/148
f 819/1/191 96/1/228 809/1/161
f 808/1/200 78/1/158 92/1/157
f 89/1/148 76/1/145 97/1/201
f 97/1/201 76/1/145 90/1/167
f 82/1/2081 812/1/1522 64/1/73
f 109/1/2082 101/1/195 102/1/199
f 104/1/186 822/1/1530 808/1/200
f 124/1/212 830/1/210 94/1/178
f 119/1/1541 127/1/218 106/1/2083
f 132/1/236 100/1/180 109/1/220
f 137/1/239 812/1/221 114/1/196
f 117/1/230 103/1/198 822/1/1530
f 836/1/245 109/1/2082 102/1/199
f 102/1/199 117/1/230 836/1/245
f 142/1/302 86/1/69 186/1/305
f 840/1/242 123/1/1538 822/1/1530
f 840/1/242 133/1/241 856/1/256
f 836/1/2084 139/1/2084 109/1/2084
f 136/1/286 844/1/238 1550/1/269
f 1554/1/248 121/1/2085 122/1/249
f 1554/1/1544 130/1/1548 108/1/235
f 129/1/246 128/1/251 829/1/209
f 836/1/2086 140/1/244 139/1/285
f 139/1/1563 874/1/281 835/1/1537
f 141/1/276 841/1/226 134/1/1545
f 142/1/302 134/1/1560 124/1/212
f 136/1/1564 849/1/295 137/1/2087
f 886/1/1568 1561/1/250 884/1/1550
f 138/1/255 1561/1/1553 886/1/278
f 153/1/2088 147/1/1559 857/1/261
f 860/1/277 882/1/1557 851/1/274
f 852/1/257 1572/1/288 877/1/309
f 882/1/1557 1572/1/288 148/1/275
f 885/1/316 883/1/318 146/1/2089
f 886/1/278 1573/1/324 858/1/279
f 152/1/292 858/1/291 1573/1/1573
f 875/1/284 861/1/271 154/1/308
f 154/1/2090 889/1/2090 875/1/2090
f 899/1/314 882/1/1557 860/1/277
f 901/1/1584 885/1/1569 153/1/1570
f 1586/1/2091 157/1/1574 922/1/1580
f 169/1/315 180/1/1589 161/1/340
f 170/1/344 174/1/378 169/1/315
f 177/1/1592 897/1/330 167/1/329
f 907/1/1587 909/1/353 179/1/355
f 923/1/390 915/1/346 894/1/327
f 188/1/384 922/1/338 1590/1/351
f 185/1/359 910/1/358 180/1/372
f 174/1/378 191/1/398 180/1/1589
f 944/1/377 191/1/398 174/1/378
f 915/1/346 923/1/390 949/1/1596
f 191/1/387 1606/1/397 1595/1/373
f 190/1/1600 176/1/2092 925/1/1601
f 949/1/2093 183/1/381 915/1/380
f 195/1/2094 925/1/1593 184/1/1595
f 950/1/425 949/1/1596 932/1/392
f 941/1/1615 933/1/1626 927/1/1613
f 199/1/405 926/1/400 937/1/403
f 210/1/2095 195/1/1603 953/1/1621
f 975/1/463 196/1/408 211/1/416
f 955/1/1627 961/1/433 1603/1/1616
f 204/1/436 218/1/438 1604/1/399
f 201/1/410 216/1/429 966/1/473
f 224/1/423 969/1/456 206/1/1628
f 210/1/2095 973/1/2095 195/1/1603
f 998/1/1654 221/1/452 222/1/451
f 977/1/476 224/1/423 968/1/443
f 980/1/457 240/1/487 223/1/434
f 227/1/1636 986/1/1642 217/1/1635
f 241/1/531 991/1/477 977/1/476
f 984/1/489 255/1/521 1005/1/478
f 996/1/2096 986/1/1642 985/1/497
f 996/1/510 1012/1/503 986/1/1642
f 239/1/528 232/1/464 250/1/502
f 1634/1/1648 976/1/454 240/1/487
f 243/1/525 996/1/2096 985/1/497
f 235/1/1638 1630/1/466 1006/1/543
f 252/1/524 241/1/531 999/1/495
f 1006/1/543 1013/1/1660 1638/1/1655
f 1642/1/566 244/1/1651 1015/1/1656
f 251/1/556 1634/1/1648 1040/1/557
f 1023/1/572 245/1/1643 253/1/431
f 251/1/2097 262/1/541 1629/1/542
f 1015/1/1656 1035/1/567 1642/1/566
f 272/1/540 265/1/552 1643/1/523
f 1037/1/2098 1651/1/2099 1027/1/2100
f 1040/1/562 1016/1/506 256/1/560
f 262/1/541 251/1/2097 269/1/573
f 1040/1/562 263/1/561 270/1/576
f 1656/1/559 1039/1/530 1646/1/587
f 284/1/580 1034/1/550 265/1/552
f 275/1/2101 267/1/534 1045/1/578
f 275/1/582 1644/1/537 267/1/536
f 1046/1/2102 1651/1/2099 1037/1/2098
f 1052/1/598 1646/1/1668 1651/1/596
f 279/1/630 278/1/2103 264/1/532
f 278/1/575 293/1/612 270/1/576
f 279/1/630 264/1/532 280/1/590
f 288/1/620 1056/1/619 1046/1/2104
f 293/1/600 1048/1/599 270/1/1669
f 1655/1/577 289/1/603 1028/1/548
f 292/1/2105 1048/1/599 1063/1/601
f 1060/1/644 1045/1/578 300/1/604
f 1060/1/644 275/1/2101 1045/1/578
f 302/1/2106 1062/1/606 1072/1/1687
f 1081/1/2107 1072/1/616 291/1/615
f 308/1/1704 307/1/1699 1069/1/1684
f 1084/1/642 310/1/2108 1663/1/629
f 1084/1/642 1663/1/629 294/1/628
f 1096/1/643 306/1/651 1060/1/644
f 318/1/2109 302/1/2106 1094/1/1707
f 322/1/646 1082/1/624 1102/1/1724
f 1095/1/668 307/1/1698 317/1/1730
f 1106/1/659 1678/1/1703 1088/1/641
f 1100/1/673 1094/1/2110 1108/1/671
f 327/1/1740 1123/1/1739 1671/1/2111
f 336/1/655 1093/1/654 325/1/1732
f 323/1/1719 335/1/698 334/1/686
f 1114/1/701 341/1/703 332/1/663
f 342/1/1746 328/1/667 337/1/682
f 1138/1/1733 335/1/698 336/1/655
f 1122/1/1709 1123/1/2112 1134/1/728
f 341/1/1760 347/1/740 332/1/677
f 1138/1/1733 1124/1/692 354/1/745
f 1142/1/2113 340/1/1750 339/1/1752
f 1134/1/728 1133/1/725 326/1/1723
f 1134/1/705 1694/1/704 349/1/1767
f 342/1/1745 1700/1/731 1694/1/1761
f 357/1/1754 351/1/1753 343/1/1748
f 1152/1/729 1134/1/728 349/1/2114
f 366/1/762 1144/1/1769 1165/1/748
f 1180/1/752 1704/1/757 1140/1/1776
f 1160/1/1764 372/1/753 357/1/1754
f 1153/1/453 409/1/770 345/1/679
f 1168/1/730 360/1/741 359/1/719
f 386/1/2115 372/1/2115 1160/1/2115
f 1711/1/778 1168/1/730 382/1/776
f 1186/1/790 360/1/741 1711/1/1801
f 1186/1/790 374/1/761 360/1/741
f 385/1/1794 394/1/792 1715/1/747
f 1180/1/752 369/1/722 1179/1/787
f 380/1/754 395/1/809 385/1/1794
f 393/1/1800 1194/1/1809 1173/1/780
f 1719/1/805 405/1/804 393/1/1802
f 1731/1/860 390/1/774 400/1/1804
f 395/1/809 394/1/792 385/1/1794
f 1733/1/1825 1214/1/1827 400/1/784
f 413/1/2116 1732/1/786 1731/1/860
f 408/1/808 394/1/792 395/1/809
f 402/1/2117 1727/1/2117 397/1/2117
f 1731/1/860 426/1/1839 413/1/2116
f 402/1/857 397/1/1810 412/1/789
f 407/1/807 432/1/839 406/1/806
f 433/1/838 407/1/807 408/1/808
f 404/1/844 1737/1/843 403/1/1819
f 429/1/2118 428/1/1832 414/1/1826
f 437/1/870 1220/1/869 1205/1/828
f 437/1/870 1205/1/828 418/1/1834
f 424/1/853 411/1/835 417/1/854
f 1739/1/897 1207/1/833 420/1/1835
f 1220/1/869 443/1/868 1248/1/888
f 1256/1/938 1739/1/897 1229/1/1846
f 1236/1/935 1229/1/1847 440/1/872
f 1245/1/898 424/1/855 436/1/871
f 444/1/2119 1253/1/2119 429/1/2119
f 1248/1/888 1757/1/923 1234/1/893
f 1234/1/904 1244/1/906 436/1/871
f 451/1/903 445/1/890 1256/1/938
f 1249/1/908 440/1/872 441/1/877
f 454/1/913 461/1/977 1245/1/898
f 1253/1/931 444/1/1858 1255/1/929
f 458/1/902 1238/1/901 467/1/950
f 463/1/945 1268/1/1855 1277/1/918
f 1765/1/1866 455/1/910 464/1/916
f 1269/1/2120 462/1/921 463/1/1862
f 466/1/1863 1767/1/951 451/1/903
f 478/1/2121 466/1/934 479/1/1864
f 469/1/953 461/1/977 454/1/913
f 480/1/970 1288/1/972 1274/1/939
f 476/1/1869 1771/1/1874 457/1/930
f 1274/1/939 1276/1/943 480/1/970
f 483/1/1875 1269/1/2120 463/1/1862
f 1288/1/972 488/1/971 1282/1/940
f 482/1/1881 470/1/1852 461/1/977
f 494/1/983 488/1/971 480/1/970
f 498/1/2122 485/1/2122 476/1/2122
f 1767/1/951 486/1/988 1280/1/964
f 487/1/1880 479/1/1870 1772/1/968
f 498/1/1027 476/1/958 477/1/957
f 1772/1/968 1303/1/1892 499/1/1022
f 1298/1/1018 482/1/1881 491/1/978
f 1278/1/955 503/1/1871 1328/1/1024
f 1328/1/1024 497/1/1026 1765/1/1866
f 1302/1/1895 1317/1/1897 1779/1/2123
f 504/1/2124 1300/1/2124 485/1/2124
f 1313/1/1025 1307/1/1041 497/1/1026
f 505/1/1028 498/1/1027 1301/1/1883
f 523/1/1908 1328/1/1024 1324/1/1907
f 1318/1/1893 519/1/1035 493/1/984
f 514/1/1043 1791/1/1006 1308/1/1005
f 1332/1/1912 1317/1/1897 506/1/1896
f 511/1/1905 1337/1/1906 512/1/1017
f 1792/1/1052 532/1/1054 518/1/1021
f 515/1/1061 1324/1/1060 1315/1/2125
f 520/1/1909 1341/1/1045 519/1/1035
f 1345/1/1072 508/1/1001 526/1/1916
f 1329/1/1044 502/1/1011 1791/1/1006
f 532/1/1054 531/1/1931 506/1/1015
f 1341/1/1045 520/1/1909 1804/1/1074
f 1340/1/1922 530/1/1083 517/1/1031
f 533/1/1053 1809/1/1930 532/1/1054
f 513/1/1019 1337/1/1906 1338/1/1132
f 533/1/1053 547/1/1088 1809/1/1930
f 534/1/1920 547/1/1088 533/1/1053
f 539/1/1082 529/1/1067 525/1/1070
f 541/1/1940 1813/1/1091 526/1/1916
f 543/1/1935 1337/1/1906 1797/1/1914
f 1797/1/1911 522/1/1903 1360/1/1933
f 551/1/1934 543/1/2126 1797/1/1911
f 1364/1/1110 544/1/2127 539/1/1936
f 551/1/1934 1360/1/1933 550/1/2128
f 1373/1/1103 1365/1/1119 1361/1/1932
f 554/1/1099 576/1/1947 545/1/1084
f 571/1/1140 548/1/1081 1370/1/1092
f 1331/1/1076 1380/1/2129 541/1/1077
f 1385/1/1130 543/1/1935 551/1/2130
f 561/1/1956 1385/1/1130 551/1/2130
f 569/1/1118 1373/1/1103 1374/1/1102
f 1822/1/1948 546/1/1098 1365/1/2131
f 571/1/1140 577/1/1133 559/1/1090
f 1379/1/1949 568/1/1174 554/1/1099
f 573/1/1158 561/1/1955 556/1/2132
f 1827/1/1138 564/1/1137 565/1/1952
f 1827/1/2133 565/1/1106 566/1/1135
f 1828/1/2134 583/1/2135 1822/1/2136
f 1833/1/1159 1390/1/1149 1821/1/1148
f 1397/1/1141 1829/1/1136 577/1/1133
f 1398/1/1167 563/1/1108 1826/1/1166
f 1399/1/1953 1397/1/1141 571/1/1140
f 587/1/1205 1833/1/1159 573/1/1158
f 1400/1/1251 536/1/941 1401/1/1957
f 1397/1/1141 1404/1/1181 1829/1/1136
f 1833/1/1159 587/1/1205 596/1/1976
f 1845/1/1968 575/1/1139 1827/1/1138
f 1408/1/1182 1397/1/1141 1399/1/1953
f 1397/1/1141 1408/1/1182 602/1/1179
f 599/1/1990 582/1/1176 609/1/1175
f 600/1/1178 1404/1/1177 1423/1/1193
f 606/1/1980 592/1/1969 1845/1/1968
f 596/1/1976 614/1/1236 1841/1/1190
f 629/1/1240 616/1/1987 617/1/1209
f 1438/1/1273 1427/1/1207 624/1/1217
f 618/1/1988 638/1/1260 625/1/1216
f 629/1/1240 628/1/1268 615/1/1197
f 634/1/1202 1430/1/1213 1448/1/1272
f 1437/1/2004 1436/1/1215 1438/1/1273
f 1438/1/1273 1436/1/1215 1427/1/1214
f 626/1/2002 1858/1/36 536/1/941
f 1442/1/1264 632/1/1247 623/1/1224
f 639/1/1259 1855/1/1232 627/1/2137
f 635/1/2001 648/1/1291 620/1/1237
f 1861/1/1301 627/1/1249 628/1/2003
f 645/1/1305 1437/1/2138 1449/1/2014
f 645/1/1305 1443/1/2139 1437/1/2138
f 649/1/2140 631/1/2140 1445/1/2140
f 1462/1/1314 651/1/1316 644/1/1279
f 652/1/1299 644/1/1265 1442/1/1264
f 1455/1/1303 647/1/2141 1861/1/1301
f 646/1/2009 1461/1/2142 1444/1/1256
f 1862/1/1280 1452/1/1277 1454/1/1339
f 654/1/1298 669/1/1331 1453/1/1297
f 658/1/1302 1861/1/1301 641/1/2007
f 658/1/1302 1458/1/1361 1455/1/1303
f 670/1/1374 655/1/1317 1461/1/1372
f 682/1/2036 1463/1/1354 1467/1/1327
f 672/1/1348 1458/1/1361 658/1/1302
f 677/1/1358 653/1/1304 1867/1/1388
f 1867/1/1388 659/1/2143 684/1/1386
f 670/1/1374 686/1/1365 664/1/1318
f 692/1/1402 675/1/2032 683/1/2031
f 1870/1/1410 1472/1/1351 1868/1/1364
f 1874/1/2057 1474/1/2024 674/1/2025
f 691/1/2055 1874/1/2057 674/1/2025
f 690/1/1395 1463/1/1354 682/1/2036
f 692/1/2144 708/1/2067 1480/1/2066
f 1471/1/2058 1461/1/2142 646/1/2009
f 1473/1/1385 693/1/1408 687/1/1363
f 1477/1/1380 686/1/1365 1872/1/2045
f 1489/1/2145 699/1/2146 1484/1/2147
f 706/1/1447 690/1/1395 694/1/1414
f 1481/1/1418 696/1/1417 1488/1/1439
f 1871/1/1396 1490/1/1415 705/1/1403
f 1488/1/2148 1485/1/1421 1481/1/1420
f 712/1/2149 699/1/2146 1489/1/2145
f 707/1/1444 715/1/2150 706/1/1447
f 719/1/1443 1482/1/1426 709/1/1429
f 705/1/1403 1490/1/1415 714/1/2151
f 715/1/1448 714/1/2152 1490/1/1415
f 720/1/1449 710/1/1428 698/1/1399
f 708/1/1401 1483/1/2050 1487/1/2153
f 1477/1/1380 721/1/2061 720/1/1449
f 18/1/4 9/1/6 10/1/2072
f 19/1/1455 18/1/4 10/1/2072
f 27/1/1466 16/1/76 724/1/1457 7/1/2154
f 14/1/1462 13/1/2074 22/1/61 23/1/63
f 851/1/274 133/1/241 841/1/226 141/1/276
f 1498/1/1467 1510/1/106 16/1/76
f 746/1/51 61/1/118 41/1/52
f 73/1/1516 74/1/141 1526/1/140
f 70/1/108 773/1/107 1527/1/1515
f 809/1/1514 801/1/1521 73/1/152
f 88/1/1524 1545/1/208 819/1/207
f 826/1/233 811/1/166 120/1/232
f 852/1/257 869/1/270 123/1/1543
f 1588/1/360 743/1/35 305/1/297 1589/1/360
f 856/1/256 148/1/275 852/1/257
f 860/1/277 141/1/276 1574/1/301
f 927/1/1613 1586/1/2091 922/1/1580 188/1/1614
f 908/1/348 926/1/400 1585/1/347
f 198/1/401 207/1/414 944/1/377 931/1/376
f 188/1/384 183/1/381 193/1/1597
f 388/1/613 1661/1/458 1660/1/458 305/1/297
f 936/1/417 179/1/2155 1603/1/418
f 196/1/1609 953/1/1629 948/1/1607
f 196/1/1609 962/1/1630 953/1/1629
f 217/1/1635 978/1/465 203/1/1623
f 220/1/448 232/1/450 238/1/499
f 230/1/459 984/1/489 1005/1/478
f 999/1/495 1004/1/494 1643/1/523
f 249/1/2156 1030/1/2156 248/1/2156
f 271/1/551 280/1/590 264/1/532
f 1063/1/627 1663/1/611 310/1/1713 309/1/637
f 280/1/590 295/1/1686 294/1/628
f 303/1/595 1048/1/594 292/1/1696
f 1101/1/1702 312/1/1720 1081/1/1691 303/1/595
f 430/1/1845 404/1/1815 1185/1/799 419/1/846
f 298/1/1688 1078/1/1725 316/1/676
f 1084/1/642 314/1/665 310/1/2108
f 302/1/2157 318/1/1716 308/1/1715
f 302/1/2106 1072/1/1687 1094/1/1707
f 314/1/1712 328/1/1726 327/1/1711
f 1128/1/1741 1694/1/2158 1123/1/1739
f 325/1/669 1124/1/692 1138/1/1733
f 1152/1/729 349/1/2114 1699/1/738
f 1145/1/746 385/1/1794 1715/1/747
f 1191/1/1811 383/1/1796 376/1/1798
f 392/1/783 1733/1/1825 400/1/784
f 1194/1/1809 405/1/1808 415/1/2159
f 1762/1/816 388/1/613 536/1/941 1763/1/816
f 433/1/838 408/1/808 421/1/840
f 434/1/850 1238/1/901 447/1/851
f 1257/1/2160 470/1/874 1727/1/815
f 1233/1/889 1268/1/920 1248/1/888
f 1228/1/894 467/1/2161 1238/1/895
f 1239/1/876 456/1/909 1243/1/859
f 1237/1/886 450/1/1854 444/1/887
f 1236/1/935 1249/1/1849 1263/1/933
f 473/1/969 479/1/1870 1263/1/914
f 1345/1/1072 520/1/1909 1318/1/1893 508/1/1001
f 466/1/2162 478/1/1886 1281/1/1885
f 490/1/1878 496/1/1034 469/1/953
f 1786/1/987 1779/1/1884 1317/1/1030
f 1805/1/1927 1360/1/1094 522/1/1917 1329/1/1919
f 531/1/1928 1340/1/1922 1332/1/1904
f 1336/1/1049 545/1/2163 540/1/1925
f 558/1/1945 539/1/1926 540/1/1925 1814/1/1946
f 1355/1/2164 537/1/1071 1354/1/1124
f 553/1/1080 1347/1/1079 564/1/1951
f 550/1/2128 556/1/2132 561/1/1955 551/1/1934
f 1822/1/2136 1365/1/1119 569/1/1118 1828/1/2134
f 568/1/1174 1379/1/1949 583/1/1984 609/1/1175
f 564/1/1951 575/1/1164 1826/1/1166
f 579/1/2165 587/1/1205 573/1/1158
f 1855/1/1250 1420/1/1211 604/1/1201 622/1/1248
f 1397/1/1141 602/1/1179 1404/1/1181
f 1399/1/1953 585/1/1126 1408/1/1182
f 1484/1/2147 699/1/2146 1470/1/2038 689/1/2040
f 1854/1/1993 630/1/1262 1853/1/1195
f 1429/1/1225 633/1/1254 623/1/1226
f 1431/1/2166 1444/1/2166 1430/1/2166
f 620/1/1237 1400/1/2005 621/1/1191
f 625/1/1216 638/1/1260 624/1/1217
f 1448/1/1272 655/1/1317 654/1/1298
f 1444/1/2167 1461/1/1372 655/1/1317
f 1467/1/1327 1457/1/1340 1452/1/1277
f 1466/1/2022 1472/1/1376 678/1/1375
f 688/1/1392 687/1/1363 693/1/1408
f 700/1/1407 1470/1/1384 699/1/1434
f 697/1/1425 709/1/1429 1482/1/1426
f 695/1/2047 707/1/1444 694/1/1414
