# Blender 4.4.3
# www.blender.org
mtllib 無題.mtl
o トーラス
v -0.832133 -0.000015 0.000767
v -0.812230 -0.000133 0.011004
v -0.810779 -0.001000 0.000000
v -0.814926 -0.000498 0.004614
v -0.800765 -0.001044 0.011024
v -0.805156 -0.000479 0.012531
v -0.805156 -0.001110 0.004133
v -0.808271 -0.000799 0.006888
v -0.791704 -0.000212 0.021267
v -0.795215 -0.000527 0.017880
v -0.787278 -0.001844 0.004987
v -0.773824 -0.001444 0.024227
v -0.785585 -0.000527 0.023283
v -0.780593 -0.002025 0.010843
v -0.784965 -0.001514 0.015382
v -0.789337 -0.000878 0.019920
v -0.776103 -0.002319 0.005091
v -0.770640 -0.000476 0.031629
v -0.770938 -0.002116 0.018349
v -0.774690 -0.000582 0.028946
v -0.765503 -0.001550 0.028387
v -0.769769 -0.000931 0.030612
v -0.759937 -0.003030 0.000001
v -0.762272 -0.002885 0.005866
v -0.749291 -0.001011 0.041114
v -0.754945 -0.000488 0.039318
v -0.753820 -0.001465 0.035758
v -0.751867 -0.003044 0.017204
v -0.753920 -0.002491 0.025408
v -0.751870 -0.002061 0.032487
v -0.754081 -0.003220 0.004841
v -0.730762 -0.002229 0.043927
v -0.737873 -0.001636 0.043890
v -0.744038 -0.000500 0.044874
v -0.739796 -0.003070 0.028353
v -0.666150 -0.001313 0.081099
v -0.672010 -0.000420 0.079793
v -0.647933 -0.002461 0.086864
v -0.654912 -0.000425 0.088044
v -0.726880 -0.001235 0.051912
v -0.732753 -0.000538 0.050647
v -0.723542 -0.003065 0.040452
v -0.734589 -0.003811 0.016780
v -0.712405 -0.002362 0.053602
v -0.718937 -0.003622 0.036277
v -0.721748 -0.003981 0.027705
v -0.708477 -0.001309 0.061043
v -0.711776 -0.000520 0.061251
v -0.707689 -0.003020 0.051117
v -0.709095 -0.004922 0.014416
v -0.707283 -0.005115 0.005459
v -0.693912 -0.002307 0.063661
v -0.700555 -0.003781 0.047341
v -0.698276 -0.005045 0.025790
v -0.688182 -0.001314 0.070738
v -0.690186 -0.000469 0.071529
v -0.692127 -0.004917 0.035606
v -0.665433 -0.002458 0.077082
v -0.669174 -0.006208 0.024345
v -0.668090 -0.006432 0.015176
v -0.660960 -0.003594 0.072458
v -0.656132 -0.004492 0.067198
v -0.664375 -0.004978 0.055961
v -0.657310 -0.006349 0.035027
v -0.650790 -0.006110 0.047608
v -0.660450 -0.006809 0.005237
v -0.583507 -0.000418 0.254604
v -0.584459 -0.001883 0.246922
v -0.573201 -0.000424 0.275683
v -0.571472 -0.002519 0.270993
v -0.573693 -0.004069 0.255537
v -0.572787 -0.005253 0.245016
v -0.613331 -0.000363 0.172110
v -0.603896 0.000061 0.202289
v -0.606063 -0.001720 0.188894
v -0.605172 -0.005176 0.155957
v -0.604913 -0.004103 0.171506
v -0.592974 -0.000697 0.231817
v -0.600369 -0.000617 0.210214
v -0.594517 -0.004370 0.200139
v -0.596541 -0.005687 0.176320
v -0.584523 -0.003502 0.235440
v -0.593886 -0.002451 0.218959
v -0.583921 -0.006123 0.204700
v -0.584709 -0.004967 0.220151
v -0.589572 -0.006947 0.171928
v -0.587124 -0.007475 0.165111
v -0.571160 -0.006294 0.234017
v -0.577022 -0.006998 0.206106
v -0.594858 -0.008555 0.080262
v -0.588219 -0.007883 0.146940
v -0.575921 -0.009539 0.122240
v -0.583015 -0.009452 0.085732
v -0.576885 -0.008970 0.148223
v -0.570579 -0.010260 0.099336
v -0.641928 -0.001503 0.095025
v -0.641055 -0.000485 0.097773
v -0.645438 -0.003315 0.084019
v -0.651530 -0.001439 0.088409
v -0.632684 -0.000519 0.107911
v -0.633634 -0.003466 0.093388
v -0.638948 -0.002379 0.094345
v -0.641672 -0.004275 0.079719
v -0.621527 -0.000357 0.137521
v -0.629332 -0.001507 0.110387
v -0.627783 -0.000502 0.117801
v -0.632254 -0.004241 0.089141
v -0.632840 -0.002481 0.100390
v -0.635141 -0.001351 0.102629
v -0.627124 -0.005292 0.084602
v -0.614217 -0.001541 0.163451
v -0.618626 -0.002983 0.130167
v -0.620126 -0.001499 0.137764
v -0.615925 -0.004430 0.120768
v -0.624856 -0.001309 0.122450
v -0.615087 -0.005389 0.108335
v -0.621925 -0.002966 0.118937
v -0.620731 -0.004316 0.108115
v -0.625414 -0.002898 0.110354
v -0.617904 -0.005669 0.096100
v -0.624845 -0.004393 0.098452
v -0.628390 -0.003066 0.103518
v -0.617465 -0.006215 0.086927
v -0.612659 -0.003328 0.151242
v -0.601446 -0.006210 0.148589
v -0.609679 -0.005716 0.122372
v -0.610889 -0.006524 0.097055
v -0.606954 -0.006507 0.111537
v -0.604070 -0.007627 0.085474
v -0.596079 -0.007026 0.145866
v -0.600139 -0.007464 0.107373
v -0.637640 -0.007677 -0.004475
v -0.624263 -0.007951 0.026174
v -0.616386 -0.007857 0.046580
v -0.616400 -0.008393 0.019093
v -0.615804 -0.008546 0.000428
v -0.609701 -0.008376 0.040383
v -0.597842 -0.009324 0.013042
v -0.599686 -0.008660 0.056514
v -0.597339 -0.009119 0.036816
v -0.586498 -0.009515 0.059928
v -0.581001 -0.010053 0.038579
v -0.643571 -0.005271 0.067395
v -0.636860 -0.007345 0.029430
v -0.639868 -0.007553 0.009718
v -0.640844 -0.006091 0.057531
v -0.632582 -0.006945 0.048443
v -0.631649 -0.005952 0.069586
v -0.634810 -0.004958 0.079343
v -0.622805 -0.006191 0.077526
v -0.623712 -0.007070 0.057594
v -0.611308 -0.007549 0.067906
v -0.618596 -0.006673 0.075206
v -0.488562 -0.007873 0.356824
v -0.501627 -0.008831 0.319341
v -0.542094 -0.001549 0.329509
v -0.551251 -0.000421 0.316958
v -0.531387 -0.000445 0.347651
v -0.533504 -0.005278 0.322129
v -0.541331 -0.004034 0.319371
v -0.516223 -0.004424 0.356283
v -0.536933 -0.002899 0.332748
v -0.515423 -0.006102 0.342344
v -0.511406 -0.000505 0.377260
v -0.516126 -0.001730 0.368362
v -0.511743 -0.005149 0.357672
v -0.517674 -0.006907 0.327979
v -0.502294 -0.001451 0.388970
v -0.504172 -0.000545 0.387298
v -0.504966 -0.003544 0.377942
v -0.506621 -0.002664 0.379517
v -0.502876 -0.005560 0.367442
v -0.502472 -0.004486 0.376094
v -0.486082 -0.002461 0.405959
v -0.491401 -0.001469 0.402421
v -0.489469 -0.006179 0.379282
v -0.491679 -0.005364 0.384110
v -0.497438 -0.006900 0.359274
v -0.538859 -0.008515 0.259890
v -0.528741 -0.009267 0.261780
v -0.522526 -0.008456 0.292285
v -0.524369 -0.009932 0.251211
v -0.509404 -0.007840 0.326050
v -0.511731 -0.009300 0.292313
v -0.511373 -0.010787 0.244183
v -0.506508 -0.009877 0.285705
v -0.502142 -0.010623 0.268442
v -0.487808 -0.010853 0.282822
v -0.493884 -0.010448 0.288722
v -0.492132 -0.011282 0.253434
v -0.563061 -0.000470 0.295426
v -0.569650 -0.001610 0.279125
v -0.563426 -0.004571 0.272355
v -0.553926 -0.001987 0.308228
v -0.553766 -0.004453 0.292938
v -0.555625 -0.003513 0.296610
v -0.554791 -0.006022 0.273270
v -0.556810 -0.006825 0.256490
v -0.542956 -0.004528 0.312768
v -0.535921 -0.006043 0.309504
v -0.551937 -0.005303 0.288063
v -0.545421 -0.007779 0.262183
v -0.534854 -0.006804 0.300466
v -0.526662 -0.007687 0.299930
v -0.566840 -0.008194 0.203710
v -0.566103 -0.009351 0.170457
v -0.557234 -0.008062 0.231005
v -0.553373 -0.009346 0.205901
v -0.544026 -0.009297 0.229390
v -0.545610 -0.009998 0.204404
v -0.548644 -0.010748 0.165324
v -0.537032 -0.011106 0.172516
v -0.524650 -0.010937 0.211641
v -0.532614 -0.010574 0.212056
v -0.512488 -0.011330 0.212085
v -0.502030 -0.011305 0.233800
v -0.493592 -0.012042 0.191483
v -0.561981 -0.010197 0.151238
v -0.560575 -0.010458 0.142377
v -0.547522 -0.011086 0.144220
v -0.554586 -0.010856 0.140838
v -0.546607 -0.011378 0.091346
v -0.506007 -0.012231 0.130645
v -0.508214 -0.012320 0.100927
v -0.508343 -0.012324 0.071311
v -0.497357 -0.012325 0.143387
v -0.497736 -0.012353 0.128282
v -0.498081 -0.012364 0.104373
v -0.559663 -0.011013 0.073906
v -0.563608 -0.010777 0.084947
v -0.571219 -0.010642 0.008076
v -0.552768 -0.011331 0.042731
v -0.551393 -0.011401 -0.014710
v -0.528110 -0.011988 0.062653
v -0.530323 -0.012003 0.007242
v -0.516117 -0.012237 0.065007
v -0.517359 -0.012210 -0.034850
v -0.508721 -0.012254 -0.003788
v -0.497778 -0.012189 0.059999
v -0.498025 -0.012093 -0.000865
v -0.440355 -0.007696 0.416918
v -0.415023 -0.008849 0.424781
v -0.414241 -0.009759 0.409059
v -0.468677 -0.000410 0.431572
v -0.470836 -0.005090 0.410476
v -0.461034 -0.000448 0.440342
v -0.466198 -0.001259 0.432930
v -0.455783 -0.005365 0.424951
v -0.450911 -0.001786 0.447757
v -0.453633 -0.004014 0.435745
v -0.451810 -0.006402 0.420019
v -0.439578 -0.000304 0.460930
v -0.438100 -0.006276 0.435451
v -0.439274 -0.005236 0.442538
v -0.432095 -0.000449 0.467043
v -0.430227 -0.002537 0.463867
v -0.435966 -0.003861 0.453587
v -0.434923 -0.001327 0.463414
v -0.413975 -0.005254 0.464954
v -0.425052 -0.006279 0.447351
v -0.392610 -0.002577 0.495430
v -0.414195 -0.001319 0.480376
v -0.388295 -0.004386 0.491968
v -0.396187 -0.003501 0.489210
v -0.469996 -0.009730 0.345445
v -0.475981 -0.009085 0.351981
v -0.470944 -0.008147 0.375491
v -0.449779 -0.009109 0.383881
v -0.445040 -0.009933 0.372079
v -0.451311 -0.010805 0.338464
v -0.448632 -0.010408 0.355101
v -0.431682 -0.011478 0.334203
v -0.431181 -0.009114 0.404284
v -0.431231 -0.010700 0.366738
v -0.423143 -0.011169 0.358777
v -0.414782 -0.010424 0.392871
v -0.490832 -0.004311 0.392401
v -0.476816 -0.006261 0.393683
v -0.482478 -0.006939 0.378786
v -0.455046 -0.007308 0.406100
v -0.484544 -0.009677 0.326243
v -0.470803 -0.010571 0.320035
v -0.472344 -0.011452 0.277199
v -0.467519 -0.011791 0.263088
v -0.466093 -0.011138 0.303403
v -0.442570 -0.011710 0.306364
v -0.459861 -0.011970 0.258437
v -0.454880 -0.012081 0.247408
v -0.441491 -0.012076 0.253755
v -0.428455 -0.011948 0.306066
v -0.438635 -0.012055 0.270651
v -0.419548 -0.012048 0.285515
v -0.416665 -0.012044 0.303491
v -0.409799 -0.011987 0.282940
v -0.420062 -0.011812 0.248902
v -0.411025 -0.011517 0.240368
v -0.485020 -0.011997 0.214594
v -0.486889 -0.012239 0.180586
v -0.487934 -0.012319 0.161364
v -0.471288 -0.012051 0.231058
v -0.474935 -0.012209 0.199293
v -0.477711 -0.012268 0.174989
v -0.465906 -0.012163 0.216278
v -0.468291 -0.012187 0.188143
v -0.465423 -0.012051 0.171344
v -0.457565 -0.012136 0.224395
v -0.456158 -0.012065 0.200883
v -0.443131 -0.011813 0.201673
v -0.439081 -0.011409 0.171624
v -0.432605 -0.011998 0.247046
v -0.422278 -0.011127 0.189084
v -0.427565 -0.011020 0.167325
v -0.422335 -0.010742 0.162833
v -0.412949 -0.010567 0.179827
v -0.486623 -0.012324 0.149367
v -0.487029 -0.012283 0.135771
v -0.487012 -0.012172 0.114529
v -0.440677 -0.010981 0.117799
v -0.451111 -0.010990 0.064397
v -0.443840 -0.010882 0.083837
v -0.435048 -0.010783 0.122119
v -0.439275 -0.010246 0.057386
v -0.426882 -0.010247 0.120370
v -0.420070 -0.009508 0.113365
v -0.429524 -0.010067 0.098352
v -0.415161 -0.010217 0.157573
v -0.394142 -0.007025 0.111744
v -0.400346 -0.007269 0.097175
v -0.420394 -0.008603 0.066333
v -0.453695 -0.010940 -0.000132
v -0.447324 -0.010816 0.062712
v -0.447232 -0.010528 -0.000093
v -0.429712 -0.009331 0.053596
v -0.435512 -0.009603 0.008900
v -0.439906 -0.009971 -0.000003
v -0.423263 -0.008787 0.056444
v -0.423462 -0.008789 0.042041
v -0.424114 -0.008834 0.017262
v -0.428639 -0.009097 0.015394
v -0.425907 -0.009172 0.005788
v -0.422492 -0.008907 0.009647
v -0.413893 -0.008178 0.057294
v -0.415635 -0.008510 0.046182
v -0.415635 -0.008655 0.035919
v -0.410437 -0.009047 0.021568
v -0.415194 -0.008811 0.025488
v -0.412673 -0.009056 0.015394
v -0.419139 -0.008882 0.010165
v -0.415758 -0.009158 0.005788
v -0.411818 -0.007903 0.066707
v -0.325447 -0.008491 0.503033
v -0.344156 -0.009017 0.481967
v -0.381003 -0.000397 0.508212
v -0.376844 -0.003424 0.504835
v -0.375260 -0.005306 0.497050
v -0.369314 -0.002524 0.513004
v -0.382715 -0.001426 0.505813
v -0.363883 -0.006153 0.499913
v -0.370088 -0.006827 0.489167
v -0.342905 -0.005279 0.520924
v -0.357359 -0.004331 0.515296
v -0.343160 -0.003463 0.528293
v -0.331545 -0.002530 0.538543
v -0.348698 -0.001490 0.529181
v -0.336559 -0.006038 0.520666
v -0.341343 -0.007339 0.505627
v -0.314970 -0.001709 0.550424
v -0.316121 -0.000512 0.550732
v -0.327872 -0.004702 0.534094
v -0.416112 -0.008021 0.436112
v -0.368322 -0.007885 0.479085
v -0.400238 -0.010772 0.397498
v -0.393911 -0.009549 0.432131
v -0.377364 -0.008516 0.463152
v -0.390906 -0.011061 0.396201
v -0.366104 -0.009140 0.462858
v -0.351896 -0.009670 0.464990
v -0.366546 -0.010647 0.430745
v -0.382339 -0.010317 0.425855
v -0.348646 -0.011381 0.419457
v -0.417547 -0.007281 0.444128
v -0.388692 -0.006203 0.479620
v -0.388763 -0.011390 0.385569
v -0.407458 -0.011750 0.348492
v -0.401585 -0.012005 0.333653
v -0.383927 -0.011879 0.363466
v -0.389189 -0.012071 0.326319
v -0.374350 -0.011705 0.383575
v -0.385267 -0.012039 0.344005
v -0.373238 -0.012046 0.351045
v -0.373665 -0.012062 0.341320
v -0.353522 -0.011983 0.349051
v -0.349849 -0.011737 0.400706
v -0.346677 -0.011916 0.385881
v -0.346335 -0.011985 0.369460
v -0.327356 -0.011387 0.337519
v -0.403927 -0.012054 0.307323
v -0.379685 -0.011985 0.319055
v -0.391631 -0.011768 0.287019
v -0.398908 -0.011298 0.245992
v -0.377763 -0.011267 0.274695
v -0.372720 -0.010909 0.265432
v -0.371499 -0.010578 0.256033
v -0.358016 -0.011389 0.304894
v -0.353617 -0.011038 0.292817
v -0.360884 -0.010122 0.258439
v -0.369716 -0.009298 0.226126
v -0.353078 -0.009293 0.251015
v -0.346372 -0.010053 0.274746
v -0.330944 -0.009510 0.282564
v -0.347504 -0.008404 0.242403
v -0.336180 -0.008022 0.251518
v -0.318857 -0.010988 0.326767
v -0.351414 -0.010699 0.284694
v -0.331478 -0.010179 0.294141
v -0.317151 -0.008095 0.275946
v -0.408372 -0.010982 0.210839
v -0.391631 -0.010610 0.226201
v -0.403172 -0.010503 0.199469
v -0.403347 -0.010015 0.180896
v -0.392809 -0.010928 0.236856
v -0.389916 -0.010075 0.211304
v -0.396760 -0.009290 0.173660
v -0.383922 -0.008331 0.177279
v -0.384977 -0.009436 0.202586
v -0.375661 -0.008495 0.197941
v -0.377636 -0.010050 0.231828
v -0.366565 -0.007760 0.200137
v -0.359366 -0.008541 0.227092
v -0.370937 -0.007263 0.182072
v -0.366283 -0.006160 0.173443
v -0.364115 -0.005142 0.165151
v -0.356669 -0.006447 0.196910
v -0.350697 -0.006291 0.205725
v -0.351390 -0.005200 0.192474
v -0.356318 -0.004381 0.174973
v -0.354930 -0.002730 0.165600
v -0.349560 -0.000350 0.165720
v -0.340331 -0.007045 0.231719
v -0.352727 -0.007232 0.215096
v -0.343616 -0.003917 0.195702
v -0.335620 -0.002465 0.200861
v -0.340456 -0.000210 0.184228
v -0.344320 -0.001968 0.182759
v -0.328027 -0.006207 0.239078
v -0.327024 -0.005271 0.231880
v -0.339465 -0.005445 0.214902
v -0.330427 -0.003796 0.216489
v -0.334925 -0.001366 0.197505
v -0.335455 -0.000525 0.194534
v -0.408230 -0.009414 0.147197
v -0.395247 -0.008195 0.145994
v -0.405255 -0.007392 0.077820
v -0.395346 -0.006531 0.088491
v -0.386009 -0.007135 0.141753
v -0.387344 -0.006257 0.114959
v -0.384846 -0.005531 0.109524
v -0.379667 -0.003701 0.105872
v -0.390390 -0.005947 0.090781
v -0.387408 -0.005463 0.095645
v -0.380970 -0.003761 0.097588
v -0.387414 -0.005422 0.087210
v -0.382519 -0.004518 0.087608
v -0.380418 -0.003890 0.091039
v -0.379445 -0.006899 0.154965
v -0.376231 -0.006216 0.149821
v -0.372676 -0.005295 0.145464
v -0.372140 -0.004219 0.134927
v -0.375382 -0.002542 0.108711
v -0.370686 -0.000633 0.107811
v -0.377879 -0.003231 0.097489
v -0.373302 -0.002219 0.097663
v -0.370341 -0.000503 0.101125
v -0.374329 -0.003551 0.087525
v -0.369613 -0.002161 0.092894
v -0.365140 -0.004047 0.152047
v -0.364510 -0.001913 0.137325
v -0.361254 -0.000566 0.138390
v -0.366826 -0.000543 0.121448
v -0.368554 -0.000009 0.112571
v -0.366131 -0.000500 0.095917
v -0.367557 -0.003496 0.082660
v -0.364498 -0.002481 0.086945
v -0.362679 -0.001498 0.089599
v -0.360937 -0.000500 0.090678
v -0.356477 -0.001509 0.155134
v -0.355340 -0.000566 0.153912
v -0.358688 0.000006 0.143483
v -0.357423 -0.002598 0.082082
v -0.353094 -0.001303 0.084368
v -0.353775 -0.000496 0.086178
v -0.412203 -0.008182 0.054804
v -0.405372 -0.008524 0.035919
v -0.405952 -0.008790 0.025488
v -0.407877 -0.009121 0.000000
v -0.379791 -0.007996 0.002712
v -0.398058 -0.007981 0.043938
v -0.381877 -0.007523 0.036091
v -0.365593 -0.007293 0.016346
v -0.363237 -0.007036 0.024774
v -0.404576 -0.007384 0.067222
v -0.400621 -0.006949 0.070984
v -0.393475 -0.006328 0.077700
v -0.396452 -0.007195 0.060002
v -0.390417 -0.006257 0.072660
v -0.384792 -0.005541 0.077264
v -0.380263 -0.004684 0.082121
v -0.381005 -0.005906 0.067794
v -0.377946 -0.006937 0.047096
v -0.375748 -0.004652 0.078255
v -0.375622 -0.005162 0.072915
v -0.363100 -0.005896 0.053953
v -0.358023 -0.003584 0.076309
v -0.334529 -0.001355 0.074826
v -0.355628 -0.005089 0.060329
v -0.335764 -0.003570 0.063337
v -0.340946 -0.005914 0.031661
v -0.333554 -0.002522 0.069339
v -0.308380 -0.000494 0.063420
v -0.341186 -0.005119 0.048342
v -0.342192 -0.004506 0.057573
v -0.309115 -0.005028 0.013557
v -0.302516 -0.004867 0.005109
v -0.315621 -0.001523 0.064554
v -0.322836 -0.004819 0.037797
v -0.259453 -0.000408 0.579784
v -0.261551 -0.003282 0.574224
v -0.252428 -0.001404 0.582248
v -0.241761 -0.005418 0.576879
v -0.307441 -0.007832 0.523340
v -0.312263 -0.009382 0.498999
v -0.315415 -0.009850 0.488536
v -0.295393 -0.008801 0.518495
v -0.289704 -0.009818 0.506592
v -0.293876 -0.010378 0.492211
v -0.271884 -0.009348 0.524140
v -0.277557 -0.010730 0.493685
v -0.266231 -0.010458 0.507444
v -0.250994 -0.009493 0.532631
v -0.259628 -0.009968 0.521031
v -0.317010 -0.004064 0.543460
v -0.319340 -0.005640 0.535214
v -0.310505 -0.007089 0.529801
v -0.320600 -0.006499 0.528444
v -0.306064 -0.005390 0.544704
v -0.295419 -0.000456 0.561985
v -0.294379 -0.004339 0.554894
v -0.301652 -0.003265 0.554353
v -0.287137 -0.001383 0.565535
v -0.304190 -0.006257 0.540948
v -0.281840 -0.002346 0.566608
v -0.275861 -0.005503 0.559834
v -0.295026 -0.006830 0.541332
v -0.286799 -0.006410 0.549076
v -0.274777 -0.006871 0.551321
v -0.266120 -0.006340 0.560042
v -0.253113 -0.006879 0.562021
v -0.289810 -0.007792 0.533789
v -0.341795 -0.010797 0.446327
v -0.341027 -0.010388 0.457919
v -0.313656 -0.011042 0.458231
v -0.332622 -0.011762 0.409047
v -0.303179 -0.011789 0.417107
v -0.302901 -0.011811 0.407063
v -0.283000 -0.011210 0.472205
v -0.280901 -0.011660 0.445808
v -0.273421 -0.011545 0.459918
v -0.273695 -0.011725 0.435469
v -0.256745 -0.011505 0.473079
v -0.253070 -0.011717 0.446364
v -0.255571 -0.011666 0.427280
v -0.341231 -0.011797 0.347377
v -0.290952 -0.011750 0.403560
v -0.310186 -0.010744 0.327745
v -0.304888 -0.011438 0.362985
v -0.281772 -0.011629 0.399292
v -0.282624 -0.010912 0.361613
v -0.285669 -0.010657 0.350131
v -0.265680 -0.011321 0.394056
v -0.283226 -0.011157 0.370904
v -0.272562 -0.009549 0.339703
v -0.276251 -0.010173 0.347326
v -0.253144 -0.009401 0.353064
v -0.246625 -0.011179 0.401838
v -0.262179 -0.010509 0.367397
v -0.256154 -0.009932 0.359582
v -0.257301 -0.009081 0.345281
v -0.248372 -0.010767 0.385557
v -0.243405 -0.007064 0.330049
v -0.307082 -0.010225 0.319655
v -0.305516 -0.009551 0.310546
v -0.295067 -0.008257 0.301859
v -0.315046 -0.007318 0.267568
v -0.321801 -0.006863 0.254154
v -0.300812 -0.006412 0.272881
v -0.312246 -0.005902 0.255658
v -0.315468 -0.005170 0.246257
v -0.290544 -0.006371 0.282965
v -0.296569 -0.005268 0.268535
v -0.302507 -0.003989 0.254466
v -0.302861 -0.002396 0.247126
v -0.293192 -0.000561 0.252756
v -0.288588 -0.007297 0.295127
v -0.280867 -0.006438 0.292520
v -0.282525 -0.005380 0.283304
v -0.283613 -0.000567 0.262957
v -0.268103 -0.006436 0.303209
v -0.282628 -0.004147 0.277174
v -0.279730 -0.001864 0.270886
v -0.273302 -0.000531 0.273248
v -0.288028 -0.000003 0.257519
v -0.255628 -0.006880 0.318304
v -0.272699 -0.005530 0.292913
v -0.262645 -0.000523 0.283064
v -0.277970 -0.000002 0.267823
v -0.262442 -0.005312 0.300456
v -0.256710 -0.000107 0.287180
v -0.267474 0.000002 0.277756
v -0.254903 -0.006094 0.310929
v -0.250299 -0.005280 0.310531
v -0.261528 -0.001535 0.287149
v -0.251703 -0.000533 0.292693
v -0.318722 -0.004232 0.235998
v -0.313219 -0.002899 0.236107
v -0.324578 -0.001737 0.215034
v -0.321400 -0.000347 0.216208
v -0.299955 -0.001496 0.247443
v -0.313846 -0.001418 0.229725
v -0.311585 -0.000454 0.230736
v -0.299099 -0.000107 0.245534
v -0.319702 -0.002358 0.062983
v -0.307607 -0.003112 0.050164
v -0.320848 -0.004180 0.046647
v -0.308493 -0.004682 0.025554
v -0.306638 -0.002650 0.053372
v -0.295125 -0.003503 0.036501
v -0.305566 -0.001312 0.060218
v -0.288564 -0.003727 0.027079
v -0.295231 -0.001727 0.052966
v -0.287937 -0.000560 0.053021
v -0.286674 -0.002355 0.043779
v -0.286863 -0.003951 0.020171
v -0.286060 -0.001183 0.050413
v -0.284047 -0.003059 0.034824
v -0.281858 -0.003862 0.015333
v -0.279761 -0.003950 0.005213
v -0.276923 -0.002009 0.041144
v -0.269522 -0.001246 0.041461
v -0.271616 -0.000480 0.044707
v -0.272885 -0.002281 0.035736
v -0.262669 -0.002979 0.017194
v -0.244052 -0.001512 0.024817
v -0.262177 -0.001465 0.035758
v -0.260491 -0.000500 0.039028
v -0.262077 -0.002491 0.025408
v -0.256316 -0.003033 0.002629
v -0.253288 -0.002864 0.005996
v -0.246234 -0.000931 0.030615
v -0.245653 -0.000462 0.031728
v -0.243025 -0.002144 0.015403
v -0.232317 -0.000417 0.591820
v -0.240810 -0.002769 0.585051
v -0.236247 -0.006338 0.574484
v -0.227779 -0.001257 0.592965
v -0.227041 -0.004308 0.586248
v -0.212975 -0.002215 0.596688
v -0.216221 -0.006244 0.582290
v -0.216521 -0.005395 0.586424
v -0.203810 -0.000360 0.602423
v -0.199457 -0.001155 0.603212
v -0.189847 -0.006349 0.589892
v -0.170546 -0.001306 0.612676
v -0.182249 -0.006074 0.594295
v -0.190363 -0.005463 0.594756
v -0.174634 -0.007152 0.588265
v -0.171215 -0.000329 0.613635
v -0.175587 -0.002941 0.607493
v -0.169078 -0.006988 0.591445
v -0.158462 -0.005405 0.604587
v -0.164031 -0.004650 0.606043
v -0.234619 -0.008952 0.547538
v -0.228134 -0.009915 0.537386
v -0.249814 -0.011087 0.497194
v -0.238909 -0.011355 0.491134
v -0.231140 -0.010668 0.521043
v -0.213975 -0.009432 0.550002
v -0.209103 -0.009986 0.543807
v -0.218751 -0.011322 0.503574
v -0.208306 -0.010530 0.534012
v -0.206435 -0.010978 0.522961
v -0.179624 -0.010777 0.538585
v -0.212088 -0.011609 0.490373
v -0.166746 -0.008642 0.574870
v -0.174157 -0.010010 0.555077
v -0.184975 -0.011315 0.518824
v -0.146975 -0.010982 0.542609
v -0.154505 -0.011387 0.525859
v -0.174426 -0.011741 0.496281
v -0.231933 -0.007086 0.569740
v -0.252009 -0.011667 0.460649
v -0.237032 -0.011497 0.424943
v -0.230211 -0.011235 0.415310
v -0.237053 -0.011716 0.453396
v -0.212880 -0.011636 0.448044
v -0.189956 -0.011460 0.445896
v -0.211622 -0.011737 0.467743
v -0.197161 -0.011174 0.430148
v -0.187351 -0.010634 0.417431
v -0.186054 -0.011767 0.478508
v -0.168393 -0.010892 0.432598
v -0.155642 -0.011789 0.484944
v -0.170558 -0.011666 0.465220
v -0.152319 -0.011501 0.460486
v -0.145706 -0.010148 0.423182
v -0.232640 -0.009940 0.376733
v -0.221763 -0.009283 0.372436
v -0.226146 -0.010365 0.390068
v -0.218496 -0.010764 0.405205
v -0.199821 -0.010380 0.405425
v -0.209447 -0.009867 0.389574
v -0.202714 -0.009206 0.382429
v -0.187607 -0.009808 0.400012
v -0.195651 -0.008421 0.376151
v -0.165964 -0.009851 0.410315
v -0.181439 -0.009165 0.392643
v -0.155160 -0.008286 0.393090
v -0.228256 -0.006411 0.333115
v -0.227105 -0.005650 0.328839
v -0.223013 -0.008302 0.358669
v -0.212551 -0.005591 0.338401
v -0.209314 -0.006284 0.345172
v -0.215098 -0.006039 0.338677
v -0.178187 -0.007359 0.373029
v -0.208713 -0.007183 0.354672
v -0.195847 -0.006379 0.354235
v -0.188947 -0.005484 0.352421
v -0.189692 -0.000500 0.335948
v -0.208754 -0.000497 0.324162
v -0.195827 -0.005348 0.347989
v -0.183735 -0.000086 0.337951
v -0.160636 -0.007385 0.381429
v -0.176632 -0.006436 0.365208
v -0.165528 -0.005285 0.363506
v -0.179835 -0.000523 0.341085
v -0.162394 -0.004278 0.361155
v -0.168820 -0.000512 0.346520
v -0.242252 -0.006433 0.323996
v -0.238470 -0.005341 0.320097
v -0.245880 -0.006049 0.317793
v -0.241254 -0.000594 0.301562
v -0.245917 -0.000266 0.296726
v -0.233864 -0.006165 0.326978
v -0.230523 -0.000545 0.309553
v -0.220581 -0.000438 0.315948
v -0.215361 0.000015 0.318039
v -0.241306 -0.000582 0.028946
v -0.244427 -0.001985 0.019702
v -0.241171 -0.002369 0.005131
v -0.230411 -0.000527 0.023283
v -0.235403 -0.002025 0.010843
v -0.231031 -0.001514 0.015382
v -0.227321 -0.000925 0.019864
v -0.229753 -0.001896 0.005077
v -0.224292 -0.000212 0.021267
v -0.220646 -0.001187 0.012815
v -0.220781 -0.000527 0.017880
v -0.212459 -0.001157 0.005390
v -0.214567 -0.001044 0.010850
v -0.210841 -0.000479 0.012531
v -0.201118 -0.000499 0.004646
v -0.203767 -0.000133 0.011004
v -0.205217 -0.001000 -0.000000
v -0.183876 0.000015 0.000761
v -0.082687 -0.000659 0.667817
v -0.088479 -0.002477 0.646097
v -0.087586 -0.001511 0.654004
v -0.143783 -0.008041 0.587400
v -0.161997 -0.009319 0.568398
v -0.131531 -0.009047 0.578842
v -0.100913 -0.009611 0.577820
v -0.079080 -0.008118 0.599688
v -0.088795 -0.010243 0.570276
v -0.159279 -0.001602 0.615364
v -0.149712 -0.006613 0.599511
v -0.138082 -0.000466 0.621738
v -0.120161 -0.006034 0.608983
v -0.131151 -0.000016 0.624442
v -0.120671 -0.003001 0.620660
v -0.133513 -0.001717 0.620887
v -0.118365 -0.005301 0.613108
v -0.118592 -0.004406 0.616660
v -0.116967 -0.001219 0.626519
v -0.117706 -0.000485 0.627757
v -0.099291 -0.000436 0.639469
v -0.107662 -0.001853 0.629096
v -0.107786 -0.000503 0.632391
v -0.100549 -0.005361 0.617727
v -0.108128 -0.003995 0.621411
v -0.109765 -0.002609 0.625477
v -0.096059 -0.007170 0.605573
v -0.110899 -0.006668 0.606543
v -0.094983 -0.001487 0.641797
v -0.090918 -0.000405 0.651252
v -0.091368 -0.003388 0.635267
v -0.094178 -0.002400 0.638404
v -0.094251 -0.003695 0.630453
v -0.101574 -0.001772 0.633799
v -0.088579 -0.006208 0.616157
v -0.099923 -0.003891 0.625466
v -0.085996 -0.003276 0.643325
v -0.080656 -0.004236 0.641096
v -0.085040 -0.004610 0.631596
v -0.089377 -0.005021 0.625047
v -0.083730 -0.007152 0.609191
v -0.139097 -0.009912 0.565977
v -0.158060 -0.010384 0.553431
v -0.105538 -0.011818 0.512173
v -0.145464 -0.011655 0.514829
v -0.131043 -0.010661 0.554344
v -0.099499 -0.011855 0.499342
v -0.106405 -0.011468 0.534598
v -0.090591 -0.011019 0.553158
v -0.060802 -0.011736 0.529207
v -0.125876 -0.010613 0.438784
v -0.130401 -0.009252 0.413479
v -0.129162 -0.011709 0.477943
v -0.087838 -0.011565 0.476291
v -0.126715 -0.011183 0.454688
v -0.112553 -0.009957 0.429146
v -0.081224 -0.011351 0.468632
v -0.095690 -0.010718 0.447697
v -0.109829 -0.009467 0.421829
v -0.110704 -0.008567 0.410115
v -0.071225 -0.011761 0.488427
v -0.089050 -0.009406 0.424908
v -0.061189 -0.010999 0.459648
v -0.076611 -0.009954 0.435250
v -0.090461 -0.008603 0.414164
v -0.083755 -0.007597 0.403355
v -0.157904 -0.009215 0.403575
v -0.126817 -0.008236 0.402460
v -0.148890 -0.005222 0.370740
v -0.159413 -0.000512 0.351122
v -0.163093 -0.000001 0.348218
v -0.146679 -0.006411 0.378969
v -0.147068 -0.004054 0.367040
v -0.147799 -0.000562 0.356628
v -0.134306 -0.007266 0.390549
v -0.133866 -0.005668 0.378787
v -0.131564 -0.004055 0.372672
v -0.140762 -0.000360 0.358863
v -0.120272 -0.006244 0.386771
v -0.117750 -0.000557 0.367407
v -0.114239 -0.007060 0.394510
v -0.116562 -0.005118 0.381187
v -0.117838 -0.003230 0.374142
v -0.099501 -0.007365 0.399782
v -0.102826 -0.006345 0.390894
v -0.107540 -0.005205 0.383285
v -0.107179 -0.003564 0.376915
v -0.107708 -0.002483 0.373782
v -0.107845 -0.000552 0.370506
v -0.111656 -0.000294 0.368824
v -0.097801 -0.005714 0.386919
v -0.097970 -0.004708 0.381321
v -0.098126 -0.003409 0.375606
v -0.098807 -0.002139 0.371827
v -0.101155 -0.000502 0.370209
v -0.093082 -0.002413 0.369566
v -0.095794 -0.000558 0.366153
v -0.088803 -0.006674 0.394122
v -0.087800 -0.005517 0.384489
v -0.089637 -0.004456 0.378456
v -0.088756 -0.003585 0.372726
v -0.087200 -0.002438 0.364353
v -0.089231 -0.001473 0.362021
v -0.090644 -0.000498 0.360907
v -0.079617 -0.002527 0.353292
v -0.083732 -0.001371 0.352370
v -0.085659 -0.000543 0.352879
v -0.000761 -0.000017 0.832136
v -0.041461 -0.001246 0.746475
v -0.044704 -0.000481 0.744379
v -0.041144 -0.002009 0.739073
v -0.031490 -0.000447 0.770926
v -0.030615 -0.000931 0.769763
v -0.035758 -0.001465 0.753820
v -0.039028 -0.000500 0.755505
v -0.035736 -0.002281 0.743112
v -0.021267 -0.000212 0.791704
v -0.023283 -0.000527 0.785585
v -0.024817 -0.001512 0.771945
v -0.028946 -0.000582 0.774690
v -0.017182 -0.002980 0.753326
v -0.025408 -0.002491 0.753920
v -0.034825 -0.003059 0.731948
v -0.011004 -0.000133 0.812230
v -0.010850 -0.001044 0.801430
v -0.012531 -0.000479 0.805156
v -0.012815 -0.001187 0.795351
v -0.017880 -0.000527 0.795215
v -0.010843 -0.002025 0.780593
v -0.015382 -0.001514 0.784965
v -0.019864 -0.000925 0.788675
v -0.015386 -0.002145 0.772977
v -0.019702 -0.001985 0.771569
v 0.000000 -0.001000 0.810779
v -0.004652 -0.000499 0.814855
v -0.005387 -0.001157 0.803543
v -0.005578 -0.002002 0.783809
v -0.002569 -0.003026 0.759871
v -0.005844 -0.002848 0.763128
v -0.005204 -0.003950 0.736221
v -0.070439 -0.001339 0.689935
v -0.073049 -0.000509 0.688004
v -0.071188 -0.002475 0.678916
v -0.076514 -0.001504 0.676291
v -0.067136 -0.003263 0.677103
v -0.060925 -0.001272 0.709431
v -0.063030 -0.000557 0.708339
v -0.073549 -0.004942 0.641835
v -0.050420 -0.001182 0.729926
v -0.053005 -0.000559 0.728096
v -0.052998 -0.001721 0.720766
v -0.050493 -0.003183 0.706685
v -0.053888 -0.002532 0.710091
v -0.043778 -0.002354 0.729328
v -0.050804 -0.004028 0.691978
v -0.046809 -0.004579 0.687239
v -0.036527 -0.003468 0.721476
v -0.036597 -0.004360 0.703607
v -0.041203 -0.005100 0.683659
v -0.034979 -0.005794 0.674708
v -0.026609 -0.003392 0.734720
v -0.020171 -0.003951 0.729134
v -0.027995 -0.003942 0.722177
v -0.026094 -0.004994 0.700195
v -0.025395 -0.006819 0.657559
v -0.015339 -0.003861 0.734166
v -0.013598 -0.005017 0.707107
v -0.015994 -0.007744 0.639336
v -0.005165 -0.004883 0.713087
v -0.061517 -0.008324 0.601858
v -0.052234 -0.009367 0.589558
v -0.050203 -0.008354 0.606047
v -0.046021 -0.008057 0.614026
v -0.039603 -0.009430 0.591121
v -0.026652 -0.009770 0.587433
v -0.034752 -0.008781 0.604747
v -0.027858 -0.008534 0.613952
v -0.023573 -0.010390 0.575777
v -0.018357 -0.009159 0.601709
v -0.004264 -0.007893 0.638494
v -0.006641 -0.009353 0.598754
v -0.074411 -0.005782 0.629089
v -0.071992 -0.006547 0.621213
v -0.081097 -0.005548 0.626049
v -0.074819 -0.007108 0.612717
v -0.066917 -0.005965 0.634354
v -0.062862 -0.007378 0.615084
v -0.056511 -0.006975 0.627117
v -0.046627 -0.006814 0.640702
v -0.036027 -0.007761 0.628181
v -0.073597 -0.010703 0.563907
v -0.049132 -0.011443 0.544648
v -0.027936 -0.011916 0.514102
v -0.050028 -0.010958 0.560362
v -0.002007 -0.011102 0.558944
v 0.025573 -0.011810 0.527909
v 0.002564 -0.011804 0.493801
v -0.000565 -0.010641 0.571240
v -0.001533 -0.011484 0.545283
v -0.065044 -0.009221 0.424361
v -0.070697 -0.008434 0.413042
v -0.057760 -0.010654 0.450972
v -0.048374 -0.009986 0.437659
v -0.050018 -0.008544 0.412831
v -0.027311 -0.011258 0.469618
v -0.038151 -0.009214 0.423483
v -0.019258 -0.010066 0.439819
v -0.012150 -0.010836 0.457693
v -0.025480 -0.008817 0.414125
v -0.010215 -0.009097 0.419021
v -0.016949 -0.011576 0.481631
v 0.023789 -0.011136 0.465858
v -0.066229 -0.007647 0.402012
v -0.043451 -0.008210 0.405485
v -0.028603 -0.008005 0.395513
v -0.012766 -0.008160 0.393910
v -0.077877 -0.006519 0.390943
v -0.071562 -0.006573 0.389586
v -0.078332 -0.005598 0.382139
v -0.082716 -0.004671 0.376472
v -0.078115 -0.004512 0.371719
v -0.082021 -0.003452 0.365768
v -0.074630 -0.004206 0.364318
v -0.071097 -0.003678 0.351654
v -0.067417 -0.001536 0.321192
v -0.069535 -0.000476 0.320597
v -0.066426 -0.006286 0.383739
v -0.069646 -0.005455 0.374955
v -0.057340 -0.006186 0.375413
v -0.060490 -0.005215 0.360934
v -0.068405 -0.004677 0.362652
v -0.064392 -0.002544 0.324605
v -0.055244 -0.007508 0.396866
v -0.056436 -0.006950 0.388062
v -0.048850 -0.005931 0.361466
v -0.052644 -0.003308 0.314551
v -0.047196 -0.006633 0.375358
v -0.034930 -0.006890 0.371146
v -0.035229 -0.005135 0.327577
v -0.046640 -0.004618 0.329636
v -0.042281 -0.007361 0.387226
v -0.025585 -0.006647 0.358359
v -0.024575 -0.005824 0.335743
v -0.014287 -0.006123 0.338344
v -0.003807 -0.007670 0.378330
v -0.004827 -0.005174 0.310038
v -0.061930 -0.000751 0.305782
v -0.051579 -0.002454 0.300719
v -0.057537 -0.001514 0.302303
v -0.051166 -0.001255 0.287759
v -0.051257 -0.000545 0.284459
v -0.046260 -0.003617 0.310153
v -0.046126 -0.002489 0.292722
v -0.041437 -0.002048 0.278164
v -0.044968 -0.001610 0.279762
v -0.040759 -0.000492 0.263832
v -0.041114 -0.001011 0.266706
v -0.036721 -0.003932 0.303481
v -0.027810 -0.003999 0.294823
v -0.036209 -0.003098 0.287022
v -0.024928 -0.002512 0.261460
v -0.034365 -0.002190 0.269179
v -0.035758 -0.001465 0.262177
v -0.030037 -0.000946 0.245324
v -0.031541 -0.000452 0.245172
v -0.026051 -0.004878 0.313407
v -0.017592 -0.003985 0.285721
v -0.026015 -0.003487 0.282593
v -0.023280 -0.001603 0.243019
v -0.013401 -0.004961 0.307280
v -0.017261 -0.002990 0.262984
v -0.016185 -0.002338 0.248073
v -0.004551 -0.003247 0.262588
v -0.004281 -0.003006 0.255855
v -0.020961 -0.002066 0.247295
v -0.028946 -0.000582 0.241306
v -0.023283 -0.000527 0.230411
v -0.021267 -0.000212 0.224292
v -0.010843 -0.002025 0.235403
v -0.015382 -0.001514 0.231031
v -0.019949 -0.000864 0.226820
v -0.012815 -0.001187 0.220646
v -0.017880 -0.000527 0.220781
v -0.010850 -0.001044 0.214567
v -0.012531 -0.000479 0.210841
v -0.011004 -0.000133 0.203767
v -0.005265 -0.001998 0.232118
v -0.004803 -0.001131 0.211768
v -0.006888 -0.000799 0.207725
v 0.000000 -0.001000 0.205217
v -0.004614 -0.000498 0.201070
v -0.000756 0.000016 0.183874
v -0.812230 0.000133 0.011004
v -0.814926 0.000498 0.004614
v -0.810780 0.001000 0.000000
v -0.805156 0.000479 0.012531
v -0.801430 0.001044 0.010850
v -0.808271 0.000799 0.006888
v -0.803621 0.001158 0.005206
v -0.791704 0.000212 0.021267
v -0.795215 0.000527 0.017880
v -0.786009 0.001445 0.015638
v -0.785585 0.000527 0.023283
v -0.773663 0.001528 0.023613
v -0.789337 0.000878 0.019921
v -0.780593 0.002025 0.010843
v -0.786236 0.001898 0.005052
v -0.771179 0.000305 0.031529
v -0.774690 0.000582 0.028946
v -0.767951 0.002063 0.021524
v -0.772600 0.002157 0.015514
v -0.774826 0.002369 0.005131
v -0.765503 0.000582 0.033720
v -0.754256 0.001488 0.035374
v -0.769551 0.000971 0.030706
v -0.762707 0.002864 0.005998
v -0.759674 0.003033 0.002639
v -0.752132 0.000510 0.040770
v -0.749291 0.001011 0.041114
v -0.745137 0.002223 0.034943
v -0.751879 0.002591 0.025768
v -0.754643 0.002945 0.016410
v -0.740978 0.001527 0.042926
v -0.735422 0.002245 0.041398
v -0.731818 0.003920 0.017293
v -0.736208 0.003951 0.005205
v -0.665367 0.000472 0.082863
v -0.668829 0.001363 0.079649
v -0.652596 0.002319 0.084790
v -0.730868 0.000525 0.051609
v -0.730429 0.001208 0.050138
v -0.734720 0.003392 0.026609
v -0.716908 0.001448 0.056038
v -0.713598 0.002317 0.053432
v -0.723274 0.002489 0.046126
v -0.704558 0.003540 0.047798
v -0.718456 0.003578 0.037314
v -0.714975 0.004098 0.031703
v -0.710394 0.004984 0.005304
v -0.710142 0.000516 0.062104
v -0.709406 0.001394 0.060532
v -0.707651 0.003004 0.051427
v -0.698304 0.005017 0.026183
v -0.707899 0.004973 0.013590
v -0.688496 0.002371 0.066301
v -0.688850 0.000456 0.072223
v -0.689377 0.001307 0.070390
v -0.686313 0.004597 0.045956
v -0.674585 0.005566 0.036890
v -0.682668 0.005868 0.014907
v -0.669020 0.002351 0.075872
v -0.660808 0.005601 0.048177
v -0.677174 0.005895 0.024029
v -0.643928 0.007336 0.006957
v -0.666755 0.003534 0.069694
v -0.657166 0.004202 0.069538
v -0.655758 0.005176 0.059265
v -0.658079 0.006591 0.023889
v -0.583442 0.000438 0.255155
v -0.573002 0.000424 0.276347
v -0.579695 0.002335 0.255801
v -0.583164 0.001357 0.253207
v -0.574881 0.003935 0.254631
v -0.613429 0.000384 0.171777
v -0.613774 0.001295 0.166315
v -0.603996 0.002806 0.186355
v -0.612261 0.002449 0.161040
v -0.604746 0.004072 0.168730
v -0.601713 0.005131 0.161738
v -0.592800 0.000329 0.233566
v -0.600129 0.000513 0.211376
v -0.603101 0.001329 0.200225
v -0.593164 0.005116 0.191103
v -0.590819 0.005990 0.182551
v -0.593021 0.001582 0.228459
v -0.585136 0.002828 0.239968
v -0.593594 0.003921 0.206195
v -0.582051 0.006045 0.208375
v -0.585892 0.007030 0.173649
v -0.571474 0.006010 0.237567
v -0.583854 0.004776 0.223856
v -0.575680 0.007064 0.204597
v -0.576364 0.008051 0.172941
v -0.651361 0.000450 0.090205
v -0.650827 0.001392 0.089079
v -0.650420 0.003249 0.081378
v -0.639699 0.000432 0.099299
v -0.641412 0.001472 0.095851
v -0.641603 0.002526 0.091480
v -0.634540 0.003445 0.093103
v -0.643084 0.003616 0.084037
v -0.622019 0.000341 0.136101
v -0.627827 0.000532 0.117923
v -0.629909 0.001481 0.110070
v -0.632625 0.000518 0.108269
v -0.632087 0.002423 0.102159
v -0.635234 0.001569 0.102055
v -0.625938 0.004435 0.096245
v -0.632820 0.004482 0.086675
v -0.626507 0.005303 0.085479
v -0.620415 0.002830 0.124126
v -0.621093 0.001476 0.134148
v -0.625253 0.001652 0.119614
v -0.616972 0.004254 0.117860
v -0.626532 0.002581 0.110525
v -0.621505 0.004059 0.108822
v -0.617873 0.005256 0.101190
v -0.627565 0.003501 0.102033
v -0.618807 0.006013 0.087393
v -0.615406 0.003806 0.129789
v -0.612748 0.004997 0.119054
v -0.606303 0.006163 0.116647
v -0.610676 0.006224 0.101348
v -0.605497 0.007230 0.090026
v -0.598047 0.006100 0.153316
v -0.591199 0.007099 0.150687
v -0.597426 0.007442 0.109885
v -0.600823 0.008252 0.066911
v -0.584622 0.007975 0.143695
v -0.591149 0.008257 0.099232
v -0.585999 0.008889 0.086049
v -0.575552 0.008834 0.140602
v -0.580119 0.009430 0.074575
v -0.581964 0.009625 0.047010
v -0.644677 0.005113 0.068594
v -0.646739 0.006491 0.042446
v -0.638883 0.004870 0.076547
v -0.642562 0.005983 0.057702
v -0.634060 0.007126 0.040281
v -0.638440 0.007426 0.018240
v -0.627330 0.005972 0.074600
v -0.632603 0.005979 0.068102
v -0.631022 0.006813 0.053482
v -0.622860 0.006771 0.065909
v -0.613770 0.007714 0.056259
v -0.616162 0.007954 0.042178
v -0.616179 0.006754 0.077809
v -0.608515 0.007600 0.071213
v -0.634777 0.007695 -0.001493
v -0.612473 0.008426 0.022805
v -0.612019 0.008552 0.009237
v -0.596221 0.008864 0.048697
v -0.578864 0.009978 -0.001113
v -0.569589 0.010306 0.028160
v -0.540467 0.000482 0.333137
v -0.546627 0.001388 0.321951
v -0.527698 0.000512 0.352242
v -0.539176 0.002441 0.329053
v -0.538752 0.004579 0.315656
v -0.522343 0.001434 0.357913
v -0.529245 0.003350 0.338839
v -0.518076 0.004488 0.347011
v -0.512970 0.005892 0.340653
v -0.512264 0.002414 0.368470
v -0.507651 0.006951 0.335209
v -0.501744 0.001310 0.387601
v -0.504093 0.003219 0.375411
v -0.506889 0.000378 0.383074
v -0.494006 0.002268 0.393744
v -0.503028 0.004583 0.367047
v -0.495575 0.006634 0.355694
v -0.493359 0.009071 0.319855
v -0.562843 0.000364 0.296188
v -0.565141 0.003857 0.275122
v -0.572465 0.005181 0.247129
v -0.560354 0.006850 0.247913
v -0.551869 0.000390 0.315824
v -0.565033 0.001390 0.289745
v -0.555822 0.002384 0.302363
v -0.553509 0.003763 0.297655
v -0.560722 0.006042 0.260510
v -0.544310 0.003778 0.313113
v -0.555320 0.004992 0.283634
v -0.550140 0.006001 0.281092
v -0.544819 0.006827 0.278792
v -0.523160 0.006989 0.312109
v -0.540784 0.007606 0.272534
v -0.533830 0.005918 0.309871
v -0.521771 0.007909 0.299595
v -0.542720 0.008371 0.252859
v -0.532112 0.008374 0.272993
v -0.532574 0.009075 0.255277
v -0.526945 0.009719 0.247345
v -0.505220 0.008145 0.320469
v -0.519376 0.008901 0.283721
v -0.516469 0.009700 0.267939
v -0.505837 0.009592 0.288960
v -0.509095 0.010285 0.261809
v -0.501054 0.010735 0.257306
v -0.489839 0.010197 0.295698
v -0.490585 0.010576 0.281591
v -0.567444 0.006984 0.228603
v -0.554055 0.008059 0.236343
v -0.564581 0.008140 0.206982
v -0.566735 0.008885 0.172852
v -0.555867 0.008997 0.202705
v -0.553945 0.009733 0.175291
v -0.542823 0.009180 0.230425
v -0.540712 0.009706 0.216812
v -0.547061 0.010572 0.139111
v -0.533448 0.010313 0.206867
v -0.539202 0.010525 0.175745
v -0.519017 0.010528 0.231881
v -0.520798 0.010845 0.207965
v -0.528441 0.011020 0.167171
v -0.513129 0.011278 0.189554
v -0.499572 0.011135 0.236462
v -0.503130 0.011271 0.217979
v -0.505601 0.011584 0.162851
v -0.492784 0.011653 0.197437
v -0.564479 0.009614 0.141031
v -0.553369 0.010276 0.138605
v -0.556374 0.010543 0.089088
v -0.540110 0.011017 0.112248
v -0.521557 0.011361 0.143594
v -0.525806 0.011473 0.088098
v -0.509890 0.011624 0.112007
v -0.496611 0.011658 0.078036
v -0.565833 0.010360 0.050526
v -0.553986 0.010904 0.012747
v -0.547446 0.011043 0.054657
v -0.531688 0.011475 0.037022
v -0.536220 0.011364 -0.004451
v -0.520401 0.011608 -0.011019
v -0.511598 0.011708 0.020020
v -0.484136 0.011507 -0.062813
v -0.499765 0.011693 0.002007
v -0.468619 0.000318 0.431209
v -0.462402 0.001320 0.435791
v -0.468925 0.002420 0.423610
v -0.452776 0.004879 0.425927
v -0.462106 0.000419 0.438527
v -0.457203 0.003256 0.432647
v -0.455830 0.006017 0.411635
v -0.444657 0.001320 0.454147
v -0.449864 0.002188 0.445875
v -0.440551 0.000420 0.459960
v -0.453458 0.004210 0.430293
v -0.433660 0.005989 0.435661
v -0.438347 0.007213 0.416771
v -0.431639 0.000470 0.467380
v -0.426972 0.002450 0.466230
v -0.433645 0.003249 0.456503
v -0.432232 0.004105 0.452754
v -0.424999 0.004972 0.453237
v -0.428046 0.001419 0.468510
v -0.400174 0.003474 0.484397
v -0.411289 0.006048 0.456395
v -0.418078 0.007332 0.435769
v -0.425431 0.008736 0.407334
v -0.399513 0.009377 0.420944
v -0.484469 0.003828 0.396995
v -0.486959 0.005286 0.381896
v -0.477359 0.006160 0.384754
v -0.485766 0.007562 0.355993
v -0.459610 0.007198 0.393263
v -0.475978 0.008263 0.357682
v -0.470510 0.008920 0.352645
v -0.462782 0.009468 0.350722
v -0.447548 0.008712 0.383829
v -0.437794 0.010640 0.347521
v -0.430929 0.009463 0.387131
v -0.425264 0.011168 0.340382
v -0.427295 0.010207 0.372903
v -0.390946 0.010843 0.389249
v -0.487349 0.009594 0.316093
v -0.481612 0.010950 0.278569
v -0.481570 0.011259 0.262001
v -0.458665 0.010154 0.338325
v -0.470531 0.010503 0.312491
v -0.457805 0.010928 0.312307
v -0.458389 0.011217 0.298216
v -0.457345 0.011729 0.262834
v -0.470742 0.011609 0.253600
v -0.447480 0.011828 0.250079
v -0.440474 0.011798 0.271416
v -0.428153 0.011664 0.307355
v -0.449271 0.011557 0.289797
v -0.419400 0.011776 0.300580
v -0.424457 0.011821 0.279042
v -0.403930 0.011702 0.278765
v -0.428327 0.011790 0.252929
v -0.483524 0.011550 0.235972
v -0.479984 0.011715 0.219504
v -0.483915 0.011733 0.180100
v -0.474979 0.011771 0.196233
v -0.457116 0.011820 0.230550
v -0.464215 0.011791 0.207887
v -0.469374 0.011447 0.132857
v -0.456545 0.011668 0.189978
v -0.438491 0.011666 0.219380
v -0.444066 0.011275 0.173773
v -0.429497 0.011318 0.204544
v -0.414045 0.011502 0.244501
v -0.425640 0.010404 0.158504
v -0.428359 0.010794 0.174092
v -0.411478 0.011260 0.231606
v -0.414166 0.010100 0.169664
v -0.402379 0.007536 0.091432
v -0.492067 0.011684 0.141361
v -0.483491 0.011522 0.082105
v -0.477603 0.011589 0.137318
v -0.472344 0.011337 0.089754
v -0.451613 0.011100 0.140344
v -0.458230 0.011103 0.118006
v -0.459891 0.010945 0.079970
v -0.448638 0.010625 0.095941
v -0.436006 0.010404 0.129338
v -0.442216 0.010689 0.131705
v -0.435163 0.009947 0.091196
v -0.425515 0.009833 0.126481
v -0.422035 0.009286 0.103656
v -0.424472 0.009201 0.078125
v -0.416336 0.009804 0.151564
v -0.413918 0.009095 0.126630
v -0.409503 0.008478 0.112488
v -0.413527 0.008499 0.090736
v -0.413532 0.008444 0.076344
v -0.405122 0.007907 0.061927
v -0.472583 0.011273 0.044492
v -0.473882 0.011299 -0.030514
v -0.450222 0.010567 0.068898
v -0.452027 0.010560 0.029533
v -0.462541 0.010943 -0.017655
v -0.451028 0.010506 -0.015110
v -0.436653 0.009866 0.055678
v -0.430431 0.009558 0.020016
v -0.432622 0.009674 -0.008138
v -0.418536 0.008836 0.055233
v -0.422009 0.009125 0.032905
v -0.420872 0.009183 0.007356
v -0.410957 0.008778 0.019291
v -0.394788 0.002299 0.493608
v -0.381153 0.000360 0.508013
v -0.386557 0.001359 0.502626
v -0.381890 0.004199 0.495050
v -0.373612 0.003304 0.505805
v -0.381757 0.005761 0.483975
v -0.368286 0.002439 0.512912
v -0.360328 0.005903 0.498853
v -0.360957 0.006928 0.488733
v -0.348662 0.000119 0.530275
v -0.356993 0.001421 0.523083
v -0.355993 0.004901 0.509569
v -0.341880 0.003331 0.527155
v -0.353121 0.004163 0.515808
v -0.329718 0.002684 0.537438
v -0.339166 0.006648 0.506786
v -0.315389 0.000318 0.550916
v -0.327807 0.001511 0.541623
v -0.346647 0.008068 0.485972
v -0.401277 0.004228 0.479245
v -0.391185 0.006738 0.466866
v -0.391962 0.005028 0.481641
v -0.372060 0.007792 0.470176
v -0.397143 0.007584 0.451690
v -0.401866 0.008704 0.431047
v -0.380440 0.008733 0.449749
v -0.395086 0.010164 0.406820
v -0.366447 0.010310 0.428610
v -0.350783 0.009412 0.461965
v -0.352231 0.008863 0.470363
v -0.357015 0.009948 0.445608
v -0.356123 0.010765 0.423329
v -0.323579 0.010352 0.461614
v -0.342127 0.011125 0.421776
v -0.291604 0.011572 0.438980
v -0.390809 0.011320 0.369464
v -0.409930 0.011540 0.337797
v -0.364858 0.011686 0.365451
v -0.364037 0.011507 0.384066
v -0.353503 0.011345 0.403125
v -0.334268 0.011592 0.353236
v -0.352665 0.011729 0.351534
v -0.342938 0.011430 0.334511
v -0.335672 0.007775 0.247855
v -0.377512 0.011729 0.321118
v -0.385111 0.011760 0.330983
v -0.382215 0.011446 0.288531
v -0.392304 0.011260 0.261958
v -0.372785 0.011635 0.314937
v -0.383244 0.010676 0.246638
v -0.366137 0.010926 0.282081
v -0.358921 0.010514 0.276235
v -0.351099 0.011220 0.314510
v -0.347137 0.009319 0.260857
v -0.339458 0.010016 0.286679
v -0.343817 0.008511 0.249459
v -0.339755 0.010660 0.304329
v -0.330883 0.009494 0.284761
v -0.320722 0.008494 0.278384
v -0.376610 0.007482 0.173889
v -0.367939 0.007478 0.190639
v -0.366817 0.006415 0.174307
v -0.358377 0.008298 0.223640
v -0.358336 0.006988 0.199319
v -0.361579 0.004159 0.160878
v -0.350049 0.006294 0.203346
v -0.355232 0.005302 0.183034
v -0.350421 0.000433 0.163847
v -0.348959 0.007143 0.217541
v -0.344124 0.005424 0.204397
v -0.336468 0.002426 0.199153
v -0.339326 0.004181 0.203800
v -0.342899 0.000583 0.180206
v -0.345961 0.002847 0.184161
v -0.346075 0.001556 0.177211
v -0.326782 0.006450 0.240553
v -0.333843 0.006534 0.231385
v -0.339263 0.005809 0.214797
v -0.325682 0.001764 0.213185
v -0.335574 0.000530 0.194178
v -0.335513 0.001403 0.196443
v -0.404325 0.010477 0.204802
v -0.407268 0.010821 0.214363
v -0.391590 0.009220 0.186377
v -0.401330 0.009791 0.184954
v -0.381854 0.009884 0.222831
v -0.377733 0.008431 0.192756
v -0.368347 0.009328 0.229775
v -0.362197 0.009988 0.255864
v -0.377837 0.009229 0.211880
v -0.403954 0.008325 0.127614
v -0.404909 0.007874 0.100661
v -0.402053 0.007552 0.072276
v -0.387804 0.008011 0.161743
v -0.392311 0.007400 0.134046
v -0.394081 0.006990 0.114687
v -0.391013 0.006365 0.103964
v -0.386349 0.005645 0.098235
v -0.393544 0.006618 0.088219
v -0.377756 0.004518 0.121061
v -0.385121 0.005896 0.118663
v -0.376295 0.003511 0.107746
v -0.382715 0.005113 0.107949
v -0.381163 0.004715 0.097659
v -0.377343 0.004549 0.086037
v -0.384167 0.005464 0.088234
v -0.370012 0.005326 0.153417
v -0.377464 0.006329 0.150171
v -0.381706 0.006813 0.149297
v -0.368659 0.004230 0.144894
v -0.379482 0.005584 0.131873
v -0.370236 0.003213 0.131196
v -0.369974 0.001390 0.115851
v -0.374125 0.003293 0.117726
v -0.370351 0.000530 0.108220
v -0.373023 0.002358 0.108068
v -0.369970 0.000501 0.101188
v -0.371347 0.002155 0.098244
v -0.375080 0.003381 0.098055
v -0.369023 0.002418 0.092586
v -0.372605 0.003594 0.088776
v -0.361289 0.000600 0.138156
v -0.364954 0.001536 0.133291
v -0.366718 0.000514 0.121676
v -0.366241 0.000610 0.095737
v -0.360898 0.000498 0.090630
v -0.361961 0.001470 0.089220
v -0.363982 0.002439 0.087011
v -0.366318 0.003433 0.082729
v -0.357067 0.001741 0.154757
v -0.356928 0.000519 0.149460
v -0.352885 0.000560 0.085631
v -0.351907 0.001353 0.083603
v -0.356128 0.002387 0.081988
v -0.403987 0.009186 0.158149
v -0.395971 0.008384 0.152318
v -0.398091 0.007746 0.049015
v -0.390429 0.006456 0.078156
v -0.388327 0.006517 0.070161
v -0.390728 0.006998 0.060225
v -0.388122 0.007590 0.037393
v -0.382186 0.005603 0.078358
v -0.380407 0.006101 0.065259
v -0.383823 0.007100 0.046930
v -0.382342 0.007874 0.014174
v -0.372418 0.004577 0.078219
v -0.378312 0.005589 0.072216
v -0.371810 0.005322 0.068639
v -0.373089 0.006096 0.057560
v -0.379322 0.007894 -0.000997
v -0.364171 0.004511 0.071745
v -0.361137 0.005336 0.059531
v -0.361688 0.006034 0.048509
v -0.348213 0.006578 0.015545
v -0.341895 0.006442 0.005234
v -0.352134 0.003686 0.071553
v -0.322809 0.004072 0.049711
v -0.345194 0.005920 0.035421
v -0.327260 0.002534 0.065907
v -0.317619 0.003378 0.053863
v -0.337967 0.005941 0.026211
v -0.326586 0.000586 0.072544
v -0.321929 0.001514 0.067890
v -0.328627 0.004988 0.040413
v -0.407930 0.008316 0.046110
v -0.402803 0.008245 0.035804
v -0.386373 0.007765 0.028302
v -0.273762 0.002411 0.568796
v -0.253240 0.000726 0.582118
v -0.245748 0.005063 0.571182
v -0.315131 0.004435 0.538496
v -0.327446 0.005864 0.521363
v -0.322581 0.007373 0.510628
v -0.308370 0.001913 0.552317
v -0.296672 0.006590 0.534008
v -0.290420 0.000432 0.564285
v -0.287001 0.001361 0.564670
v -0.296454 0.003564 0.553238
v -0.292390 0.005743 0.543246
v -0.283700 0.004894 0.553419
v -0.260144 0.003902 0.570179
v -0.283898 0.007510 0.532683
v -0.256682 0.006694 0.554797
v -0.242151 0.005966 0.567400
v -0.249598 0.008046 0.545857
v -0.316424 0.008803 0.496894
v -0.312712 0.009447 0.488748
v -0.291253 0.008152 0.521340
v -0.289089 0.008838 0.513788
v -0.285865 0.009479 0.505885
v -0.270311 0.008162 0.533391
v -0.268617 0.008915 0.524954
v -0.274115 0.010290 0.497614
v -0.247792 0.008969 0.535795
v -0.265521 0.009569 0.516898
v -0.253945 0.010855 0.495414
v -0.246151 0.009646 0.526786
v -0.234858 0.010637 0.513726
v -0.322581 0.010038 0.469861
v -0.318140 0.010823 0.451436
v -0.304074 0.011680 0.416314
v -0.288290 0.011094 0.463880
v -0.283951 0.010826 0.475967
v -0.252353 0.011660 0.462510
v -0.281051 0.011740 0.423234
v -0.257399 0.011181 0.482329
v -0.273272 0.011718 0.437443
v -0.259418 0.011602 0.411613
v -0.274201 0.011461 0.458527
v -0.241113 0.011680 0.426916
v -0.248325 0.011790 0.446964
v -0.248183 0.007350 0.330776
v -0.335418 0.011726 0.379152
v -0.323671 0.011176 0.341034
v -0.316122 0.010416 0.322395
v -0.317883 0.010736 0.329970
v -0.299090 0.011629 0.387272
v -0.298902 0.011713 0.397866
v -0.286977 0.010281 0.345132
v -0.289491 0.011348 0.377932
v -0.268746 0.010481 0.364473
v -0.287453 0.010785 0.358566
v -0.289885 0.009834 0.333146
v -0.274646 0.011131 0.379829
v -0.257392 0.009517 0.353545
v -0.260839 0.011322 0.396860
v -0.236934 0.010470 0.385617
v -0.251207 0.010747 0.383523
v -0.254320 0.008748 0.343831
v -0.319575 0.007392 0.262635
v -0.317690 0.006803 0.257033
v -0.312555 0.004282 0.243482
v -0.311882 0.005333 0.250248
v -0.312530 0.005956 0.254097
v -0.297204 0.007263 0.286300
v -0.297706 0.005349 0.266876
v -0.300779 0.006411 0.272485
v -0.293257 0.000574 0.252597
v -0.301157 0.001608 0.246360
v -0.301598 0.002641 0.249568
v -0.285611 0.007336 0.298820
v -0.290810 0.004321 0.269120
v -0.283550 0.000564 0.262942
v -0.275897 0.005395 0.289829
v -0.282029 0.006344 0.291535
v -0.284801 0.005300 0.280539
v -0.273300 0.000519 0.273200
v -0.277683 0.001605 0.272110
v -0.269690 0.007450 0.314620
v -0.272425 0.002896 0.282185
v -0.270577 0.004450 0.290064
v -0.262629 0.000519 0.283032
v -0.260802 0.006857 0.315480
v -0.254842 0.005214 0.307430
v -0.258717 0.006042 0.309710
v -0.247224 0.004384 0.309968
v -0.252782 0.000615 0.291801
v -0.313364 0.009941 0.313481
v -0.304892 0.009390 0.310997
v -0.299817 0.008488 0.300726
v -0.279079 0.008981 0.327749
v -0.281933 0.008160 0.313109
v -0.322801 0.005409 0.236576
v -0.325412 0.004571 0.227082
v -0.321183 0.000360 0.216447
v -0.312047 0.000483 0.230051
v -0.313844 0.001747 0.230493
v -0.301655 0.000508 0.243089
v -0.303051 0.002545 0.052222
v -0.312673 0.004867 0.025585
v -0.300630 0.001533 0.056551
v -0.301951 0.003351 0.043569
v -0.296532 0.003584 0.036460
v -0.312390 0.004360 0.036597
v -0.305876 0.004903 0.013454
v -0.305044 0.000670 0.061647
v -0.293467 0.003952 0.027409
v -0.308987 0.005127 0.005591
v -0.284200 0.000539 0.051129
v -0.296670 0.002074 0.051829
v -0.281694 0.001524 0.046356
v -0.282256 0.003834 0.017399
v -0.286968 0.001045 0.051511
v -0.277302 0.003087 0.029049
v -0.261863 0.003220 0.004742
v -0.263826 0.000491 0.040756
v -0.279922 0.002053 0.042372
v -0.272477 0.002315 0.035176
v -0.264306 0.003047 0.017308
v -0.266706 0.001011 0.041114
v -0.262177 0.001465 0.035758
v -0.249489 0.001477 0.028535
v -0.257807 0.002329 0.024711
v -0.253751 0.002885 0.006117
v -0.250493 0.000582 0.033720
v -0.245585 0.000965 0.030114
v -0.237729 0.002011 0.013389
v -0.256060 0.003030 -0.000001
v -0.238744 0.002727 0.584232
v -0.228984 0.000657 0.592855
v -0.228068 0.004265 0.582833
v -0.213420 0.002768 0.594149
v -0.213767 0.005663 0.581295
v -0.202945 0.000327 0.602687
v -0.193371 0.001327 0.604687
v -0.194908 0.004783 0.592841
v -0.200838 0.007139 0.575721
v -0.188275 0.002286 0.604225
v -0.182191 0.005894 0.591003
v -0.171929 0.000298 0.613316
v -0.176946 0.003385 0.604480
v -0.173251 0.006677 0.588617
v -0.170561 0.007930 0.578926
v -0.165101 0.001286 0.614025
v -0.162526 0.004787 0.603247
v -0.227937 0.007504 0.561520
v -0.221349 0.011071 0.509566
v -0.233356 0.011307 0.493885
v -0.223483 0.008998 0.547612
v -0.224704 0.009649 0.538010
v -0.232367 0.010262 0.523259
v -0.204443 0.008174 0.564909
v -0.202829 0.010418 0.535025
v -0.200940 0.011426 0.508781
v -0.200010 0.008975 0.557725
v -0.189652 0.010945 0.529168
v -0.195528 0.009772 0.549023
v -0.172037 0.010673 0.541921
v -0.178955 0.011687 0.508561
v -0.156263 0.011923 0.503508
v -0.246270 0.011765 0.432554
v -0.226624 0.011851 0.458220
v -0.228082 0.011395 0.418667
v -0.222849 0.011642 0.486138
v -0.207176 0.011826 0.484804
v -0.211916 0.011707 0.441065
v -0.207219 0.011914 0.467756
v -0.208172 0.011402 0.428451
v -0.211344 0.010971 0.412673
v -0.206278 0.011835 0.452371
v -0.191354 0.010383 0.408100
v -0.182984 0.011969 0.482721
v -0.183785 0.011524 0.443554
v -0.188643 0.011012 0.424389
v -0.180907 0.011965 0.473426
v -0.169644 0.011187 0.437556
v -0.165003 0.010645 0.425070
v -0.159210 0.011847 0.466813
v -0.161248 0.010118 0.416137
v -0.239653 0.006402 0.327846
v -0.232400 0.007028 0.338664
v -0.223672 0.005220 0.330745
v -0.218492 0.008147 0.360040
v -0.202266 0.006497 0.352915
v -0.213299 0.007050 0.351425
v -0.206598 0.005409 0.342943
v -0.214969 0.006090 0.341991
v -0.215813 0.004300 0.331948
v -0.190292 0.006577 0.360160
v -0.190643 0.005458 0.352340
v -0.200290 0.004400 0.342270
v -0.192215 0.000538 0.334740
v -0.184824 0.004322 0.350399
v -0.165674 0.007416 0.379511
v -0.183678 0.007272 0.369745
v -0.168129 0.005432 0.363376
v -0.180000 0.000509 0.340978
v -0.168512 0.004737 0.359925
v -0.168802 0.000516 0.346526
v -0.246529 0.011140 0.398632
v -0.230315 0.009485 0.371167
v -0.251408 0.009989 0.366278
v -0.232733 0.007913 0.348301
v -0.219785 0.010668 0.400033
v -0.207741 0.009353 0.382195
v -0.212355 0.010007 0.390567
v -0.207583 0.008453 0.370222
v -0.186626 0.009354 0.392889
v -0.186353 0.008507 0.381929
v -0.238783 0.005396 0.321314
v -0.244886 0.000319 0.297791
v -0.232450 0.004338 0.320952
v -0.234159 0.000531 0.306939
v -0.220610 0.000435 0.315916
v -0.211332 0.000417 0.322059
v -0.244817 0.000305 0.031529
v -0.241306 0.000582 0.028946
v -0.241954 0.001493 0.023535
v -0.246362 0.002013 0.021019
v -0.230411 0.000527 0.023283
v -0.226624 0.000875 0.019780
v -0.231031 0.001514 0.015382
v -0.232104 0.001997 0.005535
v -0.224292 0.000212 0.021267
v -0.220781 0.000527 0.017880
v -0.220646 0.001187 0.012815
v -0.210470 0.001085 0.004754
v -0.210841 0.000479 0.012531
v -0.215079 0.001041 0.010937
v -0.203767 0.000133 0.011004
v -0.201070 0.000498 0.004614
v -0.205217 0.001000 -0.000000
v -0.082682 0.000685 0.668037
v -0.088826 0.001477 0.652102
v -0.088814 0.002675 0.644473
v -0.138131 0.000489 0.621716
v -0.156252 0.002489 0.613476
v -0.149900 0.007110 0.592042
v -0.147341 0.005936 0.601135
v -0.134560 0.001754 0.620656
v -0.111901 0.006302 0.607624
v -0.118358 0.000502 0.627622
v -0.116799 0.001343 0.626520
v -0.120158 0.003149 0.620514
v -0.120347 0.004925 0.613540
v -0.107116 0.005345 0.615341
v -0.137937 0.007720 0.589787
v -0.107007 0.000429 0.633035
v -0.107709 0.001753 0.629770
v -0.109391 0.003077 0.624549
v -0.107950 0.004309 0.620334
v -0.105773 0.007104 0.603042
v -0.090215 0.000448 0.652557
v -0.095704 0.001419 0.641325
v -0.098588 0.000495 0.640245
v -0.094199 0.002398 0.638576
v -0.093238 0.003541 0.632589
v -0.101477 0.001558 0.634761
v -0.099954 0.002484 0.632273
v -0.099768 0.004049 0.625356
v -0.097634 0.005303 0.619299
v -0.094412 0.006212 0.614136
v -0.085590 0.003484 0.642385
v -0.077719 0.004486 0.642421
v -0.085822 0.004505 0.632440
v -0.087187 0.005345 0.624586
v -0.078361 0.006197 0.621950
v -0.085344 0.007275 0.607663
v -0.169089 0.009051 0.567440
v -0.136977 0.008810 0.578711
v -0.100522 0.008219 0.593242
v -0.097953 0.009241 0.581528
v -0.120998 0.009820 0.568935
v -0.151426 0.011284 0.532453
v -0.150968 0.012010 0.491169
v -0.147249 0.009853 0.562867
v -0.148418 0.011759 0.514897
v -0.135784 0.010697 0.551123
v -0.111500 0.011948 0.502244
v -0.114512 0.011199 0.542204
v -0.109657 0.011467 0.534105
v -0.083134 0.011739 0.524690
v -0.156272 0.011961 0.477187
v -0.127177 0.011388 0.457872
v -0.162288 0.009445 0.405020
v -0.135945 0.011000 0.443668
v -0.128548 0.010377 0.431827
v -0.123653 0.011952 0.488633
v -0.107334 0.011490 0.466673
v -0.131550 0.010002 0.424255
v -0.129547 0.009280 0.414028
v -0.086096 0.011685 0.479516
v -0.108387 0.010824 0.446659
v -0.091425 0.010073 0.435279
v -0.099211 0.009378 0.423070
v -0.104167 0.008919 0.416048
v -0.051381 0.011769 0.492086
v -0.082063 0.011010 0.456513
v -0.083855 0.010517 0.444979
v -0.079357 0.009338 0.425889
v -0.087097 0.008530 0.414467
v -0.160429 0.008378 0.391974
v -0.148816 0.005349 0.371388
v -0.158216 0.006220 0.372771
v -0.156186 0.004415 0.364497
v -0.159413 0.000512 0.351122
v -0.141683 0.006205 0.379036
v -0.147671 0.007205 0.384968
v -0.137909 0.004281 0.371255
v -0.140973 0.000350 0.358729
v -0.147983 0.000567 0.356551
v -0.121941 0.005364 0.381013
v -0.120084 0.006487 0.388241
v -0.120032 0.003437 0.374732
v -0.111881 0.008071 0.404641
v -0.109118 0.004653 0.381715
v -0.111534 0.000371 0.368921
v -0.110012 0.006843 0.393598
v -0.105665 0.003761 0.379582
v -0.108191 0.005737 0.386321
v -0.107452 0.000511 0.370616
v -0.107713 0.002485 0.375555
v -0.090271 0.007673 0.404762
v -0.097599 0.005568 0.387027
v -0.096716 0.006676 0.394657
v -0.097686 0.003859 0.380401
v -0.097653 0.004600 0.382792
v -0.101155 0.000501 0.370545
v -0.097775 0.002245 0.373700
v -0.097527 0.003261 0.377414
v -0.095983 0.000500 0.366103
v -0.093536 0.002128 0.370177
v -0.086886 0.006618 0.394637
v -0.090119 0.004098 0.379591
v -0.087610 0.005410 0.385671
v -0.087814 0.003543 0.374119
v -0.083130 0.004556 0.378434
v -0.090679 0.000500 0.360937
v -0.089615 0.001499 0.362702
v -0.086719 0.002550 0.364607
v -0.083105 0.003327 0.366535
v -0.085656 0.000563 0.352835
v -0.083881 0.001340 0.352338
v -0.081833 0.002489 0.356299
v -0.153491 0.008667 0.398082
v -0.132073 0.008154 0.399694
v -0.040770 0.000510 0.752132
v -0.041114 0.001011 0.749291
v -0.044561 0.001454 0.738305
v -0.041898 0.002004 0.737482
v -0.031529 0.000305 0.771179
v -0.033720 0.000582 0.765503
v -0.030049 0.000947 0.770636
v -0.035758 0.001465 0.753820
v -0.034070 0.002120 0.748349
v -0.021267 0.000212 0.791704
v -0.023283 0.000527 0.785585
v -0.023309 0.001573 0.773542
v -0.028946 0.000582 0.774690
v -0.020962 0.002066 0.768701
v -0.025660 0.002452 0.754472
v -0.021002 0.003015 0.749016
v -0.029401 0.003017 0.739596
v -0.011004 0.000133 0.812230
v -0.012531 0.000479 0.805156
v -0.010905 0.001100 0.799946
v -0.017880 0.000527 0.795215
v -0.014822 0.001447 0.787262
v -0.019921 0.000878 0.789337
v -0.011546 0.002040 0.779239
v -0.014967 0.002946 0.755319
v -0.004614 0.000498 0.814926
v -0.000000 0.001000 0.810779
v -0.004804 0.001132 0.804201
v -0.005235 0.002002 0.783777
v -0.006162 0.002819 0.763754
v -0.002543 0.003023 0.759940
v -0.006348 0.004545 0.721479
v -0.072351 0.000487 0.689519
v -0.069681 0.001340 0.691367
v -0.078036 0.001483 0.673680
v -0.071989 0.003416 0.667128
v -0.061949 0.000520 0.710525
v -0.061864 0.001091 0.708739
v -0.051576 0.000528 0.730909
v -0.051511 0.001045 0.729029
v -0.056241 0.001447 0.716540
v -0.062866 0.002136 0.698351
v -0.063576 0.004191 0.670181
v -0.055536 0.002239 0.710575
v -0.049944 0.003030 0.709997
v -0.049840 0.004207 0.690554
v -0.058113 0.005047 0.663531
v -0.048071 0.005662 0.663737
v -0.052921 0.006792 0.633338
v -0.036690 0.003445 0.721758
v -0.037308 0.004575 0.698875
v -0.036552 0.006044 0.667450
v -0.026841 0.003946 0.723254
v -0.026792 0.005011 0.699171
v -0.026326 0.006059 0.675372
v -0.017069 0.003938 0.731591
v -0.014551 0.004816 0.711559
v -0.015450 0.005850 0.685783
v -0.020177 0.006946 0.656622
v -0.005314 0.006673 0.668224
v -0.074794 0.005562 0.632080
v -0.077420 0.006763 0.616416
v -0.069224 0.007376 0.612822
v -0.069146 0.005355 0.641586
v -0.066292 0.006201 0.631191
v -0.061516 0.007043 0.622190
v -0.064049 0.008066 0.605848
v -0.059069 0.006087 0.641069
v -0.050637 0.007957 0.613247
v -0.045279 0.007240 0.630592
v -0.035496 0.006914 0.646833
v -0.037042 0.007837 0.623106
v -0.024247 0.008151 0.622007
v -0.015854 0.008473 0.616595
v -0.004965 0.008618 0.615238
v -0.080175 0.008399 0.596227
v -0.053386 0.009799 0.581389
v -0.062578 0.008952 0.593150
v -0.033678 0.009656 0.587386
v -0.037695 0.008611 0.606181
v -0.025624 0.008863 0.605107
v -0.011425 0.010118 0.580108
v -0.000664 0.009202 0.601078
v -0.078818 0.010690 0.560647
v -0.034227 0.011814 0.517697
v -0.064658 0.011086 0.552090
v -0.048782 0.011372 0.543943
v -0.037407 0.010621 0.566601
v -0.011304 0.011838 0.503866
v -0.001586 0.010847 0.562329
v 0.007838 0.011358 0.545553
v 0.041720 0.011646 0.531811
v 0.015150 0.011730 0.489507
v -0.067613 0.008347 0.413035
v -0.062673 0.011285 0.467694
v -0.069325 0.009943 0.436149
v -0.055282 0.010876 0.456556
v -0.048572 0.010308 0.444687
v -0.055267 0.009086 0.423026
v -0.032417 0.011577 0.481882
v -0.039913 0.009181 0.423885
v -0.050873 0.008300 0.409389
v -0.018285 0.010863 0.458521
v -0.034977 0.008710 0.413172
v -0.014723 0.010019 0.439908
v -0.025635 0.008903 0.415465
v -0.014855 0.011362 0.473563
v -0.006525 0.009204 0.422005
v -0.076246 0.007545 0.403537
v -0.077247 0.006424 0.391612
v -0.077849 0.005565 0.383569
v -0.069550 0.006569 0.390242
v -0.074162 0.005210 0.377078
v -0.077606 0.004467 0.372055
v -0.078616 0.001564 0.343414
v -0.072539 0.003766 0.353447
v -0.073159 0.002516 0.340552
v -0.071274 0.000530 0.324043
v -0.069376 0.005909 0.381590
v -0.069014 0.005296 0.372190
v -0.058560 0.004513 0.343227
v -0.066306 0.003478 0.339835
v -0.071481 0.001251 0.327192
v -0.060794 0.007589 0.400855
v -0.059098 0.006985 0.390466
v -0.057992 0.006289 0.376639
v -0.048972 0.004895 0.337602
v -0.056631 0.003529 0.324398
v -0.046432 0.007962 0.400950
v -0.048561 0.007211 0.386451
v -0.046980 0.005889 0.355227
v -0.035376 0.007902 0.392343
v -0.035566 0.006969 0.369037
v -0.035857 0.005955 0.345675
v -0.037180 0.004843 0.322547
v -0.019768 0.008000 0.385148
v -0.020913 0.007059 0.361597
v -0.026878 0.006017 0.339839
v -0.026399 0.004974 0.315793
v -0.013448 0.005051 0.309705
v -0.004874 0.007899 0.377966
v -0.005740 0.008695 0.401280
v -0.062015 0.002257 0.317036
v -0.060978 0.000536 0.303521
v -0.063501 0.001452 0.313046
v -0.061863 0.001205 0.307841
v -0.051440 0.002154 0.297080
v -0.050576 0.000536 0.283123
v -0.052925 0.001426 0.292943
v -0.050277 0.004118 0.324367
v -0.043906 0.003258 0.300942
v -0.051519 0.001156 0.287867
v -0.046126 0.002489 0.292722
v -0.041265 0.002074 0.278229
v -0.044874 0.000500 0.271959
v -0.042297 0.001547 0.274251
v -0.039317 0.000487 0.261048
v -0.041114 0.001011 0.266706
v -0.036157 0.003613 0.296809
v -0.032485 0.002061 0.264122
v -0.035758 0.001465 0.262177
v -0.033720 0.000582 0.250493
v -0.030612 0.000931 0.246227
v -0.027569 0.003983 0.294235
v -0.028523 0.003071 0.276365
v -0.025408 0.002491 0.262077
v -0.028387 0.001550 0.250493
v -0.017956 0.002108 0.244394
v -0.017396 0.003945 0.284805
v -0.017478 0.003047 0.264466
v -0.005150 0.004768 0.300060
v -0.004727 0.003212 0.261779
v -0.006052 0.002875 0.253445
v -0.031529 0.000305 0.244817
v -0.028946 0.000582 0.241306
v -0.024241 0.001447 0.242242
v -0.023283 0.000527 0.230411
v -0.021267 0.000212 0.224292
v -0.019921 0.000878 0.226659
v -0.015382 0.001514 0.231031
v -0.010843 0.002025 0.235403
v -0.017880 0.000527 0.220781
v -0.011072 0.001052 0.215413
v -0.012531 0.000479 0.210841
v -0.011004 0.000133 0.203767
v -0.005005 0.002322 0.239927
v -0.005131 0.001860 0.228930
v -0.005248 0.001153 0.212249
v -0.006888 0.000799 0.207725
v -0.004614 0.000498 0.201070
v -0.000000 0.001000 0.205217
v -0.832140 0.000016 -0.000736
v -0.814926 -0.000498 -0.004614
v -0.812230 -0.000133 -0.011004
v -0.805156 -0.001110 -0.004133
v -0.800918 -0.001041 -0.010937
v -0.805156 -0.000479 -0.012531
v -0.787406 -0.001833 -0.005108
v -0.795351 -0.001187 -0.012815
v -0.795215 -0.000527 -0.017880
v -0.791704 -0.000212 -0.021267
v -0.776189 -0.002317 -0.005038
v -0.778269 -0.002011 -0.013384
v -0.784965 -0.001514 -0.015382
v -0.789373 -0.000875 -0.019780
v -0.785585 -0.000527 -0.023283
v -0.769635 -0.002013 -0.021019
v -0.774043 -0.001493 -0.023535
v -0.774690 -0.000582 -0.028946
v -0.771179 -0.000305 -0.031529
v -0.762255 -0.002885 -0.006134
v -0.758190 -0.002329 -0.024711
v -0.766936 -0.001439 -0.028625
v -0.770411 -0.000965 -0.030114
v -0.765503 -0.000582 -0.033720
v -0.754236 -0.003216 -0.004722
v -0.751621 -0.003043 -0.017473
v -0.743520 -0.002315 -0.035176
v -0.753820 -0.001465 -0.035758
v -0.751611 -0.000507 -0.041035
v -0.749291 -0.001011 -0.041114
v -0.735661 -0.002076 -0.042466
v -0.734302 -0.001524 -0.046357
v -0.733716 -0.003836 -0.017358
v -0.738784 -0.003086 -0.029010
v -0.731795 -0.000538 -0.051131
v -0.729029 -0.001045 -0.051511
v -0.721021 -0.004002 -0.027906
v -0.724859 -0.003183 -0.038066
v -0.723274 -0.002489 -0.046126
v -0.715127 -0.002261 -0.052943
v -0.715088 -0.001520 -0.056740
v -0.705391 -0.005195 -0.005235
v -0.708086 -0.004975 -0.014044
v -0.704037 -0.003200 -0.052034
v -0.710159 -0.000751 -0.061960
v -0.701599 -0.004940 -0.025325
v -0.713212 -0.003915 -0.036476
v -0.691102 -0.004305 -0.047869
v -0.699502 -0.002142 -0.062417
v -0.692403 -0.001499 -0.068696
v -0.693075 -0.000492 -0.070675
v -0.688503 -0.005112 -0.035386
v -0.691004 -0.002667 -0.063764
v -0.669836 -0.006380 -0.015444
v -0.670682 -0.006172 -0.024659
v -0.647600 -0.006251 -0.048551
v -0.673429 -0.002328 -0.074703
v -0.657059 -0.006383 -0.035283
v -0.663035 -0.005168 -0.054816
v -0.654386 -0.004849 -0.065186
v -0.654850 -0.004035 -0.073125
v -0.648614 -0.003680 -0.079709
v -0.670417 -0.001445 -0.079810
v -0.670834 -0.000504 -0.081674
v -0.661588 -0.006773 -0.004392
v -0.650896 -0.000393 -0.091310
v -0.615967 -0.008182 -0.034955
v -0.613639 -0.008523 -0.020683
v -0.597668 -0.009352 -0.008999
v -0.596779 -0.009161 -0.036962
v -0.603470 -0.008441 -0.055194
v -0.602981 -0.007740 -0.083013
v -0.583531 -0.009848 -0.041538
v -0.586001 -0.009523 -0.057595
v -0.592244 -0.008953 -0.067100
v -0.592018 -0.008475 -0.092806
v -0.567983 -0.010177 -0.104014
v -0.637728 -0.007587 -0.014708
v -0.636645 -0.007449 -0.026212
v -0.634704 -0.007227 -0.038581
v -0.650526 -0.002764 -0.084592
v -0.640796 -0.006112 -0.057756
v -0.642310 -0.005318 -0.068446
v -0.641728 -0.004290 -0.079848
v -0.624944 -0.007020 -0.057655
v -0.631120 -0.006005 -0.069642
v -0.634953 -0.004975 -0.079183
v -0.614563 -0.007988 -0.046758
v -0.622516 -0.006311 -0.075865
v -0.627279 -0.005288 -0.084278
v -0.611580 -0.007526 -0.067763
v -0.574371 -0.009495 -0.120388
v -0.584760 -0.007942 -0.150002
v -0.579632 -0.008827 -0.132993
v -0.651854 -0.001470 -0.088866
v -0.641644 -0.003391 -0.086619
v -0.640669 -0.002338 -0.092877
v -0.641320 -0.001543 -0.095408
v -0.640289 -0.000494 -0.098577
v -0.632691 -0.004402 -0.087121
v -0.633514 -0.003490 -0.093159
v -0.634381 -0.001854 -0.101179
v -0.632868 -0.000456 -0.107135
v -0.630073 -0.001463 -0.108526
v -0.627859 -0.000486 -0.117897
v -0.625119 0.000051 -0.132168
v -0.618694 -0.006292 -0.082912
v -0.628451 -0.004431 -0.092192
v -0.619407 -0.005266 -0.097735
v -0.624629 -0.004378 -0.098427
v -0.627935 -0.003091 -0.103460
v -0.620420 -0.004290 -0.108066
v -0.624341 -0.003176 -0.109692
v -0.626561 -0.001344 -0.116633
v -0.611397 -0.005311 -0.119184
v -0.615147 -0.004428 -0.121334
v -0.620268 -0.003173 -0.120760
v -0.621079 -0.002002 -0.130588
v -0.614028 -0.002982 -0.149202
v -0.622501 -0.000486 -0.138005
v -0.615027 -0.001504 -0.163267
v -0.611900 -0.006484 -0.092792
v -0.615372 -0.005290 -0.107055
v -0.606246 -0.006426 -0.111620
v -0.600684 -0.005867 -0.151171
v -0.602933 -0.004976 -0.161668
v -0.605064 -0.004049 -0.169426
v -0.599628 -0.007435 -0.105117
v -0.590291 -0.006882 -0.163552
v -0.580909 -0.007595 -0.175032
v -0.614889 -0.000310 -0.173867
v -0.606093 -0.002647 -0.181926
v -0.611478 -0.000563 -0.181301
v -0.604019 -0.001405 -0.198853
v -0.604585 -0.000269 -0.204743
v -0.590289 -0.006141 -0.181474
v -0.593309 -0.005148 -0.190594
v -0.594544 -0.004126 -0.201203
v -0.592972 -0.001630 -0.229388
v -0.601272 -0.000544 -0.211694
v -0.593925 -0.000280 -0.235343
v -0.580526 -0.006144 -0.210246
v -0.582879 -0.004889 -0.224181
v -0.584446 -0.003129 -0.239428
v -0.573829 -0.005603 -0.236919
v -0.571412 -0.004599 -0.255116
v -0.583806 -0.001326 -0.253213
v -0.584360 -0.000372 -0.256355
v -0.570864 -0.003646 -0.264946
v -0.570935 -0.002586 -0.272382
v -0.565270 -0.001430 -0.289748
v -0.574040 -0.000313 -0.276768
v -0.568793 -0.010683 -0.030172
v -0.561996 -0.010760 -0.078756
v -0.549210 -0.011359 -0.062552
v -0.527883 -0.012010 -0.042137
v -0.520863 -0.012065 -0.085326
v -0.506519 -0.012282 -0.079808
v -0.498358 -0.012191 -0.062640
v -0.564238 -0.009708 -0.152168
v -0.570272 -0.008667 -0.174714
v -0.556009 -0.010550 -0.131283
v -0.549255 -0.010884 -0.130798
v -0.556065 -0.009668 -0.180886
v -0.535518 -0.010816 -0.183592
v -0.544155 -0.010493 -0.177070
v -0.542216 -0.011379 -0.103893
v -0.532732 -0.011323 -0.151295
v -0.511532 -0.011990 -0.142856
v -0.507923 -0.012229 -0.105687
v -0.497484 -0.012292 -0.101530
v -0.496007 -0.012251 -0.141790
v -0.562253 -0.008448 -0.205285
v -0.551026 -0.009365 -0.206615
v -0.539717 -0.009979 -0.213130
v -0.543471 -0.008807 -0.241888
v -0.534256 -0.009683 -0.236927
v -0.528369 -0.010661 -0.211266
v -0.522017 -0.010403 -0.237691
v -0.523757 -0.009439 -0.265267
v -0.512634 -0.011420 -0.201330
v -0.510928 -0.010939 -0.236661
v -0.488212 -0.012150 -0.188421
v -0.485229 -0.012010 -0.214667
v -0.497445 -0.011414 -0.235328
v -0.575597 -0.007176 -0.202135
v -0.564839 -0.006615 -0.241424
v -0.553949 -0.007831 -0.241864
v -0.513207 -0.009916 -0.271177
v -0.517377 -0.008679 -0.294280
v -0.511734 -0.007670 -0.322080
v -0.502346 -0.010619 -0.267229
v -0.501948 -0.009498 -0.301210
v -0.503166 -0.008614 -0.318346
v -0.488898 -0.011366 -0.254743
v -0.490085 -0.010596 -0.288099
v -0.476694 -0.009162 -0.345098
v -0.558447 -0.005693 -0.269048
v -0.564175 -0.000450 -0.295350
v -0.554381 -0.006563 -0.264543
v -0.553171 -0.004472 -0.292369
v -0.552917 -0.002954 -0.304712
v -0.549670 -0.001360 -0.318438
v -0.552772 -0.000410 -0.316043
v -0.538692 -0.006303 -0.298075
v -0.539844 -0.005512 -0.305834
v -0.543269 -0.004535 -0.309578
v -0.539005 -0.003916 -0.321880
v -0.537997 -0.002578 -0.331620
v -0.534775 -0.008132 -0.274663
v -0.529675 -0.006971 -0.303939
v -0.525930 -0.007765 -0.297325
v -0.519313 -0.006180 -0.331382
v -0.531951 -0.000487 -0.347821
v -0.528818 -0.005034 -0.328621
v -0.529541 -0.003430 -0.339731
v -0.515324 -0.004297 -0.355237
v -0.523668 -0.001655 -0.356988
v -0.511457 -0.000502 -0.378213
v -0.506446 -0.006478 -0.347067
v -0.504723 -0.005163 -0.363659
v -0.507343 -0.002603 -0.377142
v -0.486525 -0.006056 -0.380579
v -0.500128 -0.003896 -0.380167
v -0.501219 -0.001538 -0.389887
v -0.501731 -0.000470 -0.391425
v -0.490936 -0.007542 -0.354756
v -0.483471 -0.006884 -0.374431
v -0.486007 -0.005322 -0.388121
v -0.489104 -0.003584 -0.396378
v -0.489358 -0.002583 -0.400976
v -0.491692 -0.012039 -0.064286
v -0.450965 -0.010978 -0.063203
v -0.445977 -0.010678 -0.055065
v -0.445132 -0.010909 -0.080237
v -0.435490 -0.009603 -0.009398
v -0.438974 -0.010182 -0.052359
v -0.429940 -0.009350 -0.053545
v -0.437036 -0.010286 -0.072237
v -0.425907 -0.009172 -0.005788
v -0.422492 -0.008907 -0.009647
v -0.424276 -0.008827 -0.017281
v -0.423462 -0.008789 -0.042041
v -0.423668 -0.008797 -0.025656
v -0.423263 -0.008787 -0.056444
v -0.419554 -0.008525 -0.066562
v -0.415111 -0.009143 -0.006205
v -0.419138 -0.008882 -0.010155
v -0.415194 -0.008811 -0.025488
v -0.415635 -0.008655 -0.035919
v -0.415635 -0.008510 -0.046182
v -0.414026 -0.008191 -0.057007
v -0.411818 -0.007903 -0.066707
v -0.493012 -0.012239 -0.104832
v -0.487797 -0.012277 -0.142564
v -0.487003 -0.012255 -0.168419
v -0.481026 -0.012112 -0.131394
v -0.477733 -0.012218 -0.156562
v -0.463377 -0.012121 -0.184860
v -0.439906 -0.010981 -0.117461
v -0.436382 -0.010840 -0.117091
v -0.431840 -0.010963 -0.139664
v -0.428708 -0.010214 -0.109557
v -0.425262 -0.010252 -0.123349
v -0.425898 -0.010627 -0.138545
v -0.419180 -0.010928 -0.173688
v -0.388220 -0.006670 -0.118870
v -0.412888 -0.010279 -0.161101
v -0.475910 -0.012269 -0.179312
v -0.475694 -0.012241 -0.202849
v -0.468982 -0.012271 -0.193124
v -0.466561 -0.012258 -0.220065
v -0.465128 -0.011960 -0.255498
v -0.456487 -0.012226 -0.238715
v -0.456602 -0.012221 -0.210726
v -0.452305 -0.012251 -0.227737
v -0.429099 -0.012001 -0.245767
v -0.415635 -0.010653 -0.169333
v -0.412822 -0.010946 -0.187890
v -0.401857 -0.010953 -0.210586
v -0.392613 -0.011007 -0.232275
v -0.477804 -0.011295 -0.276853
v -0.482779 -0.009892 -0.319055
v -0.465360 -0.011107 -0.302437
v -0.470988 -0.010469 -0.318831
v -0.449516 -0.011986 -0.273137
v -0.447650 -0.011769 -0.291801
v -0.447995 -0.011308 -0.315183
v -0.439314 -0.012081 -0.270553
v -0.444746 -0.012203 -0.243101
v -0.408749 -0.011704 -0.333536
v -0.427249 -0.011330 -0.337166
v -0.419307 -0.012012 -0.267108
v -0.427612 -0.012065 -0.274391
v -0.420088 -0.011939 -0.300173
v -0.400597 -0.011502 -0.355454
v -0.479745 -0.008428 -0.355583
v -0.454991 -0.009790 -0.358266
v -0.443935 -0.010443 -0.353606
v -0.449471 -0.008998 -0.383324
v -0.415014 -0.010912 -0.368813
v -0.430191 -0.009479 -0.395371
v -0.437118 -0.008354 -0.409564
v -0.413088 -0.009626 -0.410173
v -0.410209 -0.010431 -0.391602
v -0.478015 -0.004589 -0.403932
v -0.465854 -0.007840 -0.383671
v -0.453928 -0.007288 -0.406683
v -0.452537 -0.006502 -0.418106
v -0.456799 -0.005395 -0.423554
v -0.416462 -0.008583 -0.427151
v -0.393702 -0.008360 -0.451118
v -0.467138 -0.001203 -0.432213
v -0.469654 -0.000388 -0.431054
v -0.451976 -0.004362 -0.435780
v -0.464610 -0.003214 -0.427286
v -0.463152 -0.000454 -0.438552
v -0.451289 -0.001740 -0.447927
v -0.440150 -0.000354 -0.461668
v -0.439626 -0.005687 -0.440005
v -0.438959 -0.003653 -0.452190
v -0.441040 -0.001966 -0.456971
v -0.430454 -0.007430 -0.430761
v -0.434903 -0.006756 -0.434461
v -0.428795 -0.004675 -0.456393
v -0.432382 -0.000485 -0.468077
v -0.408617 -0.007313 -0.452195
v -0.418552 -0.006488 -0.452229
v -0.420690 -0.005454 -0.458516
v -0.403122 -0.003632 -0.483101
v -0.422747 -0.001475 -0.473962
v -0.400558 -0.002575 -0.489402
v -0.414254 -0.000486 -0.482538
v -0.383389 -0.008116 -0.005924
v -0.410436 -0.009046 -0.021569
v -0.405952 -0.008790 -0.025488
v -0.405372 -0.008524 -0.035919
v -0.406994 -0.008222 -0.047723
v -0.347253 -0.006527 -0.017771
v -0.363452 -0.007056 -0.024259
v -0.380472 -0.007457 -0.036325
v -0.405357 -0.007781 -0.056650
v -0.403791 -0.007277 -0.068508
v -0.406338 -0.007492 -0.078030
v -0.396493 -0.007176 -0.060444
v -0.394413 -0.006405 -0.077094
v -0.390296 -0.005862 -0.081871
v -0.378357 -0.006979 -0.046564
v -0.383622 -0.006067 -0.068074
v -0.390301 -0.006245 -0.072612
v -0.384806 -0.005541 -0.077249
v -0.375563 -0.006206 -0.058945
v -0.374751 -0.005324 -0.070598
v -0.373032 -0.004428 -0.078554
v -0.366270 -0.003416 -0.082340
v -0.358687 -0.005979 -0.048673
v -0.364582 -0.002537 -0.086774
v -0.343637 -0.005908 -0.034857
v -0.340536 -0.004239 -0.059894
v -0.354297 -0.005088 -0.059360
v -0.353228 -0.003543 -0.073832
v -0.355986 -0.002450 -0.081856
v -0.350315 -0.001525 -0.082270
v -0.302519 -0.004867 -0.005114
v -0.336957 -0.005900 -0.026331
v -0.344245 -0.005267 -0.048391
v -0.320972 -0.002276 -0.063956
v -0.327691 -0.004983 -0.039549
v -0.321781 -0.001475 -0.067861
v -0.397599 -0.006764 -0.086382
v -0.396127 -0.006924 -0.100878
v -0.387709 -0.005431 -0.087232
v -0.382606 -0.004506 -0.087492
v -0.380718 -0.003878 -0.091087
v -0.390314 -0.006139 -0.096970
v -0.388457 -0.005706 -0.097006
v -0.382672 -0.004046 -0.098396
v -0.380098 -0.003653 -0.105694
v -0.381640 -0.005447 -0.117024
v -0.379729 -0.006083 -0.129060
v -0.379232 -0.007061 -0.156376
v -0.379310 -0.004465 -0.083420
v -0.374356 -0.003555 -0.087452
v -0.369941 -0.002289 -0.092194
v -0.378370 -0.003205 -0.097495
v -0.373376 -0.002163 -0.097749
v -0.370675 -0.000500 -0.101183
v -0.376121 -0.002498 -0.107757
v -0.370804 -0.000505 -0.106897
v -0.376751 -0.006533 -0.149683
v -0.371152 -0.005438 -0.147603
v -0.368921 -0.006185 -0.160659
v -0.369491 -0.005740 -0.154371
v -0.362702 -0.001499 -0.089615
v -0.360936 -0.000500 -0.090680
v -0.365926 -0.000578 -0.095813
v -0.368695 0.000073 -0.111164
v -0.367634 -0.000535 -0.116479
v -0.358705 -0.000347 -0.140938
v -0.353379 -0.000524 -0.085964
v -0.356547 -0.000569 -0.147996
v -0.351122 -0.000512 -0.159413
v -0.348219 0.000001 -0.163093
v -0.406058 -0.010257 -0.176953
v -0.405372 -0.010615 -0.189858
v -0.397586 -0.010211 -0.193052
v -0.395110 -0.010607 -0.210383
v -0.389284 -0.010847 -0.229778
v -0.382820 -0.010220 -0.222095
v -0.380563 -0.010941 -0.246187
v -0.372486 -0.010285 -0.239465
v -0.363583 -0.006502 -0.177626
v -0.355066 -0.007000 -0.204256
v -0.361007 -0.005721 -0.171864
v -0.346508 -0.000518 -0.168851
v -0.358107 -0.006177 -0.182364
v -0.341080 -0.000521 -0.179845
v -0.351187 -0.005593 -0.191106
v -0.353497 -0.006573 -0.199025
v -0.336050 -0.000507 -0.189471
v -0.344102 -0.006343 -0.210973
v -0.341199 -0.005504 -0.207950
v -0.337993 0.000024 -0.183733
v -0.328991 -0.000524 -0.201398
v -0.338330 -0.006038 -0.215012
v -0.333154 -0.006501 -0.229688
v -0.332533 -0.005367 -0.220094
v -0.328617 -0.007073 -0.245265
v -0.330844 -0.005621 -0.223997
v -0.381724 -0.011562 -0.286985
v -0.388791 -0.011846 -0.308136
v -0.378336 -0.011758 -0.310155
v -0.403803 -0.011890 -0.314376
v -0.368999 -0.011796 -0.345054
v -0.374720 -0.010831 -0.251167
v -0.361428 -0.010243 -0.255357
v -0.369824 -0.010889 -0.260877
v -0.358267 -0.011054 -0.286070
v -0.354782 -0.010815 -0.280203
v -0.350909 -0.010288 -0.271118
v -0.341577 -0.010793 -0.295857
v -0.344332 -0.011413 -0.324446
v -0.337282 -0.010165 -0.285198
v -0.333200 -0.010963 -0.313761
v -0.337676 -0.009810 -0.278840
v -0.334130 -0.010274 -0.291169
v -0.314224 -0.010649 -0.324208
v -0.325436 -0.011244 -0.336807
v -0.381170 -0.011109 -0.394788
v -0.388114 -0.010431 -0.413632
v -0.365889 -0.011734 -0.363012
v -0.367187 -0.011581 -0.380698
v -0.350326 -0.011354 -0.411026
v -0.341629 -0.011666 -0.348858
v -0.341045 -0.011748 -0.369288
v -0.324239 -0.011485 -0.424154
v -0.321732 -0.011404 -0.350288
v -0.324617 -0.011696 -0.373960
v -0.315473 -0.011605 -0.421067
v -0.395088 -0.009479 -0.430614
v -0.379089 -0.009237 -0.449097
v -0.381584 -0.007815 -0.468316
v -0.361059 -0.009738 -0.453844
v -0.363420 -0.010899 -0.419758
v -0.364050 -0.010377 -0.436483
v -0.353252 -0.009166 -0.470502
v -0.358581 -0.008547 -0.476306
v -0.338717 -0.010268 -0.458824
v -0.334469 -0.010651 -0.451156
v -0.322805 -0.009389 -0.487836
v -0.324266 -0.011088 -0.443018
v -0.380579 -0.006135 -0.486359
v -0.396422 -0.005353 -0.479297
v -0.373486 -0.006911 -0.484603
v -0.385006 -0.004426 -0.493946
v -0.372735 -0.005322 -0.497871
v -0.359406 -0.007760 -0.485852
v -0.322363 -0.008403 -0.502860
v -0.388496 -0.001444 -0.502482
v -0.378150 -0.003505 -0.503438
v -0.389343 -0.000452 -0.503319
v -0.374846 -0.002593 -0.509272
v -0.378966 -0.000464 -0.511259
v -0.359890 -0.001603 -0.522455
v -0.354547 -0.006385 -0.502784
v -0.352113 -0.004130 -0.518857
v -0.348433 -0.000145 -0.532931
v -0.339542 -0.007309 -0.504442
v -0.338508 -0.005657 -0.519127
v -0.326727 -0.002416 -0.542364
v -0.344881 -0.000579 -0.534711
v -0.330543 -0.001559 -0.542442
v -0.314988 -0.006307 -0.529295
v -0.321500 -0.005267 -0.532550
v -0.318954 -0.003944 -0.541280
v -0.308901 -0.005035 -0.012864
v -0.308357 -0.004643 -0.026212
v -0.315429 -0.004498 -0.036691
v -0.325442 -0.004351 -0.047714
v -0.307955 -0.002394 -0.055895
v -0.327093 -0.000689 -0.072665
v -0.294005 -0.003437 -0.036621
v -0.306223 -0.001230 -0.060912
v -0.305429 -0.000528 -0.061941
v -0.288761 -0.003743 -0.026964
v -0.309434 -0.003124 -0.051216
v -0.282463 -0.003861 -0.016718
v -0.271292 -0.002248 -0.035002
v -0.292722 -0.002489 -0.046126
v -0.287115 -0.001109 -0.051336
v -0.296670 -0.002074 -0.051829
v -0.292943 -0.001426 -0.052925
v -0.279776 -0.003950 -0.005204
v -0.264191 -0.002600 -0.025698
v -0.279723 -0.002080 -0.042096
v -0.285099 -0.000527 -0.051581
v -0.275019 -0.001527 -0.042926
v -0.255263 -0.002959 -0.005084
v -0.261432 -0.002942 -0.016551
v -0.261759 -0.001487 -0.035392
v -0.263866 -0.000509 -0.040775
v -0.266706 -0.001011 -0.041114
v -0.243281 -0.002152 -0.015535
v -0.248415 -0.002083 -0.021496
v -0.241947 -0.001502 -0.023600
v -0.246445 -0.000971 -0.030706
v -0.250493 -0.000582 -0.033720
v -0.322050 -0.000417 -0.211328
v -0.326917 -0.006167 -0.233816
v -0.315881 -0.000423 -0.220567
v -0.324006 -0.006443 -0.242230
v -0.320312 -0.005458 -0.238786
v -0.318032 0.000006 -0.215364
v -0.308266 -0.000516 -0.232020
v -0.317652 -0.006052 -0.245666
v -0.311570 -0.005420 -0.249697
v -0.301080 -0.000542 -0.241296
v -0.309851 -0.009644 -0.307743
v -0.314751 -0.010156 -0.311449
v -0.307621 -0.010938 -0.340943
v -0.295497 -0.010115 -0.329615
v -0.277013 -0.009409 -0.334078
v -0.319742 -0.006972 -0.255120
v -0.313742 -0.006224 -0.252413
v -0.307475 -0.005989 -0.256783
v -0.296662 -0.000273 -0.245284
v -0.304099 -0.006314 -0.264451
v -0.301920 -0.005445 -0.260850
v -0.288769 -0.007113 -0.292049
v -0.291518 -0.005787 -0.274245
v -0.292368 -0.000534 -0.251297
v -0.283342 -0.006412 -0.288491
v -0.286665 0.000011 -0.256042
v -0.282522 -0.000407 -0.262083
v -0.282420 -0.002049 -0.268862
v -0.279951 -0.005679 -0.285873
v -0.276931 -0.000019 -0.266915
v -0.272554 -0.000356 -0.272488
v -0.266790 -0.000013 -0.276763
v -0.258961 -0.005806 -0.304989
v -0.265644 -0.006394 -0.303911
v -0.261975 -0.000426 -0.282585
v -0.251200 -0.000541 -0.292465
v -0.254833 -0.006940 -0.319618
v -0.256016 0.000001 -0.286687
v -0.255484 -0.006023 -0.308975
v -0.244138 -0.006252 -0.320864
v -0.243050 -0.007111 -0.330877
v -0.291161 -0.011605 -0.393650
v -0.310575 -0.011702 -0.408262
v -0.278548 -0.010607 -0.357409
v -0.280623 -0.011439 -0.390019
v -0.285699 -0.011708 -0.412706
v -0.279365 -0.010909 -0.366196
v -0.273267 -0.010017 -0.347463
v -0.288944 -0.011128 -0.367405
v -0.256987 -0.011680 -0.426515
v -0.261040 -0.011330 -0.398440
v -0.253721 -0.009168 -0.349098
v -0.255057 -0.010039 -0.362715
v -0.247791 -0.010786 -0.386328
v -0.244463 -0.010506 -0.380827
v -0.242419 -0.011145 -0.402324
v -0.313618 -0.010711 -0.464000
v -0.296864 -0.011140 -0.459761
v -0.291590 -0.010330 -0.488273
v -0.282513 -0.011557 -0.448576
v -0.268750 -0.011684 -0.441208
v -0.263153 -0.011144 -0.479550
v -0.252303 -0.011606 -0.420682
v -0.250797 -0.011484 -0.471001
v -0.249812 -0.011711 -0.443766
v -0.285533 -0.009730 -0.504271
v -0.293004 -0.009153 -0.509847
v -0.275775 -0.008533 -0.528192
v -0.262106 -0.010190 -0.507474
v -0.242729 -0.010357 -0.513383
v -0.270430 -0.009188 -0.521515
v -0.270645 -0.010860 -0.485305
v -0.241698 -0.009417 -0.532015
v -0.243294 -0.008504 -0.544378
v -0.311755 -0.007226 -0.522946
v -0.312137 -0.001490 -0.554212
v -0.317446 -0.000368 -0.553541
v -0.305247 -0.003008 -0.553139
v -0.301870 -0.007930 -0.521238
v -0.304610 -0.005097 -0.543886
v -0.302608 -0.000530 -0.561231
v -0.296878 -0.000317 -0.564778
v -0.291195 -0.006538 -0.541086
v -0.292396 -0.004512 -0.553540
v -0.271117 -0.007739 -0.540070
v -0.272029 -0.006524 -0.551188
v -0.275030 -0.005680 -0.555962
v -0.261360 -0.003689 -0.572797
v -0.272864 -0.002633 -0.570875
v -0.270738 -0.000712 -0.577412
v -0.282218 -0.000531 -0.571734
v -0.252678 -0.004641 -0.572820
v -0.242278 -0.006591 -0.564904
v -0.277984 0.000016 -0.575068
v -0.261708 -0.000529 -0.582192
v -0.257071 -0.000306 -0.585328
v -0.248271 -0.001672 -0.585863
v -0.232181 -0.002002 -0.005578
v -0.241306 -0.000582 -0.028946
v -0.244817 -0.000305 -0.031529
v -0.235403 -0.002025 -0.010843
v -0.229856 -0.001438 -0.015650
v -0.226659 -0.000878 -0.019921
v -0.230411 -0.000527 -0.023283
v -0.212386 -0.001158 -0.005212
v -0.220781 -0.000527 -0.017880
v -0.224292 -0.000212 -0.021267
v -0.207725 -0.000799 -0.006888
v -0.214567 -0.001044 -0.010850
v -0.210841 -0.000479 -0.012531
v -0.201070 -0.000498 -0.004614
v -0.203767 -0.000133 -0.011004
v -0.183866 -0.000014 -0.000738
v -0.245243 -0.000266 -0.296698
v -0.241173 -0.000540 -0.301198
v -0.238715 -0.005471 -0.320446
v -0.232441 -0.000527 -0.307991
v -0.217168 -0.005554 -0.335343
v -0.220638 -0.000427 -0.315854
v -0.203916 -0.004593 -0.340745
v -0.215366 -0.000017 -0.318039
v -0.210817 -0.000454 -0.322758
v -0.193008 -0.000587 -0.334737
v -0.222809 -0.008905 -0.366516
v -0.226857 -0.009847 -0.378474
v -0.214263 -0.010820 -0.407864
v -0.218108 -0.010475 -0.396515
v -0.211657 -0.009251 -0.377936
v -0.209740 -0.009935 -0.390039
v -0.192227 -0.008462 -0.378218
v -0.193024 -0.009324 -0.388923
v -0.193637 -0.010123 -0.401854
v -0.172798 -0.008575 -0.388852
v -0.168650 -0.009398 -0.401266
v -0.168279 -0.009929 -0.409760
v -0.218080 -0.006195 -0.338736
v -0.211639 -0.007506 -0.356511
v -0.210362 -0.006444 -0.346388
v -0.205302 -0.005462 -0.343302
v -0.197596 -0.006568 -0.355489
v -0.197007 -0.006048 -0.351824
v -0.191314 -0.007466 -0.367643
v -0.188667 -0.001376 -0.339289
v -0.185039 -0.004438 -0.350644
v -0.181664 -0.005419 -0.356363
v -0.184323 -0.000030 -0.338702
v -0.179892 -0.000511 -0.341939
v -0.173541 -0.006444 -0.367386
v -0.171833 -0.007604 -0.378754
v -0.165069 -0.000378 -0.349331
v -0.154497 -0.001678 -0.357117
v -0.160043 -0.005407 -0.367110
v -0.157790 -0.004168 -0.362977
v -0.231614 -0.011365 -0.418206
v -0.216350 -0.011607 -0.439667
v -0.196026 -0.011646 -0.486138
v -0.195826 -0.011736 -0.472744
v -0.233146 -0.011419 -0.483599
v -0.212155 -0.011254 -0.423567
v -0.196325 -0.011709 -0.457923
v -0.200392 -0.011376 -0.434071
v -0.188969 -0.010863 -0.421189
v -0.162107 -0.011631 -0.461299
v -0.175911 -0.010480 -0.417355
v -0.160298 -0.010846 -0.432046
v -0.151618 -0.011203 -0.445661
v -0.136308 -0.011744 -0.477734
v -0.150491 -0.011764 -0.487499
v -0.237677 -0.010946 -0.499286
v -0.206054 -0.010382 -0.528412
v -0.216354 -0.011047 -0.505585
v -0.203981 -0.009229 -0.550343
v -0.209722 -0.008502 -0.558268
v -0.207568 -0.007511 -0.570455
v -0.190663 -0.009701 -0.547473
v -0.170327 -0.011649 -0.496086
v -0.183701 -0.011475 -0.501968
v -0.184844 -0.011080 -0.517039
v -0.177584 -0.010411 -0.537926
v -0.176029 -0.008591 -0.568732
v -0.129965 -0.011254 -0.528606
v -0.147815 -0.009447 -0.564915
v -0.235156 -0.007801 -0.556274
v -0.236599 -0.005638 -0.574410
v -0.177271 -0.007576 -0.580040
v -0.230873 -0.003443 -0.587226
v -0.240532 -0.000464 -0.592330
v -0.236189 -0.000003 -0.595302
v -0.224992 -0.004985 -0.582866
v -0.229969 -0.000537 -0.596195
v -0.213186 -0.006162 -0.579998
v -0.197067 -0.004968 -0.592945
v -0.209838 -0.000465 -0.603039
v -0.205436 -0.000004 -0.605615
v -0.182326 -0.006284 -0.589787
v -0.198234 -0.000459 -0.606931
v -0.173409 -0.006870 -0.587886
v -0.174790 -0.003446 -0.606357
v -0.179143 -0.000481 -0.613244
v -0.174218 -0.000096 -0.615767
v -0.150067 -0.006083 -0.600838
v -0.162608 -0.004835 -0.604792
v -0.164581 -0.001458 -0.615561
v -0.152330 -0.008442 -0.395745
v -0.152484 -0.009439 -0.407999
v -0.132625 -0.008449 -0.401970
v -0.131230 -0.009412 -0.414115
v -0.118187 -0.008513 -0.405339
v -0.102559 -0.008428 -0.405220
v -0.155118 -0.000628 -0.354923
v -0.156484 -0.007479 -0.384203
v -0.150187 -0.006360 -0.377395
v -0.142847 -0.005416 -0.374434
v -0.146633 -0.004507 -0.368841
v -0.140312 -0.007428 -0.389513
v -0.131663 -0.003241 -0.370181
v -0.129319 -0.001474 -0.366804
v -0.133434 -0.000580 -0.364149
v -0.131806 -0.006293 -0.383295
v -0.130790 -0.004441 -0.374299
v -0.120654 -0.005362 -0.380895
v -0.122368 -0.007342 -0.393586
v -0.116950 -0.000378 -0.368494
v -0.118058 -0.004114 -0.376247
v -0.117793 -0.002050 -0.370729
v -0.118022 -0.006382 -0.386802
v -0.106707 -0.003893 -0.376743
v -0.108399 -0.002533 -0.372554
v -0.109692 -0.000772 -0.369470
v -0.108204 -0.006216 -0.386359
v -0.108951 -0.005170 -0.381208
v -0.107919 -0.007465 -0.395462
v -0.093957 -0.002511 -0.367513
v -0.095649 -0.000868 -0.365009
v -0.099151 -0.003610 -0.374000
v -0.099145 -0.002514 -0.370590
v -0.102061 -0.000760 -0.368122
v -0.099001 -0.006317 -0.385879
v -0.099620 -0.005474 -0.381541
v -0.101104 -0.004286 -0.377395
v -0.098950 -0.007480 -0.394889
v -0.082225 -0.002560 -0.352638
v -0.080901 -0.003599 -0.356361
v -0.086498 -0.000853 -0.354519
v -0.083237 -0.005488 -0.372768
v -0.085298 -0.004005 -0.365013
v -0.089490 -0.002479 -0.363202
v -0.090722 -0.000907 -0.360409
v -0.081978 -0.006471 -0.378778
v -0.091735 -0.003861 -0.370623
v -0.082594 -0.007547 -0.389518
v -0.088678 -0.006454 -0.383273
v -0.091772 -0.005551 -0.379163
v -0.090227 -0.007449 -0.392333
v -0.152434 -0.010224 -0.420809
v -0.160733 -0.011476 -0.453581
v -0.129220 -0.010850 -0.441251
v -0.128196 -0.010050 -0.424729
v -0.120656 -0.010537 -0.435846
v -0.099424 -0.011711 -0.479616
v -0.113047 -0.011429 -0.462799
v -0.110992 -0.009552 -0.419508
v -0.101616 -0.010877 -0.446938
v -0.094499 -0.010270 -0.433489
v -0.097264 -0.009258 -0.415404
v -0.072387 -0.011823 -0.491449
v -0.088455 -0.009263 -0.414209
v -0.095277 -0.009959 -0.427053
v -0.077310 -0.009898 -0.424019
v -0.072422 -0.011549 -0.473696
v -0.148744 -0.010780 -0.537719
v -0.127070 -0.011522 -0.518084
v -0.136867 -0.010346 -0.551483
v -0.095522 -0.011719 -0.514978
v -0.082672 -0.011843 -0.506309
v -0.096007 -0.009889 -0.569933
v -0.073653 -0.010858 -0.554689
v -0.052115 -0.011921 -0.502240
v -0.025438 -0.011658 -0.539074
v -0.069487 -0.010539 -0.563286
v -0.136502 -0.008842 -0.576587
v -0.142117 -0.008270 -0.582390
v -0.057355 -0.009256 -0.589334
v -0.100547 -0.008664 -0.587160
v -0.078948 -0.008335 -0.596907
v -0.144099 -0.007289 -0.592295
v -0.155400 -0.003469 -0.611607
v -0.138409 -0.000618 -0.622734
v -0.121244 -0.005331 -0.611629
v -0.132133 -0.000044 -0.625075
v -0.111967 -0.006659 -0.605094
v -0.119399 -0.004204 -0.617094
v -0.102404 -0.007556 -0.599351
v -0.107583 -0.004554 -0.619131
v -0.118053 -0.000515 -0.627684
v -0.111415 -0.005747 -0.611627
v -0.109529 -0.001858 -0.626986
v -0.107676 -0.000490 -0.632310
v -0.092955 -0.006325 -0.613528
v -0.097218 -0.005523 -0.617770
v -0.097246 -0.004401 -0.623855
v -0.100747 -0.003572 -0.625563
v -0.093981 -0.003698 -0.629902
v -0.099390 -0.002547 -0.631241
v -0.100962 -0.001558 -0.634280
v -0.099084 -0.000422 -0.639647
v -0.092376 -0.002553 -0.639301
v -0.095310 -0.001485 -0.641305
v -0.090956 -0.000504 -0.651512
v -0.084213 -0.007441 -0.605942
v -0.086378 -0.005614 -0.622471
v -0.086844 -0.004449 -0.631071
v -0.089393 -0.003452 -0.636746
v -0.081301 -0.004340 -0.639408
v -0.090371 -0.001537 -0.649411
v -0.081082 -0.002818 -0.658208
v -0.080306 -0.001435 -0.669998
v -0.082453 -0.000532 -0.669041
v -0.030897 -0.001346 -0.246977
v -0.032108 -0.000567 -0.245924
v -0.020619 -0.001016 -0.225600
v -0.023891 -0.000487 -0.229809
v -0.020960 -0.002066 -0.237087
v -0.022253 -0.001471 -0.233141
v -0.011006 -0.000210 -0.203765
v -0.011790 -0.001175 -0.212939
v -0.013097 -0.000525 -0.209864
v -0.011221 -0.002070 -0.224584
v -0.015439 -0.001416 -0.222285
v -0.018380 -0.000500 -0.219398
v -0.014950 -0.002275 -0.232502
v -0.015612 -0.003439 -0.251221
v -0.000644 -0.000074 -0.183874
v -0.002532 -0.001124 -0.202983
v -0.005913 -0.000570 -0.199953
v -0.005624 -0.001367 -0.209864
v -0.009374 -0.000876 -0.206097
v -0.004993 -0.001911 -0.218135
v 0.000004 -0.003028 -0.235601
v -0.005117 -0.002677 -0.231255
v -0.004768 -0.003224 -0.240673
v -0.014417 -0.007926 -0.329201
v -0.004954 -0.007938 -0.326668
v -0.080032 -0.001652 -0.344560
v -0.081523 -0.000610 -0.345698
v -0.061281 -0.001560 -0.306855
v -0.064043 -0.003045 -0.320186
v -0.063214 -0.004412 -0.331096
v -0.051147 -0.001556 -0.286799
v -0.055928 -0.000511 -0.292908
v -0.053212 -0.003460 -0.304435
v -0.052405 -0.002562 -0.295827
v -0.050437 -0.004240 -0.307766
v -0.040252 -0.001347 -0.264935
v -0.042550 -0.000561 -0.266412
v -0.039881 -0.002633 -0.273748
v -0.047833 -0.005526 -0.319797
v -0.033253 -0.002471 -0.261234
v -0.033623 -0.003373 -0.272123
v -0.033119 -0.004222 -0.282455
v -0.042087 -0.003616 -0.287682
v -0.033297 -0.005199 -0.296816
v -0.034918 -0.006256 -0.314615
v -0.026030 -0.002535 -0.251094
v -0.022867 -0.004166 -0.269584
v -0.024043 -0.004952 -0.282936
v -0.023768 -0.005806 -0.296608
v -0.024604 -0.007394 -0.324820
v -0.010438 -0.004004 -0.256430
v -0.021823 -0.003216 -0.254233
v -0.015908 -0.004201 -0.263823
v -0.014603 -0.004874 -0.274244
v -0.015288 -0.005852 -0.291754
v -0.014358 -0.006838 -0.308818
v -0.005436 -0.003875 -0.252437
v -0.005120 -0.004876 -0.270289
v -0.003458 -0.006998 -0.308010
v -0.074805 -0.008321 -0.393967
v -0.072849 -0.009045 -0.403656
v -0.086535 -0.008314 -0.400515
v -0.061501 -0.008516 -0.383569
v -0.064319 -0.009216 -0.399545
v -0.055313 -0.009828 -0.404914
v -0.038537 -0.009735 -0.380644
v -0.045318 -0.010320 -0.407689
v -0.045518 -0.008808 -0.369851
v -0.038375 -0.010402 -0.397833
v -0.035172 -0.007752 -0.340092
v -0.033635 -0.010308 -0.389797
v -0.024588 -0.010981 -0.407008
v -0.025929 -0.009846 -0.373404
v -0.023573 -0.010692 -0.391321
v -0.016827 -0.011071 -0.399957
v -0.013990 -0.008841 -0.347451
v -0.015384 -0.009950 -0.370788
v -0.014916 -0.010869 -0.391513
v -0.010187 -0.011180 -0.403273
v -0.004798 -0.008791 -0.344514
v -0.005990 -0.010635 -0.383136
v -0.002075 -0.011174 -0.398127
v -0.078353 -0.004578 -0.359516
v -0.074583 -0.005476 -0.361693
v -0.075434 -0.006426 -0.372411
v -0.074848 -0.007464 -0.383028
v -0.052692 -0.005095 -0.321374
v -0.065220 -0.006383 -0.357817
v -0.063780 -0.007489 -0.370692
v -0.042201 -0.006254 -0.322808
v -0.079658 -0.009247 -0.411251
v -0.082466 -0.010567 -0.440753
v -0.071434 -0.010215 -0.430803
v -0.066520 -0.011021 -0.454883
v -0.053216 -0.010107 -0.413245
v -0.065554 -0.009712 -0.413116
v -0.063153 -0.010044 -0.421861
v -0.051699 -0.010290 -0.424844
v -0.051734 -0.010438 -0.433967
v -0.057570 -0.010695 -0.444242
v -0.030953 -0.010748 -0.403474
v -0.043840 -0.010405 -0.424056
v -0.029525 -0.010785 -0.410686
v -0.034375 -0.010522 -0.424494
v -0.033339 -0.010607 -0.440454
v -0.032168 -0.010545 -0.434560
v -0.017240 -0.011958 -0.495956
v -0.018445 -0.011040 -0.409555
v -0.022957 -0.010603 -0.425839
v -0.004045 -0.010802 -0.451801
v -0.038164 -0.011683 -0.481620
v -0.001461 -0.011127 -0.409588
v -0.001722 -0.010596 -0.429940
v 0.045625 -0.010532 -0.439578
v 0.015336 -0.010542 -0.435162
v -0.054896 -0.011358 -0.543872
v -0.009943 -0.011958 -0.526530
v -0.013032 -0.011045 -0.561279
v -0.030597 -0.010608 -0.569385
v 0.034852 -0.012206 -0.517838
v 0.014031 -0.011405 -0.552816
v -0.033497 -0.009754 -0.586295
v -0.059827 -0.008623 -0.598795
v -0.049746 -0.008042 -0.612587
v -0.041145 -0.008860 -0.601092
v -0.036005 -0.007908 -0.623083
v -0.029440 -0.008856 -0.605120
v -0.025549 -0.008222 -0.621486
v -0.014290 -0.009471 -0.595323
v -0.015870 -0.007077 -0.655646
v -0.012194 -0.008978 -0.607131
v -0.005072 -0.007819 -0.639710
v -0.074565 -0.007013 -0.614850
v -0.075460 -0.006371 -0.621755
v -0.079575 -0.005336 -0.629649
v -0.074651 -0.003641 -0.660308
v -0.064816 -0.008067 -0.605260
v -0.071077 -0.005378 -0.638930
v -0.057680 -0.006152 -0.642090
v -0.063300 -0.004848 -0.660379
v -0.064672 -0.006412 -0.629638
v -0.048145 -0.007182 -0.630320
v -0.056270 -0.005490 -0.657735
v -0.053963 -0.007475 -0.620161
v -0.034433 -0.005910 -0.672644
v -0.047481 -0.006059 -0.656219
v -0.024713 -0.006247 -0.672045
v -0.067026 -0.002554 -0.686487
v -0.067729 -0.001523 -0.694263
v -0.072422 -0.000562 -0.689621
v -0.066345 -0.003737 -0.672732
v -0.061472 -0.000542 -0.711542
v -0.053912 -0.004244 -0.683914
v -0.054243 -0.003467 -0.696381
v -0.051561 -0.002444 -0.715440
v -0.060833 -0.001283 -0.709507
v -0.051166 -0.001255 -0.728238
v -0.051257 -0.000545 -0.731538
v -0.046766 -0.004909 -0.681047
v -0.038507 -0.005004 -0.688924
v -0.045411 -0.003885 -0.702204
v -0.045656 -0.003332 -0.711384
v -0.046126 -0.002489 -0.723274
v -0.041437 -0.002048 -0.737832
v -0.044968 -0.001610 -0.736234
v -0.035866 -0.003911 -0.713875
v -0.028350 -0.003932 -0.721936
v -0.036849 -0.002406 -0.739745
v -0.024858 -0.002472 -0.755331
v -0.025247 -0.004928 -0.702258
v -0.017607 -0.003985 -0.730253
v -0.012563 -0.004948 -0.709276
v -0.005348 -0.005015 -0.709810
v -0.004525 -0.003246 -0.753438
v -0.040759 -0.000492 -0.752165
v -0.041114 -0.001011 -0.749291
v -0.035758 -0.001465 -0.753820
v -0.030037 -0.000946 -0.770672
v -0.031541 -0.000452 -0.770824
v -0.023280 -0.001603 -0.772978
v -0.020961 -0.002066 -0.768701
v -0.028946 -0.000582 -0.774690
v -0.023283 -0.000527 -0.785585
v -0.021267 -0.000212 -0.791704
v -0.017261 -0.002990 -0.753012
v -0.016185 -0.002338 -0.767924
v -0.010843 -0.002025 -0.780593
v -0.015382 -0.001514 -0.784965
v -0.019949 -0.000864 -0.789177
v -0.012815 -0.001187 -0.795351
v -0.017880 -0.000527 -0.795215
v -0.010850 -0.001044 -0.801430
v -0.012531 -0.000479 -0.805156
v -0.011004 -0.000133 -0.812230
v -0.004281 -0.003006 -0.760142
v -0.005265 -0.001998 -0.783879
v -0.004803 -0.001131 -0.804228
v -0.006888 -0.000799 -0.808271
v 0.000000 -0.001000 -0.810779
v -0.004614 -0.000498 -0.814926
v -0.000762 0.000014 -0.832123
v -0.814880 0.000498 -0.004648
v -0.812230 0.000133 -0.011004
v -0.803548 0.001157 -0.005383
v -0.805156 0.000479 -0.012531
v -0.801430 0.001044 -0.010850
v -0.795215 0.000527 -0.017880
v -0.795351 0.001187 -0.012815
v -0.791704 0.000212 -0.021267
v -0.786243 0.001896 -0.005077
v -0.784965 0.001514 -0.015382
v -0.780593 0.002025 -0.010843
v -0.785585 0.000527 -0.023283
v -0.788675 0.000925 -0.019864
v -0.774826 0.002369 -0.005131
v -0.772880 0.002146 -0.015491
v -0.774690 0.000582 -0.028946
v -0.774043 0.001493 -0.023535
v -0.771317 0.001995 -0.019760
v -0.770194 0.000475 -0.031799
v -0.760729 0.002959 -0.005087
v -0.769763 0.000931 -0.030615
v -0.766411 0.001626 -0.027364
v -0.753461 0.002969 -0.017260
v -0.753920 0.002491 -0.025408
v -0.755505 0.000500 -0.039028
v -0.753820 0.001465 -0.035758
v -0.744379 0.000481 -0.044704
v -0.735285 0.003990 -0.005149
v -0.733692 0.003843 -0.016995
v -0.739747 0.003044 -0.028850
v -0.746515 0.001231 -0.041492
v -0.742848 0.002317 -0.035627
v -0.739073 0.002009 -0.041144
v -0.728061 0.000559 -0.053021
v -0.729857 0.001175 -0.050495
v -0.729322 0.002355 -0.043779
v -0.708567 0.004940 -0.014191
v -0.722034 0.003914 -0.028687
v -0.723685 0.003363 -0.036312
v -0.720442 0.001757 -0.052976
v -0.706359 0.003223 -0.050424
v -0.709097 0.005041 -0.005327
v -0.696923 0.005085 -0.026644
v -0.713147 0.003926 -0.036383
v -0.705194 0.002757 -0.055156
v -0.707971 0.000565 -0.063247
v -0.709639 0.001254 -0.060868
v -0.694680 0.002271 -0.064189
v -0.682356 0.005900 -0.014980
v -0.687011 0.005126 -0.036616
v -0.683357 0.004779 -0.046379
v -0.690946 0.004075 -0.050837
v -0.670446 0.000567 -0.081995
v -0.688377 0.001356 -0.071315
v -0.676378 0.005949 -0.024511
v -0.654465 0.006961 -0.009559
v -0.647550 0.006744 -0.034684
v -0.646098 0.003569 -0.082404
v -0.669936 0.001346 -0.080680
v -0.637866 0.007343 -0.024552
v -0.642748 0.006358 -0.050438
v -0.655755 0.005162 -0.060525
v -0.643595 0.004479 -0.076555
v -0.654870 0.001517 -0.087523
v -0.644599 0.002510 -0.089352
v -0.639507 0.007422 -0.015236
v -0.642784 0.005204 -0.069438
v -0.642855 0.003391 -0.085713
v -0.641578 0.005845 -0.061163
v -0.630579 0.007431 -0.034676
v -0.632351 0.006934 -0.048587
v -0.623860 0.007060 -0.057242
v -0.631183 0.006021 -0.068885
v -0.630281 0.005270 -0.080541
v -0.615754 0.007957 -0.042252
v -0.618572 0.006793 -0.072209
v -0.609936 0.007538 -0.069695
v -0.623038 0.006163 -0.077561
v -0.613574 0.008481 -0.009996
v -0.612126 0.008420 -0.023481
v -0.607971 0.008090 -0.053998
v -0.593177 0.008977 -0.049741
v -0.602112 0.007757 -0.083055
v -0.586197 0.009494 -0.035546
v -0.600769 0.008284 -0.064810
v -0.584760 0.009005 -0.079669
v -0.567774 0.009796 -0.092068
v -0.650389 0.000505 -0.091749
v -0.642484 0.001470 -0.094675
v -0.636726 0.004500 -0.082147
v -0.639574 0.000389 -0.099252
v -0.638460 0.002404 -0.094078
v -0.635660 0.003447 -0.090972
v -0.632389 0.004411 -0.087047
v -0.634509 0.001549 -0.101186
v -0.631534 0.003253 -0.096392
v -0.632437 0.000484 -0.107661
v -0.629663 0.001451 -0.108194
v -0.627934 0.000517 -0.117575
v -0.628269 0.004399 -0.092337
v -0.624376 0.005331 -0.088076
v -0.616894 0.006026 -0.090834
v -0.626990 0.003351 -0.102078
v -0.624437 0.004391 -0.098252
v -0.619544 0.005273 -0.097689
v -0.621937 0.003959 -0.107903
v -0.619763 0.003301 -0.120643
v -0.616320 0.004286 -0.120412
v -0.612586 0.005163 -0.119071
v -0.622773 0.000631 -0.138046
v -0.615357 0.001479 -0.164926
v -0.607987 0.007018 -0.089917
v -0.616221 0.005204 -0.106796
v -0.607547 0.006298 -0.110848
v -0.607566 0.004192 -0.160579
v -0.603605 0.005022 -0.161323
v -0.598683 0.007491 -0.103650
v -0.599938 0.006082 -0.150315
v -0.589705 0.007352 -0.147228
v -0.587285 0.006739 -0.177008
v -0.580593 0.007471 -0.175802
v -0.589038 0.008447 -0.095623
v -0.579547 0.008278 -0.145126
v -0.614732 0.000401 -0.174641
v -0.605570 0.003381 -0.177714
v -0.604454 0.000283 -0.205474
v -0.596989 0.004450 -0.191684
v -0.589307 0.006207 -0.184489
v -0.593037 0.005193 -0.192887
v -0.599171 0.001590 -0.212390
v -0.585854 0.003537 -0.234203
v -0.601041 0.000528 -0.213293
v -0.593787 0.000357 -0.236189
v -0.583445 0.004884 -0.226147
v -0.593485 0.001196 -0.232373
v -0.580619 0.006226 -0.210563
v -0.571643 0.007254 -0.210160
v -0.571757 0.006019 -0.238027
v -0.572859 0.005232 -0.247296
v -0.584186 0.000437 -0.257336
v -0.585460 0.001432 -0.250783
v -0.575197 0.004167 -0.253420
v -0.574150 0.000390 -0.277104
v -0.569461 0.001720 -0.281622
v -0.558836 0.010687 -0.021923
v -0.576417 0.010020 -0.020931
v -0.559640 0.010372 -0.071069
v -0.545683 0.010918 -0.062348
v -0.544528 0.011088 -0.032667
v -0.531008 0.011321 -0.055897
v -0.519064 0.011479 -0.066933
v -0.502782 0.011603 -0.063767
v -0.503927 0.011402 -0.135846
v -0.568538 0.009146 -0.139934
v -0.570184 0.008260 -0.179659
v -0.560758 0.009043 -0.173539
v -0.549506 0.010174 -0.137029
v -0.548833 0.009582 -0.181504
v -0.535230 0.010864 -0.116880
v -0.537361 0.010203 -0.176451
v -0.524920 0.010860 -0.154630
v -0.515195 0.011243 -0.132807
v -0.498043 0.011175 -0.201265
v -0.495710 0.011477 -0.134735
v -0.566942 0.007835 -0.205528
v -0.564561 0.006848 -0.238619
v -0.553527 0.007738 -0.242997
v -0.557479 0.008441 -0.210674
v -0.543147 0.009222 -0.217291
v -0.543431 0.008421 -0.246349
v -0.526782 0.010182 -0.209610
v -0.525590 0.009600 -0.243870
v -0.531031 0.009093 -0.251679
v -0.516014 0.010832 -0.186220
v -0.511333 0.010247 -0.245373
v -0.502940 0.010778 -0.228640
v -0.490657 0.011367 -0.190983
v -0.554299 0.004446 -0.293507
v -0.558133 0.005156 -0.278797
v -0.563917 0.000481 -0.296603
v -0.561495 0.001464 -0.298319
v -0.560051 0.006129 -0.262060
v -0.542335 0.006917 -0.284448
v -0.553681 0.002948 -0.305632
v -0.552792 0.000515 -0.316616
v -0.549126 0.001485 -0.320637
v -0.549186 0.006111 -0.284492
v -0.540614 0.005237 -0.311276
v -0.540873 0.004332 -0.318429
v -0.541327 0.002486 -0.328679
v -0.540346 0.003338 -0.325750
v -0.530137 0.007654 -0.292959
v -0.539746 0.006095 -0.302614
v -0.524328 0.007144 -0.312804
v -0.527662 0.006169 -0.321667
v -0.504599 0.006915 -0.346618
v -0.505069 0.007947 -0.329099
v -0.532468 0.008383 -0.270933
v -0.520919 0.009124 -0.272281
v -0.521134 0.008370 -0.293221
v -0.507736 0.009400 -0.289020
v -0.506493 0.009877 -0.273912
v -0.505012 0.008881 -0.308755
v -0.487967 0.010867 -0.259041
v -0.487383 0.010361 -0.290690
v -0.490884 0.009168 -0.324305
v -0.485477 0.009673 -0.318781
v -0.532239 0.000421 -0.347940
v -0.512653 0.006037 -0.345908
v -0.521303 0.001525 -0.362083
v -0.511898 0.005144 -0.355718
v -0.511566 0.000378 -0.378493
v -0.506788 0.004428 -0.368685
v -0.505605 0.002395 -0.381693
v -0.504625 0.003466 -0.377619
v -0.495933 0.005929 -0.370787
v -0.504512 0.001404 -0.386586
v -0.494917 0.005187 -0.378949
v -0.501286 0.000545 -0.392208
v -0.487155 0.006755 -0.372980
v -0.486966 0.004143 -0.396361
v -0.482894 0.001391 -0.412963
v -0.407901 0.007981 -0.060215
v -0.415633 0.008418 -0.070243
v -0.489612 0.011551 -0.082706
v -0.467698 0.011289 -0.096098
v -0.458481 0.010896 -0.054234
v -0.447412 0.010385 -0.041945
v -0.445825 0.010524 -0.081155
v -0.426002 0.009284 -0.035531
v -0.436797 0.009843 -0.047510
v -0.436557 0.009954 -0.071414
v -0.421649 0.009212 -0.008264
v -0.417887 0.009004 -0.023377
v -0.418800 0.008755 -0.054743
v -0.426303 0.009231 -0.066149
v -0.409402 0.008556 -0.034171
v -0.413172 0.008549 -0.045600
v -0.410186 0.008047 -0.086203
v -0.484737 0.011494 -0.164922
v -0.476166 0.011487 -0.124508
v -0.475562 0.011527 -0.185231
v -0.466379 0.011493 -0.159148
v -0.454908 0.010981 -0.096847
v -0.452273 0.011197 -0.139184
v -0.439155 0.010664 -0.123511
v -0.445978 0.011243 -0.164295
v -0.436004 0.010137 -0.091073
v -0.436754 0.010943 -0.155654
v -0.425954 0.009405 -0.086812
v -0.428904 0.010095 -0.118132
v -0.424097 0.010565 -0.160731
v -0.417198 0.009040 -0.105639
v -0.407388 0.008618 -0.123869
v -0.413983 0.009418 -0.132652
v -0.421329 0.009966 -0.135718
v -0.405373 0.009522 -0.160616
v -0.483199 0.011252 -0.235142
v -0.461440 0.011595 -0.227548
v -0.456433 0.011563 -0.264533
v -0.472175 0.011325 -0.256527
v -0.455798 0.011548 -0.191235
v -0.435635 0.011585 -0.224819
v -0.439349 0.011659 -0.233120
v -0.445486 0.011689 -0.247462
v -0.437039 0.011340 -0.193787
v -0.426900 0.010931 -0.178302
v -0.422527 0.011282 -0.213208
v -0.416957 0.011401 -0.230927
v -0.410281 0.010641 -0.194763
v -0.414554 0.010922 -0.201635
v -0.475821 0.010940 -0.280641
v -0.467084 0.010389 -0.323853
v -0.460728 0.011401 -0.275639
v -0.459026 0.010902 -0.313275
v -0.446465 0.011442 -0.300953
v -0.440629 0.011710 -0.270809
v -0.431297 0.011693 -0.301920
v -0.431171 0.011296 -0.334187
v -0.428397 0.011561 -0.320099
v -0.418074 0.011778 -0.270538
v -0.418817 0.011819 -0.283879
v -0.415791 0.011807 -0.306725
v -0.406870 0.011706 -0.337921
v -0.485377 0.007816 -0.359918
v -0.473183 0.006191 -0.396705
v -0.484621 0.002394 -0.407646
v -0.470044 0.005297 -0.408274
v -0.467254 0.007806 -0.383014
v -0.450146 0.007465 -0.408376
v -0.476670 0.008523 -0.359181
v -0.471120 0.009127 -0.354047
v -0.461902 0.009716 -0.352216
v -0.446972 0.010534 -0.347448
v -0.450043 0.008988 -0.383471
v -0.428239 0.010235 -0.379530
v -0.433127 0.009485 -0.392689
v -0.430320 0.010948 -0.351942
v -0.419075 0.010579 -0.379232
v -0.431233 0.008362 -0.415478
v -0.402015 0.011052 -0.380137
v -0.408987 0.009666 -0.414029
v -0.479545 0.000463 -0.418639
v -0.468081 0.000462 -0.432846
v -0.453753 0.003469 -0.437988
v -0.450140 0.004441 -0.436670
v -0.450584 0.002351 -0.446312
v -0.461442 0.000350 -0.440597
v -0.452746 0.005229 -0.428641
v -0.464878 0.001203 -0.434960
v -0.441368 0.000406 -0.460529
v -0.446722 0.006370 -0.425035
v -0.449809 0.001381 -0.450472
v -0.439479 0.005572 -0.440129
v -0.434798 0.007125 -0.429368
v -0.435681 0.003492 -0.455805
v -0.431224 0.004405 -0.455468
v -0.426206 0.002521 -0.468109
v -0.433511 0.000509 -0.467032
v -0.416199 0.007678 -0.440515
v -0.428621 0.005275 -0.452588
v -0.415761 0.006467 -0.454627
v -0.403630 0.007255 -0.457194
v -0.432192 0.001321 -0.466729
v -0.408490 0.005301 -0.470451
v -0.415784 0.000902 -0.481134
v -0.400658 0.002391 -0.490626
v -0.411770 0.008824 -0.427335
v -0.395604 0.006890 -0.067984
v -0.404462 0.007449 -0.076229
v -0.379943 0.007358 -0.037136
v -0.391952 0.007053 -0.058804
v -0.392252 0.006266 -0.077782
v -0.383877 0.007919 -0.019128
v -0.383679 0.007182 -0.046594
v -0.382672 0.005983 -0.068504
v -0.382401 0.005313 -0.077744
v -0.390535 0.006387 -0.071224
v -0.375154 0.006257 -0.057563
v -0.375078 0.005309 -0.070929
v -0.367044 0.003434 -0.082684
v -0.376709 0.004665 -0.078965
v -0.349441 0.006739 -0.005092
v -0.352625 0.006751 -0.016659
v -0.362072 0.006973 -0.024845
v -0.359120 0.006039 -0.047812
v -0.364709 0.002533 -0.086872
v -0.346578 0.006012 -0.035492
v -0.355964 0.005095 -0.060507
v -0.343414 0.001564 -0.078616
v -0.356298 0.002489 -0.081832
v -0.352929 0.003783 -0.072073
v -0.339829 0.006018 -0.026824
v -0.339470 0.005041 -0.048227
v -0.324331 0.003528 -0.056602
v -0.342773 0.004387 -0.059585
v -0.340564 0.002516 -0.073165
v -0.340255 0.003490 -0.066465
v -0.315351 0.004968 -0.026042
v -0.323480 0.004877 -0.037390
v -0.327196 0.001250 -0.071484
v -0.324039 0.000531 -0.071269
v -0.404597 0.008090 -0.047836
v -0.396042 0.006620 -0.086536
v -0.403094 0.007642 -0.102080
v -0.390673 0.005957 -0.087002
v -0.391576 0.006232 -0.094230
v -0.392456 0.007010 -0.116442
v -0.381134 0.004072 -0.089604
v -0.387391 0.005422 -0.087200
v -0.381067 0.003705 -0.097495
v -0.384381 0.004496 -0.097495
v -0.387943 0.005575 -0.096565
v -0.378937 0.003484 -0.108020
v -0.384808 0.005493 -0.107755
v -0.388182 0.006233 -0.107895
v -0.381708 0.005555 -0.117887
v -0.387117 0.006514 -0.118981
v -0.377874 0.006049 -0.133900
v -0.376437 0.006553 -0.150636
v -0.370274 0.002323 -0.092423
v -0.374356 0.003555 -0.087452
v -0.370675 0.000500 -0.101183
v -0.374332 0.002421 -0.097629
v -0.378370 0.003205 -0.097495
v -0.370565 0.000540 -0.107615
v -0.372598 0.001299 -0.107960
v -0.376121 0.002498 -0.107757
v -0.371015 0.005572 -0.149173
v -0.368649 0.006177 -0.161065
v -0.361389 0.000485 -0.091063
v -0.362702 0.001499 -0.089615
v -0.367833 0.001499 -0.094017
v -0.367438 0.000540 -0.117388
v -0.359192 0.000393 -0.140072
v -0.356990 0.000504 -0.146718
v -0.352844 0.000563 -0.085661
v -0.352523 0.001345 -0.083962
v -0.362903 0.005512 -0.166760
v -0.351122 0.000512 -0.159413
v -0.408407 0.010041 -0.172509
v -0.400206 0.009030 -0.157809
v -0.388297 0.008593 -0.173961
v -0.378423 0.006953 -0.155880
v -0.366272 0.006359 -0.169333
v -0.359185 0.005811 -0.176085
v -0.358256 0.006176 -0.182110
v -0.357769 0.006984 -0.198666
v -0.346421 0.000526 -0.169084
v -0.350942 0.005646 -0.192060
v -0.356082 0.006352 -0.189858
v -0.348766 0.006218 -0.201391
v -0.349546 0.006880 -0.210768
v -0.340700 0.000486 -0.180418
v -0.341218 0.005498 -0.207840
v -0.344571 0.006436 -0.211535
v -0.334760 0.000551 -0.192202
v -0.322788 0.000437 -0.210449
v -0.338203 0.006007 -0.215054
v -0.328680 0.005716 -0.227642
v -0.333883 0.006662 -0.230755
v -0.323756 0.006542 -0.243529
v -0.400818 0.011023 -0.230051
v -0.393826 0.009472 -0.184344
v -0.397450 0.010029 -0.194344
v -0.390378 0.010655 -0.229255
v -0.378610 0.009534 -0.215428
v -0.383522 0.010173 -0.223887
v -0.383353 0.010944 -0.251746
v -0.369412 0.009079 -0.221287
v -0.354626 0.009763 -0.256845
v -0.357404 0.010215 -0.263440
v -0.393882 0.011412 -0.263884
v -0.395308 0.011750 -0.290101
v -0.383874 0.011545 -0.286903
v -0.394091 0.011830 -0.303265
v -0.391596 0.011864 -0.323417
v -0.351476 0.011827 -0.352401
v -0.358742 0.010714 -0.276015
v -0.354630 0.011074 -0.295413
v -0.338167 0.011743 -0.354410
v -0.340782 0.011530 -0.335769
v -0.328392 0.010171 -0.297857
v -0.330308 0.010670 -0.308456
v -0.342216 0.009733 -0.272700
v -0.324294 0.010966 -0.324870
v -0.321270 0.011337 -0.344067
v -0.390846 0.011476 -0.371792
v -0.398262 0.010504 -0.403380
v -0.387731 0.011816 -0.344289
v -0.368235 0.011538 -0.390148
v -0.367836 0.011670 -0.381390
v -0.363519 0.011076 -0.415762
v -0.355505 0.011810 -0.375475
v -0.334480 0.011836 -0.381611
v -0.308827 0.011483 -0.440509
v -0.318284 0.011681 -0.420407
v -0.392898 0.004223 -0.490262
v -0.388265 0.006168 -0.481653
v -0.378500 0.006922 -0.482388
v -0.382414 0.005327 -0.492708
v -0.385590 0.007845 -0.465550
v -0.359578 0.007837 -0.486493
v -0.369766 0.006036 -0.497535
v -0.375927 0.010237 -0.431329
v -0.370968 0.009761 -0.446549
v -0.386478 0.009077 -0.446512
v -0.373897 0.010575 -0.423862
v -0.359133 0.008496 -0.477926
v -0.350426 0.009451 -0.469170
v -0.333342 0.011269 -0.432098
v -0.342974 0.010503 -0.451489
v -0.330306 0.009258 -0.486620
v -0.317043 0.010414 -0.472261
v -0.382794 0.000416 -0.508818
v -0.382002 0.002969 -0.503947
v -0.375921 0.004458 -0.502361
v -0.386066 0.001539 -0.504875
v -0.363268 0.005172 -0.507933
v -0.359151 0.001580 -0.523663
v -0.359503 0.006946 -0.496628
v -0.367940 0.002588 -0.515059
v -0.357574 0.004194 -0.516528
v -0.358422 0.000630 -0.525466
v -0.342998 0.006235 -0.514576
v -0.328888 0.007444 -0.512220
v -0.345966 0.000578 -0.534441
v -0.329262 0.001598 -0.544163
v -0.322724 0.005332 -0.534167
v -0.335510 0.006808 -0.514445
v -0.326771 0.000622 -0.547423
v -0.327087 0.004483 -0.535679
v -0.325266 0.008233 -0.505004
v -0.324368 0.004118 -0.050277
v -0.317036 0.002257 -0.062015
v -0.304109 0.004817 -0.013765
v -0.296809 0.003613 -0.036157
v -0.300942 0.003258 -0.043906
v -0.307841 0.001205 -0.061864
v -0.303518 0.000536 -0.060978
v -0.313046 0.001452 -0.063501
v -0.308986 0.005127 -0.005585
v -0.294241 0.003984 -0.027568
v -0.297080 0.002154 -0.051440
v -0.284861 0.003945 -0.017469
v -0.287867 0.001156 -0.051520
v -0.292722 0.002489 -0.046126
v -0.283129 0.000537 -0.050576
v -0.292943 0.001426 -0.052925
v -0.261842 0.003217 -0.004820
v -0.276365 0.003071 -0.028523
v -0.278229 0.002074 -0.041265
v -0.274251 0.001547 -0.042297
v -0.264122 0.002061 -0.032485
v -0.271959 0.000500 -0.044874
v -0.253733 0.002886 -0.005860
v -0.264014 0.003035 -0.017254
v -0.262077 0.002491 -0.025408
v -0.261052 0.000487 -0.039320
v -0.262177 0.001465 -0.035758
v -0.266706 0.001011 -0.041114
v -0.245068 0.002118 -0.018342
v -0.250493 0.001550 -0.028387
v -0.245367 0.000477 -0.031632
v -0.246227 0.000931 -0.030612
v -0.320127 0.005472 -0.239156
v -0.326917 0.006167 -0.233816
v -0.315869 0.000425 -0.220604
v -0.303151 0.000589 -0.239032
v -0.317652 0.006052 -0.245666
v -0.308242 0.004046 -0.247770
v -0.296702 0.000266 -0.245238
v -0.314311 0.006911 -0.260682
v -0.311300 0.005495 -0.250276
v -0.313742 0.006224 -0.252413
v -0.307906 0.006010 -0.256515
v -0.301659 0.005814 -0.262858
v -0.305544 0.006215 -0.261696
v -0.294499 0.006358 -0.275869
v -0.291653 0.006664 -0.282930
v -0.292376 0.000539 -0.251289
v -0.287862 0.005709 -0.277973
v -0.282013 0.000424 -0.262718
v -0.279407 0.006344 -0.291368
v -0.282018 0.006929 -0.295662
v -0.272275 0.000351 -0.272770
v -0.277423 0.005720 -0.288391
v -0.262854 0.005814 -0.301665
v -0.248418 0.007084 -0.326750
v -0.262066 0.000420 -0.282496
v -0.251297 0.000536 -0.292368
v -0.247167 0.004096 -0.308955
v -0.261696 0.006215 -0.305544
v -0.256514 0.006008 -0.307901
v -0.250269 0.005493 -0.311309
v -0.252437 0.006223 -0.313751
v -0.315981 0.009535 -0.299383
v -0.309896 0.010155 -0.317165
v -0.308364 0.010653 -0.329965
v -0.303539 0.009559 -0.312616
v -0.266874 0.009211 -0.339785
v -0.312023 0.011800 -0.387189
v -0.291584 0.011529 -0.380305
v -0.288618 0.011002 -0.358479
v -0.293094 0.011326 -0.368354
v -0.278304 0.011732 -0.404371
v -0.284459 0.010208 -0.340946
v -0.278210 0.010686 -0.357183
v -0.271430 0.011800 -0.417787
v -0.270973 0.009827 -0.345346
v -0.262329 0.010248 -0.359460
v -0.262506 0.011294 -0.389517
v -0.251624 0.010920 -0.383290
v -0.254300 0.011516 -0.405794
v -0.234693 0.010633 -0.387153
v -0.302884 0.010957 -0.465523
v -0.295173 0.009693 -0.501574
v -0.291240 0.011814 -0.421857
v -0.265586 0.011579 -0.463464
v -0.287986 0.010454 -0.489820
v -0.261349 0.011684 -0.458187
v -0.272455 0.011790 -0.437611
v -0.274537 0.011136 -0.476925
v -0.230480 0.011708 -0.432527
v -0.249992 0.011812 -0.446583
v -0.251404 0.011151 -0.489276
v -0.310654 0.006330 -0.534512
v -0.304119 0.006939 -0.532729
v -0.319732 0.003608 -0.543885
v -0.317851 0.000371 -0.553759
v -0.301707 0.007846 -0.524365
v -0.310451 0.004778 -0.544375
v -0.317112 0.001218 -0.552847
v -0.308324 0.001776 -0.556131
v -0.301087 0.005578 -0.545058
v -0.291002 0.004334 -0.556408
v -0.297940 0.000373 -0.564534
v -0.275885 0.006325 -0.552566
v -0.267329 0.008200 -0.538383
v -0.270682 0.005702 -0.559527
v -0.282298 0.000538 -0.572037
v -0.257895 0.006815 -0.557190
v -0.268031 0.004815 -0.565501
v -0.272241 0.000625 -0.577156
v -0.250019 0.008022 -0.548676
v -0.245030 0.005285 -0.573752
v -0.253796 0.004279 -0.574674
v -0.235302 0.006163 -0.572208
v -0.313098 0.008990 -0.502261
v -0.291209 0.008583 -0.521026
v -0.270938 0.009241 -0.522269
v -0.266714 0.010452 -0.501776
v -0.242166 0.009992 -0.523798
v -0.247727 0.009129 -0.535412
v -0.236013 0.010748 -0.509622
v -0.261706 0.000533 -0.582473
v -0.257480 0.000340 -0.585260
v -0.250993 0.001573 -0.585044
v -0.239808 0.002317 -0.005038
v -0.241306 0.000582 -0.028946
v -0.242240 0.001447 -0.024240
v -0.228716 0.001842 -0.005022
v -0.226659 0.000878 -0.019920
v -0.231031 0.001514 -0.015382
v -0.235403 0.002025 -0.010843
v -0.230411 0.000527 -0.023283
v -0.220781 0.000527 -0.017880
v -0.215231 0.001044 -0.011024
v -0.224292 0.000212 -0.021267
v -0.207725 0.000799 -0.006888
v -0.210841 0.001110 -0.004133
v -0.210841 0.000479 -0.012531
v -0.201070 0.000498 -0.004614
v -0.203767 0.000133 -0.011004
v -0.245256 0.000266 -0.296686
v -0.239267 0.000577 -0.302931
v -0.238839 0.005443 -0.320313
v -0.245771 0.006051 -0.317723
v -0.242998 0.006385 -0.322921
v -0.228219 0.005505 -0.327984
v -0.220605 0.000431 -0.315882
v -0.206307 0.004162 -0.337741
v -0.211402 0.000422 -0.322156
v -0.200067 0.000626 -0.330430
v -0.226182 0.006542 -0.336782
v -0.211242 0.005379 -0.339631
v -0.211262 0.006231 -0.344952
v -0.213593 0.007544 -0.355774
v -0.197158 0.006561 -0.356727
v -0.195868 0.005445 -0.350015
v -0.195715 0.007530 -0.366470
v -0.190200 0.000557 -0.336373
v -0.187207 0.001654 -0.340784
v -0.182913 0.004098 -0.351040
v -0.182754 0.006254 -0.362858
v -0.179994 0.000511 -0.342112
v -0.165317 0.002547 -0.354646
v -0.174142 0.005310 -0.361457
v -0.175923 0.007656 -0.378348
v -0.166179 0.000412 -0.349094
v -0.162223 0.001546 -0.353386
v -0.164167 0.003542 -0.358465
v -0.159048 0.004376 -0.364247
v -0.171885 0.006400 -0.369548
v -0.250934 0.009466 -0.354792
v -0.226302 0.010126 -0.382519
v -0.239680 0.011235 -0.402306
v -0.221176 0.009585 -0.376871
v -0.223366 0.010930 -0.402281
v -0.211142 0.008610 -0.369964
v -0.197580 0.010622 -0.409611
v -0.199496 0.009784 -0.392417
v -0.181662 0.008555 -0.385158
v -0.176834 0.009736 -0.403347
v -0.226045 0.011788 -0.443637
v -0.227919 0.011816 -0.457410
v -0.224304 0.011708 -0.476330
v -0.233355 0.011248 -0.494768
v -0.224654 0.011431 -0.419833
v -0.204264 0.011653 -0.490597
v -0.206303 0.011370 -0.427374
v -0.206059 0.011820 -0.468264
v -0.196457 0.010929 -0.417814
v -0.191328 0.011650 -0.448373
v -0.174975 0.011757 -0.464443
v -0.188941 0.011284 -0.432955
v -0.180606 0.011824 -0.478250
v -0.160245 0.010520 -0.425347
v -0.167596 0.010941 -0.432307
v -0.145967 0.011640 -0.468032
v -0.154397 0.010030 -0.418233
v -0.164463 0.011430 -0.449861
v -0.233374 0.007315 -0.563154
v -0.202192 0.008028 -0.567666
v -0.229468 0.009129 -0.543444
v -0.214830 0.009737 -0.539963
v -0.229715 0.008260 -0.554651
v -0.211451 0.011122 -0.509488
v -0.204779 0.010409 -0.531397
v -0.182902 0.010830 -0.529694
v -0.203184 0.009057 -0.554850
v -0.184054 0.011279 -0.515047
v -0.155596 0.011594 -0.511225
v -0.150118 0.011693 -0.506299
v -0.172421 0.010525 -0.540610
v -0.168743 0.009775 -0.555884
v -0.170278 0.008897 -0.567856
v -0.150707 0.011293 -0.525537
v -0.237795 0.003440 -0.584692
v -0.228954 0.004472 -0.584052
v -0.239077 0.000464 -0.593229
v -0.215541 0.005545 -0.583500
v -0.228238 0.000474 -0.596681
v -0.202696 0.007116 -0.576390
v -0.205893 0.003408 -0.595959
v -0.204433 0.006204 -0.583011
v -0.192784 0.004945 -0.594303
v -0.210029 0.000548 -0.602758
v -0.197506 0.000499 -0.606906
v -0.170840 0.007088 -0.586783
v -0.170652 0.007998 -0.578196
v -0.175442 0.006171 -0.592506
v -0.177362 0.003046 -0.606521
v -0.165790 0.004738 -0.603441
v -0.179076 0.000491 -0.612949
v -0.167030 0.001363 -0.614696
v -0.159734 0.000515 -0.352671
v -0.152108 0.005343 -0.371909
v -0.161500 0.006546 -0.375401
v -0.154108 0.007834 -0.389743
v -0.145319 0.000191 -0.358844
v -0.141628 0.001491 -0.362350
v -0.145984 0.003031 -0.364428
v -0.142534 0.006337 -0.381276
v -0.144539 0.007103 -0.386430
v -0.133818 0.000526 -0.363988
v -0.138419 0.003936 -0.370095
v -0.132061 0.005364 -0.378328
v -0.133905 0.007795 -0.395427
v -0.126082 0.001542 -0.367374
v -0.128497 0.002414 -0.368452
v -0.128493 0.003932 -0.372599
v -0.129324 0.006470 -0.385314
v -0.117963 0.000447 -0.368143
v -0.118465 0.002065 -0.369296
v -0.118843 0.003519 -0.372631
v -0.118188 0.004442 -0.376038
v -0.119792 0.005355 -0.380063
v -0.118585 0.006323 -0.385622
v -0.118720 0.007282 -0.392869
v -0.117998 0.008336 -0.403154
v -0.110330 0.001000 -0.368594
v -0.109374 0.002582 -0.370146
v -0.109759 0.003638 -0.372815
v -0.108594 0.005310 -0.379359
v -0.108907 0.006314 -0.385132
v -0.104240 0.007529 -0.394380
v -0.096299 0.000954 -0.363977
v -0.098559 0.002545 -0.367094
v -0.102481 0.001066 -0.367032
v -0.100829 0.003671 -0.370875
v -0.100187 0.004557 -0.374239
v -0.100734 0.005521 -0.378891
v -0.099984 0.006399 -0.384037
v -0.085710 0.000399 -0.352935
v -0.083252 0.002418 -0.353267
v -0.085972 0.001403 -0.354338
v -0.086011 0.003564 -0.361081
v -0.090998 0.000992 -0.359725
v -0.090422 0.002467 -0.361398
v -0.082236 0.004543 -0.362648
v -0.084710 0.005377 -0.370118
v -0.093447 0.003653 -0.367140
v -0.091592 0.004548 -0.369973
v -0.088467 0.006445 -0.380156
v -0.092946 0.005592 -0.376426
v -0.088135 0.007420 -0.388745
v -0.096429 0.008387 -0.402267
v -0.154219 0.008710 -0.399079
v -0.150105 0.009416 -0.409843
v -0.130811 0.008450 -0.402848
v -0.123683 0.009279 -0.414880
v -0.107824 0.008543 -0.405599
v -0.083943 0.008330 -0.397368
v -0.151926 0.011805 -0.487587
v -0.134192 0.010511 -0.434445
v -0.123632 0.010876 -0.446421
v -0.126723 0.011282 -0.458611
v -0.131662 0.011732 -0.482697
v -0.129419 0.010002 -0.425384
v -0.112718 0.009915 -0.426501
v -0.104416 0.010515 -0.440418
v -0.092241 0.011056 -0.458614
v -0.091209 0.011400 -0.473733
v -0.102834 0.009202 -0.414594
v -0.098230 0.009886 -0.426398
v -0.076910 0.011551 -0.487686
v -0.088234 0.009231 -0.412594
v -0.079530 0.009823 -0.422719
v -0.078274 0.010388 -0.436972
v -0.090626 0.010795 -0.449719
v -0.145967 0.011018 -0.535879
v -0.134062 0.010371 -0.554577
v -0.122775 0.010742 -0.549026
v -0.131498 0.009319 -0.572425
v -0.118950 0.011750 -0.499862
v -0.112119 0.011478 -0.526064
v -0.104462 0.011094 -0.542336
v -0.116949 0.009749 -0.569042
v -0.082928 0.011579 -0.521979
v -0.084681 0.010491 -0.560753
v -0.064364 0.011620 -0.512197
v -0.075806 0.011347 -0.535105
v -0.145766 0.005488 -0.604393
v -0.146766 0.006490 -0.597825
v -0.154824 0.003482 -0.610986
v -0.138095 0.000511 -0.622520
v -0.141886 0.007761 -0.588070
v -0.112524 0.006356 -0.606395
v -0.131659 0.004114 -0.613993
v -0.123834 0.005326 -0.610143
v -0.132031 0.001961 -0.620870
v -0.111656 0.007505 -0.597171
v -0.118728 0.004395 -0.616174
v -0.118171 0.000483 -0.627805
v -0.119458 0.001637 -0.625079
v -0.119132 0.003028 -0.621387
v -0.108285 0.005337 -0.614704
v -0.109863 0.001523 -0.629331
v -0.110055 0.002962 -0.625139
v -0.108137 0.004282 -0.620562
v -0.107881 0.000507 -0.632490
v -0.096212 0.007317 -0.603054
v -0.089787 0.006341 -0.614492
v -0.102635 0.002445 -0.631077
v -0.100778 0.003986 -0.625824
v -0.096275 0.005607 -0.617848
v -0.099515 0.000382 -0.639384
v -0.101747 0.001567 -0.634947
v -0.095514 0.003366 -0.632562
v -0.094876 0.001492 -0.642269
v -0.094363 0.002381 -0.638994
v -0.090417 0.000435 -0.651918
v -0.092307 0.004422 -0.628674
v -0.084637 0.005306 -0.626915
v -0.088909 0.003306 -0.639474
v -0.087181 0.004385 -0.632976
v -0.088205 0.002406 -0.646812
v -0.079835 0.004252 -0.641992
v -0.088231 0.001546 -0.652005
v -0.140736 0.008715 -0.578014
v -0.093337 0.008424 -0.591539
v -0.071688 0.009416 -0.582201
v -0.081686 0.000605 -0.669804
v -0.030728 0.000527 -0.243210
v -0.031277 0.001230 -0.247320
v -0.020266 0.000513 -0.222819
v -0.020619 0.001016 -0.225600
v -0.021813 0.001409 -0.231790
v -0.020149 0.001967 -0.234910
v -0.024238 0.002302 -0.245351
v -0.011006 0.000210 -0.203765
v -0.013097 0.000525 -0.209864
v -0.015275 0.001390 -0.221377
v -0.011221 0.002070 -0.224584
v -0.014942 0.002219 -0.231790
v -0.016070 0.002768 -0.241085
v -0.013336 0.003169 -0.244868
v -0.000578 0.000075 -0.183869
v -0.006121 0.000622 -0.200204
v -0.002532 0.001124 -0.202983
v -0.005624 0.001367 -0.209864
v -0.005059 0.001981 -0.219275
v -0.005424 0.002619 -0.230337
v -0.000004 0.003028 -0.235601
v -0.004768 0.003224 -0.240673
v -0.077672 0.000497 -0.338417
v -0.079584 0.001345 -0.344097
v -0.060782 0.001443 -0.306057
v -0.076390 0.002481 -0.342927
v -0.067270 0.004440 -0.341711
v -0.054945 0.000522 -0.291072
v -0.049123 0.001499 -0.282806
v -0.052287 0.002376 -0.294443
v -0.051886 0.003206 -0.300729
v -0.047833 0.004029 -0.302505
v -0.060461 0.005433 -0.341495
v -0.041204 0.000524 -0.263749
v -0.040239 0.001338 -0.264761
v -0.039503 0.002541 -0.272251
v -0.041623 0.003377 -0.284512
v -0.039361 0.004681 -0.297641
v -0.038520 0.005682 -0.311933
v -0.034209 0.006224 -0.315997
v -0.035657 0.007744 -0.345176
v -0.033339 0.003374 -0.271720
v -0.026674 0.003635 -0.266078
v -0.021118 0.004125 -0.267067
v -0.027272 0.004442 -0.278383
v -0.024125 0.005851 -0.298642
v -0.024625 0.006891 -0.318804
v -0.011104 0.004013 -0.257189
v -0.014487 0.004899 -0.274630
v -0.019889 0.004975 -0.279753
v -0.015283 0.005945 -0.293971
v -0.014712 0.007479 -0.323898
v -0.005798 0.004044 -0.255443
v -0.005616 0.005123 -0.274611
v -0.004012 0.006880 -0.307553
v -0.004874 0.007769 -0.326838
v -0.072228 0.003577 -0.342503
v -0.079034 0.003501 -0.352585
v -0.074518 0.004506 -0.353220
v -0.075901 0.005431 -0.362354
v -0.076325 0.006393 -0.371378
v -0.076366 0.007402 -0.381760
v -0.068269 0.005430 -0.353027
v -0.065431 0.006276 -0.358722
v -0.066491 0.007355 -0.372832
v -0.059626 0.007312 -0.364967
v -0.052457 0.006108 -0.338579
v -0.049511 0.007237 -0.351860
v -0.024052 0.007846 -0.337427
v -0.074175 0.008306 -0.391905
v -0.079757 0.009067 -0.407212
v -0.061275 0.008246 -0.380788
v -0.066147 0.008893 -0.396166
v -0.061450 0.009343 -0.402102
v -0.051654 0.009784 -0.405543
v -0.046627 0.010090 -0.412011
v -0.034708 0.009526 -0.380781
v -0.034574 0.010065 -0.396178
v -0.036056 0.008819 -0.366252
v -0.017836 0.010593 -0.404159
v -0.023030 0.009576 -0.373269
v -0.023620 0.010199 -0.390838
v -0.013794 0.008699 -0.349433
v -0.013267 0.009678 -0.371379
v -0.009259 0.010403 -0.390448
v -0.003292 0.008768 -0.348384
v -0.006301 0.010628 -0.398875
v -0.067341 0.009645 -0.413460
v -0.060804 0.010119 -0.424028
v -0.067345 0.010930 -0.454994
v -0.059927 0.011270 -0.471472
v -0.046021 0.010405 -0.427671
v -0.052907 0.010684 -0.443035
v -0.034382 0.010407 -0.417413
v -0.023531 0.010586 -0.423625
v -0.028869 0.010713 -0.438415
v -0.033375 0.011050 -0.459850
v -0.009122 0.010693 -0.428371
v -0.009975 0.010865 -0.445818
v 0.002399 0.010692 -0.405135
v -0.035454 0.011405 -0.482902
v -0.050597 0.010940 -0.550792
v -0.048820 0.011288 -0.537187
v -0.039159 0.010387 -0.566253
v 0.004288 0.011462 -0.501068
v 0.022185 0.011330 -0.520951
v 0.005569 0.010781 -0.552516
v -0.008593 0.010077 -0.574915
v 0.065101 0.011019 -0.535271
v -0.070018 0.007498 -0.610543
v -0.081205 0.007156 -0.609926
v -0.079408 0.004944 -0.635085
v -0.082429 0.003284 -0.648529
v -0.076292 0.006293 -0.622484
v -0.069445 0.005964 -0.631683
v -0.067748 0.005217 -0.644007
v -0.067040 0.004514 -0.655998
v -0.059271 0.007955 -0.608585
v -0.058706 0.006860 -0.626233
v -0.057664 0.006051 -0.641102
v -0.053748 0.007354 -0.621172
v -0.038115 0.007137 -0.635126
v -0.044862 0.006393 -0.646253
v -0.047674 0.005792 -0.656938
v -0.034709 0.006307 -0.657181
v -0.025912 0.007072 -0.643703
v -0.015159 0.006347 -0.668293
v -0.003716 0.007455 -0.639855
v -0.070698 0.008459 -0.597010
v -0.045229 0.009778 -0.579541
v -0.046281 0.008827 -0.597929
v -0.041386 0.007972 -0.615894
v -0.021739 0.009425 -0.590156
v -0.024921 0.008124 -0.618540
v -0.015354 0.008047 -0.622716
v -0.000372 0.008168 -0.621212
v -0.078279 0.001512 -0.671980
v -0.078767 0.002493 -0.662743
v -0.073860 0.003624 -0.658515
v -0.071360 0.000513 -0.691514
v -0.061706 0.002255 -0.698948
v -0.071486 0.001240 -0.688174
v -0.054147 0.003175 -0.700243
v -0.061097 0.000542 -0.712241
v -0.062351 0.001227 -0.706854
v -0.057087 0.004951 -0.662971
v -0.058060 0.001502 -0.712820
v -0.051339 0.002175 -0.718907
v -0.050576 0.000536 -0.732873
v -0.052925 0.001426 -0.723054
v -0.046695 0.004566 -0.685763
v -0.045960 0.003452 -0.708776
v -0.051519 0.001156 -0.728128
v -0.046126 0.002489 -0.723274
v -0.041265 0.002074 -0.737767
v -0.034820 0.004827 -0.694414
v -0.036686 0.003603 -0.718668
v -0.034403 0.002241 -0.745975
v -0.024264 0.006162 -0.668876
v -0.025067 0.005341 -0.690410
v -0.024031 0.003992 -0.725245
v -0.028591 0.003076 -0.739434
v -0.013990 0.005027 -0.706094
v -0.015423 0.003818 -0.735166
v -0.006145 0.004801 -0.715113
v -0.044874 0.000500 -0.744038
v -0.042297 0.001547 -0.741744
v -0.039317 0.000487 -0.754949
v -0.041114 0.001011 -0.749291
v -0.035758 0.001465 -0.753820
v -0.031207 0.001891 -0.756575
v -0.033720 0.000582 -0.765503
v -0.030612 0.000931 -0.769770
v -0.031529 0.000305 -0.771179
v -0.025408 0.002491 -0.753920
v -0.017956 0.002108 -0.771603
v -0.028946 0.000582 -0.774690
v -0.024240 0.001447 -0.773755
v -0.023283 0.000527 -0.785585
v -0.021267 0.000212 -0.791704
v -0.017478 0.003047 -0.751530
v -0.019920 0.000878 -0.789337
v -0.015382 0.001514 -0.784965
v -0.010843 0.002025 -0.780593
v -0.017880 0.000527 -0.795215
v -0.011072 0.001052 -0.800584
v -0.012531 0.000479 -0.805156
v -0.011004 0.000133 -0.812230
v -0.005251 0.002967 -0.760538
v -0.005005 0.002322 -0.776070
v -0.005131 0.001860 -0.787066
v -0.005248 0.001153 -0.803747
v -0.006888 0.000799 -0.808271
v -0.004614 0.000498 -0.814926
v -0.000000 0.001000 -0.810779
v 0.000764 0.000015 0.832127
v 0.004614 -0.000498 0.814926
v 0.004133 -0.001110 0.805156
v 0.006888 -0.000799 0.808271
v 0.005106 -0.001833 0.787416
v 0.005005 -0.002322 0.776070
v 0.006173 -0.002890 0.762138
v 0.004724 -0.003219 0.754050
v 0.011004 -0.000133 0.812230
v 0.011024 -0.001044 0.800765
v 0.012531 -0.000479 0.805156
v 0.017880 -0.000527 0.795215
v 0.010843 -0.002025 0.780593
v 0.015382 -0.001514 0.784965
v 0.019920 -0.000878 0.789337
v 0.016694 -0.002112 0.772650
v 0.017457 -0.003058 0.751329
v 0.021267 -0.000212 0.791704
v 0.024227 -0.001444 0.773824
v 0.023283 -0.000527 0.785585
v 0.021736 -0.002109 0.766840
v 0.028946 -0.000582 0.774690
v 0.028387 -0.001550 0.765503
v 0.030612 -0.000931 0.769770
v 0.025408 -0.002491 0.753920
v 0.032485 -0.002061 0.751874
v 0.031529 -0.000305 0.771179
v 0.033720 -0.000582 0.765503
v 0.035758 -0.001465 0.753820
v 0.039320 -0.000487 0.754948
v 0.042290 -0.001541 0.741829
v 0.041114 -0.001011 0.749291
v 0.044436 -0.002255 0.729507
v 0.044874 -0.000500 0.744038
v 0.005150 -0.004768 0.715941
v 0.004553 -0.007987 0.636036
v 0.016756 -0.003817 0.734484
v 0.013996 -0.004861 0.710837
v 0.017050 -0.006387 0.672123
v 0.028323 -0.003069 0.739858
v 0.027769 -0.003984 0.721571
v 0.026383 -0.004952 0.700719
v 0.026879 -0.006017 0.676156
v 0.023528 -0.007439 0.643857
v 0.038462 -0.002961 0.728174
v 0.036030 -0.003652 0.718633
v 0.037347 -0.004872 0.692662
v 0.035828 -0.006413 0.660004
v 0.047810 -0.001432 0.732433
v 0.050576 -0.000537 0.732867
v 0.051782 -0.003274 0.703406
v 0.052737 -0.004236 0.686022
v 0.048228 -0.005041 0.676526
v 0.050349 -0.005963 0.655874
v 0.052009 -0.001256 0.726535
v 0.053251 -0.002409 0.712608
v 0.062091 -0.001250 0.707383
v 0.060977 -0.000536 0.712478
v 0.060620 -0.005071 0.660010
v 0.063581 -0.002419 0.694207
v 0.067178 -0.003557 0.673593
v 0.071434 -0.001264 0.688838
v 0.071269 -0.000531 0.691957
v 0.078447 -0.002611 0.664892
v 0.078616 -0.001564 0.672582
v 0.077404 -0.003563 0.656402
v 0.072192 -0.004029 0.659273
v 0.015050 -0.008010 0.633012
v 0.021918 -0.008996 0.604882
v 0.007411 -0.009360 0.598449
v 0.030684 -0.009190 0.597766
v 0.038628 -0.008388 0.611532
v 0.037636 -0.009966 0.582699
v 0.046248 -0.008692 0.601604
v 0.056596 -0.008080 0.606807
v 0.079626 -0.010286 0.571501
v 0.049201 -0.009262 0.591967
v 0.062123 -0.008877 0.594330
v 0.045858 -0.006988 0.638177
v 0.050307 -0.007767 0.616783
v 0.059500 -0.007084 0.622310
v 0.069865 -0.006216 0.626569
v 0.067460 -0.007352 0.612032
v 0.076418 -0.005489 0.629525
v 0.082685 -0.004404 0.636587
v 0.076361 -0.006264 0.620694
v 0.079238 -0.005732 0.624021
v 0.074672 -0.007216 0.610795
v 0.039697 -0.010701 0.567874
v 0.042622 -0.011452 0.544953
v 0.059175 -0.011908 0.511148
v 0.060226 -0.011183 0.552895
v 0.075880 -0.010761 0.562622
v 0.074091 -0.011607 0.534571
v 0.008753 -0.009508 0.428114
v 0.012860 -0.008891 0.413627
v 0.028142 -0.011488 0.477554
v 0.022113 -0.010558 0.450707
v 0.065993 -0.011723 0.485635
v 0.032444 -0.009143 0.421480
v 0.028170 -0.008602 0.408816
v 0.040653 -0.009859 0.435826
v 0.048735 -0.010601 0.450595
v 0.048441 -0.008275 0.407105
v 0.114677 -0.011841 0.489641
v 0.067699 -0.011439 0.472276
v 0.087354 -0.011011 0.456455
v 0.053791 -0.009041 0.421432
v 0.061914 -0.008335 0.411035
v 0.075302 -0.008505 0.414315
v 0.079948 -0.010436 0.444158
v 0.076723 -0.007590 0.402686
v 0.006037 -0.008279 0.396018
v 0.015332 -0.007604 0.378761
v 0.026052 -0.007982 0.393009
v 0.004687 -0.006654 0.350782
v 0.015257 -0.006008 0.335742
v 0.024052 -0.006275 0.347537
v 0.027548 -0.005092 0.319865
v 0.035127 -0.007539 0.386355
v 0.038410 -0.006137 0.355450
v 0.037300 -0.005053 0.328012
v 0.053371 -0.007556 0.395655
v 0.045823 -0.006964 0.380359
v 0.047539 -0.006065 0.362751
v 0.064952 -0.007447 0.398220
v 0.068026 -0.006800 0.390642
v 0.055152 -0.006887 0.384964
v 0.057968 -0.006148 0.374535
v 0.052422 -0.005368 0.353585
v 0.046688 -0.004620 0.330112
v 0.049834 -0.003758 0.317872
v 0.068790 -0.006247 0.383865
v 0.076145 -0.005625 0.380700
v 0.067293 -0.005500 0.372710
v 0.073536 -0.004429 0.365182
v 0.062704 -0.004957 0.359448
v 0.065601 -0.004385 0.353879
v 0.068182 -0.001496 0.322541
v 0.078537 -0.006434 0.389929
v 0.086532 -0.004581 0.377166
v 0.078389 -0.004588 0.371916
v 0.084556 -0.003506 0.368006
v 0.081369 -0.003290 0.362824
v 0.072439 -0.003612 0.353304
v 0.080219 -0.002349 0.352957
v 0.082334 -0.001511 0.350889
v 0.072761 -0.000705 0.327325
v 0.006564 -0.004767 0.299833
v 0.004959 -0.002957 0.255048
v 0.013978 -0.004950 0.307409
v 0.016999 -0.003933 0.284257
v 0.014762 -0.002858 0.258534
v 0.021002 -0.003015 0.266980
v 0.025516 -0.002437 0.261052
v 0.033840 -0.002105 0.267076
v 0.023309 -0.001573 0.242455
v 0.030049 -0.000947 0.245360
v 0.036129 -0.003905 0.302127
v 0.025707 -0.003795 0.288528
v 0.036312 -0.003363 0.292311
v 0.034285 -0.003065 0.283424
v 0.035758 -0.001465 0.262177
v 0.040775 -0.000509 0.263866
v 0.033720 -0.000582 0.250493
v 0.041606 -0.002082 0.278941
v 0.044561 -0.001454 0.277691
v 0.051581 -0.000527 0.285099
v 0.041114 -0.001011 0.266706
v 0.052052 -0.003064 0.309968
v 0.062376 -0.002263 0.317650
v 0.060517 -0.001264 0.305663
v 0.052850 -0.002228 0.300598
v 0.061941 -0.000528 0.305429
v 0.051861 -0.001225 0.289071
v 0.005292 -0.002003 0.232264
v 0.004709 -0.001129 0.211646
v 0.010905 -0.001100 0.216050
v 0.004614 -0.000498 0.201070
v 0.000734 -0.000016 0.183857
v 0.011515 -0.002038 0.236697
v 0.020962 -0.002066 0.247296
v 0.014822 -0.001447 0.228734
v 0.019921 -0.000878 0.226659
v 0.017880 -0.000527 0.220781
v 0.012531 -0.000479 0.210841
v 0.011004 -0.000133 0.203767
v 0.028946 -0.000582 0.241306
v 0.023283 -0.000527 0.230411
v 0.021267 -0.000212 0.224292
v 0.031529 -0.000305 0.244817
v 0.081894 -0.000653 0.670531
v 0.089103 -0.001588 0.651907
v 0.115191 -0.009113 0.581741
v 0.109350 -0.009891 0.572802
v 0.150250 -0.008219 0.584257
v 0.141919 -0.009381 0.572971
v 0.089845 -0.003370 0.636765
v 0.093190 -0.000550 0.648128
v 0.092938 -0.002557 0.638571
v 0.086558 -0.004618 0.628448
v 0.086576 -0.006167 0.617457
v 0.086666 -0.005347 0.622920
v 0.086978 -0.007648 0.603127
v 0.095704 -0.001336 0.641343
v 0.098911 -0.000398 0.640202
v 0.096081 -0.003464 0.628844
v 0.099304 -0.002585 0.630963
v 0.100938 -0.001372 0.634307
v 0.096751 -0.005920 0.616589
v 0.098917 -0.004017 0.623448
v 0.107730 -0.006515 0.609713
v 0.107966 -0.001780 0.627749
v 0.106881 -0.000441 0.632767
v 0.107825 -0.004755 0.617848
v 0.112035 -0.001793 0.625683
v 0.123596 -0.005514 0.612371
v 0.117982 -0.000537 0.627550
v 0.137942 -0.000439 0.623906
v 0.140355 -0.006842 0.600708
v 0.133448 0.000000 0.626027
v 0.150620 -0.006180 0.604232
v 0.159353 -0.000528 0.619402
v 0.153907 -0.005906 0.605219
v 0.164638 -0.005290 0.604626
v 0.164978 -0.006937 0.593878
v 0.108905 -0.011267 0.542163
v 0.120945 -0.011782 0.513961
v 0.125221 -0.011607 0.524570
v 0.122349 -0.011872 0.498056
v 0.133818 -0.010726 0.552546
v 0.148779 -0.009967 0.562865
v 0.150228 -0.011224 0.533237
v 0.180438 -0.011620 0.506152
v 0.165121 -0.011800 0.497035
v 0.166774 -0.009324 0.566791
v 0.185508 -0.010855 0.533733
v 0.173822 -0.010528 0.545051
v 0.123865 -0.011447 0.463565
v 0.088223 -0.010007 0.434940
v 0.075693 -0.009465 0.427984
v 0.090404 -0.008560 0.414399
v 0.123598 -0.011662 0.473058
v 0.116430 -0.010570 0.439800
v 0.106126 -0.009794 0.427915
v 0.145637 -0.011804 0.478915
v 0.111640 -0.009010 0.415779
v 0.145489 -0.011115 0.446093
v 0.128219 -0.009490 0.417921
v 0.142497 -0.010680 0.435038
v 0.136371 -0.010069 0.424636
v 0.129361 -0.008735 0.407687
v 0.177817 -0.011740 0.464303
v 0.161319 -0.011838 0.487955
v 0.163062 -0.010345 0.420660
v 0.154676 -0.009490 0.408845
v 0.178948 -0.011633 0.455810
v 0.180664 -0.011430 0.445259
v 0.092542 -0.007670 0.404271
v 0.111134 -0.007986 0.404472
v 0.154965 -0.008701 0.398330
v 0.087526 -0.006705 0.394449
v 0.098369 -0.006504 0.392842
v 0.088779 -0.005466 0.384130
v 0.088924 -0.003613 0.372146
v 0.093216 -0.002397 0.368874
v 0.087339 -0.002433 0.364060
v 0.089196 -0.001456 0.361760
v 0.090581 -0.000495 0.360856
v 0.085959 -0.000489 0.353559
v 0.096447 -0.005030 0.382700
v 0.098055 -0.003392 0.374810
v 0.097916 -0.002448 0.371573
v 0.100220 -0.001471 0.370470
v 0.101212 -0.000500 0.369845
v 0.094450 -0.001394 0.366920
v 0.095691 -0.000487 0.366103
v 0.108335 -0.006924 0.395144
v 0.107207 -0.005678 0.386326
v 0.108358 -0.004473 0.380220
v 0.107284 -0.003545 0.376465
v 0.107584 -0.002494 0.373311
v 0.108300 -0.000613 0.370365
v 0.111650 0.000080 0.368800
v 0.124796 -0.007054 0.392363
v 0.118074 -0.006250 0.388051
v 0.119027 -0.005301 0.382150
v 0.118801 -0.004365 0.377947
v 0.117684 -0.003276 0.374260
v 0.115716 -0.001307 0.369918
v 0.117895 -0.000517 0.367548
v 0.130760 -0.007833 0.397537
v 0.131946 -0.006145 0.383216
v 0.141830 -0.005499 0.375898
v 0.132061 -0.004368 0.374151
v 0.131175 -0.003363 0.370827
v 0.146381 -0.006949 0.383868
v 0.141026 -0.000327 0.358806
v 0.157771 -0.007797 0.387315
v 0.155502 -0.006524 0.376830
v 0.170714 -0.005417 0.362820
v 0.159949 -0.004532 0.363704
v 0.141649 -0.002545 0.364581
v 0.148204 -0.000556 0.356563
v 0.160574 -0.003458 0.359455
v 0.159374 -0.000513 0.351191
v 0.170490 -0.007998 0.580895
v 0.168606 -0.000541 0.617074
v 0.169272 -0.006303 0.598045
v 0.175181 -0.000031 0.616063
v 0.178976 -0.000477 0.613743
v 0.183643 -0.006069 0.595374
v 0.185169 -0.005754 0.596229
v 0.197395 -0.000526 0.607204
v 0.193183 -0.006477 0.588786
v 0.220585 -0.005445 0.585296
v 0.227179 -0.007044 0.571748
v 0.205421 -0.000028 0.605542
v 0.211996 -0.000541 0.601970
v 0.214910 -0.006054 0.584912
v 0.231563 -0.001089 0.594135
v 0.244404 -0.002007 0.586898
v 0.220135 -0.006445 0.579574
v 0.236077 -0.000289 0.594395
v 0.240731 -0.006037 0.575790
v 0.178528 -0.011275 0.522511
v 0.207427 -0.009932 0.544563
v 0.202358 -0.009360 0.554448
v 0.204680 -0.010499 0.534941
v 0.211568 -0.011233 0.510984
v 0.232332 -0.007935 0.560125
v 0.227411 -0.009309 0.545514
v 0.237806 -0.010762 0.514327
v 0.233840 -0.010453 0.523490
v 0.232527 -0.011210 0.502099
v 0.247136 -0.009980 0.526270
v 0.255358 -0.009171 0.534560
v 0.248478 -0.007094 0.562036
v 0.184655 -0.011819 0.474919
v 0.187959 -0.011077 0.429032
v 0.210820 -0.010844 0.411658
v 0.188882 -0.010358 0.409896
v 0.242959 -0.011730 0.467191
v 0.228184 -0.011596 0.486214
v 0.219936 -0.011798 0.463329
v 0.238318 -0.011727 0.438794
v 0.215762 -0.011611 0.439416
v 0.211118 -0.011253 0.425054
v 0.231064 -0.011315 0.417150
v 0.239411 -0.011618 0.428298
v 0.270847 -0.011619 0.460628
v 0.253357 -0.011780 0.445367
v 0.176706 -0.009449 0.399359
v 0.177199 -0.008614 0.387894
v 0.197206 -0.009408 0.389021
v 0.197191 -0.008601 0.377919
v 0.208660 -0.010014 0.393602
v 0.224026 -0.009375 0.373713
v 0.221429 -0.008464 0.362430
v 0.220657 -0.010599 0.399644
v 0.236326 -0.010437 0.386689
v 0.232645 -0.009820 0.375857
v 0.256860 -0.011208 0.397559
v 0.252858 -0.010723 0.383704
v 0.260374 -0.009983 0.360570
v 0.255267 -0.009452 0.354199
v 0.250219 -0.008516 0.343698
v 0.176647 -0.006387 0.366186
v 0.192470 -0.005484 0.351944
v 0.163120 -0.000067 0.348161
v 0.168870 -0.000512 0.346509
v 0.179314 -0.007638 0.376003
v 0.184021 -0.004204 0.350486
v 0.179995 -0.000503 0.340980
v 0.195230 -0.007544 0.366859
v 0.200302 -0.006482 0.354308
v 0.205757 -0.005423 0.343832
v 0.183773 -0.000071 0.337945
v 0.214767 -0.006220 0.343383
v 0.199985 -0.004317 0.342186
v 0.190196 -0.000506 0.335716
v 0.209241 -0.000484 0.323797
v 0.211294 -0.007462 0.356819
v 0.211168 -0.004351 0.335278
v 0.229069 -0.007626 0.347454
v 0.230986 -0.006538 0.335167
v 0.234992 -0.005501 0.324662
v 0.245902 -0.007469 0.333791
v 0.220659 -0.000426 0.315837
v 0.215340 -0.000000 0.317998
v 0.248404 -0.006491 0.321914
v 0.233329 -0.004268 0.320051
v 0.239063 -0.000586 0.303125
v 0.245285 -0.004596 0.312375
v 0.253447 -0.005982 0.313417
v 0.183863 -0.000015 0.000767
v 0.203767 -0.000133 0.011004
v 0.205217 -0.001000 0.000000
v 0.201070 -0.000498 0.004614
v 0.215231 -0.001044 0.011024
v 0.210841 -0.000479 0.012531
v 0.210841 -0.001110 0.004133
v 0.207725 -0.000799 0.006888
v 0.224292 -0.000212 0.021267
v 0.220781 -0.000527 0.017880
v 0.228718 -0.001844 0.004987
v 0.242172 -0.001444 0.024227
v 0.230411 -0.000527 0.023283
v 0.235403 -0.002025 0.010843
v 0.231031 -0.001514 0.015382
v 0.226659 -0.000878 0.019920
v 0.239894 -0.002319 0.005091
v 0.245357 -0.000476 0.031629
v 0.245058 -0.002116 0.018349
v 0.241306 -0.000582 0.028946
v 0.256878 -0.000352 0.585201
v 0.251539 -0.005510 0.572676
v 0.277131 -0.001156 0.573294
v 0.261685 -0.000532 0.582188
v 0.277312 -0.000331 0.574965
v 0.279590 -0.010455 0.500349
v 0.272604 -0.009436 0.522092
v 0.257971 -0.010906 0.500197
v 0.284727 -0.009831 0.509561
v 0.297871 -0.010756 0.481473
v 0.295492 -0.007829 0.530508
v 0.297425 -0.009241 0.511502
v 0.319263 -0.009893 0.486914
v 0.316801 -0.008580 0.508277
v 0.342469 -0.009110 0.483890
v 0.250620 -0.006401 0.567736
v 0.272822 -0.005644 0.561741
v 0.271592 -0.006399 0.557355
v 0.282268 -0.000538 0.571959
v 0.292344 -0.005658 0.552117
v 0.307666 -0.006594 0.537714
v 0.298093 -0.000365 0.564695
v 0.290692 -0.006385 0.547880
v 0.302850 -0.000543 0.561775
v 0.307253 -0.005779 0.544232
v 0.318364 -0.000408 0.554308
v 0.318061 -0.005546 0.538579
v 0.312639 -0.007380 0.525916
v 0.318092 -0.004182 0.543400
v 0.317337 -0.001220 0.553231
v 0.319794 -0.006127 0.534216
v 0.327651 -0.006349 0.527001
v 0.254216 -0.011368 0.484430
v 0.282547 -0.011612 0.401811
v 0.276348 -0.011362 0.471753
v 0.311888 -0.011691 0.425301
v 0.284755 -0.011728 0.411953
v 0.282061 -0.011053 0.481024
v 0.306269 -0.011531 0.443019
v 0.304448 -0.011747 0.416484
v 0.319982 -0.010460 0.474428
v 0.323296 -0.011158 0.449578
v 0.267979 -0.010433 0.365115
v 0.268467 -0.008720 0.332443
v 0.274122 -0.011065 0.380256
v 0.284748 -0.010773 0.362118
v 0.289444 -0.011288 0.378201
v 0.293509 -0.010013 0.334632
v 0.288342 -0.009539 0.329323
v 0.319085 -0.011679 0.381151
v 0.300017 -0.010565 0.342614
v 0.340020 -0.011726 0.372432
v 0.325806 -0.011111 0.338902
v 0.327603 -0.010412 0.311769
v 0.340734 -0.011560 0.349605
v 0.265721 -0.007439 0.317933
v 0.290873 -0.008573 0.310809
v 0.315303 -0.009676 0.305951
v 0.338370 -0.010733 0.310681
v 0.310717 -0.008533 0.290128
v 0.335280 -0.009824 0.286912
v 0.333463 -0.008797 0.268143
v 0.256640 -0.005412 0.306917
v 0.245253 -0.000266 0.296689
v 0.251297 -0.000534 0.292368
v 0.271616 -0.006500 0.302300
v 0.269063 -0.004794 0.292623
v 0.256045 -0.000041 0.286617
v 0.262356 -0.000400 0.282296
v 0.273691 -0.005476 0.291934
v 0.272506 -0.000339 0.272532
v 0.294584 -0.007462 0.291607
v 0.288200 -0.006548 0.287107
v 0.283355 -0.005487 0.282747
v 0.280317 -0.004269 0.279892
v 0.276837 0.000004 0.266758
v 0.282502 -0.000416 0.262056
v 0.286619 0.000048 0.256045
v 0.293233 -0.005533 0.272546
v 0.293500 -0.005076 0.269333
v 0.308756 -0.004577 0.249414
v 0.292368 -0.000534 0.251297
v 0.302428 -0.006529 0.271258
v 0.314380 -0.006068 0.251919
v 0.310538 -0.005473 0.251939
v 0.298267 -0.000373 0.243885
v 0.317802 -0.007501 0.266166
v 0.318284 -0.006788 0.255517
v 0.321683 -0.005513 0.237979
v 0.319423 -0.004909 0.237441
v 0.307433 -0.000506 0.233169
v 0.326136 -0.006416 0.240443
v 0.315882 -0.000424 0.220570
v 0.318003 0.000002 0.215343
v 0.322050 -0.000417 0.211328
v 0.250493 -0.001550 0.028387
v 0.246227 -0.000931 0.030612
v 0.256060 -0.003030 0.000001
v 0.253724 -0.002885 0.005866
v 0.266706 -0.001011 0.041114
v 0.261051 -0.000487 0.039320
v 0.262177 -0.001465 0.035758
v 0.264130 -0.003044 0.017205
v 0.262077 -0.002491 0.025408
v 0.264122 -0.002061 0.032485
v 0.261841 -0.003217 0.004578
v 0.286489 -0.002255 0.044436
v 0.274167 -0.001541 0.042290
v 0.271959 -0.000500 0.044874
v 0.276138 -0.003069 0.028323
v 0.289461 -0.001256 0.052009
v 0.283123 -0.000536 0.050576
v 0.283563 -0.001432 0.047810
v 0.287822 -0.002961 0.038462
v 0.281450 -0.003816 0.016692
v 0.303389 -0.002409 0.053251
v 0.297363 -0.003652 0.036030
v 0.294425 -0.003984 0.027767
v 0.308613 -0.001250 0.062091
v 0.303521 -0.000536 0.060978
v 0.312590 -0.003274 0.051782
v 0.305062 -0.004857 0.013997
v 0.311159 -0.005204 0.006304
v 0.323123 -0.002425 0.064235
v 0.323384 -0.004873 0.037367
v 0.314776 -0.004943 0.026023
v 0.327160 -0.001264 0.071434
v 0.324041 -0.000532 0.071269
v 0.342404 -0.003557 0.067178
v 0.324367 -0.004118 0.050277
v 0.364432 -0.007924 0.484377
v 0.349219 -0.000390 0.533979
v 0.339705 -0.005521 0.524443
v 0.349506 -0.001281 0.531944
v 0.339423 -0.006075 0.521571
v 0.337191 -0.006844 0.515769
v 0.354448 -0.000538 0.529943
v 0.357240 -0.007010 0.500512
v 0.358544 -0.006328 0.506404
v 0.369326 -0.005602 0.504167
v 0.374344 -0.001595 0.514334
v 0.377493 -0.005248 0.500139
v 0.379358 -0.000427 0.513231
v 0.369292 -0.006000 0.502193
v 0.378914 -0.006230 0.493257
v 0.391079 -0.001417 0.502567
v 0.387843 -0.000599 0.506236
v 0.385964 -0.005440 0.492672
v 0.395447 -0.002186 0.496439
v 0.355262 -0.009343 0.471169
v 0.341904 -0.010698 0.452516
v 0.348050 -0.011513 0.411165
v 0.355777 -0.009955 0.459618
v 0.359069 -0.011106 0.422812
v 0.371755 -0.008680 0.468279
v 0.373770 -0.010576 0.429469
v 0.391350 -0.009429 0.439532
v 0.405726 -0.009874 0.417559
v 0.395739 -0.010831 0.400079
v 0.408090 -0.008844 0.433957
v 0.419936 -0.007790 0.438729
v 0.378271 -0.007368 0.480895
v 0.389673 -0.006304 0.483355
v 0.403052 -0.007121 0.462347
v 0.400190 -0.005677 0.478795
v 0.434836 -0.001514 0.462820
v 0.427458 -0.000524 0.470549
v 0.415392 -0.006456 0.459110
v 0.369662 -0.011723 0.361428
v 0.326243 -0.011369 0.351537
v 0.379203 -0.011603 0.374040
v 0.373143 -0.011558 0.315298
v 0.386066 -0.011308 0.387036
v 0.404082 -0.011707 0.312767
v 0.409109 -0.010442 0.399222
v 0.411369 -0.011623 0.332273
v 0.345704 -0.011155 0.320479
v 0.347391 -0.009675 0.268578
v 0.359079 -0.010031 0.262095
v 0.345774 -0.008525 0.246952
v 0.364188 -0.009528 0.241032
v 0.357445 -0.010495 0.278713
v 0.366828 -0.010789 0.277721
v 0.367338 -0.011222 0.298675
v 0.413741 -0.011658 0.279262
v 0.384147 -0.011098 0.269218
v 0.378280 -0.010480 0.248246
v 0.387304 -0.010790 0.247437
v 0.395620 -0.011312 0.266775
v 0.401651 -0.011573 0.281091
v 0.400259 -0.010910 0.231753
v 0.329984 -0.007426 0.249548
v 0.337747 -0.007194 0.234710
v 0.369053 -0.008622 0.212662
v 0.383537 -0.010041 0.224064
v 0.381629 -0.009387 0.208086
v 0.402674 -0.010056 0.186338
v 0.388319 -0.008708 0.176844
v 0.400743 -0.009478 0.170203
v 0.399258 -0.010532 0.213707
v 0.414740 -0.011282 0.232261
v 0.417211 -0.010077 0.151069
v 0.344201 -0.006255 0.210357
v 0.340710 -0.005439 0.208247
v 0.329076 -0.000526 0.201251
v 0.335902 -0.000500 0.189765
v 0.337996 0.000004 0.183750
v 0.350865 -0.005627 0.192036
v 0.343704 -0.004499 0.198384
v 0.346419 -0.000521 0.169057
v 0.340971 -0.000502 0.180010
v 0.357963 -0.007116 0.201405
v 0.351250 -0.006531 0.202544
v 0.356029 -0.006325 0.189963
v 0.358287 -0.006192 0.182436
v 0.359317 -0.005808 0.175799
v 0.362842 -0.005513 0.166910
v 0.366267 -0.006357 0.169343
v 0.379947 -0.007112 0.156009
v 0.396934 -0.008599 0.153565
v 0.411193 -0.008996 0.124833
v 0.348218 -0.000000 0.163094
v 0.352522 -0.001345 0.083962
v 0.352858 -0.000561 0.085672
v 0.351122 -0.000512 0.159413
v 0.357009 -0.000505 0.146676
v 0.359222 -0.000390 0.139963
v 0.356298 -0.002489 0.081832
v 0.368764 -0.006187 0.160952
v 0.371018 -0.005572 0.149171
v 0.367439 -0.000589 0.117516
v 0.368732 -0.000000 0.111122
v 0.370274 -0.002323 0.092423
v 0.367833 -0.001499 0.094017
v 0.361470 -0.000497 0.091107
v 0.367044 -0.003434 0.082684
v 0.364719 -0.002532 0.086884
v 0.362702 -0.001499 0.089615
v 0.376750 -0.006533 0.149683
v 0.378837 -0.006162 0.133431
v 0.379906 -0.005816 0.125335
v 0.381577 -0.004594 0.109779
v 0.378874 -0.003470 0.108080
v 0.376120 -0.002498 0.107757
v 0.370646 -0.000566 0.107487
v 0.378370 -0.003205 0.097495
v 0.374283 -0.002406 0.097629
v 0.370675 -0.000500 0.101183
v 0.375942 -0.004667 0.078194
v 0.374356 -0.003555 0.087452
v 0.386686 -0.006925 0.130839
v 0.385659 -0.006443 0.121484
v 0.382890 -0.005411 0.113276
v 0.388116 -0.006240 0.107757
v 0.390683 -0.006078 0.092922
v 0.384382 -0.004496 0.097495
v 0.381067 -0.003705 0.097495
v 0.387709 -0.005431 0.087232
v 0.381147 -0.004085 0.089485
v 0.395357 -0.006828 0.100322
v 0.395903 -0.006532 0.084012
v 0.390039 -0.005837 0.081985
v 0.405332 -0.007419 0.079147
v 0.379533 -0.007997 -0.000584
v 0.397136 -0.008044 0.040852
v 0.400047 -0.008766 0.000097
v 0.407478 -0.008050 0.052887
v 0.403256 -0.008562 0.028642
v 0.409307 -0.008933 0.019147
v 0.408852 -0.008988 -0.000994
v 0.343414 -0.001564 0.078616
v 0.339471 -0.005041 0.048228
v 0.345837 -0.006268 0.026865
v 0.353334 -0.003718 0.072770
v 0.337567 -0.004256 0.057515
v 0.354699 -0.006357 0.035791
v 0.355970 -0.005094 0.060524
v 0.358772 -0.006015 0.048005
v 0.343221 -0.006376 0.016077
v 0.375169 -0.005298 0.071119
v 0.374296 -0.006232 0.057408
v 0.380584 -0.007109 0.045906
v 0.391153 -0.008273 0.021180
v 0.390378 -0.006257 0.072531
v 0.382555 -0.005328 0.077571
v 0.382992 -0.006007 0.068303
v 0.396834 -0.007201 0.060346
v 0.394413 -0.006405 0.077094
v 0.403780 -0.007292 0.068258
v 0.427485 -0.008751 0.416641
v 0.416631 -0.005502 0.465475
v 0.430612 -0.005218 0.454534
v 0.423792 -0.005731 0.457926
v 0.438204 -0.002638 0.457095
v 0.430767 -0.006435 0.445773
v 0.437640 -0.000472 0.461065
v 0.441264 -0.005537 0.443657
v 0.434469 -0.007027 0.435330
v 0.447639 -0.001695 0.450150
v 0.440885 -0.005991 0.440886
v 0.449807 -0.002663 0.445727
v 0.447875 -0.006506 0.427447
v 0.449980 -0.005393 0.434744
v 0.452738 -0.004365 0.436242
v 0.459385 -0.005614 0.422702
v 0.449112 -0.000724 0.449470
v 0.462846 -0.001353 0.433986
v 0.463623 -0.000526 0.433359
v 0.471831 -0.002511 0.421065
v 0.466053 -0.006436 0.407233
v 0.469246 -0.005474 0.411995
v 0.468171 -0.003764 0.421298
v 0.506090 -0.000518 0.380672
v 0.483724 -0.002059 0.407856
v 0.421976 -0.011062 0.360073
v 0.431355 -0.011282 0.334927
v 0.431931 -0.009889 0.388909
v 0.443799 -0.009294 0.388814
v 0.440569 -0.010561 0.359449
v 0.454868 -0.010703 0.333748
v 0.452314 -0.007690 0.406255
v 0.462304 -0.009834 0.353451
v 0.470463 -0.009301 0.355559
v 0.474311 -0.008216 0.371830
v 0.469282 -0.010335 0.327425
v 0.484587 -0.008544 0.351844
v 0.501015 -0.009215 0.312731
v 0.487248 -0.009825 0.317146
v 0.480848 -0.006354 0.390867
v 0.480558 -0.005465 0.398697
v 0.487316 -0.007126 0.372846
v 0.503806 -0.001455 0.383516
v 0.492263 -0.004264 0.391087
v 0.490797 -0.006264 0.379598
v 0.492223 -0.005460 0.384668
v 0.427533 -0.011687 0.279665
v 0.428905 -0.011508 0.319431
v 0.424136 -0.011526 0.240201
v 0.450012 -0.011632 0.216013
v 0.447685 -0.011657 0.236076
v 0.457703 -0.011549 0.267821
v 0.459494 -0.010962 0.313100
v 0.463784 -0.011644 0.223205
v 0.465071 -0.011242 0.285196
v 0.490916 -0.010485 0.287167
v 0.472830 -0.011402 0.256071
v 0.474615 -0.011060 0.281981
v 0.487984 -0.011027 0.258857
v 0.415906 -0.010969 0.205014
v 0.414557 -0.010618 0.185887
v 0.430913 -0.011320 0.204308
v 0.426714 -0.010943 0.178946
v 0.426030 -0.010674 0.160277
v 0.446528 -0.011546 0.202342
v 0.445146 -0.011248 0.160745
v 0.471840 -0.011605 0.153224
v 0.478138 -0.011643 0.185978
v 0.470535 -0.011525 0.129192
v 0.483816 -0.011641 0.159638
v 0.491950 -0.011212 0.234546
v 0.485709 -0.011520 0.210663
v 0.415472 -0.009575 0.133428
v 0.417368 -0.009076 0.105835
v 0.418997 -0.008710 0.079268
v 0.426780 -0.010003 0.116243
v 0.429548 -0.009706 0.085037
v 0.437827 -0.010744 0.129280
v 0.438765 -0.010208 0.078612
v 0.448179 -0.010825 0.095496
v 0.450237 -0.010700 0.065432
v 0.457205 -0.011312 0.131518
v 0.459696 -0.011055 0.070958
v 0.469185 -0.011360 0.088203
v 0.488584 -0.011621 0.067447
v 0.414704 -0.008331 0.056565
v 0.413855 -0.008485 0.045823
v 0.414481 -0.008854 0.024794
v 0.417943 -0.009088 0.007362
v 0.430940 -0.009484 0.053873
v 0.418719 -0.008569 0.060485
v 0.422390 -0.008911 0.045525
v 0.422473 -0.009009 0.030064
v 0.433531 -0.009670 0.007169
v 0.423813 -0.009226 0.007285
v 0.431368 -0.009577 0.063096
v 0.439006 -0.009931 0.024160
v 0.444861 -0.010266 0.031194
v 0.457523 -0.010827 0.023531
v 0.472903 -0.011306 -0.019294
v 0.473524 -0.011329 0.026529
v 0.487599 -0.011602 -0.015549
v 0.504291 -0.008632 0.320690
v 0.505993 -0.002462 0.378942
v 0.504169 -0.003620 0.377925
v 0.499853 -0.006071 0.369038
v 0.502339 -0.005272 0.372207
v 0.505257 -0.004548 0.372299
v 0.503233 -0.006791 0.354716
v 0.516047 -0.007544 0.323599
v 0.512346 -0.006368 0.346683
v 0.521554 -0.001510 0.358422
v 0.519935 -0.005337 0.345434
v 0.527754 -0.006520 0.321844
v 0.530544 0.000028 0.346426
v 0.541156 -0.004458 0.319180
v 0.540704 -0.002822 0.327532
v 0.536398 -0.005369 0.320632
v 0.547489 -0.001526 0.320694
v 0.551914 -0.000446 0.315159
v 0.510176 -0.009637 0.284927
v 0.507322 -0.010667 0.244834
v 0.518551 -0.010289 0.241541
v 0.525285 -0.007981 0.300451
v 0.521657 -0.008537 0.294163
v 0.518882 -0.009817 0.261518
v 0.529494 -0.008735 0.274388
v 0.534108 -0.009363 0.246269
v 0.536810 -0.006956 0.300527
v 0.527649 -0.005960 0.328562
v 0.540451 -0.006187 0.305885
v 0.544828 -0.005404 0.306537
v 0.552744 -0.002731 0.308100
v 0.552965 -0.004426 0.298098
v 0.558445 -0.006333 0.269408
v 0.554674 -0.005495 0.286990
v 0.568538 -0.000890 0.286039
v 0.562777 -0.000359 0.297078
v 0.561650 -0.005529 0.272827
v 0.563698 -0.006043 0.263551
v 0.568980 -0.006935 0.236223
v 0.566334 -0.006517 0.250314
v 0.567167 -0.002386 0.282035
v 0.572906 -0.001134 0.276962
v 0.571532 -0.005461 0.254032
v 0.587673 -0.000649 0.250962
v 0.501860 -0.011423 0.184621
v 0.509543 -0.011000 0.213770
v 0.514021 -0.011143 0.187920
v 0.511347 -0.011495 0.141783
v 0.526178 -0.011118 0.154543
v 0.529078 -0.010489 0.205342
v 0.540058 -0.009839 0.213310
v 0.529854 -0.010731 0.184058
v 0.543507 -0.010313 0.175431
v 0.546745 -0.008805 0.236425
v 0.548512 -0.009419 0.209843
v 0.547357 -0.010591 0.138787
v 0.555656 -0.007933 0.241480
v 0.558185 -0.008749 0.209692
v 0.558060 -0.009562 0.175736
v 0.570080 -0.007753 0.209735
v 0.572931 -0.008688 0.167705
v 0.577993 -0.008053 0.176361
v 0.574895 -0.006188 0.238649
v 0.575895 -0.005771 0.242412
v 0.497305 -0.011640 0.129737
v 0.515635 -0.011635 0.078772
v 0.537034 -0.011106 0.114751
v 0.533745 -0.011431 0.062010
v 0.557906 -0.010188 0.133744
v 0.560077 -0.010555 0.082594
v 0.565847 -0.009503 0.151770
v 0.566678 -0.009858 0.122579
v 0.574701 -0.009375 0.122118
v 0.499709 -0.011724 0.005325
v 0.512281 -0.011753 0.007414
v 0.529043 -0.011624 -0.001400
v 0.540236 -0.011398 0.020975
v 0.551082 -0.011022 0.055364
v 0.553856 -0.011074 0.011968
v 0.564793 -0.010594 0.046463
v 0.567349 -0.010617 0.011155
v 0.574545 -0.000395 0.276303
v 0.584759 -0.000296 0.257850
v 0.583185 -0.004295 0.236385
v 0.590878 -0.006981 0.172031
v 0.580037 -0.006427 0.218796
v 0.584259 -0.005466 0.222913
v 0.595408 -0.000051 0.236336
v 0.596448 -0.000478 0.229972
v 0.584407 -0.006058 0.215384
v 0.592698 -0.005488 0.197911
v 0.589572 -0.006363 0.192387
v 0.603368 -0.000453 0.209789
v 0.595193 -0.006103 0.182612
v 0.602298 -0.005381 0.170623
v 0.605842 0.000000 0.205926
v 0.614262 -0.000494 0.177750
v 0.606731 -0.000451 0.199877
v 0.606267 -0.005011 0.161810
v 0.617551 -0.000537 0.167060
v 0.616146 -0.000001 0.175321
v 0.578025 -0.008844 0.141331
v 0.586612 -0.009306 0.068526
v 0.587625 -0.007987 0.144361
v 0.591903 -0.008381 0.101117
v 0.596655 -0.008423 0.078303
v 0.601583 -0.006501 0.148308
v 0.602892 -0.007180 0.108654
v 0.606840 -0.007271 0.088655
v 0.605232 -0.005825 0.153409
v 0.613460 -0.005271 0.120879
v 0.608957 -0.006376 0.111254
v 0.615987 -0.006258 0.088659
v 0.623917 -0.000431 0.137947
v 0.625429 -0.001813 0.112218
v 0.616009 -0.005523 0.104192
v 0.627605 -0.000540 0.117886
v 0.620115 -0.004205 0.107015
v 0.624629 -0.002991 0.105391
v 0.618599 -0.005406 0.097547
v 0.624350 -0.003936 0.098806
v 0.622783 -0.005425 0.087592
v 0.625683 -0.004685 0.090424
v 0.626027 -0.000000 0.133448
v 0.632412 -0.000574 0.107228
v 0.630771 -0.002689 0.098882
v 0.634172 -0.001499 0.100452
v 0.629571 -0.004805 0.084677
v 0.636892 -0.000021 0.102606
v 0.634532 -0.003340 0.091757
v 0.638740 -0.002488 0.093077
v 0.642523 -0.001510 0.094280
v 0.640513 -0.000441 0.098647
v 0.643582 -0.003640 0.084101
v 0.648660 -0.000550 0.092897
v 0.656084 -0.002789 0.082467
v 0.582067 -0.009826 0.044321
v 0.586324 -0.009831 0.016137
v 0.601139 -0.008426 0.062333
v 0.597445 -0.008978 0.045318
v 0.610455 -0.008023 0.053707
v 0.607406 -0.008678 0.030749
v 0.606206 -0.008936 0.011925
v 0.619531 -0.007966 0.038050
v 0.618171 -0.008444 0.011302
v 0.624307 -0.007994 0.026929
v 0.635764 -0.007838 0.003624
v 0.635250 -0.007859 -0.003486
v 0.612328 -0.007193 0.075054
v 0.618330 -0.006972 0.068508
v 0.623246 -0.006042 0.078304
v 0.620488 -0.007206 0.059508
v 0.624420 -0.007583 0.043320
v 0.629325 -0.005794 0.073935
v 0.635057 -0.004749 0.080360
v 0.632415 -0.006171 0.065091
v 0.632308 -0.006844 0.053054
v 0.657347 -0.006973 0.013824
v 0.636927 -0.005407 0.072143
v 0.669536 -0.005981 0.035610
v 0.655668 -0.006062 0.047584
v 0.674639 -0.006124 0.024633
v 0.660176 -0.003835 0.073244
v 0.652328 -0.003538 0.079836
v 0.659927 -0.005091 0.060412
v 0.664601 -0.006776 0.006215
v 0.669719 -0.001416 0.080590
v 0.679554 -0.000541 0.077476
v 0.666574 -0.004269 0.065125
v 0.676348 -0.002562 0.072473
v 0.673923 -0.004494 0.057631
v 0.687185 -0.004899 0.042094
v 0.692771 -0.001421 0.068842
v 0.686695 -0.002869 0.064961
v 0.680956 -0.006029 0.016501
v 0.708387 -0.003112 0.050167
v 0.694790 -0.004192 0.046746
v 0.702207 -0.004908 0.025944
v 0.708627 -0.004959 0.013550
v 0.712276 -0.001502 0.058431
v 0.708826 -0.001117 0.061738
v 0.707959 -0.000566 0.063251
v 0.709358 -0.002650 0.053372
v 0.720872 -0.003503 0.036501
v 0.703607 -0.004360 0.036597
v 0.711880 -0.004932 0.005511
v 0.722304 -0.003939 0.027935
v 0.720765 -0.001727 0.052966
v 0.728057 -0.000560 0.053021
v 0.729322 -0.002355 0.043779
v 0.733465 -0.003850 0.017113
v 0.735625 -0.003975 0.005173
v 0.729937 -0.001183 0.050413
v 0.731949 -0.003059 0.034824
v 0.734720 -0.003392 0.026609
v 0.739073 -0.002009 0.041144
v 0.746475 -0.001246 0.041461
v 0.744381 -0.000481 0.044705
v 0.743112 -0.002281 0.035736
v 0.753331 -0.002980 0.017188
v 0.771945 -0.001512 0.024817
v 0.753820 -0.001465 0.035758
v 0.755505 -0.000500 0.039028
v 0.753920 -0.002491 0.025408
v 0.759680 -0.003033 0.002626
v 0.762708 -0.002864 0.005996
v 0.769763 -0.000931 0.030615
v 0.770343 -0.000462 0.031728
v 0.772972 -0.002144 0.015403
v 0.774690 -0.000582 0.028946
v 0.771569 -0.001985 0.019702
v 0.774826 -0.002369 0.005131
v 0.785585 -0.000527 0.023283
v 0.780593 -0.002025 0.010843
v 0.784965 -0.001514 0.015382
v 0.788675 -0.000925 0.019864
v 0.786243 -0.001896 0.005077
v 0.791704 -0.000212 0.021267
v 0.795351 -0.001187 0.012815
v 0.795215 -0.000527 0.017880
v 0.803538 -0.001157 0.005390
v 0.801430 -0.001044 0.010850
v 0.805156 -0.000479 0.012531
v 0.814878 -0.000499 0.004646
v 0.812230 -0.000133 0.011004
v 0.810780 -0.001000 -0.000000
v 0.832120 0.000015 0.000761
v 0.004614 0.000498 0.814926
v 0.006888 0.000799 0.808271
v 0.004814 0.001135 0.804138
v 0.005265 0.001998 0.783879
v 0.005794 0.002908 0.761785
v 0.004587 0.003256 0.753137
v 0.011004 0.000133 0.812230
v 0.012531 0.000479 0.805156
v 0.010850 0.001044 0.801430
v 0.017880 0.000527 0.795215
v 0.012815 0.001187 0.795351
v 0.015382 0.001514 0.784965
v 0.010843 0.002025 0.780593
v 0.020961 0.002066 0.768701
v 0.016185 0.002338 0.767923
v 0.017054 0.002994 0.753121
v 0.021267 0.000212 0.791704
v 0.023283 0.000527 0.785585
v 0.019954 0.000835 0.789451
v 0.028946 0.000582 0.774690
v 0.024382 0.001568 0.772058
v 0.030037 0.000946 0.770672
v 0.024879 0.002470 0.755352
v 0.027999 0.003887 0.723233
v 0.031498 0.000442 0.770909
v 0.041012 0.000506 0.751660
v 0.035758 0.001465 0.753820
v 0.035353 0.002289 0.743720
v 0.041114 0.001011 0.749291
v 0.046124 0.001515 0.734805
v 0.042201 0.002073 0.736076
v 0.005348 0.005015 0.709810
v 0.005483 0.006675 0.668252
v 0.016963 0.003887 0.732863
v 0.012830 0.004957 0.708976
v 0.015494 0.006979 0.657707
v 0.025247 0.004928 0.702258
v 0.024785 0.006294 0.670863
v 0.034953 0.003815 0.716930
v 0.037705 0.004800 0.693854
v 0.034398 0.005971 0.671125
v 0.051264 0.000545 0.731522
v 0.052451 0.001668 0.722456
v 0.046126 0.002489 0.723274
v 0.045656 0.003332 0.711384
v 0.052852 0.002834 0.708187
v 0.049822 0.005121 0.673098
v 0.047718 0.005927 0.659021
v 0.048789 0.007162 0.630307
v 0.051511 0.001045 0.729029
v 0.061485 0.000539 0.711480
v 0.057537 0.001514 0.713694
v 0.062582 0.002497 0.695246
v 0.056477 0.003743 0.688453
v 0.049077 0.004102 0.693537
v 0.055350 0.004586 0.675559
v 0.061700 0.001201 0.708390
v 0.076246 0.000587 0.681993
v 0.070817 0.001436 0.688851
v 0.065533 0.003643 0.675361
v 0.072353 0.002571 0.676383
v 0.062475 0.004807 0.662378
v 0.080193 0.001462 0.670200
v 0.074564 0.003841 0.658057
v 0.081186 0.002741 0.658834
v 0.005646 0.008569 0.616590
v 0.025108 0.008139 0.622716
v 0.035377 0.007816 0.625104
v 0.053720 0.007486 0.620154
v 0.057583 0.006757 0.630026
v 0.066281 0.006136 0.632049
v 0.057264 0.007972 0.609687
v 0.071543 0.005389 0.638205
v 0.067722 0.006695 0.622576
v 0.072387 0.007078 0.614835
v 0.082856 0.004425 0.635982
v 0.076783 0.005421 0.631197
v 0.086514 0.005327 0.624160
v 0.077136 0.006240 0.621691
v 0.073564 0.007585 0.607991
v 0.012051 0.010070 0.581183
v 0.013342 0.008686 0.612214
v 0.027815 0.008801 0.606261
v 0.036917 0.009970 0.580555
v 0.043813 0.008272 0.611049
v 0.037697 0.009471 0.590056
v 0.045396 0.008856 0.599548
v 0.062603 0.008869 0.594336
v 0.083018 0.009340 0.582709
v 0.067426 0.011843 0.518184
v 0.026652 0.010885 0.560179
v 0.062275 0.011398 0.541289
v 0.069043 0.011930 0.503384
v 0.058225 0.010808 0.559375
v 0.082708 0.010521 0.562412
v 0.086587 0.011681 0.525885
v 0.091312 0.010945 0.550798
v 0.056376 0.008254 0.414207
v 0.066618 0.008259 0.416014
v 0.013285 0.010766 0.454959
v 0.007982 0.009572 0.431183
v 0.007102 0.009166 0.421431
v 0.029155 0.011417 0.472906
v 0.023093 0.009920 0.438172
v 0.041738 0.010854 0.454412
v 0.033776 0.010457 0.446916
v 0.028252 0.009025 0.422199
v 0.028313 0.008812 0.414736
v 0.044922 0.009214 0.427655
v 0.041925 0.010006 0.438602
v 0.046189 0.008855 0.422143
v 0.051884 0.008366 0.414199
v 0.059603 0.011257 0.462698
v 0.063120 0.010708 0.446932
v 0.056743 0.010167 0.439228
v 0.054272 0.008988 0.424714
v 0.095587 0.011862 0.484161
v 0.066797 0.009738 0.432201
v 0.107314 0.011679 0.471165
v 0.094544 0.011072 0.448720
v 0.004771 0.007908 0.378051
v 0.004936 0.004881 0.302864
v 0.017922 0.006732 0.352623
v 0.025778 0.006834 0.358888
v 0.025969 0.005113 0.318557
v 0.034769 0.006020 0.346132
v 0.038685 0.004975 0.326683
v 0.046901 0.007729 0.395265
v 0.047246 0.006705 0.373090
v 0.053528 0.005896 0.362567
v 0.047924 0.005042 0.339084
v 0.059886 0.007205 0.396516
v 0.060422 0.005165 0.357171
v 0.055828 0.004350 0.336892
v 0.067501 0.007379 0.404766
v 0.067768 0.005907 0.380990
v 0.076003 0.003666 0.358403
v 0.065858 0.004319 0.351329
v 0.070551 0.002565 0.336160
v 0.064460 0.001489 0.315264
v 0.078637 0.007555 0.406934
v 0.080598 0.005913 0.390527
v 0.077094 0.006405 0.394413
v 0.077249 0.005541 0.384806
v 0.072726 0.006252 0.390396
v 0.082615 0.003497 0.367502
v 0.078610 0.004558 0.374842
v 0.072921 0.005158 0.375576
v 0.081978 0.002592 0.357214
v 0.075811 0.001417 0.336776
v 0.006896 0.008749 0.402279
v 0.018030 0.008866 0.408763
v 0.015949 0.008339 0.391874
v 0.030051 0.008540 0.404495
v 0.031788 0.008125 0.393153
v 0.005204 0.003950 0.279776
v 0.005966 0.002857 0.253138
v 0.002632 0.003030 0.256263
v 0.014370 0.004853 0.305180
v 0.020171 0.003951 0.286863
v 0.015266 0.003877 0.282143
v 0.017256 0.002969 0.262529
v 0.015493 0.002146 0.243122
v 0.028014 0.003950 0.293995
v 0.028846 0.003044 0.276239
v 0.027364 0.001626 0.249585
v 0.025408 0.002491 0.262077
v 0.030615 0.000931 0.246234
v 0.019760 0.001995 0.244680
v 0.036975 0.003491 0.295463
v 0.036597 0.004360 0.312390
v 0.035627 0.002317 0.273148
v 0.041492 0.001232 0.269481
v 0.039028 0.000500 0.260491
v 0.035758 0.001465 0.262177
v 0.031799 0.000475 0.245802
v 0.048362 0.004355 0.326313
v 0.045731 0.003233 0.303036
v 0.052976 0.001757 0.295555
v 0.043779 0.002355 0.286674
v 0.053021 0.000560 0.287940
v 0.050495 0.001175 0.286138
v 0.044706 0.000481 0.271616
v 0.041144 0.002009 0.276923
v 0.064780 0.002865 0.328937
v 0.051449 0.003043 0.308722
v 0.058291 0.001512 0.303539
v 0.053310 0.002610 0.305997
v 0.062927 0.000762 0.307830
v 0.071419 0.000483 0.324346
v 0.005575 0.002002 0.232189
v 0.005384 0.001155 0.212422
v 0.004690 0.000499 0.201159
v 0.015382 0.001514 0.231031
v 0.010843 0.002025 0.235403
v 0.017880 0.000527 0.220781
v 0.012815 0.001187 0.220646
v 0.012531 0.000479 0.210841
v 0.010850 0.001044 0.214567
v 0.011004 0.000133 0.203767
v 0.028946 0.000582 0.241306
v 0.023535 0.001493 0.241954
v 0.023283 0.000527 0.230411
v 0.019864 0.000925 0.227321
v 0.021267 0.000212 0.224292
v 0.092939 0.000574 0.648588
v 0.094198 0.001495 0.642724
v 0.092696 0.002575 0.638828
v 0.089524 0.003447 0.636525
v 0.085505 0.004672 0.630178
v 0.096970 0.004381 0.623722
v 0.086356 0.006048 0.618411
v 0.083129 0.007561 0.604881
v 0.100565 0.000264 0.638444
v 0.100452 0.001499 0.634172
v 0.099299 0.002573 0.631037
v 0.094212 0.003630 0.629806
v 0.100549 0.003586 0.625231
v 0.097397 0.005359 0.618581
v 0.093061 0.006301 0.613564
v 0.099107 0.007378 0.602130
v 0.106881 0.000441 0.632767
v 0.108976 0.001931 0.626578
v 0.107635 0.004372 0.619612
v 0.106543 0.005372 0.615537
v 0.109692 0.006466 0.607612
v 0.134192 0.007931 0.588684
v 0.118123 0.000524 0.627522
v 0.118327 0.005208 0.613301
v 0.144659 0.007292 0.592431
v 0.120665 0.004040 0.617297
v 0.147193 0.005589 0.604781
v 0.148652 0.006338 0.599359
v 0.137843 0.000427 0.623955
v 0.151381 0.004059 0.610599
v 0.162280 0.000569 0.618613
v 0.169987 0.006854 0.588815
v 0.174663 0.007569 0.580577
v 0.094256 0.009937 0.571215
v 0.094930 0.008339 0.592978
v 0.136072 0.008704 0.579460
v 0.106177 0.011840 0.510217
v 0.113833 0.011896 0.494389
v 0.107344 0.011385 0.533290
v 0.123800 0.009696 0.568550
v 0.121275 0.010474 0.554854
v 0.116821 0.011061 0.541161
v 0.128826 0.011608 0.516042
v 0.142299 0.010649 0.544303
v 0.146862 0.011233 0.524234
v 0.153780 0.011608 0.499554
v 0.146685 0.009610 0.563508
v 0.174946 0.008530 0.569476
v 0.175323 0.009396 0.556852
v 0.172104 0.010299 0.540760
v 0.178848 0.011254 0.505689
v 0.094360 0.010863 0.442511
v 0.097228 0.010460 0.434954
v 0.121916 0.011179 0.448012
v 0.114196 0.009914 0.424537
v 0.117842 0.010273 0.428446
v 0.126647 0.011768 0.476494
v 0.129196 0.010678 0.433753
v 0.145143 0.009798 0.415088
v 0.182005 0.011454 0.463110
v 0.158245 0.011252 0.448170
v 0.147133 0.010164 0.420570
v 0.157177 0.011654 0.484575
v 0.170731 0.010331 0.418707
v 0.182025 0.010656 0.424404
v 0.184611 0.011030 0.437107
v 0.085898 0.006727 0.397357
v 0.085462 0.005705 0.388985
v 0.090552 0.003979 0.381078
v 0.087452 0.003555 0.374356
v 0.080488 0.004957 0.381691
v 0.089560 0.000467 0.359578
v 0.089602 0.001498 0.362683
v 0.086945 0.002482 0.364500
v 0.084279 0.001303 0.352921
v 0.097488 0.007171 0.399319
v 0.094357 0.006074 0.390247
v 0.098604 0.003991 0.382384
v 0.101122 0.000503 0.370339
v 0.097185 0.002322 0.373623
v 0.097495 0.003205 0.378370
v 0.095863 0.000500 0.366151
v 0.094033 0.001493 0.367819
v 0.092438 0.002337 0.370356
v 0.112280 0.006859 0.392233
v 0.107984 0.003488 0.378963
v 0.111032 0.005429 0.383645
v 0.107757 0.006240 0.388116
v 0.107764 0.000521 0.370563
v 0.107739 0.001345 0.372787
v 0.107757 0.002498 0.376120
v 0.119128 0.006498 0.386849
v 0.117562 0.000529 0.367479
v 0.129068 0.005854 0.378782
v 0.140253 0.000392 0.359172
v 0.135021 0.006232 0.378794
v 0.149052 0.005565 0.371036
v 0.150397 0.006491 0.376231
v 0.148013 0.000566 0.356546
v 0.156781 0.007292 0.381436
v 0.169028 0.006242 0.365811
v 0.159443 0.000518 0.351104
v 0.151745 0.008666 0.398467
v 0.156755 0.009259 0.404067
v 0.168186 0.000538 0.617053
v 0.164040 0.004864 0.604135
v 0.178586 0.006181 0.591341
v 0.179150 0.000472 0.613437
v 0.175941 0.003401 0.606061
v 0.196796 0.000640 0.607038
v 0.189349 0.004996 0.595040
v 0.200088 0.006731 0.579190
v 0.213133 0.003214 0.593978
v 0.209796 0.000478 0.602685
v 0.212688 0.006124 0.579315
v 0.224905 0.000509 0.597276
v 0.240330 0.003174 0.583949
v 0.225948 0.004848 0.582345
v 0.232001 0.001412 0.592728
v 0.235954 0.000237 0.594268
v 0.254496 0.004582 0.571603
v 0.236754 0.005547 0.573783
v 0.206426 0.007553 0.569035
v 0.242441 0.006503 0.564117
v 0.245757 0.007601 0.551892
v 0.182812 0.010846 0.519896
v 0.222104 0.008298 0.554006
v 0.208032 0.009563 0.540141
v 0.219523 0.009965 0.526581
v 0.206350 0.011174 0.491297
v 0.218222 0.009001 0.545630
v 0.218891 0.010367 0.516389
v 0.219445 0.010763 0.502744
v 0.262565 0.009285 0.519891
v 0.283237 0.010301 0.485114
v 0.191429 0.011251 0.447257
v 0.222527 0.011227 0.473222
v 0.203051 0.011372 0.466159
v 0.207030 0.010889 0.426989
v 0.222038 0.011215 0.443483
v 0.229247 0.011041 0.428427
v 0.228017 0.010821 0.417465
v 0.254450 0.011044 0.468624
v 0.273851 0.010717 0.474679
v 0.245141 0.011223 0.449528
v 0.258550 0.011132 0.423721
v 0.168854 0.000516 0.346508
v 0.167304 0.005668 0.363137
v 0.188094 0.005424 0.352249
v 0.194315 0.006322 0.354998
v 0.180012 0.000502 0.340970
v 0.194014 0.007137 0.362688
v 0.189667 0.000509 0.335961
v 0.198154 0.005599 0.348254
v 0.202670 0.004590 0.341524
v 0.208502 0.006246 0.346884
v 0.208691 0.000523 0.324268
v 0.220931 0.008097 0.359176
v 0.211130 0.005478 0.340173
v 0.219978 0.007141 0.348562
v 0.226128 0.006186 0.335831
v 0.231541 0.005431 0.327131
v 0.233389 0.006947 0.338227
v 0.247705 0.007685 0.337197
v 0.167306 0.009863 0.410127
v 0.170687 0.008488 0.388935
v 0.180631 0.009135 0.393658
v 0.206003 0.010366 0.408772
v 0.188222 0.009728 0.400780
v 0.191075 0.008346 0.378033
v 0.206031 0.009141 0.382899
v 0.209608 0.009644 0.390483
v 0.210707 0.008408 0.369078
v 0.226108 0.010209 0.396467
v 0.235027 0.009579 0.376601
v 0.240678 0.010677 0.405808
v 0.248214 0.010150 0.383349
v 0.233766 0.009051 0.366583
v 0.245961 0.008255 0.346226
v 0.220572 0.000419 0.315881
v 0.230535 0.004290 0.322147
v 0.239874 0.006151 0.326625
v 0.232088 0.000504 0.308215
v 0.246472 0.004521 0.311746
v 0.245789 0.005244 0.316084
v 0.258109 0.007288 0.324793
v 0.243792 0.003575 0.309870
v 0.254948 0.005849 0.313160
v 0.241565 0.000555 0.300828
v 0.203767 0.000133 0.011004
v 0.201070 0.000498 0.004614
v 0.205217 0.001000 0.000000
v 0.210841 0.000479 0.012531
v 0.214567 0.001044 0.010850
v 0.207725 0.000799 0.006888
v 0.212563 0.001161 0.005330
v 0.224292 0.000212 0.021267
v 0.220781 0.000527 0.017880
v 0.229987 0.001445 0.015638
v 0.230411 0.000527 0.023283
v 0.242333 0.001528 0.023613
v 0.226659 0.000878 0.019921
v 0.235403 0.002025 0.010843
v 0.229768 0.001898 0.005060
v 0.244817 0.000305 0.031529
v 0.241306 0.000582 0.028946
v 0.248045 0.002063 0.021524
v 0.243397 0.002157 0.015514
v 0.241171 0.002369 0.005131
v 0.256598 0.000297 0.584937
v 0.252439 0.001359 0.584385
v 0.264551 0.000684 0.579974
v 0.270153 0.002632 0.572056
v 0.263263 0.003668 0.571610
v 0.286584 0.001484 0.567351
v 0.277858 0.000265 0.574393
v 0.274067 0.005631 0.555972
v 0.273034 0.006466 0.550031
v 0.279749 0.007701 0.534208
v 0.292113 0.004496 0.553452
v 0.298936 0.006315 0.537890
v 0.298229 0.000318 0.564182
v 0.305479 0.002997 0.553040
v 0.300023 0.005491 0.543409
v 0.306448 0.006874 0.528408
v 0.311932 0.004435 0.543032
v 0.298417 0.007894 0.521918
v 0.318370 0.000351 0.553785
v 0.314687 0.001398 0.553202
v 0.321084 0.005256 0.532689
v 0.332202 0.006102 0.519370
v 0.323957 0.007620 0.509587
v 0.328965 0.001566 0.544082
v 0.329951 0.002554 0.540265
v 0.250882 0.008303 0.540937
v 0.281820 0.008486 0.522964
v 0.294657 0.009930 0.489062
v 0.291460 0.008988 0.509933
v 0.299273 0.009571 0.494325
v 0.314198 0.008894 0.498131
v 0.272204 0.011194 0.431676
v 0.278350 0.011012 0.402932
v 0.302404 0.011155 0.429920
v 0.288720 0.011085 0.446383
v 0.302458 0.010838 0.452555
v 0.308462 0.011188 0.408125
v 0.316941 0.010594 0.453566
v 0.327067 0.011059 0.420815
v 0.330621 0.009542 0.474361
v 0.323369 0.010105 0.466011
v 0.340494 0.010820 0.424047
v 0.340885 0.011110 0.401388
v 0.252880 0.008877 0.351661
v 0.266731 0.009519 0.355433
v 0.265745 0.008096 0.329686
v 0.264830 0.010698 0.393912
v 0.273865 0.010088 0.365274
v 0.274578 0.008910 0.336548
v 0.294554 0.010637 0.371184
v 0.297252 0.009888 0.341719
v 0.293412 0.009482 0.333726
v 0.298565 0.011114 0.398595
v 0.312448 0.010139 0.336664
v 0.329137 0.010500 0.336580
v 0.332066 0.010926 0.357837
v 0.259444 0.006628 0.316682
v 0.245236 0.000266 0.296704
v 0.266941 0.005181 0.298525
v 0.251297 0.000534 0.292368
v 0.282061 0.007176 0.303651
v 0.262162 0.000417 0.282462
v 0.274812 0.004383 0.286729
v 0.274464 0.006294 0.300898
v 0.266731 0.000017 0.277106
v 0.269426 0.003141 0.285867
v 0.272498 0.000350 0.272543
v 0.287210 0.005303 0.280164
v 0.283864 0.003266 0.272165
v 0.290186 0.004389 0.270991
v 0.282535 0.000420 0.262043
v 0.289503 0.006334 0.286672
v 0.308375 0.004379 0.249751
v 0.300231 0.005091 0.264077
v 0.292396 0.000533 0.251322
v 0.308587 0.003486 0.244896
v 0.304657 0.007277 0.281958
v 0.301723 0.006252 0.272690
v 0.296689 0.000270 0.245279
v 0.316668 0.005344 0.245614
v 0.313847 0.005905 0.254244
v 0.315255 0.006671 0.261223
v 0.325024 0.007243 0.256272
v 0.284005 0.007868 0.311258
v 0.292185 0.008787 0.319160
v 0.305385 0.007858 0.290063
v 0.303325 0.008469 0.302801
v 0.316193 0.009009 0.300301
v 0.318002 0.009660 0.315155
v 0.326783 0.008637 0.279707
v 0.326774 0.008180 0.270083
v 0.300873 0.000556 0.241573
v 0.308069 0.000520 0.232368
v 0.321002 0.004286 0.232107
v 0.315852 0.000423 0.220638
v 0.326688 0.006309 0.240961
v 0.328305 0.005378 0.228650
v 0.322051 0.000417 0.211328
v 0.330228 0.001351 0.203626
v 0.329313 0.000512 0.200916
v 0.250493 0.000582 0.033720
v 0.261740 0.001488 0.035374
v 0.246445 0.000971 0.030706
v 0.253289 0.002864 0.005998
v 0.256316 0.003033 0.002638
v 0.263865 0.000510 0.040771
v 0.266706 0.001011 0.041114
v 0.270861 0.002223 0.034943
v 0.264110 0.002591 0.025768
v 0.261354 0.002945 0.016410
v 0.275019 0.001527 0.042926
v 0.280534 0.002243 0.041391
v 0.282310 0.003854 0.016713
v 0.279760 0.003950 0.005211
v 0.285107 0.000528 0.051582
v 0.287244 0.001123 0.051365
v 0.288529 0.003727 0.027056
v 0.292943 0.001426 0.052925
v 0.306396 0.002362 0.055293
v 0.292722 0.002489 0.046126
v 0.294964 0.003483 0.036671
v 0.307532 0.004974 0.013408
v 0.302516 0.004867 0.005109
v 0.305434 0.000528 0.061942
v 0.306223 0.001230 0.060912
v 0.309830 0.003126 0.051423
v 0.308254 0.004674 0.025461
v 0.321781 0.001475 0.067861
v 0.322917 0.002350 0.064619
v 0.322518 0.004258 0.046776
v 0.322464 0.004810 0.037593
v 0.327321 0.005701 0.016873
v 0.327083 0.000689 0.072661
v 0.341699 0.003501 0.528763
v 0.320934 0.004046 0.539801
v 0.344777 0.006469 0.507374
v 0.348767 0.000393 0.533852
v 0.359280 0.001535 0.523822
v 0.353300 0.004344 0.516614
v 0.348178 0.005114 0.515561
v 0.355063 0.007536 0.488114
v 0.353887 0.000580 0.529723
v 0.368415 0.002533 0.514071
v 0.377257 0.001471 0.511298
v 0.374209 0.003372 0.506169
v 0.370883 0.005822 0.492997
v 0.371790 0.006683 0.484005
v 0.379304 0.000306 0.512705
v 0.373329 0.004763 0.499004
v 0.392028 0.002502 0.495792
v 0.390216 0.000425 0.503508
v 0.393038 0.001440 0.498686
v 0.395145 0.003588 0.487797
v 0.341603 0.008378 0.487070
v 0.388342 0.007529 0.459401
v 0.391399 0.004893 0.482924
v 0.403136 0.006087 0.461890
v 0.408789 0.005022 0.465765
v 0.403113 0.006939 0.452714
v 0.429040 0.000312 0.468542
v 0.423566 0.001400 0.471014
v 0.426335 0.004144 0.455270
v 0.337748 0.009022 0.479390
v 0.343845 0.010390 0.440502
v 0.357520 0.009335 0.457552
v 0.350369 0.010054 0.445932
v 0.362944 0.008465 0.468827
v 0.382140 0.008889 0.444106
v 0.380147 0.009831 0.424324
v 0.373307 0.010134 0.421554
v 0.373696 0.010565 0.403722
v 0.389529 0.008317 0.446721
v 0.401660 0.009315 0.415516
v 0.419102 0.008274 0.417873
v 0.420240 0.008848 0.406241
v 0.363683 0.011087 0.365513
v 0.347369 0.011067 0.361444
v 0.375287 0.010902 0.382593
v 0.357575 0.010832 0.328340
v 0.390122 0.011003 0.325180
v 0.382991 0.010986 0.362849
v 0.414570 0.010036 0.380753
v 0.402461 0.010453 0.376883
v 0.419645 0.010598 0.347789
v 0.414917 0.010851 0.333842
v 0.410099 0.010928 0.328287
v 0.334590 0.007723 0.250820
v 0.333938 0.009382 0.289389
v 0.342407 0.010043 0.301764
v 0.348555 0.009605 0.277541
v 0.344978 0.008342 0.247753
v 0.356378 0.010521 0.309391
v 0.361472 0.010205 0.285202
v 0.351998 0.009075 0.255761
v 0.367947 0.009638 0.249676
v 0.365454 0.009988 0.268781
v 0.378279 0.010870 0.310269
v 0.378193 0.010538 0.282741
v 0.383264 0.010252 0.254517
v 0.393952 0.010621 0.266066
v 0.385955 0.010056 0.237612
v 0.403772 0.010850 0.278269
v 0.412438 0.010907 0.278570
v 0.337750 0.006777 0.230181
v 0.341173 0.004626 0.203375
v 0.341308 0.006144 0.215230
v 0.341158 0.005426 0.208387
v 0.336033 0.000509 0.189525
v 0.346172 0.007593 0.230611
v 0.349409 0.006509 0.206212
v 0.351931 0.005576 0.189772
v 0.341053 0.000521 0.179883
v 0.346503 0.000518 0.168864
v 0.357468 0.006232 0.185533
v 0.362277 0.005664 0.168943
v 0.365834 0.007830 0.201681
v 0.357195 0.007077 0.202201
v 0.363693 0.006503 0.177463
v 0.378733 0.006978 0.155448
v 0.361263 0.008411 0.223227
v 0.370887 0.009254 0.230214
v 0.390502 0.009766 0.212966
v 0.376736 0.008595 0.199121
v 0.381343 0.009240 0.209600
v 0.400074 0.010447 0.236970
v 0.392770 0.009349 0.189060
v 0.389089 0.008707 0.175862
v 0.407679 0.010220 0.201403
v 0.412698 0.010473 0.210937
v 0.408712 0.009825 0.172776
v 0.403740 0.009360 0.162477
v 0.353389 0.000522 0.085971
v 0.350203 0.001502 0.082261
v 0.351122 0.000512 0.159413
v 0.370303 0.005747 0.152569
v 0.356547 0.000569 0.147996
v 0.356225 0.002452 0.082007
v 0.368907 0.006185 0.160688
v 0.358687 0.000351 0.141021
v 0.371158 0.005438 0.147592
v 0.367492 0.000557 0.117075
v 0.365955 0.000584 0.095819
v 0.369941 0.002289 0.092194
v 0.360936 0.000500 0.090680
v 0.362702 0.001499 0.089615
v 0.364584 0.002536 0.086776
v 0.366270 0.003416 0.082340
v 0.376751 0.006533 0.149683
v 0.379723 0.006086 0.129106
v 0.381629 0.005451 0.117089
v 0.370780 0.000491 0.106823
v 0.376120 0.002498 0.107757
v 0.380098 0.003653 0.105694
v 0.370675 0.000500 0.101183
v 0.373435 0.002183 0.097739
v 0.378370 0.003205 0.097495
v 0.374356 0.003555 0.087452
v 0.395854 0.008614 0.157192
v 0.386397 0.006415 0.119044
v 0.388250 0.005654 0.097020
v 0.382679 0.004047 0.098399
v 0.380718 0.003878 0.091087
v 0.382606 0.004506 0.087492
v 0.387675 0.005430 0.087229
v 0.392053 0.006941 0.115821
v 0.390853 0.006024 0.090537
v 0.395472 0.006740 0.096390
v 0.397603 0.006778 0.085999
v 0.409712 0.008776 0.122006
v 0.337936 0.005060 0.046631
v 0.337971 0.005949 0.026197
v 0.345531 0.004406 0.061369
v 0.347380 0.006079 0.034620
v 0.353228 0.003541 0.073806
v 0.373032 0.004428 0.078554
v 0.354921 0.005085 0.059850
v 0.361505 0.005989 0.051173
v 0.360124 0.006997 0.021000
v 0.375914 0.007825 0.004644
v 0.374199 0.005319 0.070282
v 0.378474 0.006991 0.046502
v 0.397069 0.008558 0.015778
v 0.379333 0.004468 0.083412
v 0.384804 0.005541 0.077252
v 0.389482 0.006276 0.071089
v 0.382485 0.006222 0.064494
v 0.391772 0.007105 0.057125
v 0.391450 0.008072 0.031161
v 0.392912 0.006290 0.077679
v 0.400081 0.007445 0.059753
v 0.403085 0.008034 0.047751
v 0.404774 0.007433 0.076199
v 0.403911 0.007462 0.067098
v 0.399707 0.008752 0.000489
v 0.405795 0.008537 0.031614
v 0.408245 0.008866 0.017155
v 0.408006 0.008959 0.001148
v 0.435116 0.003257 0.452131
v 0.433455 0.005172 0.440319
v 0.423037 0.002364 0.468079
v 0.437893 0.000509 0.459843
v 0.429089 0.006724 0.429312
v 0.440818 0.001897 0.452692
v 0.455387 0.004135 0.424776
v 0.458704 0.004980 0.414487
v 0.454354 0.006017 0.409679
v 0.454094 0.007091 0.397610
v 0.451485 0.001494 0.442891
v 0.456699 0.002905 0.431004
v 0.463947 0.000486 0.431781
v 0.469681 0.001336 0.422515
v 0.480351 0.002390 0.405698
v 0.426662 0.007579 0.420598
v 0.489575 0.003682 0.387751
v 0.477607 0.006044 0.382680
v 0.482643 0.004668 0.389241
v 0.483451 0.007544 0.356433
v 0.504163 0.001351 0.380004
v 0.428442 0.009735 0.375011
v 0.441251 0.009189 0.375154
v 0.450504 0.010062 0.335711
v 0.446995 0.010423 0.320250
v 0.460690 0.008095 0.374973
v 0.453107 0.008757 0.371357
v 0.457168 0.009766 0.338762
v 0.463002 0.009331 0.345095
v 0.474300 0.008884 0.342426
v 0.480498 0.008314 0.346814
v 0.425878 0.010918 0.284852
v 0.418537 0.010705 0.227735
v 0.426105 0.010894 0.248303
v 0.444356 0.010874 0.265812
v 0.446496 0.010595 0.306555
v 0.462760 0.010676 0.266260
v 0.463289 0.010818 0.243123
v 0.459423 0.010932 0.222642
v 0.475060 0.010375 0.275034
v 0.482944 0.009847 0.296650
v 0.490002 0.010519 0.231248
v 0.492005 0.009136 0.310807
v 0.428651 0.010582 0.176994
v 0.436271 0.010791 0.187910
v 0.422417 0.010299 0.166282
v 0.451332 0.010960 0.215324
v 0.443034 0.010931 0.208401
v 0.465014 0.011101 0.156974
v 0.476728 0.011113 0.164617
v 0.478205 0.010935 0.200663
v 0.506142 0.010888 0.166305
v 0.416962 0.008643 0.085626
v 0.414519 0.009525 0.139540
v 0.427719 0.009937 0.121193
v 0.411199 0.008390 0.099840
v 0.434028 0.010480 0.145248
v 0.421027 0.009380 0.109897
v 0.425993 0.009359 0.086891
v 0.435677 0.009984 0.091091
v 0.447779 0.010866 0.154249
v 0.448725 0.010563 0.095054
v 0.459926 0.010984 0.122303
v 0.483578 0.011251 0.119557
v 0.477265 0.011195 0.092530
v 0.494611 0.011325 0.077193
v 0.416906 0.008528 0.068366
v 0.409998 0.008166 0.055548
v 0.414772 0.008637 0.044420
v 0.413940 0.008841 0.027122
v 0.420726 0.009167 0.008721
v 0.429627 0.009452 0.068923
v 0.423126 0.009020 0.053929
v 0.424284 0.009223 0.026002
v 0.439916 0.010019 0.068667
v 0.436024 0.009757 0.045188
v 0.433376 0.009652 -0.009746
v 0.451529 0.010464 0.054613
v 0.450951 0.010374 0.023069
v 0.462051 0.010719 -0.000680
v 0.465063 0.010843 0.042058
v 0.473832 0.011008 0.022526
v 0.485531 0.011168 -0.009922
v 0.506646 0.000382 0.378963
v 0.496122 0.005767 0.362763
v 0.508352 0.004939 0.354743
v 0.498360 0.006783 0.348094
v 0.505177 0.007610 0.326920
v 0.505225 0.002799 0.372843
v 0.516162 0.004194 0.349982
v 0.535359 0.002568 0.332727
v 0.527047 0.003352 0.340346
v 0.516561 0.005745 0.336168
v 0.527310 0.006273 0.315503
v 0.522867 0.006831 0.314323
v 0.538670 0.003886 0.320753
v 0.532094 0.005244 0.319418
v 0.547829 0.001550 0.318448
v 0.504911 0.008350 0.312698
v 0.521817 0.007474 0.305268
v 0.543135 0.004514 0.309321
v 0.543885 0.005526 0.298848
v 0.543517 0.006484 0.287641
v 0.551694 0.000429 0.314988
v 0.552673 0.002951 0.304530
v 0.556138 0.005549 0.277804
v 0.554371 0.006570 0.267141
v 0.552546 0.007699 0.245604
v 0.565347 0.000751 0.291784
v 0.553239 0.004574 0.292377
v 0.562532 0.002877 0.287523
v 0.568133 0.005579 0.255359
v 0.565648 0.006531 0.245807
v 0.574204 0.000361 0.276683
v 0.572862 0.001753 0.274001
v 0.564327 0.004737 0.270941
v 0.576218 0.004506 0.250067
v 0.506713 0.009800 0.255335
v 0.513190 0.008634 0.293015
v 0.509727 0.009117 0.282415
v 0.522537 0.009152 0.256898
v 0.529769 0.007681 0.288839
v 0.531112 0.008494 0.265001
v 0.537406 0.007780 0.273185
v 0.569080 0.006798 0.231889
v 0.570354 0.007612 0.206121
v 0.498047 0.011104 0.150372
v 0.509806 0.010513 0.195389
v 0.527032 0.010274 0.180932
v 0.542443 0.008970 0.222282
v 0.548663 0.009497 0.181745
v 0.539885 0.010105 0.165711
v 0.554431 0.008332 0.220856
v 0.558644 0.009150 0.174901
v 0.569352 0.008518 0.175612
v 0.501248 0.011279 0.108981
v 0.512960 0.011119 0.126184
v 0.530654 0.010648 0.143014
v 0.532287 0.010895 0.112395
v 0.522729 0.011183 0.091453
v 0.534556 0.011052 0.071845
v 0.552619 0.010176 0.128676
v 0.548183 0.010485 0.114106
v 0.545807 0.010750 0.086265
v 0.565219 0.010073 0.094059
v 0.559314 0.010475 0.066060
v 0.570609 0.009087 0.145067
v 0.561814 0.009718 0.134600
v 0.573534 0.009296 0.122965
v 0.496645 0.011262 -0.008356
v 0.512420 0.011315 0.056113
v 0.510544 0.011245 -0.023689
v 0.527759 0.011174 0.045015
v 0.526402 0.011078 -0.042633
v 0.544246 0.010886 0.023685
v 0.550614 0.010743 0.054558
v 0.561401 0.010466 0.030709
v 0.562411 0.010388 -0.001860
v 0.569017 0.010113 0.066192
v 0.582023 0.000527 0.261633
v 0.584123 0.001399 0.253766
v 0.574619 0.005458 0.244344
v 0.585278 0.000328 0.256883
v 0.586158 0.002873 0.239690
v 0.574988 0.006039 0.234513
v 0.585244 0.005401 0.218862
v 0.578421 0.006308 0.219900
v 0.579487 0.006755 0.206776
v 0.581091 0.007692 0.174434
v 0.592670 0.000447 0.240521
v 0.584327 0.004591 0.230389
v 0.583853 0.005928 0.213795
v 0.596108 0.005364 0.188183
v 0.589564 0.006574 0.184191
v 0.591948 0.007325 0.153481
v 0.596351 0.000436 0.230505
v 0.603122 0.000480 0.210220
v 0.606833 0.000482 0.199337
v 0.594844 0.004756 0.198045
v 0.594065 0.006116 0.181660
v 0.605007 0.005233 0.163413
v 0.613748 0.000464 0.179104
v 0.617781 0.000583 0.165912
v 0.594728 0.007456 0.137072
v 0.597278 0.007844 0.104329
v 0.606122 0.005511 0.155078
v 0.601892 0.006450 0.148652
v 0.605222 0.007456 0.087303
v 0.606235 0.006140 0.139686
v 0.611878 0.005453 0.126888
v 0.616966 0.005274 0.104973
v 0.608810 0.006318 0.118102
v 0.617139 0.005668 0.098424
v 0.614676 0.006574 0.084246
v 0.627608 0.000536 0.117781
v 0.624084 0.000401 0.137540
v 0.622571 0.002917 0.111546
v 0.624595 0.002493 0.109259
v 0.624062 0.003879 0.099112
v 0.617482 0.006108 0.087930
v 0.624371 0.005047 0.088108
v 0.632767 0.000441 0.106881
v 0.627846 0.001759 0.107956
v 0.634172 0.001499 0.100453
v 0.630438 0.003178 0.096494
v 0.630066 0.004520 0.086361
v 0.640513 0.000441 0.098647
v 0.642969 0.001506 0.094060
v 0.638801 0.002578 0.092693
v 0.636396 0.003447 0.089582
v 0.635469 0.004364 0.083652
v 0.648433 0.000576 0.093019
v 0.658539 0.002744 0.081333
v 0.581402 0.008338 0.147182
v 0.584406 0.008541 0.125643
v 0.579392 0.009410 0.090011
v 0.596999 0.008507 0.071477
v 0.589683 0.009113 0.064307
v 0.606952 0.008120 0.058223
v 0.611199 0.007519 0.067554
v 0.618659 0.006782 0.071066
v 0.623739 0.005929 0.078468
v 0.620775 0.007221 0.058771
v 0.632683 0.005333 0.075962
v 0.630945 0.005783 0.071980
v 0.632498 0.006233 0.064404
v 0.631409 0.006897 0.053232
v 0.631813 0.007399 0.039507
v 0.635220 0.007848 0.000146
v 0.660501 0.003844 0.073054
v 0.659544 0.005900 0.047696
v 0.655157 0.006995 0.020330
v 0.665981 0.006760 0.005438
v 0.592783 0.009251 0.035965
v 0.584470 0.009669 0.025882
v 0.588446 0.009545 -0.002649
v 0.599531 0.008814 0.045430
v 0.615081 0.007965 0.046052
v 0.615309 0.008216 0.034419
v 0.617315 0.008274 0.025527
v 0.618030 0.008360 0.015350
v 0.621774 0.008273 0.005164
v 0.682278 0.000574 0.076106
v 0.671083 0.001474 0.079717
v 0.664117 0.004810 0.061106
v 0.675570 0.005126 0.047675
v 0.670772 0.005981 0.034667
v 0.687478 0.002537 0.066585
v 0.673913 0.003565 0.066922
v 0.696693 0.003433 0.054439
v 0.683503 0.004265 0.053930
v 0.676481 0.006006 0.026702
v 0.694647 0.001523 0.067521
v 0.690546 0.004949 0.038012
v 0.713089 0.002540 0.052174
v 0.702727 0.004891 0.025584
v 0.715366 0.001533 0.056552
v 0.704635 0.003786 0.044824
v 0.719465 0.003584 0.036459
v 0.703607 0.004360 0.036597
v 0.711436 0.004831 0.014185
v 0.710947 0.000669 0.061649
v 0.719585 0.003153 0.042021
v 0.722526 0.003952 0.027411
v 0.703390 0.005254 0.008277
v 0.731796 0.000539 0.051128
v 0.719327 0.002074 0.051829
v 0.734302 0.001524 0.046356
v 0.733741 0.003834 0.017399
v 0.729029 0.001045 0.051511
v 0.738694 0.003087 0.029049
v 0.754212 0.003217 0.004693
v 0.752171 0.000491 0.040756
v 0.736075 0.002053 0.042372
v 0.743520 0.002315 0.035177
v 0.752291 0.003031 0.017047
v 0.749291 0.001011 0.041114
v 0.753820 0.001465 0.035758
v 0.766508 0.001477 0.028535
v 0.758190 0.002329 0.024711
v 0.762437 0.002880 0.005641
v 0.765503 0.000582 0.033720
v 0.770411 0.000965 0.030114
v 0.771153 0.002207 0.015876
v 0.759937 0.003030 -0.000001
v 0.771179 0.000305 0.031529
v 0.774690 0.000582 0.028946
v 0.774043 0.001493 0.023535
v 0.769635 0.002013 0.021019
v 0.785585 0.000527 0.023283
v 0.789373 0.000875 0.019780
v 0.784965 0.001514 0.015382
v 0.780593 0.002025 0.010843
v 0.783827 0.001999 0.005623
v 0.791704 0.000212 0.021267
v 0.795215 0.000527 0.017880
v 0.795351 0.001187 0.012815
v 0.805526 0.001085 0.004754
v 0.805156 0.000479 0.012531
v 0.800918 0.001041 0.010937
v 0.812230 0.000133 0.011004
v 0.814926 0.000498 0.004614
v 0.810779 0.001000 -0.000000
v 0.000578 -0.000075 -0.183869
v 0.002532 -0.001124 -0.202983
v 0.005913 -0.000570 -0.199953
v 0.005624 -0.001367 -0.209864
v 0.009374 -0.000876 -0.206097
v 0.004844 -0.002654 -0.230691
v 0.005131 -0.001865 -0.217461
v 0.004768 -0.003224 -0.240673
v 0.007946 -0.002943 -0.236920
v 0.011006 -0.000210 -0.203765
v 0.014988 -0.001490 -0.222136
v 0.013097 -0.000525 -0.209864
v 0.011221 -0.002070 -0.224584
v 0.018855 -0.000487 -0.220202
v 0.014942 -0.002219 -0.231790
v 0.021807 -0.001583 -0.233210
v 0.015496 -0.002771 -0.240452
v 0.020619 -0.001016 -0.225600
v 0.021352 -0.002048 -0.237447
v 0.024419 -0.000500 -0.230908
v 0.027285 -0.001454 -0.242091
v 0.029883 -0.000530 -0.241551
v 0.031674 -0.001289 -0.248340
v 0.004713 -0.008218 -0.332700
v 0.014716 -0.008074 -0.332570
v 0.005131 -0.003763 -0.250436
v 0.004734 -0.004448 -0.262610
v 0.004012 -0.006967 -0.307617
v 0.013428 -0.004089 -0.259934
v 0.014753 -0.004781 -0.272766
v 0.017721 -0.006101 -0.297308
v 0.015610 -0.007150 -0.315187
v 0.026030 -0.002535 -0.251094
v 0.022829 -0.004006 -0.266884
v 0.025294 -0.003463 -0.262295
v 0.027217 -0.004852 -0.284448
v 0.027576 -0.006148 -0.305653
v 0.024717 -0.006911 -0.316576
v 0.034719 -0.002439 -0.263482
v 0.033653 -0.003378 -0.272199
v 0.040037 -0.001386 -0.264720
v 0.040315 -0.000528 -0.261993
v 0.033108 -0.004541 -0.286721
v 0.036448 -0.006390 -0.318612
v 0.040885 -0.002769 -0.276442
v 0.050935 -0.001467 -0.286004
v 0.050689 -0.000526 -0.282543
v 0.048420 -0.004748 -0.310893
v 0.046048 -0.003463 -0.292891
v 0.043845 -0.005640 -0.316136
v 0.050623 -0.002709 -0.293497
v 0.059008 -0.001566 -0.302506
v 0.052759 -0.004282 -0.312148
v 0.064087 -0.002346 -0.316131
v 0.062199 -0.000542 -0.305490
v 0.061282 -0.003408 -0.318366
v 0.078013 -0.001647 -0.340567
v 0.009070 -0.010058 -0.371065
v 0.004419 -0.011061 -0.394351
v 0.007337 -0.011193 -0.402908
v 0.014780 -0.008829 -0.347684
v 0.013410 -0.010756 -0.388124
v 0.011146 -0.011104 -0.398047
v 0.025253 -0.008787 -0.352496
v 0.023724 -0.009939 -0.374298
v 0.025807 -0.010625 -0.391113
v 0.023391 -0.010999 -0.406848
v 0.023032 -0.010981 -0.403250
v 0.034170 -0.007747 -0.339968
v 0.037134 -0.009771 -0.380280
v 0.037752 -0.010424 -0.397374
v 0.044164 -0.008780 -0.368337
v 0.043181 -0.010435 -0.408061
v 0.056234 -0.008437 -0.375584
v 0.068109 -0.009027 -0.397938
v 0.055697 -0.009630 -0.397687
v 0.048868 -0.010125 -0.403957
v 0.070292 -0.008454 -0.390082
v 0.067434 -0.009439 -0.405964
v 0.078403 -0.008407 -0.395924
v 0.080871 -0.008757 -0.402677
v 0.056049 -0.007481 -0.360809
v 0.062469 -0.006561 -0.356593
v 0.071526 -0.004683 -0.349512
v 0.073029 -0.003460 -0.341414
v 0.070411 -0.005340 -0.354161
v 0.070382 -0.006481 -0.366174
v 0.067085 -0.007443 -0.373476
v 0.085699 -0.000508 -0.352946
v 0.082357 -0.002475 -0.352637
v 0.080773 -0.003573 -0.355865
v 0.078328 -0.005046 -0.362443
v 0.074801 -0.007545 -0.382340
v 0.079713 -0.006484 -0.376012
v -0.006966 -0.010705 -0.424564
v 0.017347 -0.011686 -0.481692
v 0.012129 -0.011089 -0.409116
v 0.026655 -0.010523 -0.428133
v 0.019187 -0.010676 -0.421709
v 0.067091 -0.012059 -0.492590
v 0.028699 -0.010800 -0.409839
v 0.037397 -0.010492 -0.420185
v 0.041470 -0.010443 -0.433176
v 0.046983 -0.010337 -0.426172
v 0.065909 -0.011610 -0.474430
v 0.048475 -0.010253 -0.411704
v 0.062920 -0.010267 -0.430886
v 0.066123 -0.009731 -0.412907
v 0.063664 -0.010017 -0.421097
v 0.062996 -0.010559 -0.441218
v 0.076341 -0.010796 -0.447631
v 0.080686 -0.009244 -0.410802
v 0.075960 -0.009858 -0.422390
v 0.042345 -0.012242 -0.509016
v 0.013843 -0.011959 -0.530934
v 0.018567 -0.010899 -0.568197
v 0.071537 -0.012202 -0.499759
v 0.064246 -0.010825 -0.570318
v 0.068665 -0.012204 -0.518569
v 0.072659 -0.010984 -0.565865
v 0.081252 -0.012285 -0.508672
v 0.086202 -0.012100 -0.520049
v 0.011502 -0.009319 -0.599226
v 0.005769 -0.007850 -0.638925
v 0.007110 -0.009892 -0.587700
v 0.015000 -0.008004 -0.632872
v 0.027217 -0.010267 -0.580167
v 0.026101 -0.009297 -0.596091
v 0.024029 -0.007293 -0.647049
v 0.050008 -0.009681 -0.586053
v 0.039427 -0.009463 -0.590188
v 0.034216 -0.009072 -0.598073
v 0.035963 -0.007582 -0.632900
v 0.051416 -0.010349 -0.578137
v 0.065454 -0.008398 -0.598353
v 0.046131 -0.008801 -0.598501
v 0.048538 -0.008143 -0.610269
v 0.057372 -0.008267 -0.602178
v 0.077690 -0.010257 -0.577490
v 0.016377 -0.006349 -0.673312
v 0.067262 -0.007293 -0.612108
v 0.047732 -0.005242 -0.673375
v 0.056062 -0.007024 -0.627048
v 0.058704 -0.006125 -0.642414
v 0.061537 -0.005250 -0.655559
v 0.067049 -0.006717 -0.621255
v 0.069187 -0.006203 -0.627554
v 0.071128 -0.007441 -0.608352
v 0.077747 -0.006008 -0.622412
v 0.077377 -0.005495 -0.628168
v 0.082251 -0.004365 -0.637634
v 0.086895 -0.003482 -0.640644
v 0.006342 -0.004561 -0.721102
v 0.014078 -0.004883 -0.710235
v 0.017078 -0.003944 -0.731467
v 0.026336 -0.006062 -0.675325
v 0.026722 -0.005010 -0.699234
v 0.026713 -0.003955 -0.723201
v 0.026502 -0.003250 -0.738103
v 0.036392 -0.005872 -0.671650
v 0.034285 -0.003065 -0.732572
v 0.037402 -0.004570 -0.698865
v 0.049910 -0.004169 -0.691262
v 0.036465 -0.003442 -0.722089
v 0.049816 -0.003004 -0.710623
v 0.041735 -0.002082 -0.736883
v 0.044561 -0.001454 -0.738305
v 0.051581 -0.000527 -0.730898
v 0.060508 -0.004152 -0.675842
v 0.055923 -0.002306 -0.709162
v 0.060896 -0.001241 -0.709763
v 0.062154 -0.000518 -0.710197
v 0.051809 -0.001190 -0.727211
v 0.069144 -0.003434 -0.672079
v 0.063179 -0.002197 -0.697460
v 0.069385 -0.001388 -0.692003
v 0.077411 -0.002462 -0.667867
v 0.082202 -0.001336 -0.666373
v 0.073897 -0.000474 -0.686486
v 0.004959 -0.002957 -0.760949
v 0.005292 -0.002003 -0.783733
v 0.004709 -0.001129 -0.804350
v 0.010905 -0.001100 -0.799946
v 0.004614 -0.000498 -0.814926
v 0.014762 -0.002858 -0.757462
v 0.011515 -0.002038 -0.779300
v 0.020962 -0.002066 -0.768700
v 0.014822 -0.001447 -0.787262
v 0.019921 -0.000878 -0.789337
v 0.017880 -0.000527 -0.795215
v 0.012531 -0.000479 -0.805156
v 0.011004 -0.000133 -0.812230
v 0.025516 -0.002437 -0.754944
v 0.033840 -0.002105 -0.748921
v 0.023309 -0.001573 -0.773542
v 0.030049 -0.000947 -0.770636
v 0.028946 -0.000582 -0.774690
v 0.023283 -0.000527 -0.785585
v 0.021267 -0.000212 -0.791704
v 0.035758 -0.001465 -0.753820
v 0.040775 -0.000509 -0.752130
v 0.033720 -0.000582 -0.765503
v 0.031529 -0.000305 -0.771179
v 0.041114 -0.001011 -0.749291
v 0.000741 -0.000014 -0.832130
v 0.091427 -0.008322 -0.401337
v 0.098947 -0.008409 -0.404412
v 0.112353 -0.008280 -0.404053
v 0.130348 -0.007708 -0.396034
v 0.127589 -0.008693 -0.406596
v 0.143618 -0.008438 -0.399391
v 0.144289 -0.009460 -0.411220
v 0.158835 -0.008333 -0.392820
v 0.163658 -0.009375 -0.403103
v 0.085287 -0.001513 -0.353982
v 0.083507 -0.005528 -0.371887
v 0.085354 -0.003936 -0.363609
v 0.089809 -0.002480 -0.362677
v 0.090714 -0.000948 -0.360549
v 0.092698 -0.004646 -0.373607
v 0.092626 -0.003641 -0.368868
v 0.087407 -0.007406 -0.389726
v 0.089103 -0.006476 -0.382423
v 0.092245 -0.005574 -0.378116
v 0.094353 -0.002553 -0.366726
v 0.095820 -0.001014 -0.365444
v 0.099887 -0.003640 -0.372826
v 0.099515 -0.002542 -0.369693
v 0.101470 -0.001014 -0.368423
v 0.099348 -0.006372 -0.385659
v 0.100041 -0.005176 -0.379127
v 0.099795 -0.007524 -0.395130
v 0.109732 -0.000431 -0.369598
v 0.107373 -0.003713 -0.374910
v 0.108694 -0.002267 -0.371148
v 0.108269 -0.006191 -0.386121
v 0.109279 -0.005137 -0.380566
v 0.107894 -0.007280 -0.394168
v 0.124686 -0.001486 -0.367822
v 0.123368 -0.000496 -0.366909
v 0.118565 -0.005315 -0.381318
v 0.119183 -0.004379 -0.377016
v 0.117936 -0.003240 -0.373134
v 0.117063 -0.001619 -0.369805
v 0.118324 -0.006405 -0.387480
v 0.116982 -0.007279 -0.394281
v 0.128599 -0.003086 -0.370566
v 0.140770 -0.002437 -0.364927
v 0.132678 -0.005448 -0.379199
v 0.132717 -0.004352 -0.374057
v 0.128443 -0.006423 -0.385966
v 0.143687 0.000050 -0.358802
v 0.145988 -0.003416 -0.365851
v 0.143254 -0.001523 -0.361540
v 0.138155 -0.000587 -0.361784
v 0.144123 -0.006844 -0.384645
v 0.149627 -0.000510 -0.357045
v 0.148881 -0.005127 -0.371980
v 0.160668 -0.004412 -0.363815
v 0.154664 -0.006179 -0.376023
v 0.163469 -0.000313 -0.350240
v 0.168803 -0.003398 -0.355948
v 0.162917 -0.001844 -0.353687
v 0.171093 -0.006325 -0.369890
v 0.172896 -0.005287 -0.362614
v 0.165686 -0.007385 -0.380734
v 0.087838 -0.009254 -0.413652
v 0.085138 -0.010092 -0.429881
v 0.091962 -0.011245 -0.458112
v 0.102808 -0.009121 -0.414167
v 0.097250 -0.009785 -0.424341
v 0.102470 -0.010619 -0.440353
v 0.129415 -0.011980 -0.476014
v 0.111480 -0.010112 -0.429176
v 0.114035 -0.009318 -0.416407
v 0.125777 -0.011004 -0.444096
v 0.140672 -0.011512 -0.455089
v 0.127358 -0.009615 -0.418264
v 0.131040 -0.010465 -0.430967
v 0.161555 -0.010430 -0.420276
v 0.140923 -0.012253 -0.485894
v 0.155524 -0.011004 -0.434731
v 0.149108 -0.012312 -0.488205
v 0.178583 -0.012316 -0.477986
v 0.125751 -0.011021 -0.554256
v 0.094453 -0.010604 -0.569098
v 0.107197 -0.012281 -0.497797
v 0.122948 -0.010860 -0.559354
v 0.113256 -0.012257 -0.507644
v 0.120676 -0.010244 -0.569282
v 0.133862 -0.012314 -0.497755
v 0.132679 -0.012147 -0.508932
v 0.151596 -0.009997 -0.565632
v 0.155361 -0.012240 -0.497951
v 0.156266 -0.010326 -0.560303
v 0.169675 -0.010943 -0.545090
v 0.151011 -0.010930 -0.552133
v 0.120540 -0.006855 -0.604664
v 0.078204 -0.006764 -0.613918
v 0.087403 -0.006181 -0.617090
v 0.086458 -0.005316 -0.622987
v 0.088197 -0.004492 -0.628125
v 0.092865 -0.002990 -0.636278
v 0.089229 -0.002505 -0.644979
v 0.090339 -0.001461 -0.649271
v 0.089767 -0.000492 -0.652704
v 0.101987 -0.005949 -0.615607
v 0.098580 -0.005575 -0.617646
v 0.099929 -0.003818 -0.624409
v 0.108003 -0.001685 -0.629375
v 0.097518 -0.002992 -0.630854
v 0.101987 -0.001317 -0.635069
v 0.095617 -0.001491 -0.640993
v 0.098739 -0.000502 -0.639975
v 0.108087 -0.006503 -0.609903
v 0.114067 -0.005580 -0.613952
v 0.112765 -0.002653 -0.623724
v 0.118285 -0.001242 -0.626063
v 0.107727 -0.000469 -0.632597
v 0.117724 -0.000494 -0.627726
v 0.138552 -0.006139 -0.606805
v 0.147712 -0.004488 -0.610541
v 0.134147 -0.002066 -0.619958
v 0.137721 -0.000421 -0.621362
v 0.155366 -0.006352 -0.601545
v 0.154346 -0.005632 -0.605654
v 0.155707 -0.002385 -0.614392
v 0.162799 -0.006995 -0.594162
v 0.162544 -0.004934 -0.605940
v 0.183856 0.000016 -0.000736
v 0.201070 -0.000498 -0.004614
v 0.203767 -0.000133 -0.011004
v 0.210841 -0.001110 -0.004133
v 0.215079 -0.001041 -0.010937
v 0.210841 -0.000479 -0.012531
v 0.228591 -0.001833 -0.005108
v 0.220646 -0.001187 -0.012815
v 0.220781 -0.000527 -0.017880
v 0.224292 -0.000212 -0.021267
v 0.239808 -0.002317 -0.005038
v 0.237727 -0.002011 -0.013384
v 0.231031 -0.001514 -0.015382
v 0.226624 -0.000875 -0.019780
v 0.230411 -0.000527 -0.023283
v 0.246362 -0.002013 -0.021019
v 0.241954 -0.001493 -0.023535
v 0.241306 -0.000582 -0.028946
v 0.244817 -0.000305 -0.031529
v 0.200940 -0.001396 -0.332422
v 0.215928 0.000053 -0.319057
v 0.211751 -0.000692 -0.323452
v 0.225400 -0.000563 -0.314117
v 0.229435 -0.005242 -0.329818
v 0.228142 -0.002861 -0.318946
v 0.236550 -0.001528 -0.308506
v 0.241802 -0.000522 -0.301581
v 0.236426 -0.004308 -0.319612
v 0.240569 -0.006130 -0.328325
v 0.245863 0.000112 -0.296706
v 0.242118 -0.002907 -0.308769
v 0.248380 -0.005124 -0.315312
v 0.251817 -0.006778 -0.325712
v 0.186223 -0.008464 -0.382298
v 0.186151 -0.009351 -0.393177
v 0.196601 -0.010509 -0.406984
v 0.207554 -0.008446 -0.371225
v 0.201831 -0.010059 -0.396455
v 0.221511 -0.009690 -0.380337
v 0.218937 -0.010921 -0.405347
v 0.235140 -0.008376 -0.354325
v 0.229199 -0.009399 -0.371683
v 0.236583 -0.010496 -0.386682
v 0.186230 -0.001834 -0.341889
v 0.176488 -0.000579 -0.344415
v 0.184861 -0.000293 -0.339199
v 0.188614 -0.006297 -0.361185
v 0.186362 -0.003979 -0.349349
v 0.187552 -0.007555 -0.372337
v 0.194812 -0.000520 -0.334413
v 0.191513 -0.005092 -0.352011
v 0.209755 -0.004318 -0.337665
v 0.205900 -0.002957 -0.334195
v 0.210707 -0.005398 -0.342842
v 0.207418 -0.007374 -0.360069
v 0.209474 -0.006307 -0.349809
v 0.228792 -0.006633 -0.340525
v 0.230343 -0.007468 -0.347251
v 0.172977 -0.012045 -0.464423
v 0.177307 -0.012303 -0.487325
v 0.194146 -0.011073 -0.420963
v 0.197681 -0.011708 -0.440305
v 0.195035 -0.012186 -0.486855
v 0.229877 -0.012162 -0.445321
v 0.202367 -0.012264 -0.464622
v 0.205082 -0.012280 -0.477057
v 0.228277 -0.011739 -0.426764
v 0.217425 -0.012310 -0.466837
v 0.236971 -0.011523 -0.414307
v 0.221695 -0.012282 -0.457829
v 0.230921 -0.012239 -0.467059
v 0.252617 -0.012144 -0.433670
v 0.241199 -0.012248 -0.446645
v 0.241238 -0.012291 -0.456780
v 0.278399 -0.010927 -0.499782
v 0.169029 -0.010747 -0.549182
v 0.198622 -0.010808 -0.538061
v 0.191751 -0.010243 -0.549364
v 0.202708 -0.011030 -0.531047
v 0.219449 -0.010874 -0.529762
v 0.230312 -0.006992 -0.571425
v 0.220128 -0.010265 -0.539321
v 0.246859 -0.011003 -0.512516
v 0.228166 -0.011033 -0.520400
v 0.247124 -0.010825 -0.516984
v 0.229600 -0.010171 -0.536439
v 0.247239 -0.006698 -0.567047
v 0.242765 -0.005845 -0.575679
v 0.178827 -0.002805 -0.606870
v 0.164685 -0.001349 -0.614158
v 0.171835 -0.000406 -0.613034
v 0.192005 -0.006402 -0.589491
v 0.182710 -0.005920 -0.595889
v 0.219024 -0.006544 -0.579327
v 0.196705 -0.005417 -0.593038
v 0.197153 -0.001330 -0.604304
v 0.223669 -0.004368 -0.587439
v 0.205235 -0.000429 -0.602807
v 0.214390 -0.005977 -0.585102
v 0.214460 -0.001770 -0.597682
v 0.223578 -0.005553 -0.583404
v 0.232418 -0.001205 -0.593080
v 0.235237 -0.000307 -0.593528
v 0.236310 -0.006207 -0.576180
v 0.241747 -0.002635 -0.585852
v 0.253742 -0.002885 -0.006134
v 0.257807 -0.002329 -0.024710
v 0.249061 -0.001439 -0.028625
v 0.245585 -0.000965 -0.030114
v 0.250493 -0.000582 -0.033720
v 0.261770 -0.003212 -0.004734
v 0.264375 -0.003043 -0.017473
v 0.272477 -0.002315 -0.035176
v 0.262177 -0.001465 -0.035758
v 0.264386 -0.000507 -0.041035
v 0.266706 -0.001011 -0.041114
v 0.280336 -0.002076 -0.042466
v 0.281695 -0.001524 -0.046357
v 0.282272 -0.003842 -0.017190
v 0.277212 -0.003085 -0.029010
v 0.295177 -0.003163 -0.041041
v 0.284203 -0.000538 -0.051132
v 0.286968 -0.001045 -0.051511
v 0.293685 -0.003962 -0.027440
v 0.294372 -0.003491 -0.036054
v 0.300258 -0.002384 -0.051822
v 0.300763 -0.001512 -0.056683
v 0.300312 -0.004779 -0.004937
v 0.305996 -0.004898 -0.013836
v 0.320664 -0.003470 -0.054814
v 0.304539 -0.000538 -0.061499
v 0.307619 -0.001201 -0.061708
v 0.312312 -0.004833 -0.026094
v 0.312390 -0.004360 -0.036597
v 0.320608 -0.004098 -0.047536
v 0.320889 -0.002496 -0.062688
v 0.325993 -0.004963 -0.038230
v 0.335963 -0.004402 -0.054608
v 0.338912 -0.003481 -0.065733
v 0.327352 -0.001434 -0.070943
v 0.326605 -0.000584 -0.072554
v 0.296689 -0.000262 -0.245434
v 0.308347 -0.000533 -0.232060
v 0.301166 -0.000583 -0.241435
v 0.318019 0.000008 -0.215356
v 0.315755 -0.000434 -0.220848
v 0.322849 -0.004318 -0.230887
v 0.313977 -0.003273 -0.237113
v 0.318980 -0.006159 -0.252834
v 0.316651 -0.005146 -0.246189
v 0.310954 -0.004451 -0.248299
v 0.323932 -0.000500 -0.209090
v 0.331310 -0.005240 -0.225724
v 0.329770 -0.006095 -0.237242
v 0.331714 -0.007286 -0.250464
v 0.283383 -0.008778 -0.325579
v 0.292047 -0.007793 -0.303673
v 0.301427 -0.009060 -0.314908
v 0.298967 -0.009943 -0.334565
v 0.314755 -0.008104 -0.284957
v 0.300964 -0.008452 -0.305055
v 0.316977 -0.009796 -0.315697
v 0.325199 -0.008068 -0.272143
v 0.320404 -0.009017 -0.295421
v 0.329674 -0.010433 -0.321382
v 0.333114 -0.008682 -0.274041
v 0.333307 -0.009550 -0.293448
v 0.256460 0.000046 -0.286951
v 0.252175 -0.001986 -0.296966
v 0.251768 -0.000569 -0.292811
v 0.259709 -0.005484 -0.308618
v 0.255492 -0.003917 -0.302477
v 0.267033 0.000063 -0.277202
v 0.269278 -0.002119 -0.282148
v 0.262352 -0.000482 -0.282976
v 0.270733 -0.007275 -0.315935
v 0.277069 0.000043 -0.266881
v 0.272753 -0.000428 -0.272822
v 0.280839 -0.005191 -0.287555
v 0.270572 -0.003877 -0.288855
v 0.272622 -0.006272 -0.304094
v 0.286752 -0.000025 -0.256156
v 0.286423 -0.002320 -0.265485
v 0.282724 -0.000446 -0.262235
v 0.282732 -0.003914 -0.277188
v 0.290908 -0.006172 -0.285908
v 0.291638 -0.007089 -0.295036
v 0.304613 -0.003183 -0.248472
v 0.292661 -0.000581 -0.251323
v 0.299876 -0.005125 -0.266863
v 0.293793 -0.003925 -0.265303
v 0.307334 -0.006273 -0.268852
v 0.315868 -0.007166 -0.269795
v 0.266240 -0.008193 -0.330683
v 0.257679 -0.009793 -0.360922
v 0.269226 -0.011451 -0.394439
v 0.257684 -0.009232 -0.351575
v 0.263564 -0.010734 -0.376818
v 0.269852 -0.010343 -0.363934
v 0.280656 -0.009572 -0.341066
v 0.288900 -0.011177 -0.374106
v 0.284892 -0.011954 -0.407034
v 0.300335 -0.010543 -0.348151
v 0.301880 -0.011699 -0.385836
v 0.322098 -0.010941 -0.343959
v 0.250865 -0.007626 -0.335065
v 0.258088 -0.012269 -0.446408
v 0.251544 -0.012232 -0.456934
v 0.271683 -0.012103 -0.452043
v 0.266861 -0.012192 -0.432779
v 0.278499 -0.012202 -0.436462
v 0.271850 -0.012192 -0.445984
v 0.291355 -0.012130 -0.420100
v 0.288848 -0.012155 -0.426348
v 0.293182 -0.010950 -0.490531
v 0.307472 -0.012021 -0.431216
v 0.306114 -0.010905 -0.483166
v 0.316812 -0.012042 -0.418620
v 0.346478 -0.010195 -0.468886
v 0.320263 -0.011002 -0.470156
v 0.322278 -0.010704 -0.476203
v 0.266799 -0.010832 -0.507274
v 0.262121 -0.010211 -0.519868
v 0.293433 -0.006932 -0.541937
v 0.292620 -0.010155 -0.505295
v 0.291504 -0.010699 -0.496734
v 0.310059 -0.006949 -0.533263
v 0.251694 -0.005427 -0.572880
v 0.265844 -0.005997 -0.563991
v 0.271007 -0.006504 -0.556993
v 0.271898 -0.005547 -0.562527
v 0.302719 -0.000563 -0.562604
v 0.281691 -0.000569 -0.572847
v 0.286662 -0.005998 -0.553771
v 0.291589 -0.006507 -0.546817
v 0.292451 -0.005555 -0.552388
v 0.293168 -0.000556 -0.567261
v 0.306604 -0.006041 -0.543568
v 0.302640 -0.005523 -0.547458
v 0.299186 -0.000265 -0.565221
v 0.320507 -0.006258 -0.533514
v 0.312134 -0.006483 -0.536443
v 0.312936 -0.005564 -0.541863
v 0.318171 -0.003873 -0.544324
v 0.326739 -0.005554 -0.533127
v 0.344733 -0.000562 -0.537603
v 0.323087 -0.000567 -0.551861
v 0.318818 -0.000359 -0.555205
v 0.259079 -0.001868 -0.580168
v 0.252848 -0.001257 -0.584891
v 0.257515 -0.000414 -0.584547
v 0.278111 -0.000295 -0.575218
v 0.398175 -0.008599 -0.015512
v 0.409145 -0.008894 -0.016956
v 0.406351 -0.008508 -0.033090
v 0.410289 -0.008282 -0.051234
v 0.333219 -0.005737 -0.026397
v 0.351064 -0.005415 -0.051575
v 0.339674 -0.002572 -0.072390
v 0.356334 -0.006445 -0.035312
v 0.351383 -0.001379 -0.083327
v 0.353111 -0.000565 -0.085814
v 0.343874 -0.006392 -0.016628
v 0.361620 -0.006971 -0.024734
v 0.358806 -0.005965 -0.049029
v 0.351576 -0.004772 -0.061452
v 0.354160 -0.003790 -0.072647
v 0.357574 -0.002655 -0.081854
v 0.366865 -0.003455 -0.082392
v 0.391446 -0.008140 -0.027400
v 0.382368 -0.007142 -0.046856
v 0.381266 -0.005976 -0.067061
v 0.374026 -0.004825 -0.075445
v 0.382242 -0.005297 -0.077753
v 0.402547 -0.008015 -0.047194
v 0.391362 -0.007005 -0.058953
v 0.400049 -0.007480 -0.059636
v 0.391287 -0.006437 -0.071396
v 0.392599 -0.006339 -0.077627
v 0.404289 -0.007463 -0.076136
v 0.400744 -0.008049 -0.125147
v 0.398074 -0.008591 -0.150636
v 0.413834 -0.008480 -0.091263
v 0.409301 -0.008638 -0.118143
v 0.413732 -0.009394 -0.134707
v 0.348218 0.000001 -0.163093
v 0.356582 -0.000561 -0.147900
v 0.351122 -0.000512 -0.159413
v 0.364500 -0.002482 -0.086945
v 0.362702 -0.001499 -0.089615
v 0.361461 -0.000460 -0.091141
v 0.368671 -0.000081 -0.111208
v 0.367461 -0.000557 -0.117115
v 0.358888 -0.000355 -0.140647
v 0.370782 -0.005396 -0.148795
v 0.366561 -0.006224 -0.170281
v 0.362198 -0.004461 -0.161398
v 0.374368 -0.003566 -0.087398
v 0.369461 -0.001973 -0.093634
v 0.378369 -0.003205 -0.097495
v 0.374314 -0.002432 -0.097369
v 0.370675 -0.000500 -0.101183
v 0.379116 -0.003518 -0.107665
v 0.376121 -0.002498 -0.107757
v 0.370647 -0.000566 -0.107512
v 0.382761 -0.005548 -0.116163
v 0.385146 -0.006232 -0.120739
v 0.376967 -0.006491 -0.150130
v 0.387222 -0.005480 -0.086683
v 0.381100 -0.004095 -0.089384
v 0.392087 -0.006266 -0.094340
v 0.387463 -0.005522 -0.096934
v 0.384036 -0.004515 -0.097490
v 0.381062 -0.003710 -0.097508
v 0.388489 -0.006174 -0.108354
v 0.384592 -0.005409 -0.108274
v 0.392441 -0.007428 -0.130632
v 0.401342 -0.007300 -0.093093
v 0.395778 -0.006622 -0.087007
v 0.394248 -0.006892 -0.107511
v 0.352480 -0.008163 -0.235018
v 0.364898 -0.008577 -0.223387
v 0.383021 -0.008452 -0.183498
v 0.378459 -0.009054 -0.210562
v 0.377628 -0.009583 -0.229962
v 0.394635 -0.009187 -0.179193
v 0.390093 -0.009731 -0.209686
v 0.395218 -0.010375 -0.227865
v 0.404129 -0.009802 -0.179165
v 0.403333 -0.010875 -0.242225
v 0.410448 -0.010668 -0.209788
v 0.337942 -0.000071 -0.183769
v 0.335854 -0.000504 -0.189904
v 0.339346 -0.004536 -0.206873
v 0.337772 -0.003497 -0.202965
v 0.339589 -0.006161 -0.222352
v 0.341382 -0.007084 -0.232995
v 0.340979 -0.000508 -0.179999
v 0.349437 -0.005470 -0.197026
v 0.355698 -0.007057 -0.207990
v 0.363745 -0.005467 -0.166045
v 0.350924 -0.004359 -0.183957
v 0.346516 -0.000514 -0.168828
v 0.352989 -0.006298 -0.200695
v 0.357612 -0.007745 -0.217544
v 0.368083 -0.007149 -0.184681
v 0.381054 -0.007488 -0.163278
v 0.340614 -0.008174 -0.253425
v 0.340290 -0.009215 -0.276925
v 0.344900 -0.010272 -0.300711
v 0.351330 -0.008881 -0.253336
v 0.352684 -0.010942 -0.318524
v 0.355160 -0.009575 -0.266730
v 0.360401 -0.010322 -0.283885
v 0.368195 -0.010137 -0.265903
v 0.371811 -0.010926 -0.296507
v 0.382933 -0.010290 -0.247975
v 0.382288 -0.010871 -0.278901
v 0.382258 -0.011360 -0.310179
v 0.398821 -0.010983 -0.259543
v 0.400688 -0.011299 -0.281686
v 0.404342 -0.011422 -0.289892
v 0.417745 -0.011553 -0.303036
v 0.342370 -0.011366 -0.345290
v 0.333101 -0.011663 -0.366923
v 0.364084 -0.011814 -0.385166
v 0.362466 -0.011411 -0.331752
v 0.352767 -0.011704 -0.360235
v 0.357241 -0.011829 -0.375276
v 0.374048 -0.011399 -0.406813
v 0.392738 -0.011571 -0.325222
v 0.392165 -0.011637 -0.339512
v 0.366858 -0.011740 -0.392404
v 0.411995 -0.011558 -0.330598
v 0.393935 -0.011422 -0.381137
v 0.336348 -0.010896 -0.463126
v 0.335360 -0.011729 -0.425117
v 0.353543 -0.010961 -0.448586
v 0.354060 -0.010600 -0.456681
v 0.365410 -0.010748 -0.443022
v 0.357155 -0.010130 -0.462235
v 0.387868 -0.010966 -0.413352
v 0.376208 -0.006969 -0.488384
v 0.390946 -0.010126 -0.431427
v 0.406886 -0.009302 -0.429714
v 0.409704 -0.007313 -0.454440
v 0.393794 -0.006652 -0.476963
v 0.384396 -0.006472 -0.487083
v 0.388167 -0.005362 -0.491203
v 0.398960 -0.005426 -0.481222
v 0.391634 -0.006167 -0.483806
v 0.408641 -0.006491 -0.465083
v 0.402642 -0.006172 -0.473419
v 0.413306 -0.001408 -0.482420
v 0.338018 -0.006081 -0.523308
v 0.333987 -0.005332 -0.528987
v 0.356263 -0.006896 -0.502997
v 0.342279 -0.006407 -0.517247
v 0.345246 -0.005495 -0.520931
v 0.354310 -0.006495 -0.508401
v 0.357386 -0.005557 -0.512609
v 0.350770 -0.006141 -0.514360
v 0.351237 -0.000420 -0.533599
v 0.369827 -0.005997 -0.502650
v 0.380014 -0.000402 -0.513197
v 0.373029 -0.006398 -0.496676
v 0.376006 -0.005274 -0.501162
v 0.378462 -0.001174 -0.512662
v 0.381260 -0.005999 -0.494360
v 0.389144 -0.001588 -0.503577
v 0.390940 -0.000467 -0.504117
v 0.418868 -0.009101 -0.007850
v 0.414188 -0.008863 -0.024559
v 0.413706 -0.008702 -0.035397
v 0.413622 -0.008405 -0.055856
v 0.415200 -0.008412 -0.070610
v 0.424064 -0.009248 -0.007147
v 0.422125 -0.009085 -0.028809
v 0.428411 -0.009363 -0.048594
v 0.420881 -0.008927 -0.046044
v 0.426034 -0.009254 -0.066551
v 0.424721 -0.009281 -0.083202
v 0.431463 -0.009568 -0.012264
v 0.440712 -0.010065 -0.038199
v 0.436589 -0.009993 -0.072282
v 0.450250 -0.010512 -0.019495
v 0.450374 -0.010659 -0.064133
v 0.457849 -0.010857 -0.035964
v 0.471845 -0.011368 -0.064701
v 0.404267 -0.007583 -0.066458
v 0.422583 -0.009525 -0.109378
v 0.426407 -0.010061 -0.127117
v 0.434752 -0.010107 -0.095475
v 0.431370 -0.010450 -0.135321
v 0.444778 -0.010947 -0.129962
v 0.431553 -0.011227 -0.202742
v 0.455048 -0.010994 -0.092709
v 0.444853 -0.010603 -0.094088
v 0.457746 -0.011304 -0.127954
v 0.467580 -0.011379 -0.097612
v 0.489724 -0.011700 -0.083850
v 0.479576 -0.011593 -0.092079
v 0.483747 -0.011734 -0.143474
v 0.490432 -0.011743 -0.156160
v 0.411948 -0.010310 -0.184198
v 0.426045 -0.010818 -0.178288
v 0.417427 -0.011086 -0.227030
v 0.423726 -0.011363 -0.243440
v 0.436794 -0.011527 -0.236473
v 0.464663 -0.011598 -0.154947
v 0.462510 -0.011682 -0.189462
v 0.448265 -0.011609 -0.249883
v 0.478535 -0.011720 -0.192080
v 0.486392 -0.011648 -0.202441
v 0.468960 -0.011482 -0.255256
v 0.493233 -0.011456 -0.216338
v 0.419730 -0.011478 -0.271843
v 0.424171 -0.011442 -0.329299
v 0.430318 -0.011552 -0.276666
v 0.435341 -0.011519 -0.296371
v 0.462716 -0.011158 -0.293702
v 0.448812 -0.011489 -0.284061
v 0.460868 -0.010951 -0.310595
v 0.472870 -0.011179 -0.276507
v 0.488624 -0.011066 -0.257527
v 0.488187 -0.010693 -0.281662
v 0.486304 -0.009786 -0.319549
v 0.411198 -0.011181 -0.372448
v 0.424033 -0.010756 -0.375599
v 0.399543 -0.010646 -0.411109
v 0.413984 -0.010096 -0.408447
v 0.421295 -0.009408 -0.413675
v 0.434962 -0.011231 -0.331555
v 0.464074 -0.010657 -0.321991
v 0.446628 -0.009228 -0.387350
v 0.451909 -0.010365 -0.351750
v 0.461127 -0.009789 -0.356168
v 0.468078 -0.009317 -0.358102
v 0.469393 -0.008080 -0.379274
v 0.484161 -0.008156 -0.358716
v 0.491333 -0.008924 -0.333596
v 0.457275 -0.007271 -0.405461
v 0.470636 -0.005258 -0.410237
v 0.485591 -0.006885 -0.376419
v 0.488506 -0.006124 -0.381827
v 0.490221 -0.005353 -0.386493
v 0.491139 -0.004502 -0.390934
v 0.489668 -0.002765 -0.400417
v 0.500105 -0.000902 -0.392747
v 0.427074 -0.007553 -0.435396
v 0.441202 -0.008026 -0.413336
v 0.421406 -0.006495 -0.453357
v 0.426227 -0.004273 -0.461832
v 0.404268 -0.002493 -0.487559
v 0.416126 -0.000470 -0.481186
v 0.424627 -0.005486 -0.458081
v 0.431802 -0.000464 -0.467717
v 0.435563 -0.006988 -0.434170
v 0.439959 -0.005755 -0.441987
v 0.437037 -0.005106 -0.448681
v 0.437733 -0.002722 -0.457206
v 0.437088 -0.001391 -0.461595
v 0.439495 -0.000421 -0.460829
v 0.455820 -0.006452 -0.417201
v 0.453560 -0.003510 -0.438624
v 0.454460 -0.005336 -0.428594
v 0.454648 -0.004447 -0.433308
v 0.451813 -0.002211 -0.445181
v 0.454724 -0.001308 -0.444481
v 0.460949 -0.000427 -0.439035
v 0.467914 -0.001464 -0.429333
v 0.467716 -0.000463 -0.431297
v 0.504464 -0.011777 -0.060362
v 0.519251 -0.011737 -0.054157
v 0.536762 -0.011505 -0.028963
v 0.543621 -0.011286 -0.061748
v 0.551835 -0.011139 -0.024751
v 0.548940 -0.010932 -0.101171
v 0.561924 -0.010689 -0.058030
v 0.565742 -0.010327 -0.085769
v 0.566751 -0.010642 -0.017418
v 0.572176 -0.010355 -0.036106
v 0.501459 -0.011757 -0.122148
v 0.505716 -0.011635 -0.159196
v 0.523703 -0.011643 -0.087107
v 0.528767 -0.011437 -0.116146
v 0.526406 -0.011246 -0.153515
v 0.547490 -0.010692 -0.137369
v 0.555115 -0.010363 -0.135886
v 0.559770 -0.009505 -0.173826
v 0.569295 -0.009824 -0.114818
v 0.565584 -0.009647 -0.144471
v 0.576002 -0.008255 -0.172729
v 0.500027 -0.011037 -0.237735
v 0.513217 -0.011261 -0.189256
v 0.509773 -0.011074 -0.214257
v 0.519163 -0.010298 -0.241777
v 0.531599 -0.010757 -0.183967
v 0.529577 -0.010501 -0.207628
v 0.529359 -0.009817 -0.240340
v 0.532121 -0.009198 -0.255818
v 0.543997 -0.010354 -0.175527
v 0.545103 -0.009129 -0.229259
v 0.541902 -0.008427 -0.256728
v 0.544293 -0.009788 -0.205209
v 0.554784 -0.009192 -0.201739
v 0.564912 -0.008255 -0.206100
v 0.554533 -0.007867 -0.243658
v 0.569505 -0.007045 -0.227608
v 0.572906 -0.006115 -0.238855
v 0.574363 -0.005313 -0.246878
v 0.495089 -0.010303 -0.287724
v 0.507692 -0.009790 -0.284528
v 0.502948 -0.009143 -0.310699
v 0.509411 -0.010606 -0.246733
v 0.512995 -0.009213 -0.291881
v 0.511107 -0.007934 -0.323089
v 0.527416 -0.008145 -0.291915
v 0.525763 -0.007248 -0.312203
v 0.527808 -0.006409 -0.321702
v 0.538311 -0.006811 -0.297935
v 0.540603 -0.006070 -0.305048
v 0.541118 -0.005222 -0.313229
v 0.541421 -0.002487 -0.328337
v 0.548288 -0.001388 -0.321091
v 0.551316 -0.006010 -0.285311
v 0.544634 -0.004144 -0.315122
v 0.553081 -0.002744 -0.307583
v 0.551190 -0.000507 -0.317663
v 0.557621 -0.007027 -0.255740
v 0.561997 -0.006161 -0.261729
v 0.552668 -0.005233 -0.291627
v 0.557734 -0.004289 -0.289132
v 0.568798 -0.002513 -0.278015
v 0.563178 -0.000435 -0.296234
v 0.576435 -0.004430 -0.250250
v 0.566247 -0.001449 -0.287997
v 0.573232 -0.000420 -0.277347
v 0.504966 -0.007173 -0.344949
v 0.502445 -0.006249 -0.361447
v 0.505638 -0.001868 -0.383683
v 0.505334 -0.005247 -0.367207
v 0.504773 -0.003499 -0.378503
v 0.512318 -0.002451 -0.372158
v 0.511361 -0.000422 -0.378202
v 0.525963 -0.005946 -0.330106
v 0.529934 -0.005256 -0.330701
v 0.505416 -0.004501 -0.372260
v 0.523518 -0.001482 -0.358553
v 0.531367 -0.004064 -0.336440
v 0.529455 -0.000523 -0.351146
v 0.585280 -0.009893 -0.010853
v 0.583223 -0.009787 -0.041921
v 0.584391 -0.009461 -0.065470
v 0.595920 -0.009017 -0.048231
v 0.592360 -0.008925 -0.066349
v 0.612343 -0.008694 -0.005600
v 0.607273 -0.008708 -0.029949
v 0.608174 -0.008179 -0.053669
v 0.601295 -0.007857 -0.084331
v 0.616804 -0.008445 -0.015761
v 0.625733 -0.007949 -0.026220
v 0.617607 -0.007942 -0.043346
v 0.607191 -0.007822 -0.068628
v 0.619459 -0.006988 -0.066857
v 0.630660 -0.006745 -0.056603
v 0.617296 -0.006696 -0.076665
v 0.637351 -0.007171 -0.038237
v 0.630680 -0.007152 -0.047548
v 0.630690 -0.006064 -0.069151
v 0.631832 -0.005217 -0.079099
v 0.675261 -0.006093 -0.024220
v 0.647231 -0.006245 -0.050830
v 0.643672 -0.005646 -0.063644
v 0.642311 -0.004816 -0.074754
v 0.641302 -0.003978 -0.082676
v 0.658830 -0.006981 -0.005066
v 0.673947 -0.006266 -0.018442
v 0.580252 -0.009068 -0.114275
v 0.577599 -0.008800 -0.142697
v 0.592720 -0.008472 -0.089257
v 0.598517 -0.007577 -0.106394
v 0.584851 -0.007323 -0.175199
v 0.591920 -0.007398 -0.146440
v 0.592941 -0.006536 -0.170913
v 0.602207 -0.006158 -0.145331
v 0.604492 -0.005444 -0.154376
v 0.607015 -0.007149 -0.089628
v 0.616367 -0.006042 -0.090969
v 0.619167 -0.005286 -0.097444
v 0.607540 -0.006424 -0.110004
v 0.615034 -0.005402 -0.107164
v 0.613944 -0.004978 -0.119839
v 0.605372 -0.004912 -0.162052
v 0.617779 -0.000618 -0.165704
v 0.623561 -0.005375 -0.087829
v 0.623685 -0.004422 -0.097996
v 0.625825 -0.003560 -0.101089
v 0.627248 -0.001794 -0.109163
v 0.620803 -0.004081 -0.108095
v 0.618826 -0.003558 -0.120327
v 0.627609 -0.000530 -0.117882
v 0.626021 0.000005 -0.133425
v 0.623826 -0.000448 -0.138161
v 0.627710 -0.005383 -0.081892
v 0.631698 -0.004436 -0.086891
v 0.627707 -0.004426 -0.091759
v 0.632104 -0.003530 -0.093203
v 0.632523 -0.002159 -0.100115
v 0.638308 -0.000204 -0.100856
v 0.632748 -0.000443 -0.106905
v 0.640171 -0.003394 -0.087549
v 0.639557 -0.002362 -0.093241
v 0.642426 -0.001462 -0.094572
v 0.648163 -0.000588 -0.093178
v 0.577364 -0.007055 -0.205571
v 0.582532 -0.006027 -0.214309
v 0.583977 -0.004269 -0.233753
v 0.592303 -0.006090 -0.183396
v 0.587904 -0.005377 -0.209637
v 0.591731 -0.001354 -0.236114
v 0.594403 -0.000248 -0.235896
v 0.604464 -0.004278 -0.173412
v 0.606827 -0.000485 -0.199298
v 0.602421 -0.000572 -0.211318
v 0.616141 0.000000 -0.175327
v 0.613748 -0.000464 -0.179104
v 0.605797 0.000000 -0.205809
v 0.584118 -0.001425 -0.253370
v 0.584384 -0.000434 -0.256540
v 0.669008 -0.005974 -0.035909
v 0.695689 -0.004023 -0.048562
v 0.672921 -0.003460 -0.068396
v 0.659188 -0.002613 -0.081448
v 0.672466 -0.001386 -0.079232
v 0.701957 -0.005336 -0.006225
v 0.687670 -0.004883 -0.041868
v 0.695548 -0.002246 -0.063824
v 0.694215 -0.001475 -0.067861
v 0.709842 -0.004892 -0.014202
v 0.701169 -0.004931 -0.026506
v 0.710566 -0.003271 -0.046912
v 0.704506 -0.003098 -0.052608
v 0.708041 -0.002394 -0.055895
v 0.688925 -0.000690 -0.072652
v 0.711290 -0.003995 -0.036736
v 0.709773 -0.001230 -0.060912
v 0.710567 -0.000528 -0.061941
v 0.722517 -0.003939 -0.027742
v 0.735611 -0.003975 -0.005168
v 0.733813 -0.003841 -0.016919
v 0.723685 -0.003363 -0.036312
v 0.744705 -0.002248 -0.035002
v 0.723274 -0.002489 -0.046126
v 0.728881 -0.001109 -0.051336
v 0.719327 -0.002074 -0.051829
v 0.723054 -0.001426 -0.052925
v 0.734720 -0.003392 -0.026609
v 0.751806 -0.002600 -0.025698
v 0.736273 -0.002080 -0.042096
v 0.730898 -0.000527 -0.051581
v 0.740978 -0.001527 -0.042926
v 0.760735 -0.002959 -0.005084
v 0.754564 -0.002942 -0.016551
v 0.754237 -0.001487 -0.035392
v 0.752130 -0.000509 -0.040775
v 0.749291 -0.001011 -0.041114
v 0.772716 -0.002152 -0.015535
v 0.767582 -0.002083 -0.021495
v 0.774049 -0.001502 -0.023600
v 0.769551 -0.000971 -0.030706
v 0.765503 -0.000582 -0.033720
v 0.783816 -0.002002 -0.005578
v 0.774690 -0.000582 -0.028946
v 0.771179 -0.000305 -0.031529
v 0.780593 -0.002025 -0.010843
v 0.786140 -0.001438 -0.015650
v 0.789337 -0.000878 -0.019921
v 0.785585 -0.000527 -0.023283
v 0.803610 -0.001158 -0.005212
v 0.795215 -0.000527 -0.017880
v 0.791704 -0.000212 -0.021267
v 0.808271 -0.000799 -0.006888
v 0.801430 -0.001044 -0.010850
v 0.805156 -0.000479 -0.012531
v 0.814926 -0.000498 -0.004614
v 0.812230 -0.000133 -0.011004
v 0.832131 -0.000014 -0.000738
v 0.000644 0.000074 -0.183874
v 0.005913 0.000570 -0.199953
v 0.002532 0.001124 -0.202983
v 0.009374 0.000876 -0.206097
v 0.005624 0.001367 -0.209864
v 0.004988 0.001965 -0.219023
v 0.005186 0.002650 -0.230808
v 0.004768 0.003224 -0.240673
v 0.011006 0.000210 -0.203765
v 0.013097 0.000525 -0.209864
v 0.015311 0.001391 -0.221451
v 0.020215 0.000500 -0.222715
v 0.011221 0.002070 -0.224584
v 0.014942 0.002219 -0.231790
v 0.015558 0.003336 -0.249354
v 0.020811 0.001054 -0.226562
v 0.021068 0.002022 -0.236780
v 0.030342 0.000535 -0.242454
v 0.027203 0.001510 -0.242342
v 0.031197 0.001185 -0.246848
v 0.005338 0.003968 -0.254085
v 0.005187 0.005274 -0.277242
v 0.003838 0.006903 -0.307807
v 0.005140 0.007470 -0.320401
v 0.010438 0.004004 -0.256430
v 0.015890 0.004513 -0.269123
v 0.013275 0.005115 -0.277573
v 0.014719 0.006113 -0.296327
v 0.014353 0.007691 -0.327329
v 0.026092 0.002759 -0.253631
v 0.023386 0.003368 -0.258414
v 0.022553 0.004139 -0.268831
v 0.033880 0.004983 -0.294008
v 0.024726 0.005432 -0.291573
v 0.022243 0.005994 -0.299084
v 0.024051 0.007368 -0.326414
v 0.032635 0.002556 -0.260993
v 0.044409 0.000578 -0.270036
v 0.040454 0.001467 -0.265969
v 0.034004 0.003532 -0.274520
v 0.040439 0.002691 -0.275120
v 0.034874 0.006376 -0.317735
v 0.032590 0.007576 -0.337388
v 0.051448 0.001481 -0.287092
v 0.050609 0.002490 -0.291923
v 0.049813 0.003410 -0.298401
v 0.050174 0.004487 -0.310313
v 0.045132 0.005869 -0.321829
v 0.062961 0.002417 -0.314415
v 0.061539 0.003365 -0.318470
v 0.069714 0.001631 -0.323660
v 0.085948 0.000654 -0.353347
v 0.072237 0.004755 -0.351109
v 0.048206 0.008084 -0.363159
v 0.065838 0.006003 -0.354892
v 0.060402 0.007334 -0.365699
v 0.078901 0.003616 -0.353051
v 0.070482 0.006404 -0.366287
v 0.067532 0.007441 -0.375811
v 0.084885 0.001565 -0.353430
v 0.082810 0.002423 -0.352922
v 0.083431 0.004288 -0.364746
v 0.078503 0.005402 -0.366680
v 0.078594 0.006473 -0.375929
v 0.079743 0.007528 -0.387324
v 0.004606 0.008825 -0.349434
v 0.001472 0.009919 -0.375192
v 0.008305 0.010534 -0.395287
v 0.014506 0.008708 -0.349167
v 0.013671 0.009665 -0.371296
v 0.018018 0.010235 -0.388821
v 0.015165 0.010619 -0.405701
v 0.023440 0.008584 -0.350941
v 0.022703 0.009546 -0.372518
v 0.036918 0.008944 -0.369049
v 0.033291 0.009537 -0.380040
v 0.033574 0.010048 -0.395360
v 0.045988 0.010074 -0.411602
v 0.055821 0.008333 -0.376898
v 0.058171 0.009053 -0.393633
v 0.049886 0.009872 -0.407562
v 0.067472 0.008318 -0.388379
v 0.057179 0.009423 -0.401242
v 0.079664 0.008146 -0.394619
v 0.072816 0.008760 -0.399555
v 0.008966 0.010680 -0.423789
v 0.010071 0.010779 -0.439825
v 0.052571 0.011283 -0.479345
v 0.020760 0.010533 -0.404316
v 0.022454 0.010615 -0.427855
v 0.031236 0.010797 -0.446038
v 0.046831 0.011397 -0.497311
v 0.034222 0.010397 -0.417142
v 0.039754 0.010497 -0.430053
v 0.050378 0.010599 -0.440136
v 0.049822 0.010302 -0.426246
v 0.070095 0.011168 -0.470726
v 0.068718 0.009374 -0.408586
v 0.061270 0.010000 -0.421144
v 0.065415 0.010244 -0.431137
v 0.063025 0.010750 -0.449127
v 0.088974 0.008534 -0.403481
v 0.082554 0.009300 -0.413647
v 0.074290 0.009831 -0.421972
v 0.090023 0.011001 -0.460296
v 0.087955 0.011371 -0.485735
v 0.016390 0.010300 -0.566744
v 0.104315 0.011252 -0.519237
v 0.077973 0.010174 -0.560946
v 0.080271 0.011379 -0.506391
v 0.068113 0.010621 -0.549700
v 0.004713 0.007486 -0.638805
v 0.017489 0.007331 -0.639806
v 0.023928 0.006547 -0.658022
v 0.039986 0.007051 -0.634891
v 0.036291 0.006327 -0.654797
v 0.045038 0.007719 -0.618165
v 0.048098 0.006036 -0.650357
v 0.056763 0.007903 -0.609385
v 0.055660 0.006766 -0.629367
v 0.057801 0.005979 -0.641668
v 0.059133 0.005126 -0.656195
v 0.076537 0.007587 -0.605900
v 0.077191 0.006762 -0.616198
v 0.066747 0.006816 -0.621314
v 0.072331 0.005949 -0.628914
v 0.069258 0.005106 -0.643355
v 0.080134 0.005248 -0.630908
v 0.081845 0.003211 -0.649637
v 0.079984 0.004340 -0.640463
v 0.069366 0.004166 -0.657411
v 0.015169 0.009512 -0.587590
v 0.015853 0.008168 -0.619103
v 0.028930 0.008279 -0.612841
v 0.044945 0.009454 -0.583226
v 0.045797 0.008746 -0.597790
v 0.061612 0.008927 -0.589751
v 0.082069 0.009360 -0.577127
v 0.071253 0.008131 -0.600123
v 0.005007 0.004975 -0.710529
v 0.005203 0.003952 -0.736191
v 0.014519 0.005867 -0.682085
v 0.013598 0.004999 -0.707173
v 0.017256 0.003931 -0.731631
v 0.023800 0.005883 -0.676730
v 0.026105 0.005069 -0.697000
v 0.026089 0.003687 -0.729170
v 0.026400 0.002572 -0.751516
v 0.035843 0.005409 -0.678875
v 0.031882 0.004071 -0.715334
v 0.035617 0.002317 -0.742860
v 0.036312 0.003363 -0.723685
v 0.042353 0.004147 -0.700661
v 0.049274 0.003859 -0.696266
v 0.049276 0.003181 -0.708585
v 0.053002 0.001766 -0.720314
v 0.043750 0.002355 -0.729373
v 0.053019 0.000560 -0.728061
v 0.050496 0.001175 -0.729857
v 0.071792 0.003512 -0.663073
v 0.058465 0.001464 -0.712415
v 0.054449 0.002570 -0.708552
v 0.063042 0.000779 -0.707999
v 0.065101 0.002314 -0.691480
v 0.065712 0.001545 -0.697632
v 0.073569 0.000448 -0.686608
v 0.073175 0.001217 -0.684341
v 0.005966 0.002857 -0.762858
v 0.002633 0.003030 -0.759733
v 0.005575 0.002002 -0.783808
v 0.005384 0.001155 -0.803574
v 0.004662 0.000500 -0.814848
v 0.017256 0.002969 -0.753467
v 0.015493 0.002146 -0.772875
v 0.015382 0.001514 -0.784965
v 0.010843 0.002025 -0.780593
v 0.017880 0.000527 -0.795215
v 0.012815 0.001187 -0.795351
v 0.012531 0.000479 -0.805156
v 0.010850 0.001044 -0.801430
v 0.011004 0.000133 -0.812230
v 0.027364 0.001626 -0.766411
v 0.030615 0.000931 -0.769763
v 0.019760 0.001995 -0.771317
v 0.028946 0.000582 -0.774690
v 0.023535 0.001493 -0.774043
v 0.023283 0.000527 -0.785585
v 0.019864 0.000925 -0.788675
v 0.021267 0.000212 -0.791704
v 0.041492 0.001231 -0.746515
v 0.039028 0.000500 -0.755505
v 0.035758 0.001465 -0.753820
v 0.031550 0.000460 -0.770802
v 0.044706 0.000481 -0.744380
v 0.041144 0.002009 -0.739073
v 0.090817 0.000494 -0.360574
v 0.090066 0.002034 -0.362788
v 0.086000 0.003512 -0.363511
v 0.087316 0.005244 -0.374325
v 0.091848 0.005548 -0.378989
v 0.088755 0.006455 -0.382903
v 0.090094 0.007409 -0.391282
v 0.095504 0.000881 -0.365782
v 0.092544 0.003412 -0.369786
v 0.101652 0.000502 -0.368943
v 0.099924 0.002152 -0.371042
v 0.099223 0.003640 -0.374728
v 0.101491 0.004162 -0.377612
v 0.099622 0.005468 -0.381563
v 0.099105 0.006370 -0.386066
v 0.098696 0.007511 -0.394754
v 0.109101 0.000531 -0.369886
v 0.108415 0.002019 -0.372170
v 0.108501 0.003574 -0.376327
v 0.106435 0.004238 -0.378540
v 0.108292 0.005448 -0.382617
v 0.108170 0.006218 -0.386413
v 0.107606 0.007287 -0.393949
v 0.115191 0.000653 -0.368830
v 0.117906 0.003008 -0.373453
v 0.117442 0.005259 -0.380978
v 0.118102 0.006367 -0.386710
v 0.116041 0.007209 -0.393119
v 0.118172 0.008458 -0.404953
v 0.128256 0.000517 -0.365078
v 0.124170 0.001633 -0.368176
v 0.128870 0.004234 -0.374094
v 0.125809 0.005458 -0.379788
v 0.146451 0.006350 -0.377565
v 0.128596 0.006354 -0.384042
v 0.128980 0.007389 -0.392313
v 0.142158 0.000470 -0.359772
v 0.139502 0.001573 -0.362747
v 0.145477 0.004621 -0.369513
v 0.143990 0.005450 -0.373317
v 0.140289 0.007413 -0.388999
v 0.153699 0.001536 -0.356988
v 0.165630 0.000409 -0.348944
v 0.159378 0.000522 -0.352344
v 0.157926 0.005339 -0.366623
v 0.170844 0.006212 -0.364865
v 0.103691 0.008277 -0.403383
v 0.131587 0.008443 -0.402533
v 0.127155 0.009287 -0.413880
v 0.156911 0.009124 -0.401537
v 0.145141 0.009533 -0.411774
v 0.091722 0.009779 -0.424579
v 0.082285 0.010251 -0.434625
v 0.083234 0.010673 -0.447448
v 0.097563 0.009214 -0.414960
v 0.104618 0.010420 -0.438874
v 0.108221 0.010713 -0.446380
v 0.105520 0.011267 -0.470845
v 0.111520 0.009255 -0.415937
v 0.112432 0.009922 -0.426757
v 0.138627 0.011505 -0.481443
v 0.153760 0.011546 -0.489349
v 0.128290 0.009975 -0.424460
v 0.131816 0.010699 -0.439326
v 0.132037 0.011102 -0.453695
v 0.149033 0.010329 -0.423831
v 0.157801 0.011539 -0.468750
v 0.164349 0.010995 -0.433946
v 0.146755 0.011394 -0.462456
v 0.106937 0.010979 -0.532521
v 0.126807 0.010389 -0.548576
v 0.161990 0.011405 -0.505110
v 0.141405 0.009620 -0.561907
v 0.157423 0.011000 -0.524783
v 0.174880 0.009151 -0.561722
v 0.179173 0.008406 -0.570582
v 0.090796 0.005981 -0.617252
v 0.090266 0.006891 -0.608922
v 0.089776 0.004380 -0.630951
v 0.093027 0.005263 -0.622123
v 0.092792 0.003423 -0.634908
v 0.094591 0.001517 -0.642593
v 0.089247 0.002472 -0.644698
v 0.086485 0.003338 -0.642051
v 0.090230 0.000482 -0.651462
v 0.087729 0.001408 -0.652905
v 0.082797 0.002426 -0.654956
v 0.099322 0.007565 -0.598720
v 0.105890 0.005218 -0.616529
v 0.108480 0.002501 -0.628117
v 0.102109 0.003489 -0.627861
v 0.098665 0.004328 -0.625417
v 0.102319 0.001338 -0.635752
v 0.100584 0.002457 -0.633319
v 0.098954 0.000495 -0.639955
v 0.094400 0.002357 -0.639279
v 0.113354 0.007322 -0.597652
v 0.112083 0.006529 -0.604900
v 0.110930 0.001539 -0.629434
v 0.109858 0.003991 -0.621764
v 0.108240 0.000518 -0.632630
v 0.121166 0.004278 -0.616081
v 0.121805 0.005077 -0.611816
v 0.119035 0.005958 -0.607227
v 0.122046 0.001306 -0.625282
v 0.119265 0.002974 -0.622071
v 0.118539 0.000439 -0.627708
v 0.132276 0.003838 -0.614747
v 0.131576 0.002445 -0.619589
v 0.139105 0.000545 -0.620825
v 0.138526 0.001444 -0.619819
v 0.175638 0.003498 -0.604691
v 0.172503 0.007316 -0.584028
v 0.170752 0.006462 -0.591355
v 0.165322 0.001561 -0.613023
v 0.097853 0.008288 -0.590263
v 0.097133 0.008844 -0.582550
v 0.144035 0.008696 -0.575381
v 0.149403 0.008179 -0.580598
v 0.201117 0.000498 -0.004648
v 0.203767 0.000133 -0.011004
v 0.212262 0.001154 -0.005254
v 0.210841 0.000479 -0.012531
v 0.214567 0.001044 -0.010850
v 0.220781 0.000527 -0.017880
v 0.220646 0.001187 -0.012815
v 0.224292 0.000212 -0.021267
v 0.229750 0.001896 -0.005074
v 0.231031 0.001514 -0.015382
v 0.235403 0.002025 -0.010843
v 0.230411 0.000527 -0.023283
v 0.227321 0.000925 -0.019864
v 0.241171 0.002369 -0.005131
v 0.243117 0.002146 -0.015491
v 0.241306 0.000582 -0.028946
v 0.241954 0.001493 -0.023535
v 0.244680 0.001995 -0.019760
v 0.245802 0.000475 -0.031799
v 0.211450 0.000440 -0.322983
v 0.225285 0.000497 -0.313888
v 0.215147 0.001144 -0.321943
v 0.220039 0.005373 -0.332591
v 0.227359 0.005638 -0.328587
v 0.240786 0.000674 -0.302230
v 0.227767 0.001514 -0.314688
v 0.233816 0.006167 -0.326917
v 0.240021 0.005404 -0.319180
v 0.245666 0.006052 -0.317652
v 0.242230 0.006443 -0.324006
v 0.177940 0.001605 -0.345389
v 0.188440 0.005414 -0.351825
v 0.173510 0.005748 -0.360500
v 0.158139 0.007051 -0.378600
v 0.182730 0.000414 -0.340409
v 0.185643 0.006203 -0.356785
v 0.164840 0.007582 -0.381180
v 0.193199 0.000515 -0.335075
v 0.194988 0.001409 -0.335860
v 0.196889 0.006529 -0.354255
v 0.208577 0.005423 -0.340422
v 0.196818 0.005792 -0.348801
v 0.211130 0.006401 -0.344410
v 0.215012 0.006038 -0.338330
v 0.203791 0.007047 -0.355735
v 0.227563 0.006413 -0.333529
v 0.233563 0.006904 -0.334702
v 0.221750 0.009677 -0.376453
v 0.175982 0.009278 -0.395182
v 0.187601 0.010390 -0.405561
v 0.184620 0.010060 -0.401406
v 0.214327 0.010140 -0.386395
v 0.210178 0.010517 -0.395085
v 0.230404 0.010293 -0.379047
v 0.216844 0.010797 -0.397458
v 0.233074 0.010703 -0.384961
v 0.228232 0.011016 -0.396840
v 0.230246 0.011414 -0.412193
v 0.174438 0.010496 -0.415128
v 0.193390 0.010968 -0.416596
v 0.192231 0.011687 -0.476317
v 0.179901 0.011339 -0.439635
v 0.212785 0.011788 -0.453277
v 0.197484 0.011536 -0.491789
v 0.211422 0.011404 -0.423189
v 0.224737 0.011806 -0.441562
v 0.220568 0.011624 -0.481595
v 0.233455 0.011852 -0.455319
v 0.238653 0.011185 -0.495188
v 0.244208 0.011703 -0.470460
v 0.207985 0.007630 -0.570567
v 0.233758 0.007604 -0.561957
v 0.239165 0.006262 -0.572091
v 0.243481 0.005569 -0.574619
v 0.176663 0.010467 -0.536722
v 0.188063 0.011109 -0.513603
v 0.178379 0.009736 -0.551222
v 0.208804 0.008555 -0.559848
v 0.207345 0.010399 -0.529640
v 0.217740 0.011081 -0.506239
v 0.213563 0.009499 -0.544874
v 0.239280 0.008673 -0.546770
v 0.241466 0.010327 -0.518361
v 0.251885 0.009322 -0.532021
v 0.242553 0.009839 -0.527680
v 0.166422 0.004731 -0.602426
v 0.172756 0.000388 -0.612604
v 0.208443 0.006799 -0.578034
v 0.211084 0.005308 -0.586752
v 0.181934 0.006087 -0.590776
v 0.203521 0.004063 -0.594257
v 0.204325 0.000372 -0.603118
v 0.188328 0.001710 -0.606038
v 0.229261 0.004352 -0.584857
v 0.217444 0.006239 -0.579387
v 0.231493 0.002381 -0.590250
v 0.219306 0.000471 -0.598009
v 0.235213 0.000505 -0.593394
v 0.250566 0.004238 -0.576917
v 0.255264 0.002959 -0.005081
v 0.246234 0.000931 -0.030615
v 0.249585 0.001626 -0.027364
v 0.262536 0.002969 -0.017260
v 0.262077 0.002491 -0.025408
v 0.260491 0.000500 -0.039028
v 0.262177 0.001465 -0.035758
v 0.271617 0.000481 -0.044704
v 0.279778 0.003950 -0.005207
v 0.282108 0.003874 -0.015294
v 0.276239 0.003044 -0.028846
v 0.269481 0.001231 -0.041492
v 0.273148 0.002317 -0.035627
v 0.276923 0.002009 -0.041144
v 0.287935 0.000559 -0.053021
v 0.286139 0.001175 -0.050495
v 0.286674 0.002355 -0.043779
v 0.302519 0.004867 -0.005114
v 0.286863 0.003951 -0.020171
v 0.309147 0.005044 -0.012916
v 0.293568 0.003902 -0.028550
v 0.295463 0.003491 -0.036975
v 0.295555 0.001757 -0.052976
v 0.303036 0.003233 -0.045731
v 0.308540 0.004646 -0.026360
v 0.305997 0.002610 -0.053310
v 0.308364 0.000497 -0.063403
v 0.305875 0.001285 -0.060493
v 0.308722 0.003043 -0.051449
v 0.335534 0.005856 -0.025666
v 0.314906 0.004471 -0.036739
v 0.326313 0.004355 -0.048362
v 0.315630 0.002023 -0.062540
v 0.315262 0.001489 -0.064459
v 0.328936 0.002865 -0.064780
v 0.336892 0.004350 -0.055828
v 0.336721 0.001416 -0.075784
v 0.298183 0.000397 -0.244010
v 0.307038 0.000515 -0.233692
v 0.310919 0.005413 -0.250438
v 0.315784 0.000429 -0.220751
v 0.319558 0.005422 -0.239642
v 0.330878 0.000499 -0.198378
v 0.322334 0.000426 -0.210993
v 0.328564 0.005635 -0.227362
v 0.326931 0.006167 -0.233827
v 0.324000 0.006439 -0.242238
v 0.323624 0.006987 -0.250876
v 0.251568 0.000588 -0.292542
v 0.257321 0.006035 -0.307522
v 0.250288 0.005391 -0.310919
v 0.252413 0.006224 -0.313742
v 0.262248 0.000435 -0.282738
v 0.259448 0.005826 -0.304594
v 0.251510 0.006947 -0.322542
v 0.272482 0.000400 -0.272871
v 0.278839 0.005711 -0.287074
v 0.280522 0.006473 -0.291711
v 0.282649 0.000456 -0.262046
v 0.284813 0.006223 -0.284813
v 0.279248 0.006790 -0.296428
v 0.292492 0.000537 -0.251184
v 0.294991 0.006249 -0.274085
v 0.288441 0.005723 -0.277388
v 0.292554 0.006732 -0.282751
v 0.304473 0.005828 -0.259608
v 0.309194 0.006031 -0.255381
v 0.303131 0.006391 -0.266723
v 0.280776 0.010233 -0.341919
v 0.301093 0.009543 -0.314557
v 0.314062 0.009442 -0.300103
v 0.310485 0.010136 -0.315350
v 0.316446 0.011010 -0.330998
v 0.335813 0.010106 -0.289076
v 0.333107 0.010901 -0.312797
v 0.269090 0.010277 -0.352212
v 0.254035 0.010203 -0.361587
v 0.264984 0.011007 -0.371237
v 0.259421 0.010856 -0.370168
v 0.252204 0.011798 -0.418510
v 0.266415 0.011950 -0.420013
v 0.281967 0.010926 -0.355384
v 0.306930 0.012068 -0.396853
v 0.293816 0.011804 -0.387935
v 0.318327 0.012015 -0.380865
v 0.308370 0.012067 -0.412076
v 0.336780 0.012091 -0.380089
v 0.324202 0.012093 -0.398818
v 0.250839 0.011909 -0.446786
v 0.258908 0.011232 -0.485309
v 0.276062 0.011638 -0.460994
v 0.271307 0.011938 -0.440304
v 0.280333 0.011159 -0.477564
v 0.281020 0.012018 -0.422573
v 0.310000 0.011773 -0.436042
v 0.276207 0.011843 -0.448870
v 0.303203 0.011482 -0.452486
v 0.291425 0.010562 -0.488701
v 0.323623 0.009305 -0.492134
v 0.318857 0.009853 -0.486042
v 0.315700 0.011128 -0.457564
v 0.251879 0.005259 -0.572440
v 0.264687 0.006187 -0.561525
v 0.283861 0.006242 -0.551820
v 0.254040 0.006858 -0.560881
v 0.271361 0.005418 -0.562671
v 0.278885 0.001135 -0.572581
v 0.291693 0.008281 -0.526376
v 0.282255 0.000543 -0.572493
v 0.294716 0.006793 -0.541284
v 0.311063 0.004301 -0.546898
v 0.289170 0.005523 -0.553476
v 0.298735 0.000327 -0.565236
v 0.311307 0.007366 -0.525673
v 0.304583 0.006170 -0.541265
v 0.306707 0.005392 -0.544923
v 0.302697 0.000557 -0.562614
v 0.320332 0.005353 -0.536611
v 0.319504 0.000349 -0.554905
v 0.335151 0.007194 -0.511390
v 0.322645 0.006247 -0.529017
v 0.322183 0.004362 -0.539917
v 0.323531 0.000546 -0.551708
v 0.255817 0.010683 -0.503828
v 0.271884 0.009349 -0.522040
v 0.263355 0.008167 -0.542221
v 0.272874 0.010369 -0.502983
v 0.293976 0.009296 -0.510994
v 0.285625 0.009786 -0.507698
v 0.324322 0.008495 -0.503343
v 0.251785 0.001532 -0.584605
v 0.257065 0.000352 -0.584792
v 0.272077 0.000533 -0.577297
v 0.278174 0.000262 -0.575314
v 0.337036 0.006126 -0.016053
v 0.327664 0.004980 -0.039608
v 0.339084 0.005042 -0.047924
v 0.351329 0.004319 -0.065858
v 0.336156 0.002565 -0.070549
v 0.343273 0.005892 -0.034845
v 0.358402 0.003666 -0.076003
v 0.380664 0.008017 -0.004534
v 0.363069 0.005895 -0.053930
v 0.357171 0.005165 -0.060422
v 0.357207 0.002592 -0.081976
v 0.375394 0.004571 -0.078853
v 0.381339 0.007487 -0.036271
v 0.377385 0.006921 -0.046881
v 0.380990 0.005907 -0.067767
v 0.388879 0.008196 -0.020846
v 0.367502 0.003497 -0.082615
v 0.375576 0.005158 -0.072921
v 0.396494 0.007205 -0.059845
v 0.384806 0.005541 -0.077249
v 0.390390 0.006251 -0.072732
v 0.399940 0.008095 -0.042960
v 0.390527 0.005913 -0.080598
v 0.394413 0.006405 -0.077094
v 0.408331 0.008073 -0.053217
v 0.403948 0.007301 -0.068108
v 0.405497 0.007415 -0.077893
v 0.408355 0.008905 -0.018327
v 0.404047 0.008556 -0.029910
v 0.353736 0.000494 -0.086168
v 0.353090 0.001301 -0.084370
v 0.358853 0.000368 -0.140743
v 0.356271 0.000560 -0.148681
v 0.351122 0.000512 -0.159413
v 0.360936 0.000500 -0.090680
v 0.362702 0.001499 -0.089615
v 0.364500 0.002482 -0.086945
v 0.366068 0.000500 -0.096052
v 0.369784 0.002179 -0.092860
v 0.367479 0.000537 -0.117265
v 0.371087 0.005466 -0.148067
v 0.374356 0.003555 -0.087452
v 0.380401 0.004696 -0.082050
v 0.370675 0.000500 -0.101183
v 0.373369 0.002173 -0.097576
v 0.378370 0.003205 -0.097495
v 0.370565 0.000540 -0.107615
v 0.372615 0.001305 -0.108118
v 0.376120 0.002498 -0.107757
v 0.380098 0.003653 -0.105694
v 0.381643 0.005449 -0.117046
v 0.379376 0.005928 -0.128032
v 0.378311 0.006152 -0.134915
v 0.377432 0.006628 -0.149635
v 0.378941 0.007130 -0.158871
v 0.368786 0.006138 -0.160098
v 0.380718 0.003878 -0.091087
v 0.382606 0.004506 -0.087492
v 0.387709 0.005431 -0.087232
v 0.382672 0.004046 -0.098395
v 0.389922 0.006080 -0.096244
v 0.384807 0.005495 -0.107757
v 0.386669 0.006468 -0.119139
v 0.389424 0.007041 -0.126414
v 0.390080 0.005880 -0.087401
v 0.397732 0.006778 -0.086298
v 0.397182 0.007006 -0.099958
v 0.403997 0.009337 -0.156626
v 0.415197 0.009410 -0.126310
v 0.397538 0.009383 -0.173936
v 0.336147 0.000502 -0.189269
v 0.340315 0.005420 -0.208689
v 0.332578 0.005373 -0.220058
v 0.338344 0.006038 -0.215015
v 0.333837 0.006392 -0.226900
v 0.346502 0.000518 -0.168863
v 0.341076 0.000521 -0.179850
v 0.348033 0.005735 -0.197812
v 0.347478 0.006168 -0.202749
v 0.344568 0.006430 -0.211540
v 0.361761 0.005461 -0.168649
v 0.355286 0.005765 -0.183728
v 0.356315 0.006281 -0.188094
v 0.355072 0.006715 -0.198548
v 0.347659 0.006919 -0.214651
v 0.366268 0.006357 -0.169342
v 0.350835 0.009322 -0.254219
v 0.365054 0.008951 -0.225776
v 0.376441 0.009216 -0.212306
v 0.385233 0.009301 -0.197520
v 0.387034 0.010012 -0.213798
v 0.377877 0.009944 -0.227969
v 0.390364 0.010567 -0.227416
v 0.392238 0.010862 -0.237314
v 0.403470 0.010091 -0.183336
v 0.401704 0.011200 -0.240632
v 0.408160 0.010642 -0.196556
v 0.413499 0.010959 -0.202272
v 0.335020 0.008871 -0.267099
v 0.322505 0.010649 -0.315549
v 0.335646 0.011329 -0.328145
v 0.354365 0.010979 -0.294014
v 0.360206 0.010081 -0.258549
v 0.343612 0.009723 -0.272036
v 0.376039 0.011504 -0.298475
v 0.371600 0.010855 -0.268224
v 0.352836 0.010612 -0.283072
v 0.370816 0.011307 -0.291808
v 0.382195 0.011768 -0.315860
v 0.371558 0.010534 -0.256010
v 0.388466 0.011232 -0.264215
v 0.408458 0.011626 -0.265621
v 0.403681 0.011454 -0.256922
v 0.410744 0.011746 -0.280404
v 0.387154 0.011659 -0.298820
v 0.414690 0.011777 -0.303250
v 0.356351 0.011686 -0.329321
v 0.348358 0.011920 -0.400692
v 0.325519 0.011969 -0.414167
v 0.349439 0.011910 -0.350524
v 0.344498 0.012074 -0.386666
v 0.377561 0.011880 -0.336484
v 0.366466 0.011976 -0.363185
v 0.366337 0.011759 -0.393125
v 0.361759 0.011263 -0.420169
v 0.409297 0.011742 -0.326988
v 0.377151 0.011845 -0.372903
v 0.399792 0.011202 -0.383046
v 0.397166 0.011636 -0.361099
v 0.391015 0.011392 -0.384871
v 0.410262 0.010468 -0.398407
v 0.360127 0.007601 -0.489062
v 0.367765 0.008046 -0.478157
v 0.374619 0.006782 -0.486451
v 0.386861 0.005272 -0.488378
v 0.411181 0.007237 -0.450838
v 0.384343 0.006160 -0.484121
v 0.395053 0.004174 -0.487838
v 0.391670 0.002376 -0.498310
v 0.391200 0.000421 -0.503653
v 0.341522 0.011514 -0.426220
v 0.338899 0.010475 -0.460080
v 0.332741 0.010785 -0.456670
v 0.354407 0.009798 -0.462373
v 0.364823 0.010632 -0.437227
v 0.356991 0.009059 -0.472518
v 0.398867 0.008934 -0.440270
v 0.386297 0.010668 -0.418092
v 0.396228 0.009451 -0.434586
v 0.391677 0.009950 -0.429515
v 0.350462 0.006358 -0.508312
v 0.354877 0.004898 -0.514960
v 0.344805 0.000592 -0.537382
v 0.375524 0.001716 -0.512938
v 0.365327 0.003525 -0.513636
v 0.353838 0.000529 -0.531165
v 0.350266 0.000297 -0.534588
v 0.379433 0.004039 -0.501237
v 0.367731 0.005626 -0.501276
v 0.379625 0.000386 -0.513268
v 0.389851 0.001326 -0.503072
v 0.413257 0.008193 -0.057305
v 0.413082 0.008045 -0.066030
v 0.418023 0.009098 -0.007388
v 0.414421 0.008866 -0.024828
v 0.414300 0.008690 -0.035707
v 0.414517 0.008510 -0.046132
v 0.426058 0.009236 -0.072059
v 0.424980 0.009298 -0.006615
v 0.422781 0.009018 -0.034650
v 0.439092 0.009883 -0.028244
v 0.429580 0.009362 -0.044513
v 0.422227 0.008838 -0.055755
v 0.443987 0.010214 -0.050078
v 0.434180 0.009724 -0.061469
v 0.438407 0.010118 -0.074316
v 0.451584 0.010416 -0.020678
v 0.447889 0.010686 -0.086327
v 0.457859 0.010717 -0.044178
v 0.460712 0.011127 -0.096660
v 0.473573 0.011015 -0.018298
v 0.471338 0.011113 -0.059766
v 0.495750 0.011294 -0.044524
v 0.486307 0.011359 -0.080161
v 0.420536 0.009530 -0.113424
v 0.426378 0.010124 -0.122418
v 0.415190 0.010202 -0.158581
v 0.429863 0.010521 -0.134457
v 0.423639 0.010836 -0.170971
v 0.431024 0.009853 -0.087645
v 0.439891 0.010883 -0.131494
v 0.424982 0.011334 -0.205536
v 0.454342 0.011243 -0.128174
v 0.475895 0.011538 -0.127689
v 0.481584 0.011796 -0.184319
v 0.418002 0.011414 -0.227020
v 0.432547 0.011806 -0.251015
v 0.437772 0.011651 -0.209437
v 0.433403 0.011768 -0.235937
v 0.448739 0.011854 -0.246784
v 0.458765 0.011778 -0.185540
v 0.461569 0.011885 -0.222147
v 0.471918 0.011823 -0.184623
v 0.474424 0.011774 -0.236995
v 0.485781 0.011773 -0.209756
v 0.496310 0.011398 -0.234063
v 0.419905 0.011785 -0.284379
v 0.436669 0.011795 -0.274869
v 0.433687 0.011505 -0.317254
v 0.437507 0.011694 -0.293374
v 0.460109 0.011697 -0.266870
v 0.473651 0.011330 -0.275645
v 0.459462 0.011068 -0.309308
v 0.478260 0.010344 -0.313767
v 0.485622 0.011380 -0.254432
v 0.480951 0.011046 -0.281298
v 0.484981 0.010668 -0.293110
v 0.488775 0.009342 -0.326580
v 0.491532 0.009891 -0.308871
v 0.456466 0.007229 -0.404255
v 0.460002 0.006324 -0.410231
v 0.462842 0.007866 -0.388058
v 0.467472 0.005264 -0.410916
v 0.485857 0.007820 -0.359219
v 0.488085 0.005982 -0.379779
v 0.485483 0.006678 -0.375352
v 0.484342 0.003517 -0.401920
v 0.486967 0.004383 -0.393977
v 0.488310 0.005264 -0.385787
v 0.486959 0.002511 -0.403335
v 0.439533 0.011213 -0.327863
v 0.397468 0.010878 -0.399778
v 0.413868 0.009849 -0.410053
v 0.435647 0.009325 -0.395978
v 0.426381 0.008890 -0.414246
v 0.443215 0.010331 -0.361117
v 0.439424 0.010684 -0.353575
v 0.434358 0.009867 -0.385493
v 0.464761 0.008516 -0.375511
v 0.462475 0.009250 -0.364539
v 0.460050 0.009749 -0.355751
v 0.480969 0.008786 -0.349063
v 0.413450 0.007967 -0.440237
v 0.422567 0.006294 -0.449438
v 0.425327 0.005251 -0.454858
v 0.424202 0.002375 -0.469710
v 0.418388 0.000467 -0.479027
v 0.427552 0.001330 -0.469705
v 0.431835 0.007331 -0.430121
v 0.438002 0.006370 -0.434028
v 0.434365 0.003783 -0.454871
v 0.436146 0.000475 -0.463611
v 0.446562 0.005262 -0.434146
v 0.454332 0.004338 -0.431789
v 0.446470 0.001757 -0.451151
v 0.460315 0.000409 -0.439524
v 0.465342 0.001331 -0.432071
v 0.458712 0.003101 -0.433317
v 0.468045 0.000394 -0.430801
v 0.429654 0.008327 -0.419345
v 0.504209 0.011337 -0.086313
v 0.514633 0.011238 -0.092612
v 0.535766 0.010842 -0.077191
v 0.545717 0.010532 -0.091379
v 0.565724 0.010165 -0.032191
v 0.556708 0.010178 -0.086188
v 0.523073 0.011109 -0.100284
v 0.513959 0.011305 -0.182320
v 0.533894 0.010808 -0.134251
v 0.564887 0.009812 -0.090891
v 0.561328 0.009559 -0.150284
v 0.576067 0.008246 -0.171648
v 0.557579 0.008175 -0.231605
v 0.574039 0.007476 -0.207627
v 0.571715 0.006887 -0.230556
v 0.576093 0.005464 -0.242546
v 0.565115 0.006545 -0.250907
v 0.499139 0.011622 -0.183987
v 0.505365 0.011359 -0.214927
v 0.511771 0.010909 -0.239000
v 0.521932 0.011051 -0.188098
v 0.520225 0.010879 -0.220114
v 0.524936 0.010528 -0.230512
v 0.531204 0.010608 -0.205392
v 0.535534 0.009402 -0.247576
v 0.531218 0.010033 -0.237174
v 0.541457 0.010442 -0.166901
v 0.543061 0.009477 -0.228757
v 0.541629 0.009921 -0.214022
v 0.553608 0.009699 -0.179941
v 0.555385 0.009292 -0.198602
v 0.558028 0.008817 -0.210234
v 0.523029 0.008046 -0.301256
v 0.513794 0.006707 -0.335223
v 0.533618 0.008135 -0.281179
v 0.533635 0.006448 -0.308727
v 0.528391 0.005215 -0.329333
v 0.553896 0.007703 -0.251094
v 0.541597 0.006264 -0.297649
v 0.541199 0.006965 -0.288405
v 0.544059 0.005406 -0.302690
v 0.541850 0.004359 -0.315218
v 0.541111 0.001565 -0.330766
v 0.537484 0.003023 -0.330487
v 0.556985 0.005581 -0.277711
v 0.553973 0.004661 -0.291706
v 0.552826 0.002832 -0.306098
v 0.551794 0.000425 -0.316404
v 0.560644 0.006966 -0.252401
v 0.567926 0.005565 -0.257465
v 0.563184 0.000431 -0.295985
v 0.569283 0.002517 -0.276569
v 0.573701 0.000429 -0.276314
v 0.555526 0.001755 -0.306167
v 0.501472 0.010943 -0.256279
v 0.500194 0.010432 -0.279755
v 0.507936 0.008352 -0.318899
v 0.514282 0.010527 -0.252510
v 0.510214 0.009314 -0.295798
v 0.522527 0.009450 -0.271236
v 0.514144 0.009956 -0.272421
v 0.508295 0.007314 -0.335166
v 0.499605 0.001420 -0.391413
v 0.501691 0.000486 -0.390515
v 0.515467 0.006085 -0.340119
v 0.505002 0.005144 -0.364145
v 0.503609 0.003362 -0.378346
v 0.512630 0.001444 -0.373610
v 0.509006 0.004357 -0.364590
v 0.510940 0.000333 -0.378396
v 0.531386 0.000408 -0.348142
v 0.508096 0.002468 -0.376500
v 0.608650 0.007922 -0.059985
v 0.605253 0.007376 -0.087403
v 0.617667 0.007817 -0.045731
v 0.619488 0.006807 -0.070623
v 0.620392 0.007131 -0.061813
v 0.615947 0.006520 -0.083074
v 0.610824 0.007212 -0.077806
v 0.624644 0.005878 -0.079246
v 0.622175 0.008223 -0.011710
v 0.622186 0.007957 -0.030347
v 0.633928 0.007284 -0.039140
v 0.633335 0.006762 -0.053775
v 0.634350 0.005972 -0.066950
v 0.635368 0.004388 -0.083581
v 0.630950 0.005533 -0.076073
v 0.642289 0.006141 -0.057619
v 0.640013 0.005112 -0.073408
v 0.658190 0.003537 -0.076591
v 0.664470 0.006817 -0.005617
v 0.660139 0.006873 -0.016327
v 0.669416 0.006293 -0.027242
v 0.656542 0.006038 -0.047924
v 0.668614 0.002595 -0.076530
v 0.658819 0.004041 -0.072352
v 0.580977 0.009604 -0.035215
v 0.579441 0.009275 -0.074592
v 0.594916 0.008909 -0.045947
v 0.588245 0.008858 -0.071781
v 0.589870 0.008255 -0.102210
v 0.599736 0.008157 -0.072688
v 0.611485 0.008514 -0.021908
v 0.588246 0.007799 -0.140328
v 0.591759 0.006724 -0.173162
v 0.586535 0.007291 -0.172566
v 0.597472 0.007516 -0.108644
v 0.603719 0.006818 -0.111392
v 0.595414 0.007023 -0.144915
v 0.605225 0.005418 -0.155249
v 0.601976 0.006173 -0.148615
v 0.613590 0.005702 -0.106023
v 0.609006 0.006315 -0.106840
v 0.610888 0.005390 -0.125374
v 0.605794 0.004967 -0.162154
v 0.612435 0.003192 -0.156859
v 0.624791 0.005086 -0.088630
v 0.617669 0.006026 -0.088814
v 0.624059 0.004139 -0.098160
v 0.618743 0.005344 -0.097387
v 0.624817 0.002369 -0.109661
v 0.619833 0.004369 -0.106756
v 0.616229 0.005082 -0.108778
v 0.624085 0.000404 -0.137539
v 0.615906 0.004452 -0.120697
v 0.617702 0.000565 -0.166390
v 0.636850 0.003389 -0.089640
v 0.630089 0.004673 -0.085579
v 0.634308 0.001371 -0.100940
v 0.630972 0.002583 -0.099303
v 0.629222 0.003589 -0.095062
v 0.632767 0.000441 -0.106881
v 0.628196 0.001646 -0.108053
v 0.627513 0.000549 -0.118079
v 0.641405 0.001325 -0.095691
v 0.638816 0.002512 -0.092967
v 0.640513 0.000441 -0.098647
v 0.648109 0.000551 -0.093199
v 0.651907 0.001588 -0.089103
v 0.574070 0.009218 -0.107685
v 0.573942 0.008758 -0.150508
v 0.582533 0.008732 -0.104238
v 0.580864 0.006475 -0.215343
v 0.585608 0.005575 -0.217212
v 0.576153 0.006144 -0.234084
v 0.592280 0.006267 -0.184302
v 0.584828 0.006045 -0.213441
v 0.594484 0.000190 -0.235843
v 0.585759 0.001664 -0.248411
v 0.599986 0.005412 -0.175003
v 0.585622 0.005090 -0.222422
v 0.603194 0.000457 -0.209826
v 0.596827 0.000602 -0.227237
v 0.606340 0.004268 -0.168258
v 0.613747 0.000470 -0.179105
v 0.606867 0.000500 -0.199059
v 0.584544 0.000322 -0.256246
v 0.572544 0.003995 -0.261117
v 0.666517 0.006141 -0.035355
v 0.660017 0.005042 -0.061140
v 0.677489 0.005020 -0.047829
v 0.672582 0.001564 -0.078616
v 0.691655 0.003528 -0.056607
v 0.673218 0.004400 -0.059451
v 0.675813 0.003488 -0.066439
v 0.705457 0.005179 -0.007300
v 0.700429 0.004975 -0.026091
v 0.692535 0.004871 -0.037520
v 0.688800 0.001250 -0.071484
v 0.691957 0.000531 -0.071269
v 0.691630 0.004118 -0.050277
v 0.698960 0.002257 -0.062015
v 0.711476 0.004836 -0.013717
v 0.719188 0.003613 -0.036157
v 0.715054 0.003258 -0.043906
v 0.708155 0.001205 -0.061864
v 0.712478 0.000536 -0.060978
v 0.702951 0.001452 -0.063501
v 0.721756 0.003984 -0.027568
v 0.718916 0.002154 -0.051440
v 0.731135 0.003945 -0.017469
v 0.728129 0.001156 -0.051520
v 0.723274 0.002489 -0.046126
v 0.732867 0.000537 -0.050576
v 0.723054 0.001426 -0.052925
v 0.753950 0.003224 -0.004885
v 0.739631 0.003071 -0.028523
v 0.737767 0.002074 -0.041265
v 0.670531 0.000653 -0.081894
v 0.741745 0.001547 -0.042297
v 0.751874 0.002061 -0.032485
v 0.744038 0.000500 -0.044874
v 0.762244 0.002885 -0.006135
v 0.751535 0.003046 -0.017475
v 0.753920 0.002491 -0.025408
v 0.754945 0.000487 -0.039320
v 0.753820 0.001465 -0.035758
v 0.749291 0.001011 -0.041114
v 0.771308 0.002111 -0.018148
v 0.765503 0.001550 -0.028387
v 0.770629 0.000477 -0.031632
v 0.769769 0.000931 -0.030612
v 0.776189 0.002317 -0.005038
v 0.774690 0.000582 -0.028946
v 0.773756 0.001447 -0.024240
v 0.787281 0.001842 -0.005022
v 0.789337 0.000878 -0.019920
v 0.784965 0.001514 -0.015382
v 0.780593 0.002025 -0.010843
v 0.785585 0.000527 -0.023283
v 0.795215 0.000527 -0.017880
v 0.800765 0.001044 -0.011024
v 0.791704 0.000212 -0.021267
v 0.808271 0.000799 -0.006888
v 0.805156 0.001110 -0.004133
v 0.805156 0.000479 -0.012531
v 0.814926 0.000498 -0.004614
v 0.812230 0.000133 -0.011004
vn -0.0589 -0.9945 0.0863
vn -0.0759 -0.9887 0.1290
vn -0.0660 -0.9926 0.1016
vn -0.0501 -0.9966 0.0651
vn -0.0450 -0.9980 0.0443
vn -0.0435 -0.9979 0.0480
vn -0.0634 -0.9935 0.0944
vn -0.0758 -0.9890 0.1272
vn -0.0651 -0.9918 0.1101
vn -0.0375 -0.9992 0.0156
vn -0.0391 -0.9989 0.0261
vn -0.0400 -0.9987 0.0314
vn -0.0400 -0.9990 0.0212
vn -0.0887 -0.9809 0.1731
vn -0.1046 -0.9749 0.1967
vn -0.0522 -0.9957 0.0766
vn -0.0507 -0.9963 0.0700
vn -0.6763 -0.6677 0.3111
vn -0.4354 -0.8735 0.2180
vn -0.7079 -0.6117 0.3531
vn -0.8049 -0.5476 0.2284
vn -0.4265 -0.8936 0.1395
vn -0.9439 0.0041 0.3302
vn -0.4685 -0.8747 0.1241
vn -0.2768 -0.9573 0.0837
vn -0.2520 -0.9638 0.0868
vn -0.3506 -0.9279 0.1266
vn -0.1791 -0.9821 0.0578
vn -0.2178 -0.9744 0.0563
vn -0.2005 -0.9766 0.0780
vn -0.2759 -0.9546 0.1126
vn -0.1538 -0.9865 0.0567
vn -0.1376 -0.9887 0.0587
vn -0.1793 -0.9806 0.0795
vn -0.0822 -0.9964 0.0190
vn -0.0845 -0.9963 0.0159
vn -0.0931 -0.9954 0.0237
vn -0.0804 -0.9967 0.0133
vn -0.0678 -0.9976 0.0101
vn -0.3332 -0.9028 0.2719
vn -0.3693 -0.9081 0.1975
vn -0.6263 -0.6648 0.4071
vn -0.5295 -0.6290 0.5692
vn -0.8095 -0.5445 0.2198
vn -0.4475 -0.8812 0.1522
vn -0.3247 -0.9421 0.0836
vn -0.4946 -0.8601 0.1248
vn -0.3000 -0.9485 0.1016
vn -0.2341 -0.9700 0.0655
vn -0.2067 -0.9749 0.0830
vn -0.1666 -0.9845 0.0547
vn -0.3159 -0.9456 0.0782
vn -0.1801 -0.9828 0.0400
vn -0.1340 -0.9890 0.0619
vn -0.1200 -0.9920 0.0389
vn -0.0911 -0.9954 0.0285
vn -0.1092 -0.9937 0.0246
vn -0.1280 -0.9909 0.0414
vn -0.1538 -0.9874 0.0371
vn -0.1035 -0.9943 0.0248
vn -0.1211 -0.9922 0.0281
vn -0.0547 -0.9983 0.0194
vn -0.0564 -0.9980 0.0274
vn -0.0437 -0.9989 0.0179
vn -0.0447 -0.9989 0.0113
vn -0.0674 -0.9975 0.0204
vn -0.0565 -0.9983 0.0129
vn -0.0683 -0.9976 0.0121
vn -0.0543 -0.9985 0.0061
vn -0.0485 -0.9988 0.0048
vn -0.1145 -0.9809 0.1573
vn -0.1462 -0.9648 0.2184
vn -0.0662 -0.9947 0.0788
vn -0.0419 -0.9989 0.0231
vn -0.0410 -0.9985 0.0354
vn -0.0915 -0.9897 0.1099
vn -0.0501 -0.9980 0.0386
vn -0.0842 -0.9954 0.0449
vn -0.0610 -0.9973 0.0404
vn -0.0765 -0.9965 0.0328
vn -0.7490 -0.4885 0.4477
vn -0.4868 -0.8178 0.3070
vn -0.8133 -0.2159 0.5403
vn -0.3411 -0.9069 0.2471
vn -0.4863 -0.8105 0.3264
vn -0.3187 -0.9261 0.2017
vn -0.2445 -0.9587 0.1453
vn -0.1678 -0.9806 0.1017
vn -0.2267 -0.9626 0.1485
vn -0.2667 -0.9442 0.1935
vn -0.1767 -0.9773 0.1168
vn -0.5017 -0.7753 0.3836
vn -0.1489 -0.9834 0.1038
vn -0.2061 -0.9671 0.1492
vn -0.1084 -0.9918 0.0670
vn -0.1036 -0.9920 0.0717
vn -0.1315 -0.9877 0.0841
vn -0.7919 -0.1198 0.5988
vn -0.4819 -0.7844 0.3906
vn -0.7226 -0.3292 0.6079
vn -0.1169 -0.9890 0.0906
vn -0.1525 -0.9808 0.1213
vn -0.0893 -0.9944 0.0565
vn -0.0830 -0.9948 0.0592
vn -0.0882 -0.9951 0.0438
vn -0.0738 -0.9965 0.0382
vn -0.0850 -0.9953 0.0472
vn -0.0743 -0.9961 0.0474
vn -0.0445 -0.9987 0.0248
vn -0.0584 -0.9977 0.0337
vn -0.0604 -0.9977 0.0307
vn -0.0518 -0.9984 0.0239
vn -0.0473 -0.9984 0.0294
vn -0.0308 -0.9994 0.0173
vn -0.0408 -0.9989 0.0218
vn -0.7045 -0.6042 0.3723
vn -0.2420 -0.9639 0.1106
vn -0.2051 -0.9737 0.0995
vn -0.2781 -0.9496 0.1443
vn -0.3985 -0.8902 0.2207
vn -0.2154 -0.9703 0.1101
vn -0.1694 -0.9817 0.0865
vn -0.2006 -0.9733 0.1112
vn -0.1022 -0.9935 0.0505
vn -0.1148 -0.9914 0.0621
vn -0.1207 -0.9911 0.0567
vn -0.0965 -0.9938 0.0545
vn -0.1396 -0.9871 0.0786
vn -0.0987 -0.9944 0.0369
vn -0.0839 -0.9959 0.0328
vn -0.1003 -0.9940 0.0435
vn -0.0869 -0.9958 0.0289
vn -0.0680 -0.9973 0.0278
vn -0.0784 -0.9963 0.0358
vn -0.0300 -0.9994 0.0160
vn -0.0384 -0.9991 0.0183
vn -0.1203 -0.9917 0.0457
vn -0.0487 -0.9988 0.0109
vn -0.0697 -0.9974 0.0156
vn -0.0516 -0.9986 0.0060
vn -0.0409 -0.9992 0.0034
vn -0.0213 -0.9997 0.0089
vn -0.0338 -0.9993 0.0132
vn -0.0322 -0.9994 0.0090
vn 0.0070 -1.0000 -0.0009
vn -0.0148 -0.9999 0.0029
vn -0.0015 -1.0000 -0.0015
vn -0.0336 -0.9994 0.0015
vn -0.0439 -0.9990 0.0006
vn -0.0248 -0.9997 0.0024
vn -0.0298 -0.9995 0.0046
vn -0.0226 -0.9997 0.0001
vn -0.0335 -0.9994 -0.0012
vn -0.0159 -0.9999 0.0006
vn 0.0048 -1.0000 -0.0000
vn -0.0121 -0.9999 -0.0005
vn 0.0184 -0.9998 -0.0024
vn -0.0589 -0.9967 0.0557
vn -0.0591 -0.9964 0.0615
vn -0.0671 -0.9951 0.0724
vn -0.2956 -0.9219 0.2504
vn -0.3481 -0.8854 0.3080
vn -0.2102 -0.9623 0.1727
vn -0.1557 -0.9780 0.1387
vn -0.1966 -0.9622 0.1883
vn -0.2978 -0.9055 0.3024
vn -0.1390 -0.9816 0.1311
vn -0.1117 -0.9890 0.0965
vn -0.1041 -0.9897 0.0984
vn -0.1353 -0.9805 0.1424
vn -0.3402 -0.8552 0.3910
vn -0.2369 -0.9323 0.2732
vn -0.1827 -0.9625 0.2005
vn -0.1291 -0.9804 0.1486
vn -0.1017 -0.9894 0.1037
vn -0.0793 -0.9929 0.0884
vn -0.1011 -0.9884 0.1131
vn -0.0761 -0.9944 0.0736
vn -0.1547 -0.9693 0.1909
vn -0.1966 -0.9518 0.2354
vn -0.0663 -0.9966 0.0492
vn -0.0535 -0.9978 0.0398
vn -0.0581 -0.9975 0.0390
vn -0.0490 -0.9979 0.0420
vn -0.0617 -0.9966 0.0539
vn -0.0426 -0.9985 0.0339
vn -0.0422 -0.9987 0.0290
vn -0.0274 -0.9993 0.0242
vn -0.0357 -0.9989 0.0314
vn -0.0347 -0.9991 0.0262
vn -0.0392 -0.9985 0.0377
vn -0.0468 -0.9978 0.0479
vn -0.0312 -0.9990 0.0324
vn -0.0930 -0.9929 0.0743
vn -0.0755 -0.9952 0.0616
vn -0.0852 -0.9934 0.0764
vn -0.0700 -0.9967 0.0409
vn -0.0307 -0.9993 0.0208
vn -0.0361 -0.9991 0.0221
vn -0.0251 -0.9995 0.0197
vn -0.0182 -0.9997 0.0164
vn -0.0213 -0.9997 0.0151
vn 0.0090 -0.9999 -0.0062
vn 0.0008 -1.0000 -0.0003
vn 0.0109 -0.9999 -0.0051
vn 0.0190 -0.9998 -0.0113
vn -0.0186 -0.9998 0.0098
vn -0.0291 -0.9995 0.0138
vn 0.0108 -0.9999 -0.0021
vn -0.0026 -1.0000 0.0040
vn 0.0076 -1.0000 -0.0003
vn -0.0044 -1.0000 0.0043
vn -0.0117 -0.9999 0.0080
vn -0.0105 -0.9999 0.0072
vn 0.0011 -1.0000 0.0008
vn 0.0026 -1.0000 0.0006
vn 0.0142 -0.9999 -0.0045
vn 0.0227 -0.9997 -0.0097
vn 0.0342 -0.9993 -0.0143
vn 0.0269 -0.9996 -0.0098
vn 0.0151 -0.9999 -0.0036
vn -0.0100 -0.9999 0.0035
vn -0.0016 -1.0000 0.0001
vn 0.0204 -0.9998 -0.0068
vn 0.0079 -1.0000 -0.0019
vn 0.0330 -0.9994 -0.0073
vn 0.0210 -0.9998 -0.0039
vn 0.0366 -0.9993 -0.0121
vn 0.0808 -0.9966 -0.0167
vn 0.0900 -0.9957 -0.0239
vn 0.0731 -0.9971 -0.0193
vn 0.0477 -0.9988 -0.0090
vn 0.0782 -0.9969 -0.0091
vn 0.0851 -0.9963 -0.0078
vn 0.0985 -0.9949 -0.0227
vn 0.0205 -0.9998 -0.0001
vn 0.0430 -0.9991 -0.0000
vn 0.0688 -0.9976 -0.0001
vn 0.0336 -0.9994 -0.0054
vn 0.0524 -0.9986 -0.0083
vn 0.0815 -0.9967 -0.0001
vn 0.0729 -0.9973 0.0010
vn 0.0511 -0.9987 0.0040
vn 0.0883 -0.9961 -0.0060
vn -0.2542 -0.9139 0.3165
vn -0.1940 -0.9459 0.2602
vn -0.3532 -0.8096 0.4688
vn -0.2490 -0.9017 0.3535
vn -0.1580 -0.9624 0.2209
vn -0.2004 -0.9339 0.2960
vn -0.3639 -0.7536 0.5475
vn -0.2520 -0.8838 0.3941
vn -0.0947 -0.9874 0.1267
vn -0.0684 -0.9932 0.0943
vn -0.0963 -0.9859 0.1371
vn -0.1504 -0.9620 0.2280
vn -0.0474 -0.9974 0.0536
vn -0.0590 -0.9958 0.0695
vn -0.0365 -0.9985 0.0418
vn -0.0647 -0.9946 0.0810
vn -0.0251 -0.9993 0.0278
vn -0.0284 -0.9990 0.0343
vn -0.0408 -0.9978 0.0520
vn -0.0487 -0.9967 0.0652
vn -0.0495 -0.9969 0.0607
vn -0.0312 -0.9987 0.0411
vn -0.0244 -0.9992 0.0319
vn -0.1231 -0.9796 0.1586
vn -0.0807 -0.9915 0.1017
vn -0.0107 -0.9999 0.0081
vn -0.0087 -0.9999 0.0073
vn -0.0152 -0.9997 0.0179
vn -0.0223 -0.9995 0.0232
vn -0.0185 -0.9995 0.0242
vn -0.0034 -1.0000 0.0073
vn -0.0109 -0.9998 0.0155
vn -0.0109 -0.9999 0.0122
vn 0.0024 -1.0000 0.0011
vn -0.0017 -1.0000 0.0044
vn 0.0155 -0.9998 -0.0139
vn 0.0085 -0.9999 -0.0063
vn 0.0094 -0.9999 -0.0083
vn 0.0007 -1.0000 -0.0008
vn 0.0179 -0.9997 -0.0139
vn 0.0250 -0.9995 -0.0194
vn 0.0265 -0.9995 -0.0171
vn 0.0215 -0.9996 -0.0190
vn 0.0343 -0.9991 -0.0262
vn 0.0364 -0.9991 -0.0222
vn 0.0463 -0.9984 -0.0328
vn 0.0289 -0.9992 -0.0260
vn 0.0417 -0.9985 -0.0364
vn 0.0562 -0.9975 -0.0422
vn 0.0554 -0.9974 -0.0465
vn 0.0828 -0.9949 -0.0585
vn 0.0706 -0.9963 -0.0494
vn 0.0264 -0.9993 -0.0257
vn 0.0194 -0.9996 -0.0187
vn 0.0541 -0.9972 -0.0513
vn 0.0662 -0.9961 -0.0579
vn 0.0863 -0.9941 -0.0663
vn 0.0380 -0.9991 -0.0186
vn 0.0234 -0.9996 -0.0142
vn 0.0481 -0.9985 -0.0275
vn 0.0616 -0.9976 -0.0322
vn 0.0501 -0.9985 -0.0238
vn 0.0675 -0.9973 -0.0290
vn 0.0739 -0.9965 -0.0379
vn 0.0804 -0.9962 -0.0339
vn 0.0864 -0.9953 -0.0438
vn 0.0589 -0.9976 -0.0371
vn 0.0719 -0.9964 -0.0446
vn 0.0994 -0.9936 -0.0531
vn 0.0922 -0.9949 -0.0421
vn 0.1108 -0.9924 -0.0531
vn 0.1341 -0.9884 -0.0716
vn 0.1055 -0.9923 -0.0646
vn 0.1810 -0.9788 -0.0961
vn 0.1475 -0.9869 -0.0659
vn 0.1976 -0.9765 -0.0859
vn 0.2401 -0.9638 -0.1159
vn 0.3743 -0.9072 -0.1923
vn 0.7884 -0.4673 -0.4000
vn 0.4389 -0.8601 -0.2600
vn 0.1650 -0.9808 -0.1044
vn 0.1064 -0.9916 -0.0741
vn 0.1386 -0.9870 -0.0808
vn 0.0830 -0.9961 -0.0281
vn 0.0934 -0.9951 -0.0338
vn 0.1091 -0.9936 -0.0295
vn 0.1521 -0.9875 -0.0413
vn 0.1072 -0.9936 -0.0365
vn 0.1205 -0.9917 -0.0451
vn 0.1542 -0.9865 -0.0547
vn 0.2600 -0.9644 -0.0490
vn 0.2078 -0.9754 -0.0739
vn 0.2319 -0.9711 -0.0557
vn 0.1756 -0.9835 0.0425
vn 0.1863 -0.9824 0.0113
vn 0.5996 -0.7739 0.2040
vn 0.5762 -0.8139 -0.0742
vn 0.2593 -0.9613 0.0934
vn 0.2673 -0.9574 -0.1094
vn 0.2804 -0.9551 -0.0952
vn 0.3646 -0.9218 -0.1316
vn 0.6263 -0.7434 -0.2348
vn 0.4316 -0.8831 -0.1841
vn 0.7137 -0.6712 -0.2005
vn 0.3051 -0.9417 -0.1416
vn 0.0319 -0.9994 0.0161
vn 0.0416 -0.9987 0.0280
vn 0.0589 -0.9982 0.0146
vn 0.0402 -0.9992 0.0040
vn 0.0407 -0.9991 0.0145
vn 0.0031 -0.9997 0.0246
vn 0.0523 -0.9976 0.0448
vn 0.0692 -0.9974 0.0221
vn 0.0433 -0.9984 0.0359
vn 0.0603 -0.9960 0.0663
vn 0.0733 -0.9965 0.0407
vn 0.0459 -0.9980 0.0432
vn 0.0432 -0.9986 0.0305
vn 0.0441 -0.9984 0.0360
vn 0.0416 -0.9989 0.0226
vn 0.0694 -0.9910 0.1142
vn 0.0960 -0.9795 0.1773
vn 0.0809 -0.9870 0.1387
vn 0.0500 -0.9970 0.0593
vn 0.0495 -0.9972 0.0567
vn 0.0411 -0.9990 0.0187
vn 0.0476 -0.9976 0.0511
vn -0.0524 -0.9958 0.0751
vn -0.0424 -0.9972 0.0624
vn -0.0347 -0.9978 0.0562
vn -0.0437 -0.9963 0.0738
vn -0.0286 -0.9987 0.0420
vn -0.0365 -0.9980 0.0508
vn -0.0244 -0.9988 0.0431
vn -0.0294 -0.9980 0.0563
vn -0.1712 -0.9432 0.2848
vn -0.1135 -0.9783 0.1734
vn -0.1245 -0.9765 0.1758
vn -0.0839 -0.9891 0.1214
vn -0.0624 -0.9932 0.0987
vn -0.0819 -0.9866 0.1412
vn -0.1179 -0.9709 0.2084
vn -0.1437 -0.9493 0.2795
vn -0.1057 -0.9717 0.2111
vn -0.0736 -0.9870 0.1426
vn -0.0578 -0.9927 0.1061
vn -0.0525 -0.9931 0.1045
vn -0.0462 -0.9951 0.0871
vn -0.0382 -0.9967 0.0719
vn -0.2061 -0.8851 0.4172
vn -0.1900 -0.9154 0.3548
vn -0.1648 -0.9231 0.3475
vn -0.1022 -0.9670 0.2335
vn -0.0717 -0.9868 0.1453
vn -0.0502 -0.9933 0.1041
vn -0.0089 -0.9999 0.0147
vn -0.0145 -0.9996 0.0225
vn -0.0050 -0.9999 0.0100
vn -0.0040 -1.0000 0.0083
vn 0.0051 -1.0000 -0.0060
vn 0.0004 -1.0000 0.0020
vn 0.0020 -1.0000 0.0017
vn -0.0040 -1.0000 0.0071
vn 0.0068 -1.0000 -0.0052
vn 0.0191 -0.9996 -0.0187
vn 0.0115 -0.9999 -0.0119
vn 0.0253 -0.9993 -0.0271
vn 0.0347 -0.9988 -0.0352
vn 0.0439 -0.9978 -0.0494
vn 0.0377 -0.9986 -0.0379
vn 0.0216 -0.9995 -0.0241
vn 0.0168 -0.9997 -0.0194
vn 0.0328 -0.9986 -0.0405
vn 0.0162 -0.9996 -0.0234
vn 0.0096 -0.9998 -0.0161
vn 0.0223 -0.9993 -0.0300
vn 0.0404 -0.9978 -0.0527
vn 0.0477 -0.9968 -0.0646
vn 0.0558 -0.9956 -0.0747
vn 0.0556 -0.9963 -0.0655
vn 0.0607 -0.9945 -0.0849
vn 0.0518 -0.9972 -0.0541
vn 0.0637 -0.9958 -0.0651
vn 0.0686 -0.9952 -0.0703
vn 0.0706 -0.9937 -0.0868
vn 0.0886 -0.9930 -0.0776
vn 0.0756 -0.9949 -0.0674
vn 0.1037 -0.9909 -0.0853
vn 0.0768 -0.9937 -0.0818
vn 0.1309 -0.9848 -0.1139
vn 0.1122 -0.9881 -0.1054
vn 0.1675 -0.9763 -0.1372
vn 0.2175 -0.9579 -0.1872
vn 0.1578 -0.9766 -0.1460
vn 0.2713 -0.9256 -0.2641
vn 0.2119 -0.9541 -0.2116
vn 0.2840 -0.9290 -0.2371
vn 0.3656 -0.8758 -0.3151
vn 0.1503 -0.9756 -0.1599
vn 0.4700 -0.7606 -0.4479
vn 0.7280 -0.0595 -0.6830
vn 0.5414 -0.6710 -0.5065
vn 0.1360 -0.9782 -0.1570
vn 0.2501 -0.9281 -0.2757
vn 0.1630 -0.9677 -0.1923
vn 0.7077 -0.0376 -0.7055
vn 0.4316 -0.7803 -0.4526
vn 0.3896 -0.8141 -0.4307
vn 0.6781 -0.0209 -0.7347
vn 0.1758 -0.9598 -0.2186
vn 0.1317 -0.9863 -0.0992
vn 0.3674 -0.8976 -0.2435
vn 0.4058 -0.8647 -0.2960
vn 0.2746 -0.9387 -0.2086
vn 0.0930 -0.9814 0.1681
vn 0.0585 -0.9949 0.0827
vn 0.0643 -0.9928 0.1007
vn 0.0792 -0.9871 0.1394
vn 0.0537 -0.9961 0.0704
vn 0.0541 -0.9960 0.0717
vn 0.0722 -0.9902 0.1195
vn 0.0500 -0.9981 0.0368
vn 0.0433 -0.9985 0.0341
vn 0.1083 -0.9740 0.1992
vn 0.1267 -0.9612 0.2451
vn 0.1136 -0.9731 0.2005
vn 0.0785 -0.9885 0.1289
vn 0.0676 -0.9927 0.0995
vn 0.0430 -0.9988 0.0254
vn 0.0449 -0.9983 0.0372
vn 0.0478 -0.9976 0.0494
vn 0.0549 -0.9958 0.0735
vn 0.0530 -0.9963 0.0676
vn 0.0421 -0.9990 0.0153
vn 0.0451 -0.9990 0.0061
vn 0.0463 -0.9980 0.0432
vn -0.1688 -0.9010 0.3996
vn -0.1173 -0.9415 0.3159
vn -0.0812 -0.9679 0.2379
vn -0.1592 -0.8385 0.5211
vn -0.1466 -0.8975 0.4159
vn -0.1109 -0.9275 0.3571
vn -0.0320 -0.9929 0.1150
vn -0.0504 -0.9854 0.1627
vn -0.0474 -0.9885 0.1433
vn -0.1190 -0.8743 0.4706
vn -0.2603 -0.3938 0.8816
vn -0.0774 -0.9553 0.2853
vn -0.0732 -0.9724 0.2215
vn -0.0500 -0.9767 0.2087
vn -0.0145 -0.9996 0.0259
vn -0.0189 -0.9991 0.0390
vn -0.0208 -0.9992 0.0333
vn -0.0274 -0.9977 0.0613
vn -0.0364 -0.9960 0.0816
vn -0.0352 -0.9968 0.0715
vn -0.0178 -0.9988 0.0459
vn -0.0220 -0.9979 0.0615
vn -0.0085 -0.9997 0.0233
vn -0.0130 -0.9994 0.0313
vn -0.0108 -0.9997 0.0221
vn -0.0132 -0.9991 0.0405
vn -0.0143 -0.9985 0.0527
vn -0.0200 -0.9978 0.0627
vn -0.0074 -0.9997 0.0238
vn -0.0604 -0.9873 0.1467
vn -0.0400 -0.9941 0.1009
vn -0.0267 -0.9956 0.0896
vn -0.0330 -0.9940 0.1047
vn -0.0066 -0.9999 0.0132
vn -0.0108 -0.9997 0.0197
vn -0.0092 -0.9998 0.0156
vn 0.0041 -0.9999 -0.0091
vn 0.0002 -1.0000 -0.0007
vn -0.0005 -1.0000 -0.0011
vn -0.0035 -1.0000 0.0078
vn -0.0006 -1.0000 -0.0013
vn 0.0127 -0.9996 -0.0267
vn 0.0082 -0.9997 -0.0209
vn 0.0030 -0.9999 -0.0107
vn 0.0057 -0.9998 -0.0199
vn 0.0125 -0.9994 -0.0336
vn -0.0003 -1.0000 -0.0028
vn 0.0355 -0.9980 -0.0516
vn 0.0271 -0.9987 -0.0425
vn 0.0512 -0.9955 -0.0798
vn 0.0189 -0.9993 -0.0325
vn 0.0138 -0.9996 -0.0228
vn 0.0412 -0.9969 -0.0663
vn 0.0433 -0.9957 -0.0822
vn 0.0270 -0.9980 -0.0565
vn 0.0231 -0.9987 -0.0445
vn 0.0324 -0.9971 -0.0693
vn 0.0311 -0.9979 -0.0561
vn 0.0376 -0.9969 -0.0688
vn 0.0227 -0.9981 -0.0569
vn 0.0175 -0.9991 -0.0383
vn 0.0276 -0.9970 -0.0722
vn 0.0351 -0.9955 -0.0878
vn 0.0565 -0.9941 -0.0925
vn 0.1046 -0.9822 -0.1559
vn 0.1461 -0.9653 -0.2164
vn 0.0813 -0.9895 -0.1197
vn 0.2982 -0.8491 -0.4361
vn 0.2485 -0.8533 -0.4585
vn 0.0718 -0.9893 -0.1266
vn 0.0484 -0.9939 -0.0986
vn 0.4476 -0.3690 -0.8146
vn 0.2379 -0.8582 -0.4548
vn 0.1228 -0.9698 -0.2108
vn 0.0454 -0.9936 -0.1031
vn 0.1304 -0.9514 -0.2792
vn 0.0950 -0.9757 -0.1974
vn 0.0972 -0.9796 -0.1761
vn 0.2254 -0.8446 -0.4857
vn 0.3458 -0.8409 -0.4163
vn 0.0914 -0.9858 -0.1412
vn 0.0777 -0.9906 -0.1122
vn 0.0835 -0.9901 -0.1126
vn 0.1326 -0.9717 -0.1953
vn 0.1606 -0.9617 -0.2222
vn -0.0177 -0.9964 0.0832
vn -0.0136 -0.9972 0.0734
vn -0.0201 -0.9962 0.0852
vn -0.2003 -0.6540 0.7295
vn -0.0221 -0.9951 0.0963
vn -0.0302 -0.9906 0.1335
vn -0.1416 -0.9125 0.3839
vn -0.2890 -0.1648 0.9430
vn -0.0306 -0.9898 0.1390
vn -0.0245 -0.9942 0.1048
vn -0.1203 -0.9478 0.2951
vn -0.0888 -0.9431 0.3206
vn -0.0891 -0.9653 0.2454
vn -0.0602 -0.9834 0.1713
vn -0.0462 -0.9921 0.1163
vn -0.0791 -0.9877 0.1349
vn -0.0715 -0.9918 0.1055
vn -0.1025 -0.9889 0.1074
vn -0.0092 -0.9994 0.0348
vn -0.0147 -0.9977 0.0661
vn -0.0049 -0.9997 0.0232
vn -0.0060 -0.9994 0.0345
vn -0.0099 -0.9989 0.0467
vn -0.0099 -0.9983 0.0579
vn -0.0021 -0.9999 0.0151
vn -0.0047 -0.9999 0.0149
vn -0.0064 -0.9989 0.0457
vn 0.0018 -0.9999 -0.0122
vn 0.0127 -0.9983 -0.0574
vn 0.0112 -0.9990 -0.0422
vn 0.0171 -0.9985 -0.0519
vn 0.0037 -0.9996 -0.0277
vn 0.0032 -0.9998 -0.0219
vn 0.0062 -0.9984 -0.0557
vn 0.0100 -0.9975 -0.0697
vn 0.0095 -0.9965 -0.0828
vn 0.0154 -0.9975 -0.0690
vn 0.0213 -0.9971 -0.0731
vn 0.0374 -0.9932 -0.1101
vn 0.2136 -0.8290 -0.5168
vn 0.2132 -0.7701 -0.6012
vn 0.1150 -0.9504 -0.2889
vn 0.2407 -0.8481 -0.4721
vn 0.0254 -0.9927 -0.1181
vn 0.0267 -0.9953 -0.0927
vn 0.0388 -0.9887 -0.1449
vn 0.0923 -0.9564 -0.2772
vn 0.0500 -0.9768 -0.2084
vn 0.0621 -0.9810 -0.1837
vn 0.0135 -0.9909 -0.1339
vn 0.0741 -0.9421 -0.3270
vn 0.0134 -0.9612 -0.2754
vn 0.0137 -0.9944 -0.1046
vn 0.0192 -0.9961 -0.0855
vn 0.0232 -0.9809 -0.1930
vn -0.0020 -0.9887 -0.1498
vn -0.0013 -0.9959 -0.0903
vn -0.0051 -0.9938 -0.1111
vn -0.2005 -0.9731 0.1136
vn -0.1289 -0.9885 0.0785
vn -0.0995 -0.9927 0.0676
vn -0.0740 -0.9957 0.0550
vn -0.0372 -0.9983 0.0448
vn -0.0676 -0.9963 0.0530
vn -0.0149 -0.9990 0.0422
vn -0.0054 -0.9990 0.0440
vn -0.0438 -0.9980 0.0460
vn -0.6131 -0.7310 0.2994
vn -0.3046 -0.9403 0.1520
vn -0.6551 -0.6856 0.3176
vn -0.3331 -0.9261 0.1773
vn -0.3055 -0.9403 0.1500
vn -0.1892 -0.9768 0.1001
vn -0.2601 -0.9561 0.1349
vn -0.1178 -0.9897 0.0815
vn -0.0940 -0.9933 0.0671
vn -0.1329 -0.9882 0.0758
vn -0.0998 -0.9929 0.0640
vn -0.1441 -0.9863 0.0809
vn -0.0813 -0.9951 0.0566
vn -0.2003 -0.9735 0.1101
vn -0.1194 -0.9902 0.0723
vn -0.2451 -0.9612 0.1268
vn -0.0711 -0.9960 0.0539
vn -0.0343 -0.9984 0.0444
vn -0.0527 -0.9975 0.0480
vn -0.0524 -0.9975 0.0481
vn -0.0265 -0.9987 0.0431
vn -0.0502 -0.9975 0.0489
vn -0.0198 -0.9989 0.0416
vn -0.0344 -0.9984 0.0452
vn -0.0460 -0.9979 0.0459
vn -0.0046 -0.9992 0.0389
vn -0.0145 -0.9991 0.0398
vn -0.0139 -0.9977 0.0662
vn -0.0131 -0.9982 0.0591
vn -0.0263 -0.9979 0.0589
vn -0.0195 -0.9987 0.0475
vn -0.0184 -0.9990 0.0401
vn -0.0293 -0.9987 0.0427
vn -0.0098 -0.9990 0.0428
vn -0.1600 -0.9817 0.1029
vn -0.0680 -0.9958 0.0609
vn -0.0777 -0.9940 0.0776
vn -0.0254 -0.9972 0.0701
vn -0.0385 -0.9973 0.0633
vn -0.0425 -0.9981 0.0447
vn -0.0486 -0.9975 0.0522
vn -0.0328 -0.9983 0.0484
vn -0.0245 -0.9988 0.0417
vn -0.0383 -0.9983 0.0441
vn -0.0035 -0.9993 0.0369
vn -0.0041 -0.9989 0.0462
vn -0.0088 -0.9986 0.0520
vn -0.0002 -0.9997 0.0231
vn -0.0002 -0.9995 0.0329
vn -0.0024 -0.9997 0.0254
vn 0.0006 -0.9999 0.0133
vn 0.0031 -0.9990 -0.0435
vn 0.0032 -0.9994 -0.0356
vn 0.0074 -0.9990 -0.0430
vn 0.0017 -0.9980 -0.0639
vn -0.0004 -0.9999 -0.0145
vn -0.0005 -1.0000 -0.0023
vn 0.0007 -0.9999 -0.0131
vn 0.0006 -0.9997 -0.0233
vn -0.0040 -0.9986 -0.0534
vn 0.0011 -0.9986 -0.0531
vn -0.0077 -0.9982 -0.0599
vn 0.0005 -0.9992 -0.0390
vn 0.0016 -0.9995 -0.0303
vn -0.0005 -0.9991 -0.0426
vn 0.0002 -0.9989 -0.0464
vn -0.0021 -0.9973 -0.0740
vn -0.0026 -0.9991 -0.0427
vn -0.0063 -0.9989 -0.0462
vn -0.0162 -0.9990 -0.0405
vn -0.1879 -0.9760 -0.1101
vn -0.1299 -0.9851 -0.1124
vn -0.1933 -0.9679 -0.1607
vn -0.3152 -0.9325 -0.1761
vn -0.2653 -0.9545 -0.1366
vn -0.0345 -0.9977 -0.0582
vn -0.0230 -0.9980 -0.0592
vn -0.0312 -0.9963 -0.0801
vn -0.0496 -0.9972 -0.0563
vn -0.0437 -0.9963 -0.0740
vn -0.0686 -0.9961 -0.0547
vn -0.0640 -0.9950 -0.0764
vn -0.1032 -0.9926 -0.0645
vn -0.0882 -0.9938 -0.0676
vn -0.1229 -0.9897 -0.0738
vn -0.0272 -0.9986 -0.0449
vn -0.0392 -0.9981 -0.0468
vn -0.0539 -0.9975 -0.0465
vn -0.0638 -0.9968 -0.0488
vn -0.0431 -0.9981 -0.0431
vn -0.0301 -0.9987 -0.0404
vn -0.0236 -0.9990 -0.0378
vn -0.0084 -0.9993 -0.0358
vn -0.0259 -0.9989 -0.0387
vn -0.0142 -0.9992 -0.0369
vn -0.0029 -0.9994 -0.0357
vn -0.4982 -0.8290 -0.2541
vn -0.2298 -0.9656 -0.1216
vn -0.0819 -0.9950 -0.0580
vn -0.1349 -0.9876 -0.0809
vn -0.1181 -0.9903 -0.0734
vn -0.0588 -0.9971 -0.0489
vn -0.1326 -0.9877 -0.0831
vn -0.0764 -0.9955 -0.0558
vn -0.0348 -0.9985 -0.0433
vn -0.0451 -0.9979 -0.0456
vn -0.1027 -0.9925 -0.0666
vn -0.0656 -0.9965 -0.0519
vn -0.1067 -0.9918 -0.0705
vn -0.0202 -0.9990 -0.0406
vn -0.0407 -0.9981 -0.0452
vn -0.0113 -0.9991 -0.0399
vn -0.0367 -0.9983 -0.0454
vn -0.1729 -0.9789 -0.1089
vn -0.3262 -0.9242 -0.1988
vn -0.0700 -0.9961 -0.0529
vn -0.0325 -0.9983 -0.0478
vn -0.0166 -0.9989 -0.0449
vn -0.0653 -0.9962 -0.0570
vn -0.0708 -0.9959 -0.0563
vn -0.0296 -0.9984 -0.0475
vn -0.0734 -0.9958 -0.0542
vn -0.2578 0.8356 0.4850
vn -0.1535 0.9363 0.3159
vn -0.0890 0.9841 0.1538
vn -0.0420 0.9990 0.0152
vn -0.0465 0.9980 0.0432
vn -0.0445 0.9984 0.0355
vn -0.0452 0.9990 0.0062
vn -0.1021 0.9776 0.1840
vn -0.0709 0.9907 0.1159
vn -0.0651 0.9929 0.0998
vn -0.0522 0.9964 0.0668
vn -0.0478 0.9976 0.0506
vn -0.0428 0.9987 0.0291
vn -0.1219 0.9646 0.2340
vn -0.2804 0.7867 0.5500
vn -0.1274 0.9644 0.2319
vn -0.0727 0.9902 0.1190
vn -0.0537 0.9959 0.0722
vn -0.3153 0.7072 0.6328
vn -0.1420 0.9527 0.2687
vn -0.0881 0.9806 0.1753
vn -0.0856 0.9850 0.1500
vn -0.0556 0.9950 0.0835
vn -0.0467 0.9970 0.0612
vn -0.0457 0.9977 0.0491
vn -0.1479 0.9376 0.3146
vn -0.3242 0.6380 0.6985
vn -0.1654 0.9273 0.3357
vn -0.0368 0.9992 0.0159
vn -0.0397 0.9987 0.0324
vn -0.0378 0.9990 0.0256
vn -0.4715 0.8679 0.1561
vn -0.8262 0.4803 0.2945
vn -0.3117 0.9451 0.0976
vn -0.2531 0.9636 0.0861
vn -0.2402 0.9684 0.0667
vn -0.1888 0.9801 0.0611
vn -0.1863 0.9813 0.0488
vn -0.2038 0.9761 0.0756
vn -0.1515 0.9871 0.0520
vn -0.1523 0.9872 0.0465
vn -0.1449 0.9877 0.0591
vn -0.8563 0.4564 0.2416
vn -0.8213 0.5212 0.2320
vn -0.7319 0.6135 0.2966
vn -0.4628 0.8773 0.1272
vn -0.3947 0.9068 0.1483
vn -0.3856 0.8970 0.2162
vn -0.2815 0.9497 0.1371
vn -0.2925 0.9517 0.0937
vn -0.2012 0.9754 0.0902
vn -0.4783 0.8687 0.1292
vn -0.3223 0.9428 0.0845
vn -0.2414 0.9684 0.0628
vn -0.1360 0.9900 0.0380
vn -0.1171 0.9927 0.0289
vn -0.1036 0.9943 0.0267
vn -0.0936 0.9950 0.0337
vn -0.0666 0.9975 0.0226
vn -0.0958 0.9951 0.0228
vn -0.0830 0.9963 0.0207
vn -0.0787 0.9967 0.0181
vn -0.0948 0.9951 0.0272
vn -0.0412 0.9983 0.0419
vn -0.0450 0.9976 0.0533
vn -0.0445 0.9983 0.0384
vn -0.0371 0.9990 0.0234
vn -0.0385 0.9992 0.0138
vn -0.0352 0.9994 0.0057
vn -0.0644 0.9950 0.0761
vn -0.0664 0.9926 0.1019
vn -0.0848 0.9923 0.0903
vn -0.0544 0.9969 0.0560
vn -0.0549 0.9977 0.0407
vn -0.0691 0.9958 0.0608
vn -0.0698 0.9966 0.0445
vn -0.0377 0.9993 -0.0004
vn -0.0439 0.9990 0.0107
vn -0.0501 0.9985 0.0225
vn -0.0414 0.9991 0.0035
vn -0.0542 0.9984 0.0162
vn -0.0681 0.9975 0.0164
vn -0.0423 0.9991 0.0056
vn -0.0497 0.9987 0.0107
vn -0.0402 0.9992 -0.0006
vn -0.0402 0.9992 0.0034
vn -0.0594 0.9982 0.0127
vn -0.6086 0.6794 0.4100
vn -0.6562 0.6181 0.4327
vn -0.3923 0.8798 0.2684
vn -0.2774 0.9405 0.1964
vn -0.2919 0.9372 0.1909
vn -0.2261 0.9619 0.1537
vn -0.1692 0.9784 0.1185
vn -0.1732 0.9786 0.1108
vn -0.2120 0.9645 0.1573
vn -0.5736 0.7034 0.4197
vn -0.8092 -0.1837 0.5580
vn -0.3597 0.8919 0.2741
vn -0.1575 0.9806 0.1165
vn -0.1323 0.9857 0.1044
vn -0.1280 0.9876 0.0904
vn -0.2561 0.9450 0.2033
vn -0.1736 0.9746 0.1414
vn -0.1022 0.9921 0.0726
vn -0.0886 0.9937 0.0685
vn -0.0833 0.9949 0.0577
vn -0.3344 0.9294 0.1563
vn -0.2401 0.9631 0.1218
vn -0.2371 0.9653 0.1091
vn -0.1747 0.9800 0.0952
vn -0.1815 0.9801 0.0806
vn -0.1399 0.9877 0.0697
vn -0.3227 0.9287 0.1828
vn -0.2245 0.9662 0.1271
vn -0.1363 0.9877 0.0760
vn -0.1113 0.9918 0.0621
vn -0.1147 0.9920 0.0537
vn -0.4470 0.8634 0.2338
vn -0.7153 0.5536 0.4264
vn -0.4205 0.8680 0.2642
vn -0.2222 0.9654 0.1367
vn -0.1323 0.9877 0.0837
vn -0.1051 0.9921 0.0691
vn -0.0970 0.9939 0.0521
vn -0.0887 0.9945 0.0557
vn -0.0837 0.9954 0.0465
vn -0.0736 0.9963 0.0441
vn -0.0725 0.9967 0.0369
vn -0.0484 0.9985 0.0268
vn -0.0600 0.9978 0.0290
vn -0.0603 0.9976 0.0338
vn -0.0592 0.9975 0.0375
vn -0.0674 0.9966 0.0482
vn -0.0440 0.9988 0.0198
vn -0.0362 0.9991 0.0198
vn -0.0538 0.9978 0.0395
vn -0.0470 0.9984 0.0322
vn -0.0394 0.9989 0.0253
vn -0.0930 0.9951 0.0332
vn -0.1167 0.9924 0.0400
vn -0.1157 0.9923 0.0452
vn -0.0778 0.9967 0.0221
vn -0.0618 0.9979 0.0178
vn -0.0759 0.9968 0.0262
vn -0.0865 0.9953 0.0424
vn -0.0732 0.9968 0.0313
vn -0.0456 0.9989 0.0131
vn -0.0500 0.9986 0.0178
vn -0.0622 0.9978 0.0240
vn -0.0368 0.9992 0.0136
vn -0.0324 0.9994 0.0084
vn -0.0303 0.9994 0.0147
vn -0.0260 0.9996 0.0082
vn -0.0271 0.9996 0.0111
vn -0.0137 0.9999 0.0030
vn -0.0142 0.9999 0.0042
vn -0.0635 0.9979 0.0143
vn -0.0521 0.9986 0.0110
vn -0.0419 0.9991 0.0089
vn -0.0428 0.9991 0.0067
vn -0.0318 0.9995 0.0053
vn -0.0226 0.9997 0.0044
vn -0.0086 1.0000 0.0014
vn -0.0004 1.0000 -0.0007
vn -0.0311 0.9995 0.0032
vn -0.0317 0.9995 0.0002
vn -0.0215 0.9998 -0.0014
vn -0.0185 0.9998 0.0010
vn -0.0184 0.9998 0.0026
vn -0.0112 0.9999 -0.0019
vn -0.0049 1.0000 0.0001
vn -0.5245 0.7308 0.4368
vn -0.3065 0.9116 0.2740
vn -0.1816 0.9693 0.1655
vn -0.1460 0.9800 0.1352
vn -0.6507 -0.4376 0.6206
vn -0.5018 0.6634 0.5550
vn -0.4934 0.7389 0.4589
vn -0.5925 -0.4571 0.6633
vn -0.2226 0.9502 0.2182
vn -0.1719 0.9678 0.1840
vn -0.1262 0.9853 0.1150
vn -0.0991 0.9902 0.0983
vn -0.1057 0.9900 0.0932
vn -0.0851 0.9937 0.0734
vn -0.0801 0.9939 0.0754
vn -0.2940 0.9052 0.3068
vn -0.2122 0.9463 0.2438
vn -0.1156 0.9855 0.1240
vn -0.0921 0.9905 0.1023
vn -0.0746 0.9942 0.0772
vn -0.4884 0.6450 0.5878
vn -0.3159 0.8535 0.4144
vn -0.3004 0.8852 0.3552
vn -0.1408 0.9790 0.1471
vn -0.1647 0.9657 0.2005
vn -0.1337 0.9786 0.1566
vn -0.1085 0.9852 0.1323
vn -0.0597 0.9965 0.0577
vn -0.1066 0.9910 0.0808
vn -0.1076 0.9903 0.0880
vn -0.2395 0.9497 0.2018
vn -0.0755 0.9953 0.0604
vn -0.0637 0.9967 0.0509
vn -0.0638 0.9964 0.0563
vn -0.0526 0.9977 0.0437
vn -0.0488 0.9978 0.0455
vn -0.0381 0.9986 0.0354
vn -0.0427 0.9985 0.0349
vn -0.0356 0.9987 0.0372
vn -0.0456 0.9978 0.0484
vn -0.0249 0.9994 0.0222
vn -0.0324 0.9991 0.0285
vn -0.0268 0.9993 0.0276
vn -0.0385 0.9988 0.0290
vn -0.0308 0.9993 0.0207
vn -0.0266 0.9995 0.0161
vn -0.0258 0.9995 0.0194
vn -0.0287 0.9993 0.0229
vn -0.0179 0.9998 0.0103
vn -0.0182 0.9997 0.0137
vn -0.0154 0.9998 0.0145
vn -0.0112 0.9999 0.0072
vn -0.0111 0.9999 0.0097
vn -0.0040 1.0000 0.0033
vn -0.0206 0.9997 0.0102
vn -0.0025 1.0000 -0.0009
vn -0.0103 0.9999 0.0039
vn -0.0017 1.0000 0.0002
vn 0.0120 0.9999 -0.0069
vn 0.0194 0.9998 -0.0059
vn 0.0096 0.9999 -0.0038
vn 0.0009 1.0000 -0.0019
vn 0.0061 1.0000 -0.0039
vn 0.0251 0.9996 -0.0115
vn 0.0155 0.9998 -0.0094
vn 0.0204 0.9997 -0.0127
vn 0.0156 0.9998 -0.0104
vn 0.0240 0.9996 -0.0137
vn 0.0141 0.9999 -0.0013
vn 0.0323 0.9995 -0.0031
vn 0.0268 0.9996 -0.0068
vn 0.0282 0.9995 -0.0102
vn 0.0405 0.9992 -0.0069
vn 0.0391 0.9992 -0.0115
vn 0.0569 0.9983 -0.0158
vn 0.0469 0.9988 -0.0136
vn 0.0457 0.9988 -0.0179
vn 0.0566 0.9982 -0.0211
vn 0.0712 0.9972 -0.0207
vn 0.0681 0.9976 -0.0133
vn 0.0797 0.9967 -0.0179
vn 0.0797 0.9968 -0.0090
vn 0.0251 0.9997 -0.0006
vn 0.0229 0.9997 -0.0032
vn 0.0124 0.9999 0.0005
vn 0.0246 0.9997 0.0009
vn 0.0422 0.9991 -0.0032
vn 0.0437 0.9990 -0.0009
vn 0.0341 0.9994 0.0008
vn 0.0425 0.9991 0.0003
vn 0.0462 0.9989 0.0017
vn 0.0520 0.9986 -0.0015
vn 0.0370 0.9993 0.0024
vn 0.0484 0.9988 0.0053
vn 0.0440 0.9990 -0.0014
vn 0.0663 0.9977 0.0130
vn 0.0650 0.9979 -0.0041
vn 0.0739 0.9973 0.0014
vn -0.5042 0.5235 0.6869
vn -0.2914 0.8497 0.4395
vn -0.1262 0.9781 0.1656
vn -0.1020 0.9838 0.1474
vn -0.0849 0.9894 0.1175
vn -0.0901 0.9892 0.1154
vn -0.1545 0.9651 0.2113
vn -0.2030 0.9347 0.2917
vn -0.1450 0.9636 0.2246
vn -0.0710 0.9920 0.1049
vn -0.0702 0.9930 0.0945
vn -0.5249 0.2729 0.8062
vn -0.2708 0.8580 0.4364
vn -0.1236 0.9749 0.1850
vn -0.1060 0.9784 0.1776
vn -0.0782 0.9926 0.0931
vn -0.0679 0.9948 0.0764
vn -0.0619 0.9951 0.0774
vn -0.0570 0.9965 0.0609
vn -0.0518 0.9968 0.0606
vn -0.0404 0.9978 0.0520
vn -0.0357 0.9984 0.0433
vn -0.0557 0.9954 0.0775
vn -0.0463 0.9965 0.0690
vn -0.0482 0.9968 0.0635
vn -0.0317 0.9988 0.0365
vn -0.0275 0.9989 0.0367
vn -0.0253 0.9992 0.0298
vn -0.0202 0.9996 0.0204
vn -0.0125 0.9998 0.0138
vn -0.0056 1.0000 0.0064
vn 0.0054 1.0000 -0.0038
vn -0.0019 1.0000 0.0026
vn 0.0035 1.0000 -0.0028
vn -0.0177 0.9996 0.0205
vn -0.0102 0.9999 0.0128
vn -0.0005 1.0000 0.0011
vn 0.0211 0.9997 -0.0154
vn 0.0140 0.9998 -0.0109
vn 0.0386 0.9989 -0.0251
vn 0.0247 0.9996 -0.0165
vn 0.0299 0.9993 -0.0226
vn 0.0518 0.9980 -0.0362
vn 0.0399 0.9988 -0.0300
vn 0.0472 0.9981 -0.0394
vn 0.0333 0.9990 -0.0297
vn 0.0230 0.9995 -0.0204
vn 0.0215 0.9995 -0.0227
vn 0.0626 0.9969 -0.0468
vn 0.0694 0.9958 -0.0597
vn 0.0749 0.9957 -0.0539
vn 0.0949 0.9942 -0.0512
vn 0.1048 0.9928 -0.0583
vn 0.1300 0.9894 -0.0652
vn 0.2660 0.9560 -0.1240
vn 0.3090 0.9373 -0.1613
vn 0.3753 0.9127 -0.1618
vn 0.1994 0.9743 -0.1049
vn 0.0945 0.9937 -0.0606
vn 0.1159 0.9902 -0.0773
vn 0.1329 0.9880 -0.0790
vn 0.2604 0.9526 -0.1571
vn 0.1956 0.9736 -0.1180
vn 0.4279 0.8683 -0.2508
vn 0.4142 0.8869 -0.2047
vn 0.6630 0.6705 -0.3330
vn 0.7063 0.6249 -0.3327
vn 0.1687 0.9795 -0.1100
vn 0.3699 0.8972 -0.2412
vn 0.3237 0.9266 -0.1915
vn 0.7301 0.5435 -0.4143
vn 0.7121 -0.5746 -0.4035
vn 0.0353 0.9992 -0.0206
vn 0.0506 0.9984 -0.0235
vn 0.0362 0.9992 -0.0170
vn 0.0266 0.9995 -0.0160
vn 0.0684 0.9973 -0.0281
vn 0.0580 0.9979 -0.0286
vn 0.0693 0.9970 -0.0353
vn 0.0553 0.9979 -0.0334
vn 0.0454 0.9987 -0.0251
vn 0.0812 0.9958 -0.0427
vn 0.0920 0.9950 -0.0401
vn 0.0668 0.9968 -0.0429
vn 0.0664 0.9970 -0.0387
vn 0.1019 0.9936 -0.0490
vn 0.0798 0.9955 -0.0509
vn 0.0849 0.9944 -0.0627
vn 0.1178 0.9928 -0.0239
vn 0.0881 0.9958 -0.0259
vn 0.1066 0.9936 -0.0361
vn 0.0952 0.9954 -0.0052
vn 0.0924 0.9956 -0.0144
vn 0.1348 0.9908 -0.0152
vn 0.1081 0.9941 0.0079
vn 0.1942 0.9807 -0.0212
vn 0.1482 0.9890 0.0035
vn 0.1816 0.9816 -0.0589
vn 0.1166 0.9921 -0.0472
vn 0.1348 0.9892 -0.0577
vn 0.2552 0.9620 -0.0974
vn 0.2317 0.9711 -0.0574
vn 0.3069 0.9496 -0.0643
vn 0.3150 0.9435 -0.1030
vn 0.4632 0.8790 -0.1133
vn 0.4091 0.9124 -0.0085
vn 0.7629 0.6415 -0.0809
vn 0.2715 0.9623 -0.0136
vn 0.1891 0.9785 -0.0819
vn 0.6964 0.6891 -0.2005
vn 0.3898 0.9106 -0.1370
vn 0.6500 0.7200 -0.2433
vn 0.6810 0.6829 -0.2644
vn 0.9292 -0.0421 -0.3671
vn 0.0837 0.9959 -0.0331
vn 0.0960 0.9951 0.0250
vn 0.0797 0.9967 0.0122
vn 0.0639 0.9975 0.0313
vn 0.0814 0.9961 0.0339
vn 0.1068 0.9932 0.0465
vn 0.0426 0.9987 0.0278
vn 0.0475 0.9982 0.0356
vn 0.0417 0.9984 0.0388
vn 0.0380 0.9990 0.0218
vn 0.0355 0.9993 0.0129
vn 0.0388 0.9991 0.0159
vn 0.0421 0.9987 0.0278
vn 0.3088 -0.7301 0.6095
vn 0.3534 0.6862 0.6358
vn 0.3783 -0.6356 0.6729
vn 0.0772 0.9883 0.1313
vn 0.1210 0.9725 0.1990
vn 0.0883 0.9827 0.1628
vn 0.0464 0.9975 0.0529
vn 0.0538 0.9961 0.0696
vn 0.0475 0.9975 0.0521
vn 0.3160 0.7081 0.6315
vn 0.1756 0.9323 0.3161
vn 0.1331 0.9568 0.2583
vn 0.0554 0.9955 0.0773
vn 0.0438 0.9985 0.0340
vn 0.0523 0.9984 0.0235
vn 0.0523 0.9985 0.0139
vn 0.0423 0.9990 0.0170
vn 0.0363 0.9993 0.0085
vn 0.0354 0.9994 0.0003
vn -0.2669 0.7666 0.5840
vn -0.1350 0.9399 0.3138
vn -0.1594 0.9316 0.3265
vn -0.1085 0.9679 0.2267
vn -0.0803 0.9886 0.1271
vn -0.0600 0.9939 0.0929
vn -0.3884 0.6304 0.6721
vn -0.2023 0.9093 0.3637
vn -0.0768 0.9875 0.1378
vn -0.0663 0.9914 0.1131
vn -0.0566 0.9934 0.0997
vn -0.2286 0.8634 0.4497
vn -0.1255 0.9644 0.2328
vn -0.0616 0.9907 0.1209
vn -0.0890 0.9813 0.1709
vn -0.0652 0.9876 0.1430
vn -0.0826 0.9802 0.1801
vn -0.0481 0.9943 0.0948
vn -0.0512 0.9951 0.0841
vn -0.0365 0.9977 0.0574
vn -0.0373 0.9978 0.0542
vn -0.0278 0.9987 0.0428
vn -0.0348 0.9977 0.0584
vn -0.0267 0.9984 0.0499
vn -0.0338 0.9976 0.0606
vn -0.0220 0.9992 0.0335
vn -0.0234 0.9989 0.0398
vn -0.0205 0.9995 0.0257
vn -0.0148 0.9997 0.0202
vn -0.0327 0.9984 0.0455
vn -0.0201 0.9994 0.0275
vn -0.0228 0.9992 0.0328
vn -0.0188 0.9994 0.0276
vn 0.0024 1.0000 -0.0036
vn -0.0028 1.0000 0.0025
vn 0.0020 1.0000 -0.0061
vn -0.0023 1.0000 0.0030
vn 0.0126 0.9998 -0.0134
vn 0.0162 0.9996 -0.0217
vn 0.0293 0.9991 -0.0305
vn 0.0255 0.9992 -0.0316
vn 0.0099 0.9999 -0.0124
vn 0.0099 0.9998 -0.0164
vn 0.0352 0.9985 -0.0417
vn 0.0433 0.9973 -0.0596
vn 0.0450 0.9977 -0.0513
vn 0.0191 0.9994 -0.0275
vn 0.0165 0.9996 -0.0239
vn 0.0222 0.9992 -0.0337
vn 0.0352 0.9980 -0.0518
vn 0.0522 0.9967 -0.0620
vn 0.0523 0.9961 -0.0708
vn 0.1615 0.9768 -0.1409
vn 0.2222 0.9542 -0.2004
vn 0.2382 0.9529 -0.1877
vn 0.1826 0.9719 -0.1487
vn 0.0797 0.9939 -0.0760
vn 0.0782 0.9936 -0.0817
vn 0.1098 0.9892 -0.0972
vn 0.1597 0.9749 -0.1553
vn 0.2720 0.9341 -0.2311
vn 0.2744 0.9225 -0.2715
vn 0.3522 0.8874 -0.2975
vn 0.1035 0.9889 -0.1068
vn 0.1411 0.9784 -0.1513
vn 0.2282 0.9433 -0.2412
vn 0.4382 0.7731 -0.4585
vn 0.4942 0.7309 -0.4707
vn 0.0710 0.9940 -0.0834
vn 0.0810 0.9918 -0.0985
vn 0.1938 0.9566 -0.2176
vn 0.4577 0.7232 -0.5172
vn 0.1913 0.9532 -0.2342
vn 0.3521 0.8446 -0.4034
vn 0.0375 0.9986 -0.0375
vn 0.0537 0.9971 -0.0547
vn 0.0566 0.9972 -0.0490
vn 0.0459 0.9980 -0.0444
vn 0.0654 0.9957 -0.0652
vn 0.0857 0.9939 -0.0700
vn 0.0656 0.9952 -0.0726
vn 0.0672 0.9938 -0.0884
vn 0.1152 0.9896 -0.0867
vn 0.1750 0.9765 -0.1259
vn 0.2420 0.9561 -0.1653
vn 0.3572 0.8964 -0.2624
vn 0.1331 0.9852 -0.1082
vn 0.6425 0.6002 -0.4763
vn 0.7072 0.5301 -0.4678
vn 0.7118 -0.3569 -0.6049
vn 0.5308 0.6929 -0.4880
vn 0.0494 0.9973 0.0551
vn 0.0415 0.9989 0.0209
vn 0.0452 0.9980 0.0441
vn 0.0433 0.9986 0.0290
vn 0.0585 0.9948 0.0829
vn 0.0774 0.9884 0.1305
vn 0.0642 0.9933 0.0956
vn 0.0877 0.9850 0.1484
vn 0.0514 0.9968 0.0615
vn 0.0548 0.9957 0.0743
vn 0.0451 0.9983 0.0370
vn 0.0503 0.9978 0.0436
vn -0.1149 0.9439 0.3096
vn -0.1640 0.8656 0.4732
vn -0.1141 0.9324 0.3428
vn -0.0883 0.9721 0.2173
vn -0.0718 0.9758 0.2067
vn -0.0454 0.9914 0.1229
vn -0.0624 0.9852 0.1597
vn -0.0529 0.9857 0.1601
vn -0.0843 0.9593 0.2693
vn -0.0592 0.9765 0.2071
vn -0.1336 0.8717 0.4714
vn -0.0841 0.9460 0.3130
vn -0.0320 0.9940 0.1042
vn -0.0417 0.9902 0.1335
vn -0.0333 0.9918 0.1233
vn -0.0484 0.9928 0.1099
vn -0.0370 0.9960 0.0812
vn -0.0381 0.9944 0.0984
vn -0.0079 0.9999 0.0115
vn -0.0092 0.9997 0.0221
vn -0.0037 0.9999 0.0122
vn -0.0252 0.9975 0.0668
vn -0.0251 0.9963 0.0823
vn -0.0171 0.9976 0.0672
vn -0.0157 0.9987 0.0495
vn -0.0126 0.9997 0.0188
vn -0.0037 1.0000 0.0028
vn -0.0034 1.0000 0.0012
vn -0.0091 0.9999 0.0113
vn 0.0018 1.0000 -0.0091
vn 0.0123 0.9996 -0.0238
vn 0.0075 0.9999 -0.0148
vn 0.0069 0.9998 -0.0175
vn -0.0032 1.0000 0.0001
vn -0.0135 0.9996 0.0267
vn 0.0005 1.0000 -0.0052
vn 0.0116 0.9996 -0.0259
vn 0.0100 0.9996 -0.0253
vn 0.0155 0.9992 -0.0364
vn 0.0225 0.9986 -0.0476
vn 0.0175 0.9993 -0.0340
vn -0.0031 1.0000 0.0035
vn 0.0052 0.9998 -0.0167
vn 0.0171 0.9989 -0.0441
vn 0.0682 0.9928 -0.0988
vn 0.0869 0.9891 -0.1185
vn 0.0837 0.9878 -0.1316
vn 0.1211 0.9759 -0.1815
vn 0.1075 0.9786 -0.1756
vn 0.1492 0.9555 -0.2547
vn 0.1631 0.9550 -0.2478
vn 0.0620 0.9929 -0.1011
vn 0.0639 0.9902 -0.1243
vn 0.0731 0.9889 -0.1293
vn 0.0500 0.9936 -0.1009
vn 0.0506 0.9953 -0.0827
vn 0.2493 0.8483 -0.4672
vn 0.2632 0.8425 -0.4700
vn 0.1338 0.9558 -0.2620
vn 0.2248 0.8449 -0.4855
vn 0.0584 0.9887 -0.1379
vn 0.0860 0.9796 -0.1816
vn 0.1070 0.9696 -0.2201
vn 0.1169 0.9566 -0.2670
vn 0.0410 0.9970 -0.0655
vn 0.0582 0.9944 -0.0880
vn 0.0166 0.9995 -0.0276
vn 0.0231 0.9988 -0.0422
vn 0.0297 0.9981 -0.0549
vn 0.0362 0.9971 -0.0671
vn 0.0438 0.9960 -0.0783
vn 0.0336 0.9968 -0.0729
vn 0.0402 0.9957 -0.0830
vn 0.0274 0.9973 -0.0677
vn 0.0361 0.9953 -0.0894
vn 0.0457 0.9936 -0.1038
vn 0.0305 0.9965 -0.0777
vn 0.1250 0.9781 -0.1663
vn 0.1706 0.9552 -0.2419
vn 0.1058 0.9864 -0.1258
vn 0.3608 0.7992 -0.4807
vn 0.2814 0.8478 -0.4495
vn 0.5464 0.0540 -0.8358
vn 0.3072 0.8490 -0.4300
vn 0.2772 -0.8535 -0.4414
vn -0.0416 0.9867 0.1570
vn -0.1070 0.9050 0.4118
vn -0.1446 0.9117 0.3846
vn -0.0873 0.9538 0.2875
vn -0.0409 0.9893 0.1403
vn -0.0261 0.9940 0.1062
vn -0.0221 0.9957 0.0899
vn -0.0310 0.9934 0.1107
vn -0.1140 0.9534 0.2794
vn -0.1779 0.9348 0.3073
vn -0.1100 0.9751 0.1924
vn -0.0586 0.9844 0.1657
vn -0.0480 0.9915 0.1208
vn -0.1475 0.9762 0.1592
vn -0.1055 0.9881 0.1124
vn -0.0697 0.9858 0.1530
vn -0.0780 0.9894 0.1228
vn -0.0205 0.9961 0.0859
vn -0.0153 0.9971 0.0746
vn -0.0217 0.9965 0.0804
vn -0.0088 0.9994 0.0327
vn -0.0105 0.9988 0.0483
vn -0.0133 0.9977 0.0664
vn -0.0047 0.9998 0.0210
vn -0.0037 0.9997 0.0259
vn 0.0010 1.0000 0.0038
vn -0.0011 0.9999 0.0161
vn -0.0058 0.9994 0.0349
vn -0.0067 0.9989 0.0454
vn -0.0034 0.9994 0.0342
vn 0.0020 1.0000 -0.0077
vn 0.0128 0.9994 -0.0333
vn 0.0120 0.9992 -0.0383
vn -0.0001 1.0000 0.0015
vn 0.0029 1.0000 -0.0073
vn 0.0068 0.9996 -0.0275
vn 0.0043 0.9998 -0.0189
vn 0.0175 0.9965 -0.0814
vn 0.0189 0.9980 -0.0604
vn 0.0145 0.9974 -0.0711
vn 0.0104 0.9983 -0.0580
vn 0.0149 0.9986 -0.0509
vn 0.0070 0.9975 -0.0697
vn 0.0091 0.9965 -0.0835
vn 0.4566 -0.0069 -0.8896
vn 0.2419 0.8470 -0.4733
vn 0.0517 0.9882 -0.1442
vn 0.0769 0.9775 -0.1963
vn 0.2134 0.8304 -0.5148
vn 0.0410 0.9931 -0.1094
vn 0.0303 0.9952 -0.0931
vn 0.0599 0.9789 -0.1953
vn 0.1012 0.9541 -0.2817
vn 0.0270 0.9921 -0.1222
vn 0.0229 0.9952 -0.0952
vn 0.0383 0.9902 -0.1345
vn -0.0546 0.9757 -0.2121
vn 0.0364 0.9573 -0.2867
vn -0.0265 0.9745 -0.2229
vn -0.0060 0.9937 -0.1117
vn 0.0096 0.9849 -0.1731
vn 0.0146 0.9922 -0.1236
vn 0.0227 0.9970 -0.0737
vn 0.0094 0.9953 -0.0967
vn -0.4931 0.8304 0.2594
vn -0.2781 0.9488 0.1499
vn -0.2091 0.9713 0.1132
vn -0.1609 0.9826 0.0930
vn -0.0639 0.9966 0.0515
vn -0.0998 0.9928 0.0660
vn -0.0661 0.9964 0.0535
vn -0.0083 0.9991 0.0409
vn -0.0333 0.9985 0.0445
vn -0.0057 0.9990 0.0438
vn -0.6725 0.6629 0.3292
vn -0.3170 0.9350 0.1592
vn -0.3145 0.9358 0.1592
vn -0.6459 0.6870 0.3329
vn -0.3321 0.9266 0.1763
vn -0.5855 0.7509 0.3055
vn -0.3043 0.9391 0.1596
vn -0.2462 0.9604 0.1305
vn -0.0998 0.9930 0.0626
vn -0.1364 0.9876 0.0777
vn -0.1069 0.9920 0.0673
vn -0.0732 0.9959 0.0528
vn -0.0751 0.9957 0.0547
vn -0.0725 0.9959 0.0546
vn -0.0444 0.9980 0.0460
vn -0.0527 0.9975 0.0478
vn -0.0187 0.9991 0.0383
vn -0.0388 0.9984 0.0423
vn -0.0274 0.9988 0.0413
vn -0.0177 0.9990 0.0411
vn -0.0336 0.9985 0.0434
vn -0.0211 0.9989 0.0413
vn -0.2086 0.9689 0.1330
vn -0.1501 0.9833 0.1032
vn -0.0747 0.9941 0.0787
vn -0.0803 0.9949 0.0613
vn -0.1071 0.9914 0.0756
vn -0.0446 0.9949 0.0910
vn -0.0565 0.9942 0.0913
vn -0.0427 0.9970 0.0638
vn -0.0261 0.9972 0.0708
vn -0.0359 0.9966 0.0745
vn -0.0279 0.9980 0.0566
vn -0.0260 0.9986 0.0451
vn -0.0318 0.9987 0.0401
vn -0.0451 0.9978 0.0484
vn -0.0171 0.9990 0.0405
vn -0.0111 0.9983 0.0566
vn -0.0170 0.9978 0.0647
vn -0.0185 0.9985 0.0514
vn -0.0025 0.9991 0.0433
vn -0.0133 0.9988 0.0461
vn -0.0100 0.9991 0.0401
vn -0.0050 0.9993 0.0383
vn -0.0004 0.9991 0.0432
vn -0.0011 0.9997 0.0260
vn -0.0074 0.9987 0.0496
vn -0.0035 0.9991 0.0414
vn -0.0001 0.9994 0.0356
vn 0.0063 0.9993 -0.0382
vn 0.0038 0.9995 -0.0301
vn -0.0044 0.9973 -0.0736
vn 0.0039 0.9992 -0.0394
vn 0.0058 0.9983 -0.0588
vn 0.0076 0.9988 -0.0486
vn 0.0030 0.9987 -0.0502
vn 0.0009 0.9998 -0.0212
vn -0.0050 0.9987 -0.0517
vn -0.0017 0.9981 -0.0611
vn 0.0018 0.9999 -0.0119
vn -0.0000 1.0000 -0.0028
vn 0.0006 0.9992 -0.0394
vn -0.0013 0.9999 -0.0148
vn -0.0016 0.9994 -0.0349
vn -0.0084 0.9993 -0.0361
vn -0.0056 0.9963 -0.0862
vn -0.0283 0.9944 -0.1020
vn -0.2011 0.9725 -0.1176
vn -0.2967 0.9426 -0.1532
vn -0.3391 0.9215 -0.1892
vn -0.1236 0.9895 -0.0750
vn -0.1833 0.9744 -0.1304
vn -0.1404 0.9854 -0.0965
vn -0.1836 0.9779 -0.1000
vn -0.0844 0.9948 -0.0575
vn -0.0563 0.9971 -0.0521
vn -0.0643 0.9966 -0.0509
vn -0.0330 0.9986 -0.0416
vn -0.0197 0.9990 -0.0404
vn -0.0384 0.9983 -0.0433
vn -0.0171 0.9992 -0.0364
vn -0.0303 0.9986 -0.0426
vn -0.0073 0.9991 -0.0408
vn -0.0194 0.9989 -0.0418
vn -0.0059 0.9993 -0.0375
vn -0.0055 0.9995 -0.0297
vn -0.3173 0.9349 -0.1590
vn -0.6459 0.6913 -0.3239
vn -0.1692 0.9812 -0.0924
vn -0.6509 -0.6868 -0.3236
vn -0.6129 0.7259 -0.3122
vn -0.3398 0.9273 -0.1569
vn -0.2755 0.9511 -0.1396
vn -0.0767 0.9955 -0.0560
vn -0.1084 0.9918 -0.0676
vn -0.1525 0.9841 -0.0907
vn -0.3012 0.9438 -0.1364
vn -0.5377 0.7953 -0.2800
vn -0.2193 0.9676 -0.1249
vn -0.1299 0.9887 -0.0752
vn -0.1245 0.9894 -0.0746
vn -0.0441 0.9980 -0.0454
vn -0.0660 0.9965 -0.0519
vn -0.0500 0.9976 -0.0476
vn -0.0876 0.9943 -0.0606
vn -0.1014 0.9926 -0.0663
vn 0.0057 0.9990 -0.0438
vn -0.0152 0.9990 -0.0424
vn -0.0118 0.9991 -0.0395
vn -0.0979 -0.9920 -0.0799
vn -0.0594 -0.9982 0.0001
vn -0.0968 -0.9923 0.0778
vn -0.0457 -0.9990 -0.0000
vn -0.0432 -0.9989 0.0157
vn -0.0421 -0.9990 -0.0145
vn -0.0549 -0.9957 -0.0745
vn -0.0452 -0.9983 -0.0373
vn -0.0497 -0.9978 -0.0427
vn -0.0512 -0.9968 -0.0612
vn -0.0643 -0.9933 -0.0957
vn -0.0745 -0.9888 -0.1297
vn -0.0876 -0.9851 -0.1483
vn -0.0566 -0.9953 -0.0787
vn -0.0455 -0.9979 -0.0452
vn -0.0403 -0.9990 -0.0210
vn -0.0434 -0.9986 -0.0289
vn -0.0645 -0.9925 -0.1034
vn -0.0743 -0.9898 -0.1219
vn -0.0508 -0.9962 -0.0703
vn -0.0430 -0.9981 -0.0437
vn -0.0491 -0.9971 -0.0581
vn -0.0392 -0.9989 -0.0254
vn -0.0375 -0.9992 -0.0140
vn -0.0420 -0.9986 -0.0332
vn -0.0368 -0.9993 -0.0034
vn -0.0371 -0.9993 0.0052
vn -0.0383 -0.9992 -0.0066
vn -0.0478 -0.9967 -0.0654
vn -0.0470 -0.9978 -0.0461
vn -0.0881 -0.9864 -0.1390
vn -0.0812 -0.9851 -0.1517
vn -0.1019 -0.9746 -0.1994
vn -0.0403 -0.9986 -0.0342
vn -0.3754 -0.6647 -0.6459
vn -0.1516 -0.9396 -0.3069
vn -0.2998 -0.7281 -0.6165
vn -0.0487 -0.9986 -0.0193
vn -0.0451 -0.9989 -0.0107
vn -0.0415 -0.9989 -0.0203
vn -0.0547 -0.9984 -0.0131
vn -0.0477 -0.9989 -0.0035
vn -0.0639 -0.9979 -0.0130
vn -0.0543 -0.9985 -0.0084
vn -0.0461 -0.9985 -0.0304
vn -0.0575 -0.9948 -0.0840
vn -0.0567 -0.9966 -0.0594
vn -0.0596 -0.9973 -0.0422
vn -0.0550 -0.9981 -0.0268
vn -0.0761 -0.9970 -0.0163
vn -0.0719 -0.9972 -0.0184
vn -0.0894 -0.9958 -0.0207
vn -0.0897 -0.9957 -0.0215
vn -0.1038 -0.9942 -0.0263
vn -0.1069 -0.9939 -0.0281
vn -0.1110 -0.9928 -0.0445
vn -0.1333 -0.9904 -0.0372
vn -0.2192 -0.9736 -0.0633
vn -0.2851 -0.9546 -0.0862
vn -0.2864 -0.9556 -0.0698
vn -0.0880 -0.9957 -0.0292
vn -0.1903 -0.9804 -0.0514
vn -0.1572 -0.9868 -0.0398
vn -0.1747 -0.9835 -0.0479
vn -0.3651 -0.9262 -0.0939
vn -0.5874 -0.7955 -0.1489
vn -0.6537 -0.7284 -0.2053
vn -0.2394 -0.9685 -0.0683
vn -0.3022 -0.9485 -0.0954
vn -0.3643 -0.9232 -0.1227
vn -0.8199 0.4464 -0.3584
vn -0.6379 -0.7338 -0.2335
vn -0.1839 -0.9811 -0.0600
vn -0.2397 -0.9673 -0.0824
vn -0.3440 -0.9302 -0.1276
vn -0.5756 -0.7901 -0.2109
vn -0.6153 -0.7520 -0.2363
vn -0.1456 -0.9879 -0.0530
vn -0.1944 -0.9782 -0.0736
vn -0.1283 -0.9911 -0.0354
vn -0.1103 -0.9933 -0.0348
vn -0.1161 -0.9924 -0.0411
vn -0.1460 -0.9882 -0.0456
vn -0.2648 -0.9582 -0.1086
vn -0.3543 -0.9210 -0.1623
vn -0.2995 -0.9424 -0.1492
vn -0.3788 -0.9038 -0.1991
vn -0.0450 -0.9990 -0.0038
vn -0.0625 -0.9980 -0.0120
vn -0.0482 -0.9988 -0.0073
vn -0.0343 -0.9994 -0.0038
vn -0.0231 -0.9997 -0.0018
vn -0.0215 -0.9998 -0.0032
vn -0.0057 -1.0000 -0.0004
vn 0.0151 -0.9999 0.0015
vn -0.0433 -0.9990 -0.0104
vn -0.0339 -0.9994 -0.0065
vn -0.0438 -0.9989 -0.0154
vn -0.0344 -0.9994 -0.0100
vn -0.0227 -0.9997 -0.0064
vn -0.0116 -0.9999 -0.0024
vn -0.0903 -0.9955 -0.0284
vn -0.0719 -0.9971 -0.0238
vn -0.0726 -0.9972 -0.0196
vn -0.0552 -0.9983 -0.0175
vn -0.1023 -0.9937 -0.0453
vn -0.0843 -0.9957 -0.0384
vn -0.0938 -0.9950 -0.0343
vn -0.0681 -0.9972 -0.0309
vn -0.0630 -0.9977 -0.0249
vn -0.0773 -0.9966 -0.0290
vn -0.0473 -0.9987 -0.0190
vn -0.0533 -0.9983 -0.0253
vn -0.0320 -0.9994 -0.0124
vn -0.0214 -0.9997 -0.0099
vn -0.1596 -0.9849 -0.0665
vn -0.1264 -0.9905 -0.0549
vn -0.0717 -0.9967 -0.0377
vn -0.0596 -0.9976 -0.0338
vn -0.0967 -0.9937 -0.0559
vn -0.0798 -0.9957 -0.0472
vn -0.0944 -0.9943 -0.0499
vn -0.0448 -0.9987 -0.0258
vn -0.0398 -0.9990 -0.0192
vn -0.0630 -0.9972 -0.0403
vn -0.0956 -0.9935 -0.0618
vn -0.0769 -0.9957 -0.0510
vn -0.0306 -0.9994 -0.0174
vn -0.0440 -0.9986 -0.0288
vn -0.1547 -0.9849 -0.0777
vn -0.1219 -0.9907 -0.0607
vn -0.1962 -0.9764 -0.0901
vn -0.1967 -0.9748 -0.1049
vn -0.2431 -0.9628 -0.1182
vn -0.2697 -0.9512 -0.1500
vn -0.3864 -0.8923 -0.2334
vn -0.1263 -0.9895 -0.0702
vn -0.1528 -0.9842 -0.0892
vn -0.1875 -0.9760 -0.1106
vn -0.2123 -0.9685 -0.1300
vn -0.1112 -0.9916 -0.0657
vn -0.1265 -0.9886 -0.0819
vn -0.6208 -0.6914 -0.3695
vn -0.6078 -0.6840 -0.4034
vn -0.1643 -0.9808 -0.1047
vn -0.1541 -0.9823 -0.1068
vn -0.1941 -0.9722 -0.1308
vn -0.2053 -0.9672 -0.1497
vn -0.3714 -0.8845 -0.2824
vn -0.5997 -0.6801 -0.4216
vn -0.6463 -0.5739 -0.5030
vn -0.1171 -0.9899 -0.0795
vn -0.0922 -0.9936 -0.0648
vn -0.0991 -0.9923 -0.0739
vn -0.1220 -0.9883 -0.0914
vn -0.1488 -0.9822 -0.1149
vn 0.0236 -0.9997 0.0031
vn 0.0346 -0.9994 0.0059
vn 0.0730 -0.9973 -0.0008
vn 0.0798 -0.9968 0.0083
vn 0.0590 -0.9982 0.0069
vn 0.0515 -0.9987 -0.0041
vn 0.0896 -0.9959 0.0077
vn 0.0847 -0.9964 0.0070
vn 0.0712 -0.9975 -0.0008
vn 0.0054 -1.0000 0.0021
vn 0.0213 -0.9998 0.0056
vn 0.0163 -0.9999 0.0024
vn -0.0063 -1.0000 -0.0018
vn 0.0125 -0.9999 0.0038
vn 0.0187 -0.9998 0.0076
vn 0.0314 -0.9995 0.0083
vn 0.0435 -0.9990 0.0087
vn 0.0508 -0.9986 0.0136
vn 0.0393 -0.9991 0.0131
vn 0.0794 -0.9967 0.0186
vn 0.0887 -0.9960 0.0078
vn 0.0783 -0.9968 0.0141
vn 0.0031 -1.0000 0.0010
vn -0.0093 -0.9999 -0.0040
vn 0.0046 -1.0000 0.0020
vn 0.0071 -1.0000 0.0018
vn 0.0182 -0.9998 0.0093
vn 0.0124 -0.9999 0.0056
vn 0.0066 -1.0000 -0.0002
vn 0.0370 -0.9992 0.0161
vn -0.0301 -0.9993 -0.0199
vn -0.0533 -0.9979 -0.0380
vn -0.0412 -0.9987 -0.0313
vn -0.0191 -0.9997 -0.0125
vn -0.0307 -0.9993 -0.0233
vn -0.0188 -0.9997 -0.0160
vn 0.0017 -1.0000 -0.0034
vn 0.0114 -0.9999 0.0041
vn -0.0099 -0.9999 -0.0113
vn -0.0028 -1.0000 -0.0066
vn -0.0112 -0.9999 -0.0107
vn -0.0171 -0.9997 -0.0174
vn -0.0745 -0.9957 -0.0551
vn -0.0614 -0.9971 -0.0452
vn -0.0793 -0.9949 -0.0626
vn -0.0601 -0.9970 -0.0496
vn -0.0363 -0.9989 -0.0308
vn -0.0261 -0.9994 -0.0222
vn -0.0491 -0.9980 -0.0395
vn -0.0235 -0.9995 -0.0214
vn -0.0483 -0.9979 -0.0437
vn -0.0334 -0.9989 -0.0318
vn -0.0445 -0.9980 -0.0439
vn -0.0576 -0.9966 -0.0597
vn -0.2774 -0.9340 -0.2252
vn -0.3435 -0.8910 -0.2969
vn -0.1747 -0.9741 -0.1435
vn -0.1440 -0.9817 -0.1243
vn -0.2943 -0.9109 -0.2894
vn -0.5571 -0.6543 -0.5115
vn -0.5195 -0.6310 -0.5762
vn -0.0745 -0.9944 -0.0746
vn -0.0647 -0.9962 -0.0585
vn -0.0861 -0.9937 -0.0718
vn -0.1256 -0.9839 -0.1268
vn -0.0921 -0.9915 -0.0917
vn -0.1050 -0.9903 -0.0907
vn -0.1564 -0.9718 -0.1765
vn -0.1859 -0.9669 -0.1747
vn -0.2598 -0.9222 -0.2863
vn -0.4854 -0.6498 -0.5850
vn -0.1970 -0.9576 -0.2102
vn -0.1780 -0.9605 -0.2141
vn -0.2245 -0.9351 -0.2744
vn 0.0363 -0.9988 -0.0316
vn 0.0331 -0.9993 -0.0168
vn 0.0548 -0.9983 -0.0189
vn 0.0410 -0.9990 -0.0170
vn 0.0402 -0.9992 -0.0064
vn 0.0020 -0.9997 -0.0255
vn 0.0526 -0.9976 -0.0445
vn 0.0533 -0.9979 -0.0354
vn 0.0690 -0.9974 -0.0212
vn 0.0465 -0.9980 -0.0431
vn 0.0434 -0.9986 -0.0311
vn 0.0605 -0.9963 -0.0617
vn 0.0734 -0.9964 -0.0426
vn 0.0510 -0.9969 -0.0602
vn 0.0476 -0.9975 -0.0517
vn 0.0548 -0.9958 -0.0729
vn 0.0444 -0.9983 -0.0390
vn 0.0419 -0.9988 -0.0239
vn 0.1266 -0.9743 -0.1862
vn 0.0796 -0.9876 -0.1349
vn 0.0916 -0.9860 -0.1390
vn 0.0506 -0.9969 -0.0597
vn 0.0481 -0.9976 -0.0506
vn 0.0432 -0.9986 -0.0294
vn 0.1188 -0.9921 0.0393
vn 0.1022 -0.9944 0.0252
vn 0.0754 -0.9969 0.0234
vn 0.0747 -0.9968 0.0277
vn 0.2705 -0.9614 0.0505
vn 0.1820 -0.9821 -0.0490
vn 0.2137 -0.9769 -0.0052
vn 0.5273 -0.8321 0.1717
vn 0.5858 -0.8054 0.0904
vn 0.2995 -0.9535 0.0349
vn 0.2437 -0.9665 0.0812
vn 0.2413 -0.9664 0.0890
vn 0.2094 -0.9728 0.0990
vn 0.1269 -0.9908 0.0471
vn 0.1518 -0.9861 0.0671
vn 0.8930 0.3282 0.3078
vn 0.5085 -0.8347 0.2116
vn 0.4684 -0.8507 0.2385
vn 0.0270 -0.9995 0.0164
vn 0.0366 -0.9991 0.0193
vn 0.0726 -0.9968 0.0329
vn 0.0961 -0.9946 0.0399
vn 0.0572 -0.9980 0.0283
vn 0.0731 -0.9967 0.0355
vn 0.0442 -0.9987 0.0262
vn 0.0899 -0.9946 0.0516
vn 0.0700 -0.9967 0.0399
vn 0.0656 -0.9969 0.0433
vn 0.1163 -0.9914 0.0601
vn 0.4669 -0.8486 0.2489
vn 0.2028 -0.9740 0.1005
vn 0.2191 -0.9693 0.1117
vn 0.1428 -0.9872 0.0711
vn 0.1178 -0.9910 0.0633
vn 0.4860 -0.8442 0.2262
vn 0.8893 0.0036 0.4573
vn 0.4780 -0.8420 0.2500
vn 0.8728 0.0672 0.4833
vn 0.0846 -0.9945 0.0610
vn 0.1105 -0.9908 0.0778
vn -0.0011 -1.0000 -0.0050
vn 0.0192 -0.9997 0.0130
vn 0.0124 -0.9999 0.0084
vn 0.0656 -0.9969 0.0444
vn 0.0717 -0.9955 0.0618
vn 0.0612 -0.9970 0.0465
vn 0.0627 -0.9968 0.0502
vn 0.0373 -0.9988 0.0307
vn 0.0397 -0.9988 0.0294
vn 0.0185 -0.9997 0.0151
vn 0.0261 -0.9994 0.0213
vn 0.0255 -0.9995 0.0192
vn 0.0532 -0.9975 0.0464
vn -0.0315 -0.9989 -0.0334
vn -0.0261 -0.9994 -0.0244
vn -0.0040 -1.0000 -0.0059
vn 0.0003 -1.0000 -0.0021
vn -0.0102 -0.9999 -0.0117
vn -0.0158 -0.9997 -0.0188
vn -0.0218 -0.9995 -0.0226
vn 0.0019 -1.0000 0.0007
vn 0.0110 -0.9999 0.0088
vn -0.0123 -0.9998 -0.0164
vn -0.0439 -0.9979 -0.0485
vn -0.0304 -0.9989 -0.0365
vn -0.0374 -0.9982 -0.0479
vn -0.0227 -0.9994 -0.0264
vn -0.0234 -0.9992 -0.0316
vn -0.0178 -0.9995 -0.0245
vn -0.0372 -0.9977 -0.0567
vn -0.0299 -0.9987 -0.0420
vn -0.1424 -0.9725 -0.1842
vn -0.1211 -0.9815 -0.1481
vn -0.0748 -0.9922 -0.0997
vn -0.0641 -0.9947 -0.0808
vn -0.0728 -0.9937 -0.0847
vn -0.1108 -0.9817 -0.1549
vn -0.0944 -0.9880 -0.1226
vn -0.0610 -0.9945 -0.0857
vn -0.0516 -0.9962 -0.0701
vn -0.0483 -0.9959 -0.0759
vn -0.1665 -0.9599 -0.2255
vn -0.5246 -0.5503 -0.6495
vn -0.2943 -0.8778 -0.3780
vn -0.5496 -0.5005 -0.6689
vn -0.2042 -0.9364 -0.2853
vn -0.0817 -0.9895 -0.1191
vn -0.1371 -0.9695 -0.2031
vn -0.2534 -0.8944 -0.3686
vn -0.4364 -0.6622 -0.6091
vn -0.4944 -0.4170 -0.7627
vn -0.0933 -0.9856 -0.1412
vn -0.0645 -0.9931 -0.0979
vn -0.1754 -0.9455 -0.2743
vn -0.3688 -0.7462 -0.5542
vn -0.2330 -0.9057 -0.3541
vn -0.0754 -0.9894 -0.1238
vn -0.1001 -0.9821 -0.1594
vn -0.1296 -0.9687 -0.2115
vn 0.0413 -0.9990 -0.0192
vn 0.0406 -0.9991 -0.0074
vn 0.2870 -0.7711 -0.5683
vn 0.1430 -0.9509 -0.2744
vn 0.1656 -0.9374 -0.3064
vn 0.0546 -0.9959 -0.0723
vn 0.0467 -0.9977 -0.0482
vn 0.0496 -0.9973 -0.0533
vn 0.0666 -0.9923 -0.1046
vn 0.0542 -0.9960 -0.0713
vn 0.3095 -0.7288 -0.6108
vn 0.1430 -0.9501 -0.2773
vn 0.0426 -0.9987 -0.0276
vn 0.0437 -0.9984 -0.0358
vn 0.0658 -0.9928 -0.1003
vn 0.0522 -0.9964 -0.0664
vn 0.0748 -0.9890 -0.1277
vn 0.0727 -0.9905 -0.1165
vn 0.1292 -0.9535 -0.2723
vn 0.2835 -0.7819 -0.5552
vn 0.1261 -0.9671 -0.2209
vn 0.0449 -0.9983 -0.0358
vn 0.1032 -0.9773 -0.1852
vn 0.1534 -0.9365 -0.3154
vn 0.2583 -0.8350 -0.4858
vn 0.0891 -0.9841 -0.1540
vn 0.0462 -0.9980 -0.0437
vn 0.0426 -0.9990 -0.0125
vn 0.2180 -0.9629 0.1588
vn 0.2381 -0.9585 0.1569
vn 0.1584 -0.9791 0.1274
vn 0.4390 -0.8542 0.2786
vn 0.4706 -0.8142 0.3399
vn 0.4100 -0.8404 0.3545
vn 0.2249 -0.9556 0.1902
vn 0.0641 -0.9960 0.0621
vn 0.0526 -0.9975 0.0480
vn 0.0368 -0.9987 0.0347
vn 0.0458 -0.9978 0.0486
vn 0.0565 -0.9962 0.0660
vn 0.0827 -0.9942 0.0686
vn 0.2160 -0.9590 0.1836
vn 0.1451 -0.9814 0.1256
vn 0.1124 -0.9890 0.0962
vn 0.0726 -0.9947 0.0731
vn 0.5199 -0.7229 0.4550
vn 0.2550 -0.9383 0.2336
vn 0.3816 -0.8616 0.3348
vn 0.1742 -0.9719 0.1584
vn 0.0943 -0.9908 0.0966
vn 0.1627 -0.9721 0.1689
vn 0.3519 -0.8653 0.3569
vn 0.1604 -0.9689 0.1887
vn 0.0875 -0.9910 0.1015
vn 0.3288 -0.8679 0.3723
vn 0.1198 -0.9826 0.1420
vn -0.0021 -1.0000 -0.0031
vn 0.0045 -1.0000 0.0035
vn 0.0192 -0.9997 0.0173
vn 0.0240 -0.9994 0.0241
vn 0.0090 -0.9999 0.0103
vn 0.0168 -0.9997 0.0166
vn 0.0314 -0.9988 0.0365
vn 0.0127 -0.9998 0.0157
vn 0.0193 -0.9996 0.0214
vn 0.0380 -0.9980 0.0515
vn 0.0419 -0.9979 0.0495
vn 0.0143 -0.9997 0.0206
vn 0.0209 -0.9993 0.0308
vn 0.0508 -0.9963 0.0687
vn 0.0279 -0.9988 0.0404
vn -0.0219 -0.9992 -0.0331
vn -0.0157 -0.9996 -0.0247
vn -0.0251 -0.9988 -0.0416
vn -0.0089 -0.9999 -0.0144
vn -0.0069 -0.9999 -0.0093
vn -0.0177 -0.9993 -0.0324
vn -0.0027 -1.0000 -0.0045
vn -0.0137 -0.9996 -0.0250
vn 0.0026 -1.0000 0.0046
vn 0.0020 -1.0000 0.0026
vn -0.0094 -0.9998 -0.0171
vn 0.0075 -0.9999 0.0125
vn -0.0298 -0.9981 -0.0531
vn -0.0378 -0.9972 -0.0652
vn -0.0489 -0.9952 -0.0850
vn -0.0398 -0.9963 -0.0761
vn -0.0235 -0.9987 -0.0460
vn -0.0321 -0.9975 -0.0633
vn -0.0199 -0.9989 -0.0435
vn -0.0271 -0.9978 -0.0606
vn -0.0349 -0.9964 -0.0772
vn -0.2001 -0.9151 -0.3501
vn -0.0946 -0.9815 -0.1667
vn -0.0643 -0.9910 -0.1174
vn -0.0469 -0.9946 -0.0928
vn -0.0769 -0.9853 -0.1527
vn -0.1054 -0.9740 -0.2006
vn -0.1171 -0.9626 -0.2445
vn -0.1399 -0.9567 -0.2551
vn -0.2323 -0.8481 -0.4763
vn -0.1455 -0.9456 -0.2911
vn -0.0587 -0.9913 -0.1179
vn -0.0906 -0.9763 -0.1965
vn -0.0528 -0.9916 -0.1178
vn -0.1382 -0.9397 -0.3127
vn 0.0478 -0.9984 -0.0299
vn 0.0608 -0.9981 0.0005
vn 0.0478 -0.9983 0.0320
vn 0.0928 -0.9889 0.1159
vn 0.1606 -0.9627 0.2179
vn 0.3555 -0.8397 0.4105
vn 0.3364 -0.8173 0.4678
vn 0.1341 -0.9722 0.1919
vn 0.5627 -0.0508 0.8251
vn 0.2773 -0.8548 0.4386
vn 0.1654 -0.9491 0.2680
vn 0.3404 -0.8199 0.4603
vn 0.0349 -0.9978 0.0572
vn 0.0458 -0.9963 0.0730
vn 0.0251 -0.9988 0.0421
vn 0.0298 -0.9981 0.0533
vn 0.0388 -0.9968 0.0698
vn 0.0431 -0.9956 0.0830
vn 0.0345 -0.9971 0.0684
vn 0.0251 -0.9983 0.0525
vn 0.0185 -0.9993 0.0334
vn 0.0382 -0.9957 0.0845
vn 0.0290 -0.9971 0.0701
vn 0.0228 -0.9981 0.0576
vn 0.0863 -0.9888 0.1218
vn 0.0624 -0.9944 0.0858
vn 0.0557 -0.9943 0.0905
vn 0.1186 -0.9755 0.1851
vn 0.0777 -0.9901 0.1165
vn 0.0660 -0.9911 0.1159
vn 0.0522 -0.9939 0.0968
vn 0.1417 -0.9525 0.2697
vn 0.1845 -0.9258 0.3298
vn 0.0989 -0.9775 0.1866
vn 0.3542 -0.7273 0.5878
vn 0.3253 -0.7412 0.5872
vn 0.0626 -0.9900 0.1266
vn 0.0829 -0.9860 0.1445
vn 0.0468 -0.9939 0.0999
vn 0.0122 -0.9997 0.0217
vn 0.0070 -0.9999 0.0152
vn -0.0017 -1.0000 -0.0026
vn -0.0051 -0.9999 -0.0113
vn -0.0100 -0.9997 -0.0210
vn 0.0120 -0.9996 0.0249
vn 0.0045 -0.9999 0.0154
vn 0.0070 -0.9997 0.0218
vn 0.0156 -0.9992 0.0358
vn 0.0187 -0.9988 0.0455
vn 0.0085 -0.9995 0.0292
vn 0.0093 -0.9997 0.0242
vn -0.0175 -0.9989 -0.0438
vn -0.0128 -0.9995 -0.0304
vn -0.0146 -0.9989 -0.0442
vn -0.0112 -0.9995 -0.0307
vn -0.0044 -0.9999 -0.0119
vn -0.0016 -1.0000 -0.0023
vn -0.0176 -0.9979 -0.0631
vn -0.0196 -0.9982 -0.0575
vn -0.0246 -0.9976 -0.0653
vn -0.0244 -0.9967 -0.0769
vn -0.0397 -0.9949 -0.0923
vn -0.0655 -0.9860 -0.1534
vn -0.1011 -0.9597 -0.2624
vn -0.2068 -0.8563 -0.4732
vn -0.3013 -0.7637 -0.5709
vn -0.1575 -0.8588 -0.4874
vn -0.0661 -0.9785 -0.1954
vn -0.0498 -0.9895 -0.1354
vn -0.0727 -0.9790 -0.1903
vn -0.0445 -0.9898 -0.1354
vn -0.0364 -0.9944 -0.0997
vn -0.0958 -0.9236 -0.3711
vn -0.0893 -0.9554 -0.2815
vn -0.2048 -0.7959 -0.5697
vn -0.3121 -0.0287 -0.9496
vn 0.0321 -0.9953 0.0919
vn 0.0242 -0.9974 0.0681
vn 0.0235 -0.9956 0.0909
vn 0.0423 -0.9936 0.1051
vn 0.1187 -0.9560 0.2684
vn 0.0846 -0.9788 0.1863
vn 0.0950 -0.9664 0.2389
vn 0.0693 -0.9797 0.1883
vn 0.0352 -0.9932 0.1109
vn 0.1059 -0.9379 0.3302
vn 0.0778 -0.9626 0.2595
vn 0.0415 -0.9884 0.1458
vn 0.0383 -0.9780 0.2050
vn 0.0187 -0.9931 0.1153
vn 0.2630 -0.6226 0.7370
vn 0.1490 -0.8725 0.4653
vn 0.1362 -0.5950 0.7921
vn 0.0477 -0.9587 0.2802
vn 0.0754 -0.8959 0.4377
vn 0.0003 -0.9739 0.2270
vn 0.0108 -0.9960 0.0892
vn -0.0059 -0.9963 0.0854
vn -0.0010 -0.9936 0.1130
vn -0.0187 -0.9938 0.1096
vn -0.0340 -0.9880 0.1506
vn -0.0040 -0.9868 0.1617
vn -0.6519 -0.6335 0.4169
vn -0.3408 -0.9192 0.1973
vn -0.4869 -0.8370 0.2499
vn 0.0133 -0.9992 0.0374
vn 0.0092 -0.9991 0.0405
vn 0.0085 -0.9989 0.0455
vn 0.0019 -0.9999 0.0156
vn 0.0050 -0.9997 0.0249
vn 0.0069 -0.9977 0.0679
vn 0.0010 -0.9989 0.0458
vn -0.0035 -0.9986 0.0521
vn 0.0050 -0.9993 0.0369
vn -0.0116 -0.9990 0.0431
vn 0.0009 -0.9993 0.0383
vn -0.0109 -0.9993 -0.0369
vn -0.0059 -0.9998 -0.0195
vn -0.0081 -0.9998 -0.0208
vn -0.0079 -0.9996 -0.0285
vn -0.0126 -0.9988 -0.0477
vn -0.0040 -0.9999 -0.0120
vn -0.0014 -1.0000 -0.0058
vn -0.0086 -0.9993 -0.0370
vn -0.0098 -0.9989 -0.0456
vn -0.0130 -0.9983 -0.0559
vn -0.0459 -0.9801 -0.1932
vn -0.0370 -0.9888 -0.1443
vn -0.0581 -0.9769 -0.2059
vn -0.0311 -0.9919 -0.1230
vn -0.0268 -0.9940 -0.1056
vn -0.0682 -0.9610 -0.2680
vn -0.2588 0.2177 -0.9411
vn -0.1658 -0.8401 -0.5165
vn -0.1333 -0.8075 -0.5747
vn -0.0253 -0.9950 -0.0967
vn -0.0221 -0.9962 -0.0846
vn -0.0754 -0.9716 -0.2242
vn -0.0438 -0.9863 -0.1589
vn -0.1456 -0.9463 -0.2888
vn -0.0449 -0.9924 -0.1147
vn -0.0637 -0.9855 -0.1573
vn -0.1381 -0.9620 -0.2357
vn -0.1427 -0.9761 -0.1638
vn -0.1734 -0.9656 -0.1940
vn -0.2111 -0.9666 -0.1451
vn -0.3480 -0.9180 -0.1902
vn -0.3196 -0.9334 -0.1631
vn -0.6029 -0.7315 0.3185
vn -0.1763 -0.9787 0.1049
vn -0.5072 -0.8209 0.2625
vn -0.2495 -0.9580 0.1417
vn -0.8237 -0.3519 0.4446
vn -0.4158 -0.8847 0.2109
vn -0.7538 -0.5396 0.3750
vn -0.2344 -0.9635 0.1296
vn -0.3477 -0.9198 0.1817
vn -0.1701 -0.9805 0.0981
vn -0.1253 -0.9888 0.0806
vn -0.1366 -0.9868 0.0871
vn -0.3072 -0.9377 0.1624
vn -0.6643 -0.6675 0.3365
vn -0.1836 -0.9770 0.1080
vn -0.1402 -0.9862 0.0885
vn -0.1017 -0.9921 0.0733
vn -0.1633 -0.9815 0.0998
vn -0.1226 -0.9889 0.0835
vn -0.0356 -0.9977 0.0582
vn -0.0652 -0.9958 0.0640
vn -0.0589 -0.9963 0.0628
vn -0.0259 -0.9981 0.0554
vn -0.0500 -0.9970 0.0594
vn -0.0393 -0.9977 0.0551
vn -0.0153 -0.9982 0.0579
vn -0.0142 -0.9990 0.0420
vn -0.0440 -0.9973 0.0595
vn -0.0299 -0.9979 0.0572
vn -0.0080 -0.9985 0.0536
vn -0.0592 -0.9967 0.0546
vn -0.0791 -0.9948 0.0642
vn -0.0689 -0.9958 0.0606
vn -0.0388 -0.9989 0.0271
vn -0.0447 -0.9979 0.0460
vn -0.0470 -0.9978 0.0466
vn -0.0429 -0.9986 0.0307
vn -0.0369 -0.9986 0.0380
vn -0.0290 -0.9995 0.0112
vn -0.0347 -0.9993 0.0134
vn -0.0161 -0.9988 0.0470
vn -0.0259 -0.9991 0.0338
vn -0.0142 -0.9993 0.0346
vn -0.0295 -0.9984 0.0477
vn -0.0051 -0.9988 0.0483
vn -0.0215 -0.9985 0.0508
vn -0.0184 -0.9986 0.0496
vn -0.2372 -0.9606 0.1452
vn -0.2554 -0.9571 0.1369
vn -0.1481 -0.9838 0.1011
vn -0.1173 -0.9900 0.0780
vn -0.1098 -0.9892 0.0967
vn -0.0909 -0.9934 0.0706
vn -0.0339 -0.9992 0.0203
vn -0.0304 -0.9988 0.0377
vn -0.0186 -0.9994 0.0275
vn -0.0065 -0.9994 0.0335
vn 0.0021 -0.9996 0.0295
vn -0.0008 -0.9996 0.0289
vn 0.0023 -0.9997 0.0242
vn 0.0005 -0.9997 0.0244
vn -0.0007 -0.9999 0.0151
vn -0.0069 -0.9998 0.0206
vn -0.0115 -0.9998 -0.0173
vn -0.0240 -0.9997 -0.0043
vn -0.0219 -0.9997 -0.0119
vn -0.0058 -0.9999 -0.0136
vn -0.0113 -0.9999 -0.0040
vn 0.0008 -0.9999 -0.0132
vn -0.0018 -0.9997 -0.0251
vn 0.0024 -0.9998 0.0194
vn -0.0066 -0.9996 -0.0292
vn -0.0029 -1.0000 0.0012
vn -0.0016 -0.9999 0.0141
vn -0.0008 -1.0000 0.0075
vn -0.0048 -0.9993 -0.0364
vn -0.0047 -0.9997 -0.0241
vn -0.0015 -0.9997 0.0257
vn 0.0005 -0.9998 0.0222
vn -0.0039 -0.9999 -0.0138
vn -0.0017 -1.0000 -0.0095
vn -0.0012 -0.9996 -0.0291
vn -0.0013 -0.9991 -0.0420
vn -0.0074 -0.9990 -0.0442
vn -0.0182 -0.9983 -0.0555
vn -0.0164 -0.9980 -0.0603
vn -0.0217 -0.9976 -0.0663
vn -0.0276 -0.9970 -0.0720
vn -0.0283 -0.9981 -0.0547
vn -0.0108 -0.9987 -0.0507
vn -0.0274 -0.9987 -0.0437
vn -0.0158 -0.9988 -0.0468
vn -0.0068 -0.9989 -0.0459
vn -0.0388 -0.9977 -0.0561
vn -0.0401 -0.9955 -0.0854
vn -0.0552 -0.9944 -0.0905
vn -0.0821 -0.9947 -0.0618
vn -0.0577 -0.9965 -0.0606
vn -0.0829 -0.9923 -0.0923
vn -0.0387 -0.9982 -0.0451
vn -0.0407 -0.9981 -0.0467
vn -0.0501 -0.9977 -0.0461
vn -0.0257 -0.9988 -0.0419
vn -0.0149 -0.9991 -0.0397
vn -0.0190 -0.9990 -0.0404
vn -0.1267 -0.9891 -0.0746
vn -0.1855 -0.9773 -0.1020
vn -0.1657 -0.9820 -0.0910
vn -0.2644 -0.9547 -0.1363
vn -0.0639 -0.9967 -0.0495
vn -0.0852 -0.9947 -0.0573
vn -0.0826 -0.9949 -0.0574
vn -0.0611 -0.9969 -0.0496
vn -0.0883 -0.9942 -0.0614
vn -0.1372 -0.9872 -0.0817
vn -0.1123 -0.9911 -0.0712
vn -0.0741 -0.9957 -0.0548
vn -0.0489 -0.9977 -0.0468
vn -0.0622 -0.9968 -0.0507
vn -0.1907 -0.9536 -0.2332
vn -0.0965 -0.9932 -0.0648
vn -0.0336 -0.9984 -0.0450
vn -0.0447 -0.9980 -0.0448
vn -0.0197 -0.9989 -0.0417
vn -0.0057 -0.9992 -0.0384
vn -0.0654 -0.9965 -0.0517
vn -0.1728 -0.9789 -0.1089
vn -0.0699 -0.9962 -0.0528
vn -0.0408 -0.9981 -0.0451
vn -0.0369 -0.9983 -0.0456
vn -0.0608 0.9981 -0.0005
vn -0.0476 0.9984 0.0299
vn -0.0478 0.9983 -0.0320
vn -0.0537 0.9962 -0.0693
vn -0.0696 0.9918 -0.1072
vn -0.0728 0.9913 -0.1099
vn -0.0461 0.9980 -0.0431
vn -0.0428 0.9990 -0.0126
vn -0.0452 0.9983 -0.0373
vn -0.0513 0.9968 -0.0616
vn -0.0532 0.9963 -0.0672
vn -0.0794 0.9883 -0.1300
vn -0.1142 0.9728 -0.2017
vn -0.0663 0.9931 -0.0969
vn -0.0435 0.9986 -0.0299
vn -0.0408 0.9991 -0.0098
vn -0.0407 0.9991 0.0093
vn -0.0385 0.9992 0.0071
vn -0.0392 0.9990 -0.0196
vn -0.0726 0.9903 -0.1184
vn -0.1083 0.9744 -0.1970
vn -0.1267 0.9608 -0.2467
vn -0.0380 0.9993 -0.0062
vn -0.0411 0.9986 -0.0323
vn -0.0623 0.9935 -0.0952
vn -0.0797 0.9872 -0.1380
vn -0.0467 0.9978 -0.0477
vn -0.0494 0.9969 -0.0606
vn -0.0546 0.9951 -0.0823
vn -0.0426 0.9982 -0.0431
vn -0.0368 0.9992 -0.0154
vn -0.0377 0.9990 -0.0246
vn -0.0357 0.9993 -0.0075
vn -0.0797 0.9889 -0.1252
vn -0.0983 0.9785 -0.1813
vn -0.1635 0.9312 -0.3257
vn -0.1476 0.9447 -0.2927
vn -0.0475 0.9970 -0.0611
vn -0.0481 0.9978 -0.0458
vn -0.0778 0.9911 -0.1077
vn -0.0393 0.9991 -0.0171
vn -0.0372 0.9992 -0.0109
vn -0.0496 0.9966 -0.0662
vn -0.0643 0.9948 -0.0794
vn -0.0393 0.9988 -0.0298
vn -0.0461 0.9986 -0.0270
vn -0.0694 0.9958 -0.0591
vn -0.0960 0.9921 -0.0810
vn -0.0591 0.9975 -0.0379
vn -0.0789 0.9959 -0.0441
vn -0.0436 0.9990 -0.0122
vn -0.0502 0.9985 -0.0226
vn -0.0409 0.9991 -0.0055
vn -0.0408 0.9992 -0.0048
vn -0.0522 0.9985 -0.0147
vn -0.0567 0.9981 -0.0230
vn -0.0619 0.9979 -0.0209
vn -0.0784 0.9966 -0.0271
vn -0.0710 0.9969 -0.0325
vn -0.0600 0.9981 -0.0160
vn -0.0456 0.9989 -0.0090
vn -0.0502 0.9987 -0.0114
vn -0.3882 0.6296 -0.6729
vn -0.3334 0.6533 -0.6797
vn -0.1674 0.9316 -0.3226
vn -0.2170 0.9260 -0.3091
vn -0.3787 0.9202 -0.0988
vn -0.5894 0.7948 -0.1444
vn -0.3100 0.9468 -0.0859
vn -0.1119 0.9923 -0.0531
vn -0.1673 0.9839 -0.0625
vn -0.1458 0.9868 -0.0710
vn -0.1274 0.9912 -0.0373
vn -0.1371 0.9900 -0.0341
vn -0.1793 0.9826 -0.0478
vn -0.2458 0.9673 -0.0631
vn -0.2335 0.9701 -0.0656
vn -0.0731 0.9971 -0.0197
vn -0.0609 0.9980 -0.0156
vn -0.1838 0.9817 -0.0499
vn -0.2300 0.9703 -0.0750
vn -0.1771 0.9825 -0.0571
vn -0.2793 0.9562 -0.0873
vn -0.3591 0.9253 -0.1221
vn -0.2705 0.9570 -0.1052
vn -0.3799 0.9149 -0.1366
vn -0.1319 0.9902 -0.0459
vn -0.1323 0.9903 -0.0418
vn -0.1936 0.9784 -0.0718
vn -0.7485 0.5971 -0.2886
vn -0.0994 0.9944 -0.0355
vn -0.0949 0.9951 -0.0284
vn -0.1359 0.9892 -0.0556
vn -0.0767 0.9968 -0.0233
vn -0.0775 0.9968 -0.0200
vn -0.0343 0.9994 -0.0034
vn -0.0399 0.9992 -0.0081
vn -0.0301 0.9995 -0.0059
vn -0.0270 0.9996 -0.0035
vn -0.0205 0.9998 -0.0040
vn -0.0120 0.9999 -0.0033
vn -0.0024 1.0000 -0.0019
vn -0.0121 0.9999 -0.0037
vn -0.0432 0.9990 -0.0113
vn -0.0525 0.9985 -0.0167
vn -0.0298 0.9995 -0.0074
vn -0.0294 0.9995 -0.0085
vn -0.0198 0.9998 -0.0056
vn -0.0226 0.9997 -0.0075
vn -0.0064 1.0000 -0.0019
vn -0.0409 0.9991 -0.0127
vn -0.0421 0.9990 -0.0151
vn -0.0582 0.9981 -0.0220
vn -0.0523 0.9984 -0.0220
vn -0.0725 0.9969 -0.0316
vn -0.0619 0.9977 -0.0279
vn -0.0304 0.9995 -0.0100
vn -0.0412 0.9990 -0.0173
vn -0.0314 0.9994 -0.0118
vn -0.0144 0.9999 -0.0039
vn -0.1297 0.9896 -0.0616
vn -0.1746 0.9816 -0.0777
vn -0.2862 0.9453 -0.1564
vn -0.3618 0.9145 -0.1812
vn -0.2387 0.9647 -0.1107
vn -0.1066 0.9933 -0.0450
vn -0.1030 0.9933 -0.0524
vn -0.1341 0.9886 -0.0685
vn -0.1745 0.9809 -0.0862
vn -0.4207 0.8792 -0.2238
vn -0.1282 0.9892 -0.0714
vn -0.1670 0.9810 -0.0983
vn -0.2104 0.9690 -0.1296
vn -0.2148 0.9703 -0.1114
vn -0.3124 0.9281 -0.2025
vn -0.4344 0.8605 -0.2660
vn -0.0877 0.9954 -0.0382
vn -0.0882 0.9950 -0.0478
vn -0.0961 0.9937 -0.0580
vn -0.1258 0.9888 -0.0803
vn -0.0489 0.9985 -0.0238
vn -0.0615 0.9976 -0.0303
vn -0.0663 0.9970 -0.0396
vn -0.0740 0.9964 -0.0410
vn -0.0572 0.9979 -0.0310
vn -0.0316 0.9994 -0.0137
vn -0.0414 0.9989 -0.0223
vn -0.0519 0.9981 -0.0322
vn -0.4320 0.8527 -0.2936
vn -0.1662 0.9795 -0.1137
vn -0.1960 0.9707 -0.1392
vn -0.2535 0.9537 -0.1618
vn -0.2975 0.9288 -0.2209
vn -0.2328 0.9573 -0.1714
vn -0.1016 0.9923 -0.0702
vn -0.1012 0.9918 -0.0782
vn -0.1311 0.9874 -0.0887
vn -0.1948 0.9677 -0.1604
vn 0.0352 0.9994 0.0035
vn 0.0487 0.9988 -0.0050
vn 0.0373 0.9993 -0.0023
vn 0.0382 0.9992 -0.0068
vn -0.0057 1.0000 -0.0012
vn 0.0039 1.0000 -0.0006
vn 0.0075 1.0000 0.0014
vn 0.0209 0.9998 0.0033
vn 0.0072 1.0000 0.0030
vn -0.0050 1.0000 -0.0004
vn 0.0300 0.9995 0.0066
vn 0.0218 0.9997 0.0067
vn 0.0390 0.9992 0.0111
vn 0.0451 0.9990 0.0076
vn 0.0575 0.9983 0.0122
vn 0.0601 0.9982 0.0077
vn 0.0293 0.9995 0.0107
vn 0.0608 0.9979 0.0201
vn 0.0530 0.9985 0.0151
vn 0.0742 0.9972 0.0132
vn 0.0392 0.9991 0.0165
vn 0.0862 0.9961 0.0210
vn 0.0734 0.9970 0.0248
vn -0.0067 1.0000 -0.0003
vn -0.0140 0.9999 -0.0048
vn 0.0050 1.0000 0.0042
vn 0.0191 0.9998 0.0078
vn 0.0104 0.9999 0.0077
vn 0.0195 0.9998 0.0101
vn 0.0287 0.9995 0.0134
vn 0.0195 0.9997 0.0120
vn 0.0173 0.9998 0.0120
vn 0.0406 0.9989 0.0212
vn -0.0409 0.9988 -0.0267
vn -0.0307 0.9994 -0.0151
vn -0.0311 0.9993 -0.0190
vn -0.0072 1.0000 -0.0014
vn -0.0123 0.9999 -0.0062
vn -0.0221 0.9997 -0.0122
vn -0.0246 0.9995 -0.0181
vn -0.0048 1.0000 0.0006
vn 0.0018 1.0000 0.0041
vn 0.0026 1.0000 0.0041
vn -0.0055 1.0000 -0.0027
vn -0.0128 0.9999 -0.0103
vn -0.1559 0.9803 -0.1210
vn -0.2705 0.9356 -0.2268
vn -0.1470 0.9810 -0.1268
vn -0.0833 0.9946 -0.0612
vn -0.0790 0.9947 -0.0652
vn -0.0824 0.9940 -0.0722
vn -0.0625 0.9972 -0.0407
vn -0.0699 0.9962 -0.0524
vn -0.0807 0.9953 -0.0526
vn -0.0498 0.9981 -0.0375
vn -0.0371 0.9989 -0.0278
vn -0.0611 0.9968 -0.0515
vn -0.0411 0.9985 -0.0357
vn -0.0510 0.9976 -0.0463
vn -0.0286 0.9993 -0.0231
vn -0.0328 0.9990 -0.0298
vn -0.0647 0.9960 -0.0613
vn -0.0253 0.9994 -0.0242
vn -0.0453 0.9979 -0.0456
vn -0.1729 0.9711 -0.1643
vn -0.2119 0.9573 -0.1966
vn -0.2423 0.9405 -0.2383
vn -0.3420 0.8892 -0.3040
vn -0.1057 0.9897 -0.0968
vn -0.1138 0.9889 -0.0951
vn -0.1431 0.9814 -0.1283
vn -0.1227 0.9848 -0.1231
vn -0.2019 0.9553 -0.2161
vn -0.1656 0.9700 -0.1780
vn -0.2331 0.9350 -0.2675
vn -0.1293 0.9817 -0.1395
vn -0.0845 0.9929 -0.0832
vn -0.0953 0.9900 -0.1038
vn -0.4541 0.7043 -0.5457
vn -0.2975 0.8903 -0.3447
vn -0.2563 0.9179 -0.3029
vn -0.0565 0.9967 -0.0586
vn -0.0707 0.9947 -0.0753
vn 0.0414 0.9987 -0.0295
vn 0.0361 0.9992 -0.0140
vn 0.0399 0.9989 -0.0233
vn 0.0502 0.9970 -0.0580
vn 0.0462 0.9981 -0.0405
vn 0.0467 0.9976 -0.0504
vn 0.0753 0.9895 -0.1238
vn 0.0916 0.9861 -0.1383
vn 0.0840 0.9914 -0.0999
vn 0.0439 0.9982 -0.0397
vn 0.1285 0.9746 -0.1834
vn 0.0398 0.9991 -0.0147
vn 0.0432 0.9987 -0.0271
vn 0.0997 0.9780 -0.1834
vn 0.1533 0.9426 -0.2967
vn 0.1172 0.9727 -0.2002
vn 0.0432 0.9986 -0.0320
vn 0.0473 0.9986 -0.0244
vn 0.2786 0.9587 0.0575
vn 0.2618 0.9650 0.0146
vn 0.1785 0.9837 -0.0227
vn 0.1013 0.9943 0.0319
vn 0.1532 0.9874 0.0408
vn 0.1296 0.9906 0.0441
vn 0.1733 0.9830 0.0601
vn 0.1218 0.9915 0.0448
vn 0.3000 0.9539 0.0140
vn 0.3691 0.9280 0.0507
vn 0.1457 0.9871 0.0666
vn 0.0962 0.9946 0.0392
vn 0.6899 0.6821 0.2425
vn 0.5440 0.8202 0.1769
vn 0.6373 -0.7374 0.2237
vn 0.2383 0.9644 0.1142
vn 0.2272 0.9698 0.0887
vn 0.5416 0.8129 0.2142
vn 0.1885 0.9226 -0.3367
vn 0.0923 0.9957 0.0121
vn 0.0978 0.9949 0.0231
vn 0.0842 0.9959 0.0333
vn 0.0716 0.9970 0.0289
vn 0.0895 0.9956 0.0276
vn 0.1316 0.9891 0.0654
vn 0.1389 0.9881 0.0662
vn 0.0930 0.9944 0.0495
vn 0.4828 0.8463 0.2250
vn 0.4704 0.8494 0.2393
vn 0.1282 0.9897 0.0636
vn 0.1360 0.9877 0.0769
vn 0.0910 0.9942 0.0571
vn 0.1553 0.9817 0.1099
vn 0.0972 0.9931 0.0663
vn 0.0297 0.9994 0.0166
vn 0.0279 0.9994 0.0180
vn 0.0724 0.9967 0.0355
vn 0.0873 0.9953 0.0406
vn 0.0591 0.9979 0.0250
vn 0.0552 0.9980 0.0292
vn 0.0399 0.9989 0.0257
vn 0.0693 0.9964 0.0486
vn 0.0543 0.9980 0.0338
vn 0.0735 0.9964 0.0422
vn 0.0826 0.9952 0.0532
vn 0.0194 0.9997 0.0146
vn 0.0097 0.9999 0.0090
vn -0.0018 1.0000 -0.0011
vn 0.0035 1.0000 0.0039
vn 0.0036 1.0000 0.0030
vn 0.0533 0.9978 0.0390
vn 0.0390 0.9988 0.0300
vn 0.0284 0.9994 0.0203
vn 0.0258 0.9994 0.0216
vn 0.0172 0.9998 0.0138
vn 0.0109 0.9999 0.0109
vn 0.0181 0.9997 0.0162
vn 0.0682 0.9961 0.0558
vn 0.0505 0.9977 0.0442
vn 0.0373 0.9987 0.0342
vn -0.0183 0.9997 -0.0176
vn -0.0328 0.9989 -0.0335
vn -0.0057 1.0000 -0.0055
vn -0.0106 0.9999 -0.0114
vn -0.0041 1.0000 -0.0050
vn -0.0082 0.9999 -0.0108
vn -0.1693 0.9645 -0.2025
vn -0.0981 0.9885 -0.1154
vn -0.1285 0.9810 -0.1452
vn -0.1236 0.9803 -0.1542
vn -0.0753 0.9928 -0.0934
vn -0.0635 0.9952 -0.0750
vn -0.0592 0.9950 -0.0802
vn -0.0930 0.9878 -0.1249
vn -0.0512 0.9970 -0.0580
vn -0.0763 0.9934 -0.0860
vn -0.0355 0.9986 -0.0403
vn -0.0393 0.9981 -0.0474
vn -0.0289 0.9991 -0.0326
vn -0.0517 0.9964 -0.0679
vn -0.0400 0.9978 -0.0537
vn -0.0220 0.9994 -0.0255
vn -0.0277 0.9989 -0.0366
vn -0.0277 0.9988 -0.0408
vn -0.5587 0.3601 -0.7471
vn -0.1528 0.9667 -0.2052
vn -0.0700 0.9928 -0.0975
vn -0.1191 0.9782 -0.1702
vn -0.1573 0.9600 -0.2316
vn -0.2948 0.8559 -0.4249
vn -0.4553 0.6106 -0.6479
vn -0.0850 0.9884 -0.1261
vn -0.2143 0.9268 -0.3086
vn -0.2395 0.8997 -0.3649
vn -0.1018 0.9815 -0.1620
vn -0.4833 0.5099 -0.7116
vn -0.4805 0.5207 -0.7057
vn -0.1391 0.9668 -0.2142
vn -0.1565 0.9523 -0.2621
vn -0.0582 0.9942 -0.0900
vn -0.0497 0.9959 -0.0757
vn 0.0558 0.9955 -0.0766
vn 0.0676 0.9918 -0.1084
vn 0.0603 0.9942 -0.0885
vn 0.0924 0.9812 -0.1692
vn 0.1590 0.9349 -0.3174
vn 0.3262 0.6857 -0.6507
vn 0.0415 0.9989 -0.0209
vn 0.0455 0.9980 -0.0441
vn 0.0519 0.9965 -0.0660
vn 0.0473 0.9976 -0.0499
vn 0.0907 0.9841 -0.1525
vn 0.1569 0.9273 -0.3398
vn 0.3074 0.7351 -0.6043
vn 0.1396 0.9511 -0.2755
vn 0.0752 0.9887 -0.1299
vn 0.1365 0.9437 -0.3014
vn 0.0746 0.9894 -0.1245
vn 0.2783 0.7987 -0.5334
vn 0.1249 0.9676 -0.2193
vn 0.0606 0.9943 -0.0876
vn 0.0663 0.9926 -0.1015
vn 0.2499 0.8405 -0.4808
vn 0.2706 0.7982 -0.5381
vn 0.0432 0.9989 -0.0157
vn 0.0457 0.9990 -0.0001
vn 0.0421 0.9990 0.0144
vn 0.1371 0.9861 0.0938
vn 0.1014 0.9919 0.0766
vn 0.2625 0.9397 0.2194
vn 0.2156 0.9637 0.1573
vn 0.4207 0.8413 0.3394
vn 0.0807 0.9943 0.0690
vn 0.1428 0.9823 0.1213
vn 0.1184 0.9878 0.1007
vn 0.2228 0.9567 0.1872
vn 0.1401 0.9823 0.1244
vn 0.1057 0.9904 0.0886
vn 0.1029 0.9910 0.0861
vn 0.3698 0.8661 0.3363
vn 0.3725 0.8678 0.3289
vn 0.1653 0.9742 0.1538
vn 0.7401 -0.0909 0.6663
vn 0.3567 0.8602 0.3643
vn 0.0715 0.9944 0.0784
vn 0.0855 0.9931 0.0804
vn 0.0963 0.9899 0.1045
vn 0.6931 -0.2778 0.6651
vn 0.0646 0.9944 0.0841
vn 0.3359 0.8662 0.3700
vn 0.6745 -0.1706 0.7183
vn 0.3307 -0.8690 0.3680
vn 0.4663 0.7046 0.5348
vn 0.2191 0.9397 0.2626
vn 0.3314 0.8661 0.3741
vn 0.0644 0.9961 0.0595
vn 0.0481 0.9976 0.0492
vn 0.0346 0.9987 0.0377
vn 0.0251 0.9994 0.0249
vn 0.0586 0.9956 0.0728
vn 0.0599 0.9962 0.0629
vn -0.0010 1.0000 -0.0018
vn 0.0037 1.0000 0.0044
vn 0.0178 0.9997 0.0190
vn 0.0137 0.9998 0.0172
vn 0.0229 0.9994 0.0277
vn 0.0087 0.9999 0.0120
vn 0.0420 0.9979 0.0491
vn 0.0300 0.9988 0.0385
vn 0.0026 1.0000 0.0037
vn 0.0503 0.9968 0.0625
vn 0.0391 0.9978 0.0529
vn 0.0176 0.9996 0.0215
vn 0.0156 0.9996 0.0219
vn 0.0218 0.9993 0.0310
vn 0.0489 0.9964 0.0696
vn -0.0184 0.9995 -0.0240
vn -0.0191 0.9994 -0.0290
vn -0.0323 0.9980 -0.0549
vn -0.0111 0.9998 -0.0186
vn -0.0136 0.9997 -0.0197
vn -0.0238 0.9989 -0.0401
vn -0.0024 1.0000 -0.0038
vn -0.0062 0.9999 -0.0105
vn -0.0683 0.9922 -0.1039
vn -0.0712 0.9900 -0.1218
vn -0.1130 0.9724 -0.2040
vn -0.2371 0.8776 -0.4166
vn -0.0830 0.9838 -0.1587
vn -0.1172 0.9652 -0.2337
vn -0.1798 0.9238 -0.3381
vn -0.3774 0.5705 -0.7294
vn -0.4905 0.3388 -0.8029
vn -0.0630 0.9900 -0.1262
vn -0.1435 0.9379 -0.3159
vn -0.0557 0.9933 -0.1012
vn -0.0489 0.9952 -0.0850
vn -0.0420 0.9956 -0.0843
vn -0.0756 0.9845 -0.1580
vn -0.2665 0.7880 -0.5550
vn -0.0975 0.9745 -0.2023
vn -0.0529 0.9921 -0.1141
vn -0.0400 0.9953 -0.0877
vn -0.1083 0.9653 -0.2375
vn -0.0752 0.9814 -0.1769
vn -0.0412 0.9970 -0.0658
vn -0.0405 0.9965 -0.0727
vn -0.0329 0.9974 -0.0638
vn -0.0166 0.9995 -0.0283
vn -0.0224 0.9989 -0.0418
vn -0.0244 0.9983 -0.0524
vn -0.0153 0.9995 -0.0285
vn -0.0178 0.9991 -0.0376
vn 0.0968 0.9921 -0.0794
vn 0.0589 0.9983 -0.0000
vn 0.0990 0.9919 0.0791
vn 0.2897 0.8451 0.4493
vn 0.1560 0.9657 0.2076
vn 0.3423 0.8404 0.4202
vn 0.1289 0.9751 0.1802
vn 0.1618 0.9538 0.2533
vn 0.3581 0.7969 0.4865
vn 0.3176 0.8107 0.4918
vn 0.0597 0.9940 0.0919
vn 0.0834 0.9898 0.1158
vn 0.0874 0.9880 0.1276
vn 0.0751 0.9896 0.1224
vn 0.1251 0.9754 0.1814
vn 0.1054 0.9791 0.1737
vn 0.1296 0.9619 0.2408
vn 0.3109 0.7763 0.5484
vn 0.4988 0.0863 0.8624
vn 0.3035 0.7810 0.5458
vn 0.0738 0.9884 0.1328
vn 0.0894 0.9805 0.1749
vn 0.0568 0.9934 0.0995
vn 0.1467 0.9394 0.3099
vn 0.1833 0.9251 0.3326
vn 0.1903 0.8984 0.3959
vn 0.0983 0.9704 0.2206
vn 0.0353 0.9979 0.0551
vn 0.0165 0.9995 0.0255
vn 0.0480 0.9957 0.0790
vn 0.0423 0.9969 0.0667
vn 0.0200 0.9993 0.0322
vn 0.0290 0.9986 0.0433
vn 0.0348 0.9975 0.0622
vn 0.0248 0.9986 0.0459
vn 0.0292 0.9975 0.0643
vn 0.0408 0.9957 0.0828
vn 0.0505 0.9933 0.1043
vn -0.0016 1.0000 -0.0029
vn 0.0030 1.0000 0.0056
vn -0.0053 0.9999 -0.0105
vn 0.0119 0.9998 0.0183
vn 0.0130 0.9997 0.0217
vn -0.0127 0.9996 -0.0262
vn -0.0068 0.9999 -0.0158
vn 0.0128 0.9996 0.0244
vn -0.0013 1.0000 -0.0022
vn -0.0008 1.0000 -0.0024
vn 0.0181 0.9992 0.0349
vn 0.0078 0.9999 0.0132
vn 0.0079 0.9998 0.0169
vn 0.0037 1.0000 0.0081
vn 0.0132 0.9996 0.0268
vn -0.0006 1.0000 -0.0019
vn 0.0158 0.9992 0.0355
vn 0.0068 0.9999 0.0159
vn 0.0209 0.9982 0.0565
vn 0.0106 0.9996 0.0250
vn -0.0421 0.9936 -0.1047
vn -0.0182 0.9988 -0.0461
vn -0.0295 0.9972 -0.0692
vn -0.0346 0.9958 -0.0849
vn -0.0234 0.9980 -0.0590
vn -0.0262 0.9970 -0.0727
vn -0.0187 0.9979 -0.0614
vn -0.0020 0.9999 -0.0107
vn -0.0806 0.9723 -0.2194
vn -0.2012 0.8546 -0.4787
vn -0.3452 0.6756 -0.6515
vn -0.0542 0.9892 -0.1362
vn -0.0598 0.9836 -0.1701
vn -0.0387 0.9928 -0.1129
vn -0.0468 0.9889 -0.1410
vn -0.0644 0.9774 -0.2015
vn -0.0948 0.9545 -0.2827
vn -0.1731 0.8613 -0.4777
vn -0.0870 0.9544 -0.2854
vn -0.0433 0.9881 -0.1473
vn -0.0334 0.9927 -0.1161
vn -0.0957 0.9253 -0.3670
vn -0.0560 0.9769 -0.2064
vn 0.3307 0.7022 0.6305
vn 0.3250 0.6813 0.6559
vn 0.0653 0.9889 0.1335
vn 0.0700 0.9812 0.1796
vn 0.0570 0.9895 0.1325
vn 0.0392 0.9939 0.1036
vn 0.1779 0.8663 0.4667
vn 0.1242 0.9566 0.2635
vn 0.1181 0.9433 0.3104
vn 0.2729 0.5287 0.8037
vn 0.3556 0.4384 0.8255
vn 0.0373 0.9922 0.1193
vn 0.0234 0.9941 0.1063
vn 0.0794 0.9644 0.2522
vn 0.0893 0.9181 0.3862
vn 0.0436 0.9886 0.1438
vn 0.0411 0.9812 0.1888
vn 0.0256 0.9894 0.1432
vn -0.0240 0.9800 0.1976
vn 0.0123 0.9709 0.2391
vn -0.0382 0.9548 0.2947
vn -0.0158 0.9944 0.1045
vn 0.0048 0.9933 0.1157
vn -0.0160 0.9893 0.1453
vn -0.0417 0.9943 0.0978
vn -0.0383 0.9898 0.1369
vn -0.0633 0.9904 0.1229
vn -0.0178 0.9967 0.0786
vn 0.0305 0.9961 0.0831
vn 0.0232 0.9974 0.0682
vn 0.0183 0.9960 0.0874
vn -0.0030 0.9967 0.0807
vn 0.0046 0.9961 0.0881
vn 0.0007 1.0000 -0.0009
vn 0.0189 0.9987 0.0464
vn 0.0133 0.9984 0.0552
vn 0.0087 0.9994 0.0344
vn 0.0080 0.9996 0.0266
vn 0.0041 1.0000 0.0074
vn 0.0044 0.9998 0.0186
vn -0.0034 0.9980 0.0636
vn 0.0105 0.9976 0.0686
vn 0.0040 0.9997 0.0259
vn -0.0039 0.9994 0.0338
vn -0.0023 0.9988 0.0490
vn -0.0114 0.9991 0.0420
vn 0.0043 0.9991 0.0412
vn 0.0024 0.9995 0.0307
vn -0.0146 0.9989 -0.0450
vn -0.0090 0.9994 -0.0345
vn -0.0081 0.9991 -0.0411
vn -0.0161 0.9974 -0.0705
vn -0.0233 0.9967 -0.0778
vn -0.0125 0.9986 -0.0516
vn -0.0117 0.9980 -0.0616
vn 0.0015 1.0000 -0.0021
vn 0.0004 0.9999 -0.0122
vn -0.0056 0.9990 -0.0451
vn -0.0033 0.9998 -0.0207
vn -0.0006 0.9997 -0.0227
vn -0.0042 0.9995 -0.0314
vn -0.0662 0.9593 -0.2746
vn -0.1372 0.8069 -0.5746
vn -0.0894 0.9305 -0.3553
vn -0.0451 0.9829 -0.1784
vn -0.0661 0.9746 -0.2139
vn -0.0599 0.9686 -0.2413
vn -0.0954 0.9538 -0.2849
vn -0.0574 0.9856 -0.1593
vn -0.1974 0.9113 -0.3612
vn -0.2308 0.7077 -0.6678
vn -0.1310 0.9128 -0.3868
vn -0.0369 0.9906 -0.1318
vn -0.0826 0.9770 -0.1967
vn -0.0301 0.9947 -0.0982
vn -0.0482 0.9932 -0.1064
vn -0.0640 0.9899 -0.1267
vn -0.0243 0.9944 -0.1028
vn -0.0203 0.9963 -0.0837
vn -0.0185 0.9966 -0.0809
vn -0.0249 0.9940 -0.1060
vn -0.0119 0.9981 -0.0602
vn -0.0211 0.9974 -0.0690
vn -0.5580 0.7841 -0.2718
vn -0.7321 -0.5796 -0.3578
vn -0.6268 0.6876 -0.3665
vn -0.4722 0.8407 0.2652
vn -0.3052 0.9402 0.1510
vn -0.1981 0.9737 0.1124
vn -0.1222 0.9881 0.0934
vn -0.0283 0.9975 0.0646
vn -0.0467 0.9969 0.0632
vn -0.0244 0.9979 0.0603
vn -0.0000 0.9984 0.0568
vn -0.0206 0.9983 0.0551
vn -0.5035 0.8167 0.2820
vn -0.7721 0.5018 0.3900
vn -0.4149 0.8867 0.2040
vn -0.6992 0.6256 0.3461
vn -0.3463 0.9209 0.1791
vn -0.6804 0.6455 0.3469
vn -0.3222 0.9315 0.1686
vn -0.1952 0.9750 0.1064
vn -0.2509 0.9589 0.1323
vn -0.1431 0.9858 0.0876
vn -0.1837 0.9772 0.1065
vn -0.1082 0.9916 0.0713
vn -0.0864 0.9938 0.0705
vn -0.1006 0.9924 0.0703
vn -0.0725 0.9952 0.0653
vn -0.0792 0.9949 0.0618
vn -0.1281 0.9881 0.0846
vn -0.0422 0.9977 0.0524
vn -0.0622 0.9965 0.0565
vn -0.0505 0.9972 0.0552
vn -0.0508 0.9967 0.0626
vn -0.0368 0.9976 0.0580
vn -0.0241 0.9985 0.0485
vn -0.0298 0.9982 0.0527
vn -0.0081 0.9989 0.0460
vn -0.0100 0.9987 0.0500
vn -0.8217 0.1745 0.5425
vn -0.3399 0.9051 0.2556
vn -0.3111 0.9336 0.1778
vn -0.2049 0.9543 0.2175
vn -0.2284 0.9589 0.1686
vn -0.1667 0.9781 0.1248
vn -0.2131 0.9690 0.1254
vn -0.1617 0.9819 0.0985
vn -0.1260 0.9850 0.1175
vn -0.1324 0.9865 0.0966
vn -0.1241 0.9890 0.0808
vn -0.1400 0.9867 0.0828
vn -0.0984 0.9928 0.0683
vn -0.0350 0.9982 0.0487
vn -0.0525 0.9972 0.0536
vn -0.0419 0.9979 0.0489
vn -0.0245 0.9989 0.0412
vn -0.0210 0.9994 0.0290
vn -0.0345 0.9986 0.0401
vn -0.0131 0.9998 0.0119
vn -0.0278 0.9992 0.0270
vn -0.0124 0.9991 0.0400
vn -0.0188 0.9988 0.0463
vn -0.0060 0.9990 0.0450
vn 0.0017 0.9993 0.0373
vn -0.0220 0.9995 0.0221
vn -0.0117 0.9997 0.0192
vn -0.0140 0.9995 0.0289
vn 0.0029 0.9999 0.0109
vn 0.0014 0.9998 0.0178
vn 0.0016 0.9999 0.0117
vn -0.0013 0.9999 0.0167
vn -0.0051 0.9999 0.0144
vn -0.0087 0.9999 0.0071
vn -0.0048 0.9997 0.0226
vn -0.0009 0.9999 0.0130
vn -0.0026 1.0000 0.0059
vn 0.0016 1.0000 0.0064
vn -0.0049 0.9999 0.0161
vn -0.0003 0.9995 -0.0312
vn 0.0018 1.0000 0.0009
vn -0.0018 0.9992 -0.0395
vn 0.0008 0.9993 -0.0375
vn 0.0019 0.9999 -0.0103
vn 0.0018 0.9998 -0.0198
vn -0.0383 0.9947 -0.0952
vn -0.0535 0.9949 -0.0856
vn -0.1242 0.9894 -0.0752
vn -0.1549 0.9828 -0.1005
vn -0.1115 0.9896 -0.0914
vn -0.0424 0.9972 -0.0617
vn -0.0337 0.9967 -0.0736
vn -0.0553 0.9969 -0.0563
vn -0.0407 0.9981 -0.0453
vn -0.0279 0.9986 -0.0450
vn -0.0136 0.9989 -0.0447
vn -0.0208 0.9990 -0.0392
vn -0.0317 0.9987 -0.0395
vn -0.0073 0.9991 -0.0407
vn -0.0136 0.9992 -0.0363
vn -0.0061 0.9988 -0.0479
vn -0.0137 0.9985 -0.0529
vn -0.0253 0.9978 -0.0617
vn -0.0214 0.9985 -0.0513
vn -0.0049 0.9990 -0.0438
vn -0.2108 0.9675 -0.1394
vn -0.1902 0.9764 -0.1025
vn -0.3097 0.9392 -0.1485
vn -0.6399 0.7028 -0.3110
vn -0.2822 0.9490 -0.1406
vn -0.0701 0.9963 -0.0507
vn -0.0933 0.9936 -0.0631
vn -0.0783 0.9947 -0.0666
vn -0.1687 0.9817 -0.0884
vn -0.1108 0.9917 -0.0649
vn -0.0807 0.9952 -0.0556
vn -0.1495 0.9848 -0.0889
vn -0.2377 0.9629 -0.1275
vn -0.3011 0.9438 -0.1365
vn -0.5276 0.8040 -0.2744
vn -0.2187 0.9679 -0.1239
vn -0.1306 0.9884 -0.0770
vn -0.1224 0.9897 -0.0740
vn -0.0397 0.9982 -0.0444
vn -0.0647 0.9966 -0.0504
vn -0.0465 0.9980 -0.0429
vn -0.0246 0.9990 -0.0379
vn -0.0284 0.9989 -0.0378
vn -0.0192 0.9991 -0.0375
vn -0.0085 0.9992 -0.0388
vn -0.0021 0.9993 -0.0368
vn -0.0777 -0.9922 0.0980
vn -0.0002 -0.9982 0.0602
vn 0.0793 -0.9922 0.0966
vn 0.0292 -0.9985 0.0465
vn -0.0320 -0.9983 0.0480
vn -0.0169 -0.9989 0.0447
vn 0.0142 -0.9990 0.0418
vn 0.0180 -0.9988 0.0449
vn 0.0151 -0.9990 0.0423
vn 0.0117 -0.9992 0.0395
vn 0.0518 -0.9974 0.0495
vn 0.0717 -0.9959 0.0545
vn 0.1099 -0.9913 0.0726
vn -0.0088 -0.9991 0.0411
vn 0.0071 -0.9991 0.0409
vn -0.0073 -0.9992 0.0405
vn 0.0047 -0.9992 0.0387
vn 0.0163 -0.9990 0.0412
vn 0.0326 -0.9985 0.0433
vn 0.0206 -0.9989 0.0418
vn 0.0661 -0.9965 0.0515
vn 0.0440 -0.9980 0.0457
vn 0.0503 -0.9976 0.0473
vn 0.0214 -0.9989 0.0410
vn 0.0372 -0.9983 0.0441
vn 0.0285 -0.9986 0.0436
vn 0.0855 -0.9946 0.0588
vn 0.1288 -0.9887 0.0763
vn 0.1021 -0.9926 0.0659
vn 0.0540 -0.9973 0.0494
vn 0.0590 -0.9970 0.0498
vn 0.6738 -0.6582 0.3359
vn 0.3155 -0.9356 0.1583
vn 0.2889 -0.9457 0.1488
vn 0.1125 -0.9912 0.0698
vn 0.1427 -0.9863 0.0825
vn 0.1239 -0.9895 0.0749
vn -0.0029 -0.9991 0.0423
vn 0.0001 -0.9991 0.0420
vn 0.0037 -0.9991 0.0426
vn 0.0135 -0.9986 0.0519
vn 0.0125 -0.9991 0.0397
vn 0.0254 -0.9987 0.0453
vn 0.0410 -0.9982 0.0446
vn 0.0655 -0.9957 0.0659
vn 0.0751 -0.9957 0.0546
vn 0.0499 -0.9973 0.0546
vn 0.0308 -0.9975 0.0638
vn 0.0190 -0.9967 0.0786
vn 0.0317 -0.9958 0.0857
vn 0.1168 -0.9903 0.0747
vn 0.0037 -0.9991 0.0425
vn 0.0017 -0.9997 0.0248
vn 0.0007 -1.0000 0.0030
vn -0.0004 -1.0000 0.0032
vn 0.0084 -0.9985 0.0546
vn 0.0014 -1.0000 0.0003
vn 0.0037 -0.9995 0.0315
vn 0.0063 -0.9991 0.0424
vn 0.0006 -0.9990 -0.0454
vn 0.0049 -0.9988 -0.0489
vn 0.0033 -0.9983 -0.0589
vn -0.0002 -0.9987 -0.0509
vn -0.0017 -0.9998 -0.0193
vn -0.0008 -1.0000 -0.0058
vn -0.0064 -0.9987 -0.0497
vn -0.0034 -0.9990 -0.0444
vn 0.0013 -0.9973 -0.0740
vn 0.0095 -0.9978 -0.0656
vn 0.0108 -0.9967 -0.0809
vn 0.0017 -0.9994 -0.0358
vn 0.0148 -0.9991 -0.0395
vn 0.0030 -0.9992 -0.0399
vn 0.0106 -0.9993 -0.0369
vn 0.0229 -0.9989 -0.0416
vn 0.0249 -0.9989 -0.0387
vn 0.0248 -0.9982 -0.0551
vn 0.0141 -0.9984 -0.0539
vn 0.0588 -0.9971 -0.0483
vn 0.0393 -0.9983 -0.0429
vn 0.0470 -0.9979 -0.0439
vn 0.0370 -0.9975 -0.0598
vn 0.0299 -0.9967 -0.0759
vn 0.0642 -0.9968 -0.0486
vn 0.0759 -0.9954 -0.0585
vn 0.0831 -0.9950 -0.0561
vn 0.0944 -0.9936 -0.0626
vn 0.0205 -0.9973 -0.0708
vn 0.0429 -0.9961 -0.0771
vn 0.0954 -0.9920 -0.0829
vn 0.0645 -0.9952 -0.0733
vn 0.0121 -0.9991 -0.0408
vn -0.0104 -0.9992 -0.0395
vn 0.0159 -0.9992 -0.0379
vn 0.0047 -0.9993 -0.0367
vn 0.0085 -0.9992 -0.0402
vn 0.0352 -0.9984 -0.0444
vn 0.0335 -0.9986 -0.0417
vn 0.0202 -0.9990 -0.0393
vn 0.1018 -0.9925 -0.0672
vn 0.0728 -0.9959 -0.0539
vn 0.0663 -0.9964 -0.0535
vn 0.0589 -0.9970 -0.0494
vn 0.0725 -0.9959 -0.0549
vn 0.2765 -0.9494 -0.1491
vn 0.4943 -0.8294 -0.2603
vn 0.2077 -0.9717 -0.1121
vn 0.1609 -0.9826 -0.0931
vn 0.1580 -0.9835 -0.0882
vn 0.2766 -0.9501 -0.1441
vn 0.1707 -0.9810 -0.0925
vn 0.5627 -0.7723 -0.2948
vn 0.2566 -0.9566 -0.1384
vn 0.1260 -0.9889 -0.0793
vn 0.1097 -0.9917 -0.0676
vn 0.6456 -0.6909 -0.3254
vn 0.2802 -0.9493 -0.1425
vn 0.0781 -0.9921 -0.0977
vn -0.0001 -0.9982 -0.0595
vn -0.0795 -0.9921 -0.0967
vn 0.0127 -0.9978 0.0654
vn 0.0166 -0.9963 0.0845
vn 0.1524 -0.9826 0.1058
vn 0.0376 -0.9922 0.1187
vn 0.0530 -0.9944 0.0916
vn 0.2370 -0.9400 0.2454
vn 0.1538 -0.9587 0.2392
vn 0.3154 -0.8207 0.4765
vn 0.1084 -0.9718 0.2094
vn 0.0743 -0.9526 0.2950
vn 0.1063 -0.9547 0.2779
vn 0.1510 -0.8388 0.5231
vn 0.1132 -0.8703 0.4794
vn 0.2405 -0.0055 0.9706
vn 0.0441 -0.9719 0.2311
vn 0.0272 -0.9918 0.1251
vn 0.0314 -0.9893 0.1426
vn 0.0221 -0.9941 0.1062
vn 0.0201 -0.9952 0.0954
vn 0.0225 -0.9956 0.0910
vn 0.1340 -0.7985 0.5869
vn 0.0554 -0.9739 0.2200
vn 0.0742 -0.9634 0.2575
vn 0.0032 -0.9998 0.0201
vn 0.0059 -0.9995 0.0295
vn 0.0104 -0.9990 0.0437
vn 0.0050 -0.9998 0.0196
vn 0.0083 -0.9995 0.0289
vn 0.0185 -0.9968 0.0779
vn 0.0166 -0.9980 0.0615
vn 0.0238 -0.9968 0.0765
vn -0.0060 -0.9993 -0.0373
vn -0.0061 -0.9997 -0.0254
vn -0.0029 -0.9997 -0.0261
vn -0.0108 -0.9983 -0.0569
vn -0.0046 -0.9979 -0.0646
vn -0.0112 -0.9988 -0.0474
vn -0.0095 -0.9966 -0.0818
vn -0.0136 -0.9979 -0.0636
vn -0.0190 -0.9967 -0.0795
vn -0.0199 -0.9974 -0.0699
vn 0.0030 -1.0000 0.0077
vn -0.0172 -0.9983 -0.0558
vn -0.0138 -0.9990 -0.0423
vn -0.0245 -0.9975 -0.0662
vn -0.0059 -0.9998 -0.0168
vn -0.0027 -0.9999 -0.0098
vn -0.0036 -0.9998 -0.0187
vn -0.0213 -0.9950 -0.0976
vn -0.0257 -0.9961 -0.0838
vn -0.0320 -0.9961 -0.0828
vn -0.0325 -0.9944 -0.1005
vn -0.0061 -0.9955 -0.0949
vn 0.0282 -0.9952 -0.0936
vn 0.0122 -0.9943 -0.1055
vn 0.0295 -0.9914 -0.1271
vn 0.0534 -0.9940 -0.0958
vn 0.0585 -0.9717 -0.2288
vn -0.0050 -0.9662 -0.2577
vn 0.0191 -0.9866 -0.1618
vn -0.0647 -0.9478 -0.3121
vn 0.0040 -0.9188 -0.3948
vn -0.0982 -0.9504 -0.2952
vn -0.1016 -0.8964 -0.4314
vn -0.1227 -0.9375 -0.3257
vn -0.0438 -0.9921 -0.1173
vn -0.0405 -0.9942 -0.0995
vn -0.1326 -0.9493 -0.2850
vn -0.2325 -0.7284 -0.6445
vn -0.2205 -0.8197 -0.5286
vn -0.0548 -0.9900 -0.1301
vn -0.1032 -0.9674 -0.2313
vn -0.2296 -0.8597 -0.4563
vn 0.1379 -0.8436 0.5190
vn 0.0301 -0.9941 0.1038
vn 0.0433 -0.9887 0.1436
vn 0.1641 -0.8876 0.4303
vn 0.3427 0.0768 0.9363
vn 0.1975 -0.7648 0.6133
vn 0.1274 -0.9244 0.3595
vn 0.0822 -0.9690 0.2328
vn 0.0876 -0.9660 0.2432
vn 0.0290 -0.9954 0.0908
vn 0.0428 -0.9915 0.1228
vn 0.0627 -0.9818 0.1793
vn 0.0373 -0.9943 0.0997
vn 0.0471 -0.9907 0.1277
vn 0.2642 -0.6618 0.7016
vn 0.2760 -0.6191 0.7352
vn 0.1426 -0.9313 0.3351
vn 0.0067 -0.9998 0.0168
vn 0.0092 -0.9996 0.0263
vn 0.0157 -0.9987 0.0495
vn 0.0235 -0.9978 0.0617
vn 0.0273 -0.9966 0.0780
vn 0.0115 -0.9996 0.0265
vn 0.0364 -0.9955 0.0876
vn 0.0316 -0.9968 0.0737
vn 0.0174 -0.9992 0.0367
vn 0.0210 -0.9987 0.0469
vn 0.0276 -0.9980 0.0576
vn 0.0699 -0.9839 0.1642
vn 0.0447 -0.9945 0.0945
vn 0.0002 -1.0000 -0.0024
vn -0.0016 -1.0000 -0.0077
vn 0.0004 -1.0000 0.0003
vn -0.0169 -0.9993 -0.0334
vn -0.0122 -0.9996 -0.0261
vn -0.0132 -0.9994 -0.0315
vn -0.0036 -1.0000 -0.0074
vn -0.0082 -0.9999 -0.0148
vn -0.0079 -0.9998 -0.0176
vn -0.0131 -0.9996 -0.0233
vn -0.0374 -0.9960 -0.0815
vn -0.0419 -0.9960 -0.0793
vn -0.0282 -0.9975 -0.0650
vn -0.0390 -0.9972 -0.0642
vn -0.0280 -0.9982 -0.0531
vn -0.0327 -0.9973 -0.0653
vn -0.0481 -0.9958 -0.0774
vn -0.0222 -0.9989 -0.0403
vn -0.0157 -0.9996 -0.0250
vn -0.0334 -0.9981 -0.0522
vn -0.0268 -0.9987 -0.0441
vn -0.0218 -0.9992 -0.0323
vn -0.0530 -0.9959 -0.0728
vn -0.4362 -0.3005 -0.8482
vn -0.2253 -0.8472 -0.4811
vn -0.0482 -0.9939 -0.0996
vn -0.1307 -0.9583 -0.2541
vn -0.0944 -0.9808 -0.1704
vn -0.1801 -0.9036 -0.3886
vn -0.0529 -0.9938 -0.0974
vn -0.0713 -0.9897 -0.1243
vn -0.0634 -0.9896 -0.1291
vn -0.4478 -0.3508 -0.8224
vn -0.1450 -0.9578 -0.2480
vn -0.1064 -0.9794 -0.1715
vn -0.0579 -0.9937 -0.0964
vn -0.1571 -0.9579 -0.2403
vn -0.3037 -0.8472 -0.4359
vn -0.0593 -0.9942 -0.0897
vn -0.0781 -0.9905 -0.1133
vn -0.0819 -0.9887 -0.1256
vn -0.1182 -0.9796 -0.1623
vn -0.0651 -0.9940 -0.0879
vn -0.5466 -0.0153 -0.8372
vn -0.1709 -0.9557 -0.2395
vn -0.2869 -0.8470 -0.4476
vn -0.0855 -0.9905 -0.1073
vn -0.1848 -0.9556 -0.2296
vn -0.3397 -0.8421 -0.4189
vn 0.3615 -0.6007 0.7130
vn 0.1117 -0.9675 0.2270
vn 0.1768 -0.9170 0.3575
vn 0.3188 -0.7144 0.6229
vn 0.4050 -0.4733 0.7823
vn 0.0250 -0.9987 0.0440
vn 0.0326 -0.9978 0.0578
vn 0.0411 -0.9967 0.0694
vn 0.0451 -0.9954 0.0842
vn 0.0361 -0.9965 0.0748
vn 0.0361 -0.9969 0.0696
vn 0.0361 -0.9979 0.0546
vn 0.0490 -0.9959 0.0756
vn 0.0535 -0.9949 0.0854
vn 0.0614 -0.9904 0.1236
vn 0.0607 -0.9905 0.1231
vn 0.0619 -0.9922 0.1079
vn 0.0657 -0.9890 0.1325
vn 0.0995 -0.9743 0.2023
vn 0.2016 -0.9139 0.3522
vn 0.3667 -0.6329 0.6818
vn 0.3369 -0.6764 0.6549
vn 0.1004 -0.9784 0.1809
vn 0.1741 -0.9423 0.2861
vn 0.1268 -0.9712 0.2018
vn 0.0778 -0.9899 0.1182
vn 0.0945 -0.9852 0.1427
vn 0.0085 -0.9999 0.0135
vn 0.0119 -0.9997 0.0216
vn 0.0081 -0.9998 0.0167
vn 0.0005 -1.0000 0.0001
vn 0.0055 -1.0000 0.0068
vn 0.0046 -1.0000 0.0079
vn 0.0165 -0.9995 0.0271
vn 0.0216 -0.9992 0.0335
vn 0.0168 -0.9993 0.0320
vn 0.0114 -0.9998 0.0159
vn 0.0174 -0.9996 0.0236
vn 0.0132 -0.9997 0.0213
vn 0.0288 -0.9987 0.0416
vn 0.0468 -0.9966 0.0677
vn -0.0351 -0.9982 -0.0482
vn -0.0296 -0.9988 -0.0400
vn -0.0098 -0.9999 -0.0139
vn -0.0192 -0.9994 -0.0273
vn -0.0171 -0.9996 -0.0217
vn -0.0236 -0.9993 -0.0290
vn -0.0388 -0.9983 -0.0438
vn -0.0301 -0.9990 -0.0345
vn -0.0059 -1.0000 -0.0079
vn -0.0021 -1.0000 -0.0029
vn -0.0030 -1.0000 -0.0050
vn -0.0220 -0.9995 -0.0225
vn -0.0165 -0.9997 -0.0187
vn -0.0111 -0.9999 -0.0112
vn -0.0372 -0.9987 -0.0357
vn -0.0489 -0.9977 -0.0477
vn -0.0652 -0.9961 -0.0599
vn -0.0607 -0.9961 -0.0648
vn -0.0289 -0.9992 -0.0258
vn -0.1336 -0.9783 -0.1582
vn -0.1061 -0.9859 -0.1295
vn -0.4678 -0.7029 -0.5358
vn -0.3157 -0.8760 -0.3645
vn -0.6469 -0.2562 -0.7182
vn -0.1939 -0.9573 -0.2144
vn -0.3386 -0.8636 -0.3735
vn -0.0941 -0.9901 -0.1040
vn -0.0698 -0.9942 -0.0822
vn -0.1382 -0.9791 -0.1492
vn -0.2188 -0.9511 -0.2180
vn -0.3616 -0.8590 -0.3624
vn -0.0774 -0.9941 -0.0759
vn -0.1446 -0.9791 -0.1427
vn -0.0984 -0.9904 -0.0973
vn -0.2090 -0.9602 -0.1854
vn -0.3709 -0.8670 -0.3329
vn -0.1504 -0.9796 -0.1336
vn -0.2419 -0.9494 -0.2001
vn -0.3787 -0.8619 -0.3372
vn -0.1051 -0.9903 -0.0912
vn -0.1711 -0.9752 -0.1403
vn -0.4818 -0.7762 -0.4068
vn -0.0804 -0.9945 -0.0673
vn -0.0956 -0.9925 -0.0762
vn -0.1241 -0.9873 -0.0994
vn -0.1786 -0.9756 -0.1277
vn -0.2471 -0.9523 -0.1789
vn -0.4747 -0.8050 -0.3558
vn -0.0848 -0.9944 -0.0636
vn -0.1167 -0.9897 -0.0832
vn -0.4427 -0.8517 -0.2803
vn -0.0588 -0.9946 0.0855
vn -0.0763 -0.9887 0.1288
vn -0.0407 -0.9991 0.0072
vn -0.0423 -0.9989 0.0197
vn -0.0431 -0.9987 0.0285
vn -0.0515 -0.9965 0.0660
vn -0.0457 -0.9980 0.0440
vn -0.0471 -0.9977 0.0494
vn -0.0412 -0.9990 0.0153
vn -0.0432 -0.9985 0.0322
vn 0.1362 -0.9686 0.2080
vn 0.0616 -0.9941 0.0893
vn 0.0632 -0.9935 0.0947
vn 0.0814 -0.9894 0.1207
vn 0.1643 -0.9612 0.2215
vn 0.1325 -0.9715 0.1963
vn 0.2395 -0.9086 0.3421
vn 0.3179 -0.8658 0.3863
vn 0.0463 -0.9970 0.0615
vn 0.0382 -0.9981 0.0479
vn 0.0262 -0.9991 0.0337
vn 0.0128 -0.9998 0.0146
vn 0.0201 -0.9995 0.0230
vn 0.0562 -0.9955 0.0768
vn 0.0553 -0.9962 0.0672
vn 0.0306 -0.9989 0.0346
vn 0.0488 -0.9973 0.0552
vn 0.0447 -0.9980 0.0456
vn 0.0572 -0.9965 0.0611
vn 0.0666 -0.9952 0.0716
vn 0.0907 -0.9891 0.1163
vn 0.0654 -0.9946 0.0803
vn 0.0930 -0.9898 0.1077
vn 0.1568 -0.9694 0.1891
vn 0.1259 -0.9817 0.1428
vn 0.1402 -0.9769 0.1610
vn 0.0030 -1.0000 0.0025
vn 0.0111 -0.9999 0.0100
vn 0.0185 -0.9997 0.0177
vn 0.0099 -0.9999 0.0074
vn 0.0356 -0.9988 0.0332
vn -0.0509 -0.9978 -0.0427
vn -0.0218 -0.9995 -0.0206
vn -0.0677 -0.9963 -0.0536
vn -0.0578 -0.9974 -0.0439
vn -0.0384 -0.9988 -0.0296
vn -0.0485 -0.9982 -0.0343
vn -0.0636 -0.9971 -0.0413
vn -0.0304 -0.9993 -0.0221
vn -0.0218 -0.9996 -0.0169
vn -0.0399 -0.9989 -0.0256
vn -0.0049 -1.0000 -0.0038
vn 0.0015 -1.0000 0.0004
vn -0.0249 -0.9995 -0.0174
vn -0.0206 -0.9997 -0.0135
vn -0.0304 -0.9994 -0.0188
vn -0.0116 -0.9999 -0.0086
vn -0.0137 -0.9998 -0.0115
vn -0.0916 -0.9940 -0.0604
vn -0.0762 -0.9956 -0.0540
vn -0.0795 -0.9958 -0.0459
vn -0.0535 -0.9981 -0.0309
vn -0.0845 -0.9956 -0.0395
vn -0.0693 -0.9969 -0.0362
vn -0.0412 -0.9989 -0.0212
vn -0.0550 -0.9982 -0.0251
vn -0.2124 -0.9683 -0.1314
vn -0.4890 -0.8145 -0.3124
vn -0.2950 -0.9402 -0.1700
vn -0.1332 -0.9878 -0.0811
vn -0.1091 -0.9919 -0.0647
vn -0.2126 -0.9710 -0.1097
vn -0.4860 -0.8440 -0.2267
vn -0.4581 -0.8545 -0.2450
vn -0.0904 -0.9946 -0.0505
vn -0.1323 -0.9893 -0.0617
vn -0.1189 -0.9911 -0.0606
vn -0.1356 -0.9887 -0.0640
vn -0.0965 -0.9946 -0.0394
vn -0.0737 -0.9968 -0.0306
vn -0.0904 -0.9953 -0.0334
vn -0.0886 -0.9957 -0.0274
vn -0.2379 -0.9646 -0.1135
vn -0.4703 -0.8494 -0.2393
vn -0.2287 -0.9693 -0.0905
vn -0.5389 -0.8149 -0.2135
vn -0.1436 -0.9875 -0.0653
vn -0.1009 -0.9943 -0.0342
vn -0.1258 -0.9910 -0.0466
vn -0.1418 -0.9888 -0.0461
vn -0.0885 -0.9960 -0.0132
vn -0.0864 -0.9960 -0.0209
vn -0.0936 -0.9956 -0.0085
vn -0.0319 -0.9995 0.0001
vn -0.0388 -0.9991 0.0161
vn -0.0395 -0.9992 -0.0003
vn -0.3388 -0.6502 0.6800
vn -0.1551 -0.9379 0.3104
vn -0.1543 -0.9419 0.2982
vn -0.0664 -0.9924 0.1035
vn -0.0552 -0.9956 0.0756
vn -0.0589 -0.9944 0.0879
vn -0.1175 -0.9725 0.2010
vn -0.1884 -0.9227 0.3364
vn -0.0924 -0.9814 0.1680
vn -0.0485 -0.9975 0.0517
vn -0.0501 -0.9969 0.0605
vn -0.0442 -0.9983 0.0375
vn -0.1286 -0.9745 0.1836
vn -0.0754 -0.9893 0.1252
vn -0.0904 -0.9865 0.1363
vn -0.0455 -0.9980 0.0439
vn -0.0503 -0.9970 0.0594
vn -0.0428 -0.9987 0.0279
vn -0.0410 -0.9987 0.0309
vn -0.0533 -0.9976 0.0439
vn 0.0610 -0.9964 0.0584
vn 0.0893 -0.9907 0.1025
vn 0.0715 -0.9941 0.0813
vn 0.4381 -0.7658 0.4708
vn 0.2429 -0.9276 0.2839
vn 0.2841 -0.9088 0.3054
vn 0.1261 -0.9814 0.1447
vn 0.0883 -0.9914 0.0970
vn 0.1656 -0.9716 0.1687
vn 0.4740 -0.7490 0.4629
vn 0.3207 -0.8965 0.3056
vn 0.2531 -0.9397 0.2301
vn 0.0765 -0.9942 0.0757
vn 0.0756 -0.9950 0.0659
vn 0.5906 -0.6243 0.5113
vn 0.7250 0.2947 0.6225
vn 0.7205 0.1365 0.6798
vn 0.2773 -0.9306 0.2388
vn 0.1799 -0.9711 0.1568
vn 0.1613 -0.9769 0.1402
vn 0.3791 -0.8686 0.3192
vn 0.0204 -0.9997 0.0149
vn 0.0454 -0.9982 0.0401
vn 0.0229 -0.9996 0.0190
vn 0.0350 -0.9990 0.0279
vn 0.0262 -0.9993 0.0258
vn 0.0580 -0.9971 0.0499
vn 0.0485 -0.9982 0.0364
vn 0.1004 -0.9909 0.0892
vn 0.1044 -0.9905 0.0892
vn 0.0719 -0.9958 0.0571
vn 0.0894 -0.9938 0.0667
vn 0.5275 -0.7324 0.4305
vn 0.7755 0.2275 0.5890
vn 0.7085 -0.4467 0.5463
vn 0.2792 -0.9335 0.2248
vn 0.1091 -0.9898 0.0915
vn 0.1214 -0.9883 0.0922
vn 0.1714 -0.9744 0.1457
vn 0.1790 -0.9738 0.1403
vn -0.0138 -0.9999 -0.0081
vn -0.0044 -1.0000 -0.0025
vn 0.0010 -1.0000 -0.0000
vn 0.0119 -0.9999 0.0063
vn 0.0206 -0.9997 0.0123
vn 0.0150 -0.9998 0.0099
vn 0.0018 -1.0000 0.0006
vn 0.0268 -0.9995 0.0171
vn 0.0255 -0.9996 0.0143
vn 0.0382 -0.9990 0.0217
vn 0.0408 -0.9988 0.0272
vn 0.0501 -0.9982 0.0323
vn -0.0412 -0.9990 -0.0178
vn -0.0285 -0.9995 -0.0136
vn -0.0220 -0.9997 -0.0119
vn -0.0390 -0.9991 -0.0146
vn -0.0302 -0.9995 -0.0123
vn -0.0563 -0.9982 -0.0198
vn -0.0123 -0.9999 -0.0054
vn -0.0195 -0.9998 -0.0094
vn -0.0054 -1.0000 -0.0017
vn 0.0041 -1.0000 0.0008
vn -0.0150 -0.9999 -0.0034
vn 0.0130 -0.9999 0.0053
vn 0.0228 -0.9997 0.0101
vn 0.0189 -0.9998 0.0093
vn 0.0037 -1.0000 0.0013
vn -0.0738 -0.9970 -0.0243
vn -0.0625 -0.9979 -0.0166
vn -0.0737 -0.9972 -0.0150
vn -0.0247 -0.9997 -0.0083
vn -0.0408 -0.9991 -0.0112
vn -0.0566 -0.9984 -0.0096
vn -0.0382 -0.9992 -0.0081
vn -0.0206 -0.9998 -0.0061
vn -0.0421 -0.9991 -0.0050
vn -0.0305 -0.9995 -0.0041
vn -0.0199 -0.9998 -0.0038
vn -0.0106 -0.9999 -0.0006
vn 0.0012 -1.0000 0.0007
vn -0.0696 -0.9976 -0.0038
vn -0.0733 -0.9973 -0.0080
vn -0.0748 -0.9972 0.0038
vn -0.0385 -0.9992 0.0094
vn -0.0418 -0.9990 0.0180
vn -0.0192 -0.9997 0.0160
vn -0.0602 -0.9982 0.0030
vn -0.0521 -0.9986 -0.0023
vn -0.0494 -0.9988 0.0016
vn -0.0377 -0.9993 -0.0015
vn -0.0247 -0.9997 -0.0010
vn -0.0729 -0.9971 0.0206
vn 0.0727 -0.9961 0.0508
vn 0.0626 -0.9973 0.0389
vn 0.0736 -0.9961 0.0479
vn 0.4696 -0.8120 0.3467
vn 0.3380 -0.9080 0.2474
vn 0.1332 -0.9867 0.0926
vn 0.2603 -0.9482 0.1822
vn 0.0873 -0.9946 0.0568
vn 0.1014 -0.9925 0.0688
vn 0.3807 -0.8903 0.2498
vn 0.1860 -0.9745 0.1252
vn 0.2695 -0.9485 0.1665
vn 0.1119 -0.9911 0.0720
vn 0.1456 -0.9846 0.0967
vn 0.1285 -0.9880 0.0860
vn 0.1884 -0.9747 0.1205
vn 0.6520 -0.6073 0.4539
vn 0.5696 -0.7364 0.3651
vn 0.0560 -0.9980 0.0307
vn 0.0264 -0.9996 0.0135
vn 0.0334 -0.9993 0.0157
vn 0.0727 -0.9965 0.0403
vn 0.0521 -0.9983 0.0260
vn 0.0442 -0.9988 0.0200
vn 0.0723 -0.9969 0.0313
vn 0.0849 -0.9956 0.0385
vn 0.0735 -0.9966 0.0375
vn 0.0824 -0.9955 0.0473
vn 0.1001 -0.9934 0.0554
vn 0.1342 -0.9879 0.0773
vn 0.1984 -0.9738 0.1112
vn 0.3726 -0.9039 0.2102
vn 0.2830 -0.9476 0.1482
vn 0.1987 -0.9747 0.1020
vn 0.5891 -0.7390 0.3268
vn 0.3386 -0.9249 0.1728
vn 0.1496 -0.9859 0.0750
vn 0.2142 -0.9713 0.1035
vn 0.1986 -0.9747 0.1028
vn 0.4943 -0.8380 0.2313
vn 0.0268 -0.9996 0.0109
vn 0.0386 -0.9991 0.0147
vn 0.0527 -0.9984 0.0209
vn 0.0447 -0.9989 0.0140
vn 0.0614 -0.9979 0.0194
vn 0.0144 -0.9999 0.0041
vn 0.0258 -0.9996 0.0075
vn 0.0177 -0.9998 0.0064
vn 0.0375 -0.9993 0.0097
vn 0.0334 -0.9994 0.0112
vn 0.0268 -0.9996 0.0060
vn 0.0484 -0.9988 0.0116
vn 0.0408 -0.9991 0.0076
vn 0.0615 -0.9980 0.0166
vn -0.0061 -1.0000 0.0004
vn -0.0157 -0.9999 0.0008
vn 0.0132 -0.9999 0.0009
vn 0.0211 -0.9998 0.0020
vn 0.0193 -0.9998 0.0032
vn 0.0298 -0.9995 0.0043
vn 0.0391 -0.9992 0.0052
vn 0.0292 -0.9996 0.0015
vn 0.3071 -0.9439 0.1215
vn 0.1966 -0.9764 0.0890
vn 0.2318 -0.9691 0.0839
vn 0.9187 -0.2307 0.3205
vn 0.5005 -0.8511 0.1584
vn 0.2376 -0.9681 0.0797
vn 0.1312 -0.9903 0.0461
vn 0.1554 -0.9860 0.0599
vn 0.2898 -0.9540 0.0766
vn 0.2324 -0.9699 0.0730
vn 0.4903 -0.8517 0.1852
vn 0.4648 -0.8689 0.1701
vn 0.9555 0.0106 0.2949
vn 0.0750 -0.9970 0.0177
vn 0.0899 -0.9957 0.0209
vn 0.0763 -0.9968 0.0225
vn 0.0858 -0.9961 0.0183
vn 0.1051 -0.9942 0.0227
vn 0.0990 -0.9947 0.0281
vn 0.0778 -0.9968 0.0205
vn 0.1384 -0.9899 0.0303
vn 0.1231 -0.9920 0.0271
vn 0.1948 -0.9794 0.0540
vn 0.1200 -0.9917 0.0456
vn 0.2979 -0.9488 0.1055
vn 0.2312 -0.9718 0.0461
vn 0.9703 0.0055 0.2419
vn 0.5010 -0.8528 0.1471
vn 0.1826 -0.9808 0.0690
vn 0.2181 -0.9695 0.1115
vn 0.1623 -0.9798 0.1168
vn 0.1881 -0.9670 0.1721
vn 0.1230 -0.9802 0.1550
vn 0.1490 -0.9647 0.2169
vn 0.0866 -0.9853 0.1470
vn 0.3659 -0.7980 0.4789
vn 0.1928 -0.9334 0.3025
vn 0.3520 -0.7088 0.6113
vn 0.1045 -0.9757 0.1926
vn 0.0628 -0.9979 0.0140
vn 0.0551 -0.9984 0.0115
vn 0.0493 -0.9987 0.0092
vn 0.0702 -0.9973 0.0224
vn 0.0579 -0.9982 0.0168
vn 0.0482 -0.9987 0.0148
vn 0.0603 -0.9978 0.0279
vn 0.0483 -0.9986 0.0237
vn 0.0860 -0.9957 0.0353
vn 0.0475 -0.9984 0.0309
vn 0.0492 -0.9978 0.0453
vn 0.0588 -0.9974 0.0418
vn 0.0407 -0.9990 0.0184
vn 0.0373 -0.9992 0.0130
vn 0.0403 -0.9989 0.0254
vn 0.0623 -0.9945 0.0841
vn 0.0726 -0.9899 0.1220
vn 0.0764 -0.9923 0.0979
vn 0.0600 -0.9964 0.0600
vn 0.0538 -0.9958 0.0739
vn 0.0380 -0.9993 0.0049
vn 0.0366 -0.9993 0.0032
vn 0.1632 -0.9342 0.3173
vn 0.0635 -0.9931 0.0982
vn 0.0454 -0.9977 0.0502
vn 0.0430 -0.9983 0.0382
vn 0.0483 -0.9973 0.0548
vn 0.1019 -0.9768 0.1886
vn 0.1405 -0.9512 0.2748
vn 0.0849 -0.9852 0.1487
vn 0.0402 -0.9991 0.0162
vn 0.0577 -0.9950 0.0813
vn 0.0644 -0.9929 0.0999
vn 0.0413 -0.9990 0.0195
vn 0.0802 -0.9869 0.1398
vn 0.0400 -0.9992 0.0066
vn 0.3169 -0.7238 0.6130
vn 0.2022 -0.9227 0.3282
vn 0.1205 -0.9668 0.2254
vn 0.0538 -0.9960 0.0706
vn 0.0543 -0.9959 0.0725
vn 0.0459 -0.9979 0.0452
vn 0.0442 -0.9984 0.0340
vn 0.0431 -0.9986 0.0293
vn 0.0411 -0.9991 0.0092
vn 0.1077 -0.9744 0.1973
vn 0.0485 -0.9975 0.0507
vn 0.0551 -0.9957 0.0740
vn -0.0260 0.9986 0.0452
vn 0.0001 0.9982 0.0596
vn 0.0294 0.9984 0.0474
vn -0.0139 0.9991 0.0412
vn 0.0145 0.9990 0.0421
vn 0.0710 0.9959 0.0565
vn 0.0737 0.9958 0.0541
vn 0.0325 0.9983 0.0478
vn 0.0165 0.9989 0.0447
vn 0.0656 0.9962 0.0571
vn 0.0414 0.9981 0.0454
vn 0.0367 0.9983 0.0453
vn 0.1741 0.9786 0.1097
vn 0.1083 0.9916 0.0713
vn 0.3345 0.9205 0.2019
vn 0.0688 0.9962 0.0527
vn 0.0658 0.9965 0.0517
vn 0.0054 0.9992 0.0387
vn 0.0198 0.9989 0.0418
vn 0.0137 0.9992 0.0380
vn 0.0442 0.9980 0.0455
vn 0.0327 0.9985 0.0440
vn 0.0251 0.9988 0.0414
vn 0.0500 0.9976 0.0468
vn 0.0387 0.9982 0.0448
vn 0.0973 0.9932 0.0636
vn 0.1290 0.9887 0.0757
vn 0.1111 0.9913 0.0701
vn 0.1224 0.9897 0.0740
vn 0.0867 0.9944 0.0606
vn 0.0663 0.9964 0.0529
vn 0.0764 0.9955 0.0558
vn 0.0605 0.9969 0.0502
vn 0.0485 0.9978 0.0463
vn 0.1012 0.9928 0.0645
vn 0.0853 0.9947 0.0581
vn 0.0813 0.9951 0.0571
vn 0.2822 0.9484 0.1448
vn 0.1605 0.9830 0.0886
vn 0.2904 0.9439 0.1570
vn 0.1799 0.9788 0.0981
vn 0.1156 0.9907 0.0713
vn 0.3078 0.9382 0.1583
vn 0.1914 0.9759 0.1045
vn 0.1225 0.9898 0.0733
vn 0.0168 0.9991 0.0399
vn 0.0261 0.9987 0.0431
vn 0.0400 0.9981 0.0464
vn 0.0638 0.9961 0.0616
vn 0.0523 0.9972 0.0533
vn 0.0507 0.9962 0.0704
vn 0.0370 0.9978 0.0556
vn 0.0421 0.9957 0.0828
vn 0.0296 0.9976 0.0623
vn 0.0837 0.9947 0.0605
vn 0.0843 0.9929 0.0843
vn 0.0595 0.9940 0.0917
vn 0.0078 0.9992 0.0405
vn 0.0034 0.9993 0.0379
vn 0.0028 0.9991 0.0431
vn 0.0132 0.9988 0.0461
vn 0.0072 0.9988 0.0474
vn 0.0247 0.9984 0.0513
vn 0.0181 0.9983 0.0547
vn 0.0185 0.9976 0.0669
vn 0.0321 0.9964 0.0789
vn 0.0006 0.9998 0.0190
vn 0.0008 0.9999 0.0112
vn 0.0002 0.9997 0.0255
vn 0.0025 0.9993 0.0362
vn 0.0032 0.9996 0.0276
vn -0.0006 1.0000 0.0001
vn 0.0048 0.9992 0.0392
vn 0.0086 0.9988 0.0476
vn 0.0040 0.9998 0.0199
vn -0.0022 0.9991 -0.0419
vn -0.0059 0.9991 -0.0419
vn -0.0054 0.9986 -0.0530
vn 0.0111 0.9997 -0.0233
vn 0.0042 0.9995 -0.0318
vn 0.0145 0.9995 -0.0272
vn -0.0054 0.9995 -0.0298
vn -0.0034 0.9996 -0.0263
vn 0.0015 0.9977 -0.0678
vn 0.0084 0.9991 -0.0420
vn 0.0030 0.9989 -0.0474
vn -0.0004 0.9984 -0.0565
vn -0.0053 0.9977 -0.0679
vn -0.0014 0.9999 -0.0105
vn -0.0024 0.9998 -0.0196
vn -0.0141 0.9963 -0.0847
vn -0.0078 0.9959 -0.0897
vn 0.0005 0.9966 -0.0824
vn 0.0070 0.9992 -0.0405
vn 0.0045 0.9993 -0.0382
vn 0.0114 0.9993 -0.0363
vn 0.0163 0.9990 -0.0410
vn 0.0241 0.9988 -0.0417
vn 0.0233 0.9990 -0.0385
vn 0.0387 0.9983 -0.0444
vn 0.0333 0.9985 -0.0441
vn 0.0501 0.9976 -0.0479
vn 0.0605 0.9969 -0.0497
vn 0.0567 0.9972 -0.0495
vn 0.0452 0.9976 -0.0530
vn 0.0375 0.9983 -0.0445
vn 0.0199 0.9981 -0.0589
vn 0.0460 0.9979 -0.0465
vn 0.0210 0.9974 -0.0693
vn 0.0660 0.9960 -0.0601
vn 0.0425 0.9963 -0.0740
vn 0.1451 0.9859 -0.0833
vn 0.1000 0.9929 -0.0645
vn 0.1324 0.9880 -0.0791
vn 0.6516 0.6833 -0.3295
vn 0.6180 -0.7061 -0.3457
vn 0.5546 -0.7840 -0.2788
vn 0.0025 0.9996 -0.0289
vn 0.0188 0.9994 -0.0295
vn 0.0186 0.9988 -0.0457
vn 0.0088 0.9991 -0.0411
vn 0.0210 0.9989 -0.0416
vn 0.0370 0.9983 -0.0448
vn 0.0153 0.9990 -0.0420
vn 0.0440 0.9980 -0.0461
vn 0.0457 0.9979 -0.0456
vn 0.0346 0.9984 -0.0453
vn 0.0268 0.9987 -0.0435
vn 0.0610 0.9968 -0.0514
vn 0.0672 0.9963 -0.0532
vn 0.0915 0.9939 -0.0616
vn 0.0716 0.9960 -0.0540
vn 0.0724 0.9959 -0.0543
vn 0.1368 0.9873 -0.0805
vn 0.1185 0.9903 -0.0724
vn 0.1931 0.9754 -0.1062
vn 0.2467 0.9608 -0.1267
vn 0.1300 0.9883 -0.0794
vn 0.2017 0.9728 -0.1142
vn 0.0968 0.9931 -0.0662
vn 0.5421 0.7906 -0.2848
vn 0.4757 0.8448 -0.2449
vn 0.0816 0.9950 -0.0572
vn 0.1061 0.9920 -0.0683
vn -0.0143 0.9990 -0.0414
vn 0.0174 0.9989 -0.0445
vn -0.0178 0.9988 -0.0447
vn 0.0005 0.9981 -0.0609
vn 0.0797 0.9920 -0.0981
vn -0.0777 0.9922 -0.0972
vn 0.0693 0.9962 -0.0537
vn 0.1072 0.9918 -0.0696
vn 0.1099 0.9913 -0.0728
vn 0.3041 0.9329 0.1929
vn 0.5127 0.7160 0.4738
vn 0.5960 0.7247 0.3458
vn 0.1373 0.9623 0.2348
vn 0.1410 0.9775 0.1571
vn 0.1811 0.9641 0.1941
vn 0.0542 0.9825 0.1782
vn 0.0430 0.9922 0.1174
vn 0.0655 0.9844 0.1631
vn 0.0807 0.9650 0.2497
vn 0.1411 0.9463 0.2909
vn 0.0263 0.9944 0.1024
vn 0.0331 0.9908 0.1311
vn 0.0669 0.9568 0.2830
vn 0.1468 0.8497 0.5064
vn 0.0475 0.9794 0.1962
vn 0.0635 0.9622 0.2647
vn 0.0439 0.9837 0.1744
vn 0.0285 0.9941 0.1051
vn 0.0365 0.9903 0.1337
vn 0.1195 0.8582 0.4991
vn 0.1290 0.8354 0.5343
vn 0.0293 0.9956 0.0894
vn 0.0201 0.9962 0.0844
vn 0.0236 0.9953 0.0941
vn 0.0075 0.9993 0.0369
vn 0.0074 0.9996 0.0266
vn 0.0127 0.9988 0.0466
vn 0.0085 0.9998 0.0179
vn 0.0043 0.9999 0.0105
vn 0.0103 0.9994 0.0339
vn 0.0151 0.9991 0.0408
vn 0.0125 0.9996 0.0270
vn 0.0085 0.9999 0.0100
vn 0.0124 0.9997 0.0201
vn -0.0199 0.9963 -0.0832
vn -0.0130 0.9976 -0.0674
vn -0.0131 0.9978 -0.0650
vn 0.0035 1.0000 0.0004
vn 0.0017 0.9999 -0.0115
vn -0.0091 0.9990 -0.0449
vn -0.0080 0.9989 -0.0464
vn -0.0161 0.9978 -0.0650
vn 0.0059 1.0000 0.0005
vn -0.0130 0.9982 -0.0580
vn -0.0104 0.9990 -0.0443
vn -0.0033 0.9996 -0.0289
vn -0.0012 0.9998 -0.0216
vn -0.0032 0.9997 -0.0245
vn 0.0881 0.9898 -0.1119
vn 0.0597 0.9873 -0.1470
vn 0.1045 0.9877 -0.1162
vn -0.0228 0.9946 -0.1011
vn -0.0312 0.9942 -0.1025
vn -0.0251 0.9874 -0.1559
vn -0.0376 0.9874 -0.1540
vn -0.0507 0.9886 -0.1417
vn -0.0376 0.9313 -0.3624
vn 0.0027 0.9549 -0.2970
vn -0.0574 0.9595 -0.2758
vn -0.3093 -0.0499 -0.9497
vn -0.0731 0.8263 -0.5584
vn -0.2002 0.7642 -0.6131
vn -0.0756 0.9749 -0.2095
vn -0.0727 0.9648 -0.2526
vn -0.0875 0.9705 -0.2245
vn -0.0445 0.9893 -0.1387
vn -0.2169 0.7682 -0.6023
vn -0.1833 -0.7806 -0.5975
vn -0.0302 0.9958 -0.0861
vn -0.0383 0.9948 -0.0944
vn -0.0981 0.9724 -0.2119
vn -0.0609 0.9890 -0.1346
vn -0.0477 0.9906 -0.1279
vn -0.0231 0.9971 -0.0720
vn -0.0337 0.9961 -0.0813
vn 0.0461 0.9896 0.1363
vn 0.0589 0.9780 0.2000
vn 0.0665 0.9796 0.1896
vn 0.0885 0.9562 0.2790
vn 0.1330 0.8609 0.4910
vn 0.1566 0.8634 0.4796
vn 0.1283 0.9322 0.3385
vn 0.0957 0.9584 0.2688
vn 0.0512 0.9899 0.1324
vn 0.0723 0.9796 0.1875
vn 0.1857 0.8094 0.5571
vn 0.0179 0.9989 0.0426
vn 0.0229 0.9979 0.0602
vn 0.0230 0.9984 0.0523
vn 0.0114 0.9998 0.0162
vn 0.0153 0.9994 0.0301
vn 0.0172 0.9993 0.0334
vn 0.0348 0.9967 0.0727
vn 0.0274 0.9976 0.0628
vn 0.0328 0.9964 0.0780
vn 0.0210 0.9988 0.0436
vn 0.0268 0.9982 0.0537
vn 0.0140 0.9996 0.0254
vn 0.0176 0.9993 0.0316
vn -0.0011 0.9999 -0.0161
vn 0.0066 1.0000 0.0072
vn -0.0052 0.9999 -0.0159
vn 0.0131 0.9997 0.0227
vn -0.0475 0.9941 -0.0972
vn -0.2237 0.8470 -0.4823
vn -0.2422 0.8458 -0.4753
vn -0.1029 0.9723 -0.2097
vn -0.2498 0.8484 -0.4667
vn -0.2517 0.8481 -0.4662
vn -0.1524 0.9543 -0.2570
vn -0.0710 0.9895 -0.1258
vn -0.0923 0.9800 -0.1765
vn -0.0641 0.9897 -0.1282
vn -0.1069 0.9787 -0.1753
vn -0.0550 0.9942 -0.0929
vn -0.0637 0.9930 -0.0997
vn -0.0165 0.9983 -0.0558
vn -0.0261 0.9975 -0.0660
vn -0.0347 0.9967 -0.0736
vn -0.0382 0.9967 -0.0718
vn -0.0126 0.9993 -0.0361
vn -0.0072 0.9995 -0.0323
vn -0.0190 0.9985 -0.0519
vn -0.0284 0.9978 -0.0598
vn -0.0424 0.9963 -0.0746
vn -0.0249 0.9986 -0.0457
vn -0.0215 0.9986 -0.0490
vn -0.0159 0.9993 -0.0352
vn -0.0191 0.9993 -0.0330
vn -0.0329 0.9979 -0.0563
vn -0.0453 0.9967 -0.0676
vn -0.0542 0.9956 -0.0770
vn -0.3045 0.8446 -0.4404
vn -0.2751 0.8571 -0.4355
vn -0.0830 0.9892 -0.1211
vn -0.1076 0.9807 -0.1632
vn -0.0778 0.9891 -0.1249
vn -0.1973 0.9484 -0.2482
vn -0.3425 0.8122 -0.4723
vn -0.1586 0.9599 -0.2310
vn -0.1225 0.9790 -0.1628
vn -0.0971 0.9876 -0.1237
vn -0.3465 0.8476 -0.4018
vn 0.1059 0.9608 0.2562
vn 0.1515 0.9303 0.3342
vn 0.1389 0.9483 0.2855
vn 0.1726 0.9228 0.3445
vn 0.0634 0.9868 0.1491
vn 0.0856 0.9785 0.1874
vn 0.0723 0.9865 0.1469
vn 0.0513 0.9919 0.1159
vn 0.0557 0.9921 0.1125
vn 0.0418 0.9949 0.0914
vn 0.0451 0.9951 0.0876
vn 0.1123 0.9655 0.2351
vn 0.0990 0.9765 0.1914
vn 0.0641 0.9912 0.1160
vn 0.1371 0.9574 0.2543
vn 0.0813 0.9857 0.1479
vn 0.1042 0.9773 0.1844
vn 0.0597 0.9931 0.1009
vn 0.0459 0.9958 0.0797
vn 0.1799 0.9289 0.3236
vn 0.0921 0.9848 0.1475
vn 0.0552 0.9950 0.0837
vn 0.2028 0.9254 0.3202
vn 0.3113 0.7824 0.5394
vn 0.0234 0.9989 0.0399
vn 0.0360 0.9970 0.0689
vn 0.0333 0.9977 0.0592
vn 0.0288 0.9984 0.0481
vn 0.0388 0.9974 0.0604
vn 0.0020 1.0000 0.0007
vn 0.0073 0.9999 0.0125
vn 0.0047 1.0000 0.0063
vn 0.0095 0.9998 0.0159
vn 0.0129 0.9997 0.0202
vn 0.0174 0.9996 0.0243
vn 0.0107 0.9999 0.0126
vn -0.0000 1.0000 -0.0012
vn 0.0073 1.0000 0.0061
vn -0.0120 0.9996 -0.0260
vn -0.0225 0.9992 -0.0328
vn -0.0300 0.9986 -0.0428
vn -0.0410 0.9978 -0.0519
vn -0.0370 0.9978 -0.0554
vn -0.0133 0.9997 -0.0222
vn -0.0165 0.9996 -0.0220
vn -0.0293 0.9989 -0.0358
vn -0.0041 0.9999 -0.0099
vn -0.0002 1.0000 -0.0019
vn -0.0050 1.0000 -0.0077
vn -0.0242 0.9993 -0.0271
vn -0.0094 0.9998 -0.0156
vn -0.0106 0.9999 -0.0136
vn -0.0644 0.9943 -0.0846
vn -0.0799 0.9918 -0.0999
vn -0.1215 0.9825 -0.1409
vn -0.1582 0.9666 -0.2018
vn -0.2124 0.9495 -0.2310
vn -0.3295 0.8665 -0.3749
vn -0.3322 0.8649 -0.3764
vn -0.1721 0.9679 -0.1830
vn -0.6642 0.2728 -0.6960
vn -0.0934 0.9901 -0.1051
vn -0.7277 0.0104 -0.6858
vn -0.3610 0.8615 -0.3571
vn -0.1343 0.9824 -0.1297
vn -0.2271 0.9502 -0.2134
vn -0.1005 0.9900 -0.0989
vn -0.1824 0.9694 -0.1640
vn -0.0744 0.9940 -0.0807
vn -0.1085 0.9897 -0.0939
vn -0.7107 0.2848 -0.6433
vn -0.3607 0.8740 -0.3255
vn -0.2029 0.9653 -0.1644
vn -0.2531 0.9459 -0.2029
vn -0.5572 0.6669 -0.4948
vn -0.3742 0.8664 -0.3307
vn -0.1624 0.9793 -0.1211
vn -0.1515 0.9800 -0.1287
vn -0.0804 0.9942 -0.0711
vn -0.1020 0.9915 -0.0809
vn -0.0878 0.9940 -0.0647
vn -0.0461 0.9976 -0.0511
vn -0.0516 0.9964 -0.0667
vn -0.0657 0.9960 -0.0605
vn -0.0589 0.9961 -0.0664
vn -0.0358 0.9988 -0.0346
vn -0.0348 0.9986 -0.0403
vn -0.0465 0.9980 -0.0421
vn -0.0552 0.9970 -0.0551
vn -0.0552 0.9975 -0.0437
vn -0.0422 0.9985 -0.0343
vn -0.0668 0.9965 -0.0511
vn -0.4403 0.8537 -0.2779
vn -0.4544 0.8248 -0.3367
vn -0.2370 0.9575 -0.1643
vn -0.8322 0.0053 -0.5545
vn -0.1275 0.9870 -0.0983
vn -0.1233 0.9889 -0.0826
vn -0.1780 0.9774 -0.1140
vn -0.2581 0.8353 0.4854
vn -0.0446 0.9984 0.0355
vn -0.0452 0.9990 0.0061
vn -0.2501 -0.8402 0.4811
vn -0.2641 -0.8059 0.5299
vn -0.1021 0.9775 0.1844
vn -0.0711 0.9906 0.1166
vn -0.0650 0.9929 0.0997
vn -0.0470 0.9977 0.0484
vn -0.0428 0.9987 0.0275
vn -0.1260 0.9547 0.2697
vn -0.2832 0.7826 0.5544
vn -0.1191 0.9693 0.2151
vn -0.0732 0.9902 0.1191
vn -0.0545 0.9959 0.0719
vn -0.0402 0.9990 0.0189
vn -0.0431 0.9985 0.0342
vn -0.1430 0.9503 0.2765
vn -0.3094 0.7290 0.6106
vn -0.1377 0.9541 0.2659
vn -0.0667 0.9923 0.1047
vn -0.0541 0.9960 0.0709
vn -0.0472 0.9977 0.0496
vn -0.0405 0.9992 0.0070
vn -0.0421 0.9989 0.0200
vn 0.3717 0.7624 0.5298
vn 0.2232 0.9201 0.3220
vn 0.1659 0.9508 0.2615
vn 0.0781 0.9900 0.1178
vn 0.1029 0.9840 0.1452
vn 0.0774 0.9913 0.1062
vn 0.0645 0.9946 0.0819
vn 0.3795 0.7623 0.5243
vn 0.1472 0.9648 0.2178
vn 0.1773 0.9532 0.2448
vn 0.2295 0.9247 0.3038
vn 0.1277 0.9755 0.1790
vn 0.1540 0.9678 0.1990
vn 0.3805 0.7747 0.5051
vn 0.0798 0.9924 0.0935
vn 0.0935 0.9889 0.1154
vn 0.5425 -0.4053 0.7358
vn 0.5842 -0.3977 0.7075
vn 0.0503 0.9964 0.0682
vn 0.0704 0.9946 0.0764
vn 0.1181 0.9841 0.1330
vn 0.1174 0.9820 0.1479
vn 0.0959 0.9902 0.1019
vn 0.0814 0.9932 0.0836
vn 0.1576 0.9715 0.1772
vn 0.1420 0.9792 0.1450
vn 0.1200 0.9847 0.1266
vn 0.0333 0.9984 0.0458
vn 0.0414 0.9976 0.0553
vn 0.0250 0.9991 0.0352
vn 0.0227 0.9994 0.0263
vn 0.0404 0.9981 0.0470
vn 0.0305 0.9989 0.0350
vn 0.0542 0.9965 0.0636
vn 0.0283 0.9992 0.0282
vn 0.0172 0.9997 0.0186
vn 0.0224 0.9995 0.0210
vn 0.0613 0.9961 0.0631
vn 0.0490 0.9975 0.0514
vn 0.0363 0.9987 0.0365
vn 0.0437 0.9982 0.0421
vn 0.0624 0.9962 0.0601
vn 0.0530 0.9974 0.0488
vn -0.0037 1.0000 -0.0061
vn 0.0153 0.9998 0.0129
vn 0.0026 1.0000 0.0002
vn -0.0001 1.0000 -0.0023
vn 0.0090 0.9999 0.0060
vn 0.0305 0.9992 0.0269
vn 0.0138 0.9999 0.0087
vn 0.0070 1.0000 0.0032
vn -0.0188 0.9996 -0.0198
vn -0.0286 0.9993 -0.0246
vn -0.0672 0.9967 -0.0448
vn -0.0798 0.9953 -0.0554
vn -0.0388 0.9988 -0.0286
vn -0.0530 0.9980 -0.0356
vn -0.0193 0.9997 -0.0171
vn -0.0243 0.9995 -0.0181
vn -0.0099 0.9999 -0.0090
vn -0.0196 0.9997 -0.0135
vn -0.0250 0.9996 -0.0144
vn -0.0092 0.9999 -0.0065
vn -0.0033 1.0000 -0.0027
vn -0.1009 0.9929 -0.0634
vn -0.1953 0.9740 -0.1150
vn -0.2748 0.9474 -0.1643
vn -0.4730 0.8448 -0.2502
vn -0.5062 0.8008 -0.3202
vn -0.2894 0.9393 -0.1844
vn -0.0851 0.9950 -0.0525
vn -0.1214 0.9903 -0.0671
vn -0.2205 0.9690 -0.1110
vn -0.4643 0.8502 -0.2481
vn -0.8623 -0.1949 -0.4674
vn -0.0952 0.9941 -0.0518
vn -0.2179 0.9706 -0.1026
vn -0.0845 0.9954 -0.0449
vn -0.0973 0.9945 -0.0397
vn -0.1168 0.9915 -0.0570
vn -0.0549 0.9980 -0.0307
vn -0.0689 0.9968 -0.0395
vn -0.0438 0.9988 -0.0209
vn -0.0419 0.9988 -0.0251
vn -0.0565 0.9980 -0.0280
vn -0.0725 0.9967 -0.0353
vn -0.0770 0.9964 -0.0344
vn -0.0171 0.9998 -0.0103
vn -0.0232 0.9997 -0.0113
vn -0.0602 0.9978 -0.0261
vn -0.0622 0.9978 -0.0232
vn -0.8892 -0.0011 -0.4576
vn -0.4852 0.8449 -0.2252
vn -0.4696 0.8499 -0.2392
vn -0.5088 0.8345 -0.2118
vn -0.2019 0.9746 -0.0968
vn -0.2452 0.9654 -0.0890
vn -0.7798 -0.5640 -0.2717
vn -0.6354 0.7392 -0.2233
vn -0.5257 0.8334 -0.1708
vn -0.1280 0.9906 -0.0475
vn -0.1376 0.9885 -0.0635
vn -0.2434 0.9665 -0.0817
vn -0.9456 -0.0336 -0.3235
vn -0.5958 0.7979 -0.0916
vn -0.2998 0.9534 -0.0350
vn -0.0833 0.9960 -0.0314
vn -0.1817 0.9821 0.0488
vn -0.2707 0.9613 -0.0506
vn -0.2142 0.9768 0.0051
vn -0.1080 0.9938 -0.0250
vn -0.1026 0.9942 -0.0310
vn -0.0901 0.9957 -0.0208
vn -0.0829 0.9962 -0.0249
vn -0.2868 0.7714 0.5680
vn -0.1702 0.9341 0.3137
vn -0.0444 0.9983 0.0377
vn -0.0496 0.9970 0.0592
vn -0.0434 0.9986 0.0289
vn -0.0413 0.9990 0.0192
vn -0.0943 0.9806 0.1716
vn -0.1183 0.9722 0.2021
vn -0.0485 0.9973 0.0554
vn -0.0790 0.9879 0.1336
vn -0.1267 0.9743 0.1861
vn -0.0918 0.9860 0.1389
vn -0.0449 0.9981 0.0426
vn -0.0563 0.9966 0.0594
vn -0.0513 0.9976 0.0474
vn -0.0737 0.9962 0.0465
vn -0.0388 0.9989 0.0246
vn -0.0448 0.9986 0.0295
vn -0.0992 0.9949 0.0200
vn -0.1038 0.9946 -0.0092
vn -0.0898 0.9959 0.0060
vn -0.0629 0.9974 0.0344
vn -0.0339 0.9994 0.0123
vn -0.0338 0.9992 0.0202
vn 0.1748 0.9694 0.1725
vn 0.2007 0.9557 0.2151
vn 0.1942 0.9542 0.2275
vn 0.1189 0.9863 0.1147
vn 0.4125 0.8114 0.4140
vn 0.2843 0.9084 0.3067
vn 0.4568 0.7397 0.4941
vn 0.2472 0.9382 0.2422
vn 0.1549 0.9781 0.1393
vn 0.0887 0.9924 0.0857
vn 0.1065 0.9897 0.0955
vn 0.2065 0.9611 0.1836
vn 0.3198 0.9087 0.2684
vn 0.2961 0.9158 0.2712
vn 0.0729 0.9950 0.0689
vn 0.0841 0.9937 0.0746
vn 0.1937 0.9684 0.1570
vn 0.1478 0.9813 0.1233
vn 0.1096 0.9898 0.0916
vn 0.1309 0.9846 0.1159
vn 0.0821 0.9944 0.0663
vn 0.3726 0.8826 0.2867
vn 0.2566 0.9430 0.2122
vn 0.0372 0.9988 0.0321
vn 0.0458 0.9982 0.0396
vn 0.0691 0.9958 0.0593
vn 0.0553 0.9974 0.0471
vn 0.0019 1.0000 -0.0001
vn -0.0152 0.9999 -0.0062
vn -0.0051 1.0000 -0.0023
vn 0.0060 1.0000 0.0029
vn 0.0227 0.9996 0.0146
vn 0.0178 0.9998 0.0101
vn 0.0144 0.9999 0.0077
vn 0.0225 0.9997 0.0120
vn 0.0329 0.9993 0.0197
vn 0.0292 0.9993 0.0215
vn 0.0373 0.9989 0.0278
vn 0.0449 0.9984 0.0353
vn 0.0467 0.9984 0.0313
vn -0.0245 0.9997 -0.0073
vn -0.0350 0.9993 -0.0142
vn -0.0239 0.9997 -0.0093
vn -0.0355 0.9993 -0.0112
vn -0.0013 1.0000 0.0016
vn -0.0162 0.9999 -0.0040
vn -0.0081 1.0000 -0.0012
vn -0.0079 1.0000 0.0003
vn 0.0035 1.0000 0.0035
vn 0.0007 1.0000 0.0034
vn 0.0090 0.9999 0.0054
vn 0.0073 1.0000 0.0055
vn 0.0178 0.9998 0.0097
vn 0.0162 0.9998 0.0092
vn -0.0676 0.9976 -0.0174
vn -0.0622 0.9978 -0.0210
vn -0.0313 0.9995 -0.0090
vn -0.0184 0.9998 -0.0040
vn -0.0335 0.9994 -0.0063
vn -0.0034 1.0000 0.0016
vn -0.0192 0.9998 -0.0032
vn -0.0124 0.9999 -0.0014
vn -0.0271 0.9996 0.0036
vn -0.0237 0.9996 0.0118
vn -0.0312 0.9994 0.0137
vn -0.0423 0.9991 0.0043
vn -0.0486 0.9988 -0.0003
vn -0.0435 0.9991 -0.0020
vn -0.0488 0.9988 -0.0054
vn -0.0371 0.9993 -0.0035
vn -0.0367 0.9993 -0.0005
vn -0.0261 0.9997 -0.0020
vn -0.0276 0.9996 0.0006
vn -0.0202 0.9998 -0.0013
vn -0.0109 0.9999 0.0006
vn -0.0038 1.0000 -0.0002
vn -0.0032 1.0000 -0.0000
vn 0.5532 0.7203 0.4186
vn 0.4570 0.7972 0.3946
vn 0.1540 0.9810 0.1177
vn 0.1218 0.9878 0.0967
vn 0.0991 0.9921 0.0763
vn 0.1909 0.9714 0.1410
vn 0.2347 0.9571 0.1699
vn 0.2507 0.9490 0.1913
vn 0.1264 0.9876 0.0933
vn 0.0802 0.9951 0.0585
vn 0.0976 0.9929 0.0677
vn 0.7254 0.4628 0.5096
vn 0.1531 0.9825 0.1065
vn 0.1909 0.9740 0.1221
vn 0.2140 0.9660 0.1452
vn 0.1470 0.9849 0.0919
vn 0.1188 0.9895 0.0820
vn 0.2025 0.9722 0.1176
vn 0.1528 0.9845 0.0857
vn 0.1099 0.9918 0.0656
vn 0.0789 0.9957 0.0476
vn 0.1068 0.9926 0.0573
vn 0.0765 0.9962 0.0417
vn 0.0763 0.9964 0.0364
vn 0.5746 0.7504 0.3267
vn 0.4076 0.8736 0.2660
vn 0.6602 0.6219 0.4212
vn 0.2985 0.9401 0.1644
vn 0.2868 0.9424 0.1724
vn 0.2108 0.9709 0.1132
vn 0.1551 0.9846 0.0808
vn 0.1059 0.9930 0.0515
vn 0.3530 0.9171 0.1850
vn 0.2424 0.9632 0.1164
vn 0.0329 0.9993 0.0167
vn 0.0449 0.9987 0.0251
vn 0.0822 0.9952 0.0538
vn 0.0639 0.9970 0.0439
vn 0.0453 0.9987 0.0224
vn 0.1677 0.9827 0.0786
vn 0.0949 0.9947 0.0400
vn 0.0813 0.9962 0.0317
vn 0.0069 1.0000 0.0058
vn 0.0220 0.9997 0.0117
vn 0.0264 0.9996 0.0130
vn 0.0593 0.9978 0.0306
vn 0.0499 0.9985 0.0223
vn 0.0433 0.9989 0.0184
vn 0.0339 0.9993 0.0144
vn 0.0641 0.9976 0.0272
vn 0.0528 0.9984 0.0202
vn 0.0649 0.9976 0.0239
vn 0.0036 1.0000 0.0029
vn 0.0124 0.9999 0.0065
vn 0.0126 0.9999 0.0036
vn 0.0207 0.9998 0.0074
vn 0.0236 0.9997 0.0106
vn 0.0301 0.9995 0.0093
vn 0.0254 0.9997 0.0056
vn 0.0319 0.9995 0.0043
vn 0.0574 0.9982 0.0187
vn 0.0570 0.9983 0.0149
vn 0.0457 0.9988 0.0153
vn 0.0048 1.0000 -0.0000
vn 0.0057 1.0000 -0.0001
vn 0.0128 0.9999 -0.0004
vn 0.0146 0.9999 -0.0008
vn 0.0179 0.9998 0.0024
vn 0.0205 0.9998 -0.0012
vn 0.0298 0.9996 0.0001
vn 0.0285 0.9996 -0.0025
vn 0.0415 0.9991 0.0094
vn 0.0418 0.9991 0.0063
vn 0.1894 0.9793 0.0708
vn 0.1294 0.9901 0.0541
vn 0.1152 0.9923 0.0450
vn 0.1027 0.9940 0.0388
vn 0.0828 0.9962 0.0285
vn 0.2934 0.9507 0.1005
vn 0.2610 0.9601 0.1007
vn 0.3135 0.9411 0.1271
vn 0.1388 0.9889 0.0528
vn 0.1134 0.9927 0.0408
vn 0.0919 0.9954 0.0268
vn 0.4799 0.8588 0.1792
vn 0.5081 0.8460 0.1615
vn 0.4982 0.8531 0.1551
vn 0.2285 0.9713 0.0667
vn 0.2033 0.9765 0.0710
vn 0.9390 0.0110 0.3438
vn 0.5127 0.8493 0.1259
vn 0.4273 0.8903 0.1574
vn 0.1437 0.9881 0.0541
vn 0.1229 0.9919 0.0328
vn 0.2005 0.9790 0.0381
vn 0.1545 0.9875 0.0307
vn 0.2146 0.9752 0.0539
vn 0.2890 0.9548 0.0692
vn 0.1357 0.9903 0.0286
vn 0.5232 -0.8428 0.1266
vn 0.4981 -0.8589 0.1194
vn 0.5045 0.8504 0.1492
vn 0.4589 0.8815 0.1113
vn 0.3232 0.9420 0.0905
vn 0.2651 0.9561 0.1251
vn 0.2084 0.9712 0.1151
vn 0.2588 0.9541 0.1511
vn 0.1870 0.9354 0.3001
vn 0.3661 0.7944 0.4847
vn 0.3444 0.7253 0.5960
vn 0.0733 0.9971 0.0214
vn 0.0740 0.9971 0.0180
vn 0.0911 0.9956 0.0213
vn 0.0604 0.9981 0.0137
vn 0.0720 0.9972 0.0198
vn 0.0411 0.9991 0.0136
vn 0.0418 0.9987 0.0297
vn 0.0376 0.9991 0.0176
vn 0.0489 0.9978 0.0442
vn 0.0425 0.9984 0.0383
vn 0.0385 0.9993 0.0032
vn 0.0362 0.9993 -0.0028
vn 0.0524 0.9985 0.0159
vn 0.0764 0.9965 0.0353
vn 0.0964 0.9950 0.0244
vn 0.0464 0.9988 0.0181
vn 0.0520 0.9983 0.0270
vn 0.1037 0.9762 0.1905
vn 0.1585 0.9385 0.3067
vn 0.0761 0.9930 0.0906
vn 0.0730 0.9900 0.1206
vn 0.0576 0.9949 0.0825
vn 0.0572 0.9965 0.0604
vn 0.0495 0.9970 0.0593
vn 0.0416 0.9988 0.0277
vn 0.0907 0.9821 0.1650
vn 0.0704 0.9911 0.1129
vn 0.0572 0.9949 0.0828
vn 0.1320 0.9579 0.2549
vn 0.0481 0.9976 0.0497
vn 0.0402 0.9991 0.0105
vn 0.0439 0.9985 0.0329
vn 0.0544 0.9958 0.0736
vn 0.0488 0.9973 0.0541
vn 0.0407 0.9989 0.0227
vn 0.0659 0.9923 0.1047
vn 0.0600 0.9943 0.0877
vn 0.0453 0.9980 0.0442
vn 0.0434 0.9986 0.0296
vn 0.0548 0.9957 0.0742
vn 0.0454 0.9983 0.0367
vn 0.0457 0.9980 0.0430
vn -0.0285 -0.9976 0.0637
vn 0.0226 -0.9979 0.0612
vn 0.0284 -0.9975 0.0651
vn -0.0239 -0.9979 0.0605
vn -0.0001 -0.9984 0.0567
vn 0.0201 -0.9985 0.0516
vn -0.0217 -0.9982 0.0552
vn 0.0656 -0.9955 0.0681
vn 0.1178 -0.9889 0.0903
vn 0.0126 -0.9983 0.0569
vn 0.0162 -0.9982 0.0577
vn -0.0131 -0.9983 0.0563
vn 0.0636 -0.9960 0.0633
vn 0.0337 -0.9978 0.0577
vn 0.0104 -0.9985 0.0535
vn 0.0074 -0.9987 0.0495
vn 0.0224 -0.9984 0.0515
vn 0.0264 -0.9982 0.0533
vn 0.2132 -0.9693 0.1222
vn 0.1201 -0.9894 0.0817
vn 0.1248 -0.9886 0.0843
vn 0.0425 -0.9972 0.0612
vn 0.0699 -0.9952 0.0689
vn 0.0849 -0.9938 0.0717
vn 0.0640 -0.9960 0.0627
vn 0.0371 -0.9976 0.0582
vn 0.0897 -0.9935 0.0700
vn 0.1147 -0.9901 0.0807
vn 0.0533 -0.9968 0.0600
vn 0.3544 -0.9169 0.1835
vn 0.1790 -0.9782 0.1054
vn 0.2216 -0.9675 0.1221
vn 0.0668 -0.9959 0.0607
vn 0.0929 -0.9933 0.0689
vn 0.3887 -0.8993 0.2005
vn 0.7120 -0.6033 0.3593
vn 0.1485 -0.9848 0.0903
vn 0.1546 -0.9836 0.0928
vn 0.3092 -0.9374 0.1604
vn 0.2069 -0.9718 0.1130
vn 0.4762 -0.8456 0.2411
vn 0.7359 -0.5682 0.3682
vn -0.0052 -0.9991 0.0420
vn 0.0044 -0.9995 0.0302
vn 0.0099 -0.9988 0.0470
vn 0.0057 -1.0000 0.0008
vn -0.0024 -0.9998 0.0185
vn -0.0071 -1.0000 -0.0003
vn 0.0261 -0.9985 0.0478
vn 0.0332 -0.9982 0.0508
vn 0.0200 -0.9986 0.0489
vn 0.0136 -0.9992 0.0387
vn 0.0269 -0.9991 0.0341
vn 0.0128 -0.9997 0.0200
vn 0.0424 -0.9980 0.0468
vn 0.0503 -0.9972 0.0550
vn 0.0692 -0.9956 0.0635
vn 0.0558 -0.9969 0.0551
vn 0.0487 -0.9974 0.0537
vn 0.0369 -0.9989 0.0283
vn 0.0334 -0.9994 0.0060
vn 0.0416 -0.9989 0.0228
vn 0.0594 -0.9960 0.0664
vn 0.0433 -0.9975 0.0550
vn 0.1188 -0.9898 0.0791
vn 0.1088 -0.9910 0.0779
vn 0.0876 -0.9938 0.0682
vn 0.2332 -0.9645 0.1238
vn 0.1812 -0.9775 0.1082
vn 0.1384 -0.9861 0.0923
vn 0.1131 -0.9891 0.0940
vn 0.0859 -0.9932 0.0784
vn 0.3353 -0.9194 0.2056
vn 0.2339 -0.9592 0.1587
vn 0.0016 -1.0000 0.0025
vn 0.0067 -1.0000 -0.0072
vn 0.0006 -0.9995 0.0305
vn 0.0057 -0.9999 0.0118
vn 0.0121 -0.9999 0.0067
vn 0.0281 -0.9990 0.0343
vn 0.0374 -0.9984 0.0423
vn 0.0300 -0.9995 0.0085
vn 0.0187 -0.9995 0.0266
vn -0.0039 -0.9996 0.0282
vn -0.0059 -0.9994 0.0335
vn -0.0031 -0.9994 0.0358
vn -0.0016 -1.0000 0.0035
vn 0.0004 -1.0000 -0.0042
vn -0.0022 -0.9999 0.0135
vn 0.0014 -0.9987 -0.0507
vn 0.0061 -0.9991 -0.0424
vn -0.0079 -0.9992 -0.0404
vn 0.0121 -0.9992 -0.0394
vn 0.0045 -0.9992 -0.0390
vn 0.0118 -0.9986 -0.0506
vn 0.0033 -0.9982 -0.0592
vn 0.0313 -0.9986 -0.0427
vn 0.0214 -0.9989 -0.0415
vn 0.0036 -0.9972 -0.0741
vn 0.0032 -0.9987 -0.0513
vn 0.0225 -0.9981 -0.0581
vn 0.0145 -0.9976 -0.0670
vn 0.0187 -0.9985 -0.0511
vn 0.0160 -0.9961 -0.0872
vn 0.0338 -0.9983 -0.0481
vn 0.0088 -0.9964 -0.0846
vn 0.0285 -0.9973 -0.0681
vn 0.0115 -0.9969 -0.0779
vn 0.0489 -0.9976 -0.0498
vn 0.0402 -0.9970 -0.0660
vn 0.0083 -0.9991 -0.0410
vn -0.0068 -0.9992 -0.0403
vn 0.0336 -0.9985 -0.0435
vn 0.0163 -0.9990 -0.0411
vn 0.0217 -0.9989 -0.0416
vn 0.0405 -0.9982 -0.0443
vn 0.0272 -0.9987 -0.0426
vn 0.0443 -0.9980 -0.0456
vn 0.0710 -0.9960 -0.0540
vn 0.0527 -0.9975 -0.0481
vn 0.0597 -0.9970 -0.0500
vn 0.0926 -0.9938 -0.0608
vn 0.0754 -0.9956 -0.0553
vn 0.0757 -0.9956 -0.0552
vn 0.5644 -0.7706 -0.2960
vn 0.2638 -0.9540 -0.1424
vn 0.2085 -0.9715 -0.1125
vn 0.1328 -0.9881 -0.0771
vn 0.1061 -0.9921 -0.0671
vn 0.2802 -0.9488 -0.1460
vn 0.6676 -0.6646 -0.3356
vn 0.3044 -0.9400 -0.1544
vn 0.1164 -0.9903 -0.0756
vn 0.0849 -0.9932 -0.0801
vn -0.0104 -0.9992 -0.0394
vn 0.0783 -0.9921 -0.0978
vn -0.0794 -0.9921 -0.0967
vn 0.0355 -0.9984 -0.0437
vn 0.0737 -0.9958 -0.0544
vn 0.0650 -0.9965 -0.0524
vn 0.2771 -0.9492 -0.1494
vn 0.4935 -0.8301 -0.2597
vn -0.0293 -0.9956 0.0890
vn -0.0180 -0.9960 0.0872
vn -0.0237 -0.9969 0.0752
vn -0.0250 -0.9937 0.1094
vn 0.0517 -0.9937 0.0999
vn 0.0235 -0.9942 0.1054
vn 0.0407 -0.9888 0.1437
vn 0.0700 -0.9893 0.1281
vn 0.0280 -0.9964 0.0800
vn 0.0134 -0.9965 0.0824
vn 0.0297 -0.9590 0.2817
vn 0.0586 -0.9778 0.2014
vn 0.0144 -0.9779 0.2084
vn -0.0384 -0.9424 0.3324
vn -0.0286 -0.9701 0.2410
vn -0.0025 -0.9958 0.0914
vn -0.1254 -0.9320 0.3400
vn -0.0856 -0.9440 0.3186
vn -0.1087 -0.9531 0.2826
vn -0.0666 -0.9702 0.2328
vn -0.0429 -0.9908 0.1285
vn -0.0486 -0.9823 0.1807
vn -0.0305 -0.9889 0.1451
vn -0.0943 -0.9711 0.2194
vn -0.2521 -0.7075 0.6603
vn -0.1639 -0.8966 0.4114
vn -0.2699 -0.7279 0.6303
vn -0.0367 -0.9949 0.0945
vn -0.0685 -0.9809 0.1820
vn -0.0816 -0.9814 0.1736
vn -0.0575 -0.9876 0.1461
vn -0.0484 -0.9924 0.1128
vn -0.0069 -0.9990 0.0449
vn 0.0043 -0.9990 0.0441
vn -0.0077 -0.9973 0.0725
vn 0.0012 -0.9984 0.0559
vn -0.0090 -0.9983 0.0579
vn -0.0035 -0.9999 0.0120
vn -0.0062 -0.9997 0.0241
vn -0.0030 -0.9997 0.0222
vn -0.0164 -0.9974 0.0697
vn -0.0204 -0.9984 0.0535
vn -0.0147 -0.9985 0.0534
vn -0.0098 -0.9992 0.0397
vn -0.0138 -0.9991 0.0395
vn -0.0077 -0.9998 0.0210
vn -0.0092 -0.9995 0.0296
vn -0.0013 -1.0000 0.0065
vn 0.0054 -0.9992 -0.0385
vn 0.0061 -0.9995 -0.0299
vn 0.0041 -0.9998 -0.0216
vn 0.0112 -0.9981 -0.0605
vn -0.0016 -1.0000 0.0050
vn 0.0103 -0.9987 -0.0503
vn 0.0015 -0.9999 -0.0112
vn 0.0116 -0.9990 -0.0432
vn 0.0046 -0.9999 -0.0153
vn 0.0053 -0.9998 -0.0208
vn 0.0216 -0.9971 -0.0724
vn 0.0365 -0.9911 -0.1283
vn 0.0309 -0.9955 -0.0891
vn 0.0589 -0.9939 -0.0928
vn 0.0219 -0.9938 -0.1088
vn 0.0435 -0.9821 -0.1831
vn 0.0401 -0.9864 -0.1594
vn 0.1573 -0.9481 -0.2764
vn 0.0944 -0.9552 -0.2806
vn 0.1058 -0.9743 -0.1988
vn 0.3510 -0.7561 -0.5524
vn 0.2417 -0.9301 -0.2767
vn 0.5408 -0.6760 -0.5006
vn 0.0994 -0.9073 -0.4086
vn 0.0516 -0.9717 -0.2307
vn 0.2266 -0.5287 -0.8180
vn 0.1394 -0.9116 -0.3868
vn 0.2420 -0.7549 -0.6096
vn 0.0693 -0.9419 -0.3287
vn 0.0575 -0.9707 -0.2334
vn 0.0313 -0.9936 -0.1087
vn 0.0216 -0.9963 -0.0836
vn 0.0832 -0.9513 -0.2969
vn 0.0981 -0.9114 -0.3997
vn 0.2509 -0.3582 -0.8993
vn 0.1503 -0.8120 -0.5640
vn 0.2304 -0.9636 -0.1358
vn 0.1536 -0.9834 -0.0964
vn 0.2043 -0.9729 -0.1086
vn 0.3793 -0.9063 -0.1861
vn 0.7383 -0.5274 -0.4204
vn 0.3557 -0.9118 -0.2052
vn -0.2941 -0.8555 0.4261
vn -0.1608 -0.9518 0.2613
vn -0.1755 -0.9523 0.2495
vn -0.3714 -0.7488 0.5490
vn -0.2331 -0.9243 0.3022
vn -0.4237 -0.7625 0.4890
vn -0.1240 -0.9717 0.2012
vn -0.1387 -0.9720 0.1899
vn -0.1869 -0.9532 0.2376
vn -0.0340 -0.9966 0.0754
vn -0.0420 -0.9952 0.0886
vn -0.0298 -0.9966 0.0772
vn -0.0297 -0.9978 0.0595
vn -0.0238 -0.9984 0.0504
vn -0.0339 -0.9975 0.0623
vn -0.0467 -0.9951 0.0875
vn -0.0402 -0.9968 0.0686
vn -0.3091 -0.6913 0.6531
vn -0.1644 -0.9203 0.3551
vn -0.2815 -0.7897 0.5450
vn -0.1267 -0.9554 0.2668
vn -0.1213 -0.9662 0.2276
vn -0.0633 -0.9884 0.1383
vn -0.0521 -0.9933 0.1036
vn -0.3648 -0.6444 0.6721
vn -0.1827 -0.9235 0.3374
vn -0.3500 -0.7260 0.5919
vn -0.0963 -0.9798 0.1755
vn -0.0720 -0.9874 0.1411
vn -0.0590 -0.9927 0.1048
vn -0.0754 -0.9887 0.1298
vn -0.0965 -0.9823 0.1605
vn -0.1072 -0.9814 0.1594
vn -0.0756 -0.9905 0.1153
vn -0.0511 -0.9954 0.0808
vn -0.0619 -0.9933 0.0978
vn -0.0656 -0.9936 0.0922
vn -0.0165 -0.9992 0.0368
vn 0.0051 -0.9999 -0.0117
vn -0.0013 -1.0000 0.0030
vn -0.0114 -0.9996 0.0259
vn -0.0049 -0.9999 0.0111
vn -0.0149 -0.9995 0.0281
vn -0.0192 -0.9991 0.0389
vn -0.0016 -1.0000 0.0062
vn -0.0074 -0.9998 0.0159
vn 0.0067 -0.9998 -0.0182
vn 0.0208 -0.9990 -0.0399
vn 0.0073 -0.9999 -0.0143
vn -0.0125 -0.9996 0.0245
vn -0.0067 -0.9999 0.0148
vn 0.0071 -0.9999 -0.0122
vn 0.0108 -0.9995 -0.0310
vn 0.0256 -0.9968 -0.0751
vn 0.0175 -0.9986 -0.0507
vn 0.0135 -0.9991 -0.0394
vn 0.0290 -0.9968 -0.0747
vn 0.0187 -0.9988 -0.0444
vn 0.0383 -0.9943 -0.0996
vn 0.0347 -0.9966 -0.0745
vn 0.0235 -0.9985 -0.0486
vn 0.0149 -0.9994 -0.0305
vn 0.0135 -0.9995 -0.0279
vn 0.0526 -0.9924 -0.1110
vn 0.1140 -0.9228 -0.3679
vn 0.1079 -0.9454 -0.3077
vn 0.1282 -0.8352 -0.5348
vn 0.0621 -0.9805 -0.1863
vn 0.0460 -0.9905 -0.1297
vn 0.0663 -0.9808 -0.1833
vn 0.0480 -0.9888 -0.1415
vn 0.1353 -0.9031 -0.4075
vn 0.2637 -0.4952 -0.8278
vn 0.1617 -0.8465 -0.5072
vn 0.0806 -0.9700 -0.2293
vn 0.2746 -0.5658 -0.7775
vn 0.0526 -0.9882 -0.1436
vn 0.0884 -0.9775 -0.1914
vn 0.1501 -0.8894 -0.4318
vn 0.1330 -0.9346 -0.3300
vn -0.0455 -0.9990 -0.0000
vn -0.0431 -0.9989 0.0157
vn -0.0420 -0.9990 -0.0144
vn -0.0451 -0.9983 -0.0372
vn -0.0513 -0.9968 -0.0614
vn -0.0643 -0.9933 -0.0955
vn -0.0768 -0.9887 -0.1289
vn -0.0594 -0.9944 -0.0869
vn -0.0419 -0.9989 -0.0200
vn -0.0410 -0.9991 -0.0066
vn -0.0432 -0.9986 -0.0289
vn -0.0454 -0.9980 -0.0446
vn -0.0653 -0.9925 -0.1030
vn -0.0548 -0.9958 -0.0737
vn -0.0889 -0.9830 -0.1608
vn -0.0803 -0.9873 -0.1370
vn -0.0409 -0.9990 -0.0159
vn -0.0429 -0.9986 -0.0297
vn -0.0478 -0.9976 -0.0501
vn -0.0488 -0.9973 -0.0540
vn -0.1458 -0.9476 -0.2843
vn -0.1555 -0.9446 -0.2889
vn -0.4531 -0.8268 0.3333
vn -0.2443 -0.9533 0.1776
vn -0.4435 -0.8510 0.2813
vn -0.2717 -0.9485 0.1631
vn -0.4356 -0.8485 0.3006
vn -0.1523 -0.9819 0.1128
vn -0.1218 -0.9892 0.0820
vn -0.1593 -0.9820 0.1016
vn -0.1153 -0.9894 0.0880
vn -0.0527 -0.9966 0.0638
vn -0.0482 -0.9974 0.0541
vn -0.0585 -0.9964 0.0609
vn -0.0356 -0.9983 0.0455
vn -0.0393 -0.9983 0.0421
vn -0.0530 -0.9974 0.0498
vn -0.0673 -0.9959 0.0610
vn -0.0607 -0.9970 0.0481
vn -0.0720 -0.9957 0.0575
vn -0.0439 -0.9983 0.0392
vn -0.2189 -0.9418 0.2553
vn -0.1572 -0.9698 0.1866
vn -0.3503 -0.8511 0.3910
vn -0.6634 -0.0845 0.7434
vn -0.0795 -0.9912 0.1056
vn -0.1142 -0.9840 0.1368
vn -0.0906 -0.9876 0.1280
vn -0.2255 -0.9450 0.2368
vn -0.3432 -0.8624 0.3722
vn -0.1200 -0.9806 0.1549
vn -0.0742 -0.9932 0.0894
vn -0.0943 -0.9898 0.1070
vn -0.1285 -0.9829 0.1321
vn -0.3690 -0.8557 0.3628
vn -0.2355 -0.9477 0.2155
vn -0.3690 -0.8681 0.3320
vn -0.1758 -0.9696 0.1702
vn -0.1670 -0.9694 0.1799
vn -0.1044 -0.9893 0.1015
vn -0.0822 -0.9931 0.0841
vn -0.0660 -0.9952 0.0721
vn -0.0579 -0.9954 0.0760
vn -0.1824 -0.9701 0.1604
vn -0.1394 -0.9829 0.1206
vn -0.3686 -0.8704 0.3263
vn -0.2259 -0.9560 0.1873
vn -0.3880 -0.8603 0.3306
vn -0.1843 -0.9722 0.1443
vn -0.1075 -0.9900 0.0913
vn -0.0868 -0.9936 0.0719
vn -0.0914 -0.9937 0.0653
vn -0.0439 -0.9969 0.0651
vn -0.0304 -0.9985 0.0464
vn -0.0352 -0.9978 0.0568
vn -0.0168 -0.9994 0.0307
vn -0.0224 -0.9990 0.0383
vn -0.0403 -0.9977 0.0546
vn -0.0190 -0.9994 0.0305
vn -0.0271 -0.9989 0.0380
vn -0.0138 -0.9996 0.0237
vn -0.0295 -0.9990 0.0324
vn -0.0004 -1.0000 0.0072
vn -0.0082 -0.9998 0.0162
vn -0.0078 -0.9998 0.0170
vn 0.0113 -0.9998 -0.0178
vn -0.0014 -1.0000 0.0073
vn 0.0257 -0.9989 -0.0384
vn 0.0235 -0.9991 -0.0363
vn 0.0359 -0.9967 -0.0724
vn 0.0251 -0.9983 -0.0518
vn 0.0408 -0.9967 -0.0706
vn 0.0481 -0.9942 -0.0960
vn 0.1560 -0.9326 -0.3253
vn 0.2381 -0.8541 -0.4624
vn 0.1107 -0.9668 -0.2305
vn 0.0888 -0.9819 -0.1670
vn 0.0615 -0.9905 -0.1226
vn 0.2485 -0.8355 -0.4900
vn 0.0873 -0.9835 -0.1586
vn 0.0561 -0.9912 -0.1197
vn 0.1739 -0.9415 -0.2888
vn 0.1492 -0.9615 -0.2309
vn 0.1358 -0.9647 -0.2258
vn -0.0210 -0.9997 -0.0123
vn -0.0334 -0.9994 -0.0126
vn -0.0333 -0.9992 -0.0204
vn -0.0982 -0.9785 -0.1811
vn -0.0721 -0.9902 -0.1194
vn -0.0496 -0.9970 -0.0598
vn -0.0441 -0.9984 -0.0366
vn -0.1723 -0.9339 -0.3132
vn -0.0411 -0.9989 -0.0225
vn -0.0510 -0.9973 -0.0523
vn -0.0582 -0.9949 -0.0829
vn -0.0573 -0.9949 -0.0828
vn -0.0748 -0.9895 -0.1238
vn -0.1101 -0.9758 -0.1890
vn -0.0744 -0.9927 -0.0952
vn -0.0383 -0.9990 -0.0226
vn -0.0621 -0.9959 -0.0659
vn -0.0438 -0.9986 -0.0295
vn -0.0759 -0.9969 -0.0195
vn -0.0617 -0.9976 -0.0308
vn -0.0787 -0.9961 -0.0391
vn -0.0854 -0.9958 0.0315
vn -0.0718 -0.9971 0.0236
vn -0.0854 -0.9961 0.0241
vn -0.0696 -0.9972 0.0285
vn -0.0903 -0.9865 -0.1363
vn -0.1270 -0.9746 -0.1843
vn -0.2877 -0.9486 0.1322
vn -0.2166 -0.9726 0.0842
vn -0.6054 -0.7664 0.2147
vn -0.1707 -0.9837 0.0558
vn -0.2334 -0.9704 0.0614
vn -0.1306 -0.9902 0.0500
vn -0.1015 -0.9943 0.0339
vn -0.1414 -0.9889 0.0447
vn -0.1154 -0.9929 0.0289
vn -0.1539 -0.9873 0.0399
vn -0.0964 -0.9945 0.0404
vn -0.0787 -0.9962 0.0363
vn -0.0943 -0.9951 0.0294
vn -0.1035 -0.9945 0.0169
vn -0.0702 -0.9968 0.0390
vn -0.0667 -0.9973 0.0316
vn -0.0548 -0.9981 0.0288
vn -0.0523 -0.9983 0.0237
vn -0.0584 -0.9981 0.0220
vn -0.0402 -0.9990 0.0185
vn -0.0378 -0.9991 0.0213
vn -0.0353 -0.9993 0.0139
vn -0.0470 -0.9987 0.0177
vn -0.8276 -0.3401 0.4466
vn -0.2606 -0.9566 0.1302
vn -0.4513 -0.8617 0.2320
vn -0.2203 -0.9666 0.1313
vn -0.1737 -0.9806 0.0908
vn -0.1271 -0.9890 0.0752
vn -0.1063 -0.9928 0.0559
vn -0.1319 -0.9890 0.0674
vn -0.0786 -0.9958 0.0478
vn -0.0987 -0.9932 0.0619
vn -0.4852 -0.8451 0.2245
vn -0.4731 -0.8472 0.2417
vn -0.0852 -0.9952 0.0481
vn -0.1030 -0.9935 0.0482
vn -0.1380 -0.9886 0.0607
vn -0.0729 -0.9960 0.0510
vn -0.0538 -0.9976 0.0426
vn -0.0337 -0.9990 0.0305
vn -0.0610 -0.9973 0.0402
vn -0.0476 -0.9983 0.0333
vn -0.0337 -0.9991 0.0266
vn -0.0390 -0.9989 0.0249
vn -0.0262 -0.9995 0.0179
vn -0.0135 -0.9998 0.0124
vn -0.0238 -0.9995 0.0195
vn -0.0132 -0.9998 0.0163
vn -0.0262 -0.9996 0.0142
vn -0.0289 -0.9995 0.0128
vn -0.0169 -0.9998 0.0106
vn 0.0014 -1.0000 0.0043
vn -0.0057 -0.9999 0.0115
vn 0.0077 -1.0000 -0.0026
vn 0.0071 -1.0000 -0.0042
vn 0.0137 -0.9999 -0.0106
vn -0.0033 -1.0000 0.0060
vn 0.0020 -1.0000 0.0034
vn 0.0060 -1.0000 -0.0019
vn 0.0192 -0.9997 -0.0139
vn 0.0142 -0.9999 -0.0084
vn 0.0565 -0.9949 -0.0840
vn 0.0268 -0.9989 -0.0393
vn 0.0344 -0.9980 -0.0532
vn 0.0150 -0.9997 -0.0171
vn 0.0107 -0.9999 -0.0133
vn 0.0278 -0.9991 -0.0321
vn 0.0198 -0.9994 -0.0299
vn 0.0193 -0.9997 -0.0178
vn 0.0520 -0.9965 -0.0659
vn 0.0402 -0.9980 -0.0495
vn 0.0405 -0.9983 -0.0421
vn 0.0279 -0.9993 -0.0253
vn 0.0513 -0.9973 -0.0533
vn 0.0391 -0.9986 -0.0346
vn 0.0705 -0.9945 -0.0780
vn 0.0656 -0.9942 -0.0846
vn 0.1785 -0.9621 -0.2060
vn 0.1188 -0.9842 -0.1313
vn 0.0894 -0.9905 -0.1048
vn 0.2161 -0.9459 -0.2419
vn 0.1619 -0.9705 -0.1787
vn 0.1147 -0.9846 -0.1320
vn 0.0862 -0.9915 -0.0975
vn 0.1011 -0.9844 -0.1442
vn 0.0541 -0.9942 -0.0927
vn 0.0832 -0.9878 -0.1314
vn 0.1646 -0.9556 -0.2445
vn 0.3003 -0.8431 -0.4460
vn 0.3120 -0.8179 -0.4833
vn 0.0603 -0.9942 -0.0893
vn 0.1534 -0.9612 -0.2292
vn 0.0939 -0.9861 -0.1374
vn 0.1383 -0.9684 -0.2078
vn 0.0759 -0.9909 -0.1109
vn 0.2432 -0.9091 -0.3383
vn 0.1763 -0.9545 -0.2405
vn 0.3799 -0.7366 -0.5595
vn 0.1130 -0.9818 -0.1523
vn 0.0808 -0.9904 -0.1117
vn 0.2741 -0.9008 -0.3367
vn 0.1195 -0.9816 -0.1491
vn 0.5634 -0.5068 -0.6525
vn 0.3633 -0.8368 -0.4095
vn -0.0263 -0.9996 -0.0127
vn -0.0485 -0.9988 -0.0009
vn -0.0363 -0.9993 -0.0017
vn -0.0428 -0.9991 -0.0060
vn -0.0399 -0.9991 -0.0143
vn -0.0607 -0.9982 0.0003
vn -0.0553 -0.9984 -0.0086
vn -0.0591 -0.9982 0.0067
vn -0.0706 -0.9975 0.0032
vn -0.0743 -0.9972 0.0107
vn -0.0471 -0.9989 0.0009
vn -0.0543 -0.9985 0.0021
vn -0.0468 -0.9989 0.0048
vn -0.0353 -0.9994 0.0024
vn -0.0254 -0.9997 0.0009
vn -0.0338 -0.9994 0.0060
vn -0.0250 -0.9997 0.0029
vn -0.0077 -1.0000 0.0009
vn -0.0161 -0.9999 0.0030
vn -0.0721 -0.9972 0.0175
vn -0.0888 -0.9959 0.0148
vn -0.0589 -0.9981 0.0162
vn -0.0578 -0.9983 0.0123
vn -0.0451 -0.9989 0.0090
vn -0.0465 -0.9988 0.0142
vn -0.0254 -0.9997 0.0063
vn -0.0347 -0.9994 0.0095
vn -0.0251 -0.9996 0.0088
vn -0.0240 -0.9997 0.0048
vn -0.0144 -0.9999 0.0042
vn -0.0047 -1.0000 0.0008
vn -0.0077 -1.0000 0.0016
vn -0.0364 -0.9993 0.0120
vn -0.0189 -0.9998 0.0077
vn 0.0095 -0.9999 -0.0050
vn 0.0016 -1.0000 -0.0017
vn 0.0107 -0.9999 -0.0070
vn 0.0142 -0.9999 -0.0088
vn -0.0030 -1.0000 0.0004
vn -0.0102 -0.9999 0.0025
vn -0.0094 -0.9999 0.0042
vn 0.0044 -1.0000 -0.0029
vn -0.0013 -1.0000 0.0017
vn 0.0214 -0.9997 -0.0134
vn -0.0012 -1.0000 -0.0012
vn 0.0251 -0.9996 -0.0162
vn 0.0212 -0.9997 -0.0134
vn 0.0215 -0.9997 -0.0136
vn 0.0425 -0.9988 -0.0250
vn 0.0322 -0.9993 -0.0189
vn 0.0330 -0.9992 -0.0218
vn 0.0511 -0.9981 -0.0336
vn 0.0406 -0.9988 -0.0290
vn 0.0340 -0.9991 -0.0252
vn 0.0236 -0.9996 -0.0164
vn -0.0678 -0.9952 0.0703
vn -0.0470 -0.9985 0.0295
vn 0.0506 -0.9977 -0.0442
vn 0.0751 -0.9950 -0.0664
vn 0.0629 -0.9967 -0.0516
vn 0.0629 -0.9963 -0.0583
vn 0.0515 -0.9980 -0.0378
vn 0.0772 -0.9951 -0.0617
vn 0.0885 -0.9933 -0.0748
vn 0.0952 -0.9927 -0.0734
vn 0.1590 -0.9778 -0.1367
vn 0.1205 -0.9881 -0.0952
vn 0.1109 -0.9893 -0.0950
vn 0.0787 -0.9953 -0.0573
vn 0.2125 -0.9616 -0.1736
vn 0.2158 -0.9568 -0.1948
vn 0.3064 -0.9162 -0.2584
vn 0.0726 -0.9946 -0.0740
vn 0.0615 -0.9960 -0.0645
vn 0.1505 -0.9745 -0.1662
vn 0.0952 -0.9902 -0.1024
vn 0.0939 -0.9905 -0.1007
vn 0.2537 -0.9230 -0.2894
vn 0.3619 -0.8455 -0.3927
vn 0.2585 -0.9254 -0.2772
vn 0.1343 -0.9826 -0.1284
vn 0.0889 -0.9925 -0.0839
vn 0.1891 -0.9623 -0.1953
vn 0.2533 -0.9380 -0.2368
vn 0.1610 -0.9770 -0.1401
vn 0.6489 -0.3430 -0.6792
vn 0.4350 -0.7991 -0.4149
vn 0.3026 -0.9072 -0.2924
vn 0.3961 -0.8505 -0.3462
vn -0.0013 -1.0000 0.0001
vn 0.0085 -1.0000 -0.0005
vn 0.0030 -1.0000 0.0008
vn 0.0028 -1.0000 -0.0010
vn 0.0272 -0.9996 -0.0032
vn 0.0194 -0.9998 -0.0006
vn 0.0149 -0.9999 -0.0025
vn 0.0376 -0.9993 -0.0015
vn 0.0294 -0.9996 -0.0012
vn 0.0494 -0.9987 -0.0087
vn 0.0400 -0.9992 -0.0051
vn 0.0361 -0.9993 -0.0068
vn 0.0137 -0.9999 -0.0048
vn 0.0025 -1.0000 -0.0013
vn 0.0237 -0.9997 -0.0055
vn 0.0389 -0.9992 -0.0097
vn 0.0505 -0.9987 -0.0120
vn 0.0484 -0.9987 -0.0153
vn 0.0641 -0.9978 -0.0163
vn 0.0665 -0.9976 -0.0204
vn 0.0257 -0.9996 -0.0098
vn 0.0188 -0.9998 -0.0093
vn 0.0421 -0.9990 -0.0167
vn 0.0291 -0.9995 -0.0127
vn 0.0368 -0.9992 -0.0185
vn 0.0460 -0.9987 -0.0217
vn 0.0272 -0.9996 -0.0083
vn 0.0363 -0.9993 -0.0126
vn 0.0579 -0.9981 -0.0218
vn 0.0562 -0.9981 -0.0253
vn 0.0714 -0.9970 -0.0295
vn 0.0822 -0.9958 -0.0398
vn 0.0673 -0.9972 -0.0331
vn 0.0725 -0.9970 -0.0257
vn 0.0899 -0.9952 -0.0392
vn 0.0541 -0.9981 -0.0297
vn 0.0252 -0.9996 -0.0138
vn 0.0828 -0.9951 -0.0533
vn 0.0662 -0.9970 -0.0410
vn 0.0688 -0.9965 -0.0466
vn 0.0669 -0.9970 -0.0378
vn 0.0830 -0.9955 -0.0452
vn 0.0958 -0.9937 -0.0581
vn 0.1063 -0.9927 -0.0572
vn 0.1335 -0.9871 -0.0888
vn 0.1869 -0.9762 -0.1101
vn 0.1363 -0.9877 -0.0768
vn 0.1052 -0.9932 -0.0501
vn 0.1418 -0.9873 -0.0713
vn 0.1971 -0.9751 -0.1016
vn 0.2635 -0.9523 -0.1538
vn 0.3553 -0.9069 -0.2263
vn 0.5113 -0.8016 -0.3097
vn 0.3531 -0.9155 -0.1929
vn 0.1377 -0.9882 -0.0674
vn 0.2655 -0.9547 -0.1344
vn 0.4605 -0.8539 -0.2425
vn 0.3323 -0.9282 -0.1672
vn 0.1925 -0.9776 -0.0848
vn 0.1396 -0.9886 -0.0567
vn 0.2682 -0.9555 -0.1232
vn 0.1209 -0.9891 -0.0846
vn 0.0946 -0.9934 -0.0642
vn 0.2743 -0.9400 -0.2031
vn 0.2203 -0.9625 -0.1583
vn 0.4104 -0.8582 -0.3084
vn 0.6348 -0.5765 -0.5145
vn 0.1691 -0.9783 -0.1196
vn 0.1164 -0.9904 -0.0741
vn 0.1817 -0.9762 -0.1181
vn 0.3526 -0.9041 -0.2414
vn 0.2585 -0.9510 -0.1699
vn 0.7734 -0.3150 -0.5501
vn 0.5091 -0.7906 -0.3402
vn 0.7773 -0.3614 -0.5150
vn 0.0432 -0.9991 -0.0018
vn 0.0439 -0.9990 -0.0056
vn 0.0508 -0.9987 -0.0107
vn 0.0573 -0.9982 -0.0161
vn 0.0618 -0.9980 -0.0128
vn 0.0496 -0.9984 -0.0265
vn 0.0489 -0.9987 -0.0152
vn 0.0609 -0.9978 -0.0256
vn 0.0547 -0.9974 -0.0477
vn 0.0405 -0.9988 -0.0271
vn 0.0415 -0.9991 -0.0093
vn 0.0413 -0.9990 -0.0181
vn 0.0553 -0.9961 -0.0689
vn 0.0706 -0.9955 -0.0637
vn 0.0457 -0.9977 -0.0501
vn 0.0615 -0.9980 -0.0125
vn 0.0753 -0.9970 -0.0157
vn 0.0818 -0.9965 -0.0195
vn 0.0850 -0.9962 -0.0197
vn 0.0682 -0.9975 -0.0189
vn 0.1060 -0.9941 -0.0248
vn 0.0875 -0.9958 -0.0264
vn 0.0862 -0.9959 -0.0259
vn 0.1315 -0.9907 -0.0336
vn 0.1021 -0.9945 -0.0237
vn 0.1320 -0.9905 -0.0382
vn 0.1749 -0.9837 -0.0416
vn 0.1438 -0.9891 -0.0315
vn 0.2502 -0.9641 -0.0895
vn 0.2340 -0.9620 -0.1404
vn 0.1850 -0.9778 -0.0987
vn 0.3033 -0.9497 -0.0775
vn 0.3038 -0.9402 -0.1540
vn 0.5025 -0.8563 -0.1194
vn 0.4944 -0.8607 -0.1213
vn 0.5196 -0.8404 -0.1540
vn 0.4838 -0.8194 -0.3075
vn 0.1585 -0.9754 -0.1529
vn 0.1511 -0.9647 -0.2156
vn 0.1076 -0.9813 -0.1597
vn 0.2050 -0.9262 -0.3164
vn 0.1072 -0.9745 -0.1970
vn 0.1102 -0.9932 -0.0377
vn 0.0877 -0.9957 -0.0312
vn 0.1069 -0.9934 -0.0411
vn 0.2655 -0.9588 -0.1009
vn 0.2007 -0.9773 -0.0685
vn 0.3559 -0.9239 -0.1404
vn 0.2712 -0.9589 -0.0835
vn 0.2201 -0.9738 -0.0572
vn 0.9374 0.0326 -0.3468
vn 0.5021 -0.8504 -0.1572
vn 0.4809 -0.8581 -0.1801
vn 0.3762 -0.9095 -0.1770
vn 0.0421 -0.9984 -0.0384
vn 0.0429 -0.9986 -0.0315
vn 0.0477 -0.9974 -0.0542
vn 0.0417 -0.9989 -0.0214
vn 0.0396 -0.9992 -0.0072
vn 0.0385 -0.9991 -0.0171
vn 0.0440 -0.9984 -0.0344
vn 0.2896 -0.7667 -0.5730
vn 0.1423 -0.9513 -0.2736
vn 0.1545 -0.9404 -0.3030
vn 0.0502 -0.9969 -0.0600
vn 0.0612 -0.9942 -0.0883
vn 0.0561 -0.9953 -0.0789
vn 0.0462 -0.9979 -0.0452
vn 0.3095 -0.7289 -0.6107
vn 0.1430 -0.9501 -0.2774
vn 0.0409 -0.9991 -0.0098
vn 0.0430 -0.9986 -0.0294
vn 0.0553 -0.9958 -0.0736
vn 0.0730 -0.9905 -0.1169
vn 0.0448 -0.9984 -0.0358
vn 0.0481 -0.9975 -0.0511
vn 0.0190 0.9984 0.0537
vn 0.0650 0.9954 0.0707
vn 0.0282 0.9975 0.0645
vn 0.1236 0.9880 0.0926
vn 0.0074 0.9988 0.0494
vn 0.0077 0.9988 0.0473
vn 0.0296 0.9979 0.0580
vn 0.0136 0.9982 0.0578
vn 0.0571 0.9963 0.0646
vn 0.0397 0.9975 0.0587
vn 0.0327 0.9977 0.0595
vn 0.0110 0.9984 0.0557
vn 0.0269 0.9982 0.0538
vn 0.1206 0.9895 0.0802
vn 0.1151 0.9899 0.0825
vn 0.0444 0.9974 0.0570
vn 0.0534 0.9968 0.0598
vn 0.2913 0.9437 0.1566
vn 0.1523 0.9837 0.0959
vn 0.2621 0.9529 0.1526
vn 0.1797 0.9781 0.1048
vn 0.1141 0.9903 0.0787
vn 0.3494 0.9188 0.1834
vn 0.1752 0.9793 0.1018
vn 0.0810 0.9945 0.0665
vn 0.1296 0.9882 0.0822
vn 0.2897 0.9447 0.1537
vn 0.2378 0.9626 0.1298
vn 0.2042 0.9722 0.1142
vn 0.4511 0.8628 0.2282
vn 0.7483 0.5059 0.4291
vn 0.6649 0.6653 0.3397
vn 0.0473 0.9976 0.0515
vn 0.0608 0.9965 0.0574
vn 0.0607 0.9967 0.0531
vn 0.0886 0.9939 0.0654
vn 0.1178 0.9899 0.0791
vn 0.0831 0.9944 0.0654
vn 0.2378 0.9612 0.1397
vn 0.1653 0.9811 0.1008
vn 0.1069 0.9906 0.0856
vn 0.7898 -0.3989 0.4660
vn 0.3317 0.9240 0.1903
vn 0.1899 0.9703 0.1499
vn 0.1405 0.9833 0.1156
vn 0.0043 0.9990 0.0442
vn -0.0084 0.9995 0.0294
vn 0.0072 0.9997 0.0229
vn 0.0204 0.9986 0.0483
vn 0.0169 0.9988 0.0451
vn 0.0174 0.9994 0.0303
vn 0.0134 0.9991 0.0395
vn 0.0167 0.9998 0.0133
vn 0.0110 0.9999 0.0062
vn 0.0244 0.9989 0.0401
vn 0.0413 0.9981 0.0454
vn 0.0330 0.9987 0.0379
vn 0.0283 0.9992 0.0279
vn 0.0213 0.9996 0.0202
vn 0.0601 0.9967 0.0551
vn 0.0440 0.9979 0.0482
vn 0.0277 0.9992 0.0288
vn 0.0770 0.9942 0.0748
vn 0.0346 0.9986 0.0404
vn 0.0019 0.9999 0.0109
vn 0.0037 1.0000 0.0034
vn -0.0000 0.9999 0.0105
vn 0.0074 0.9999 0.0085
vn -0.0006 0.9999 0.0158
vn 0.0044 0.9999 0.0161
vn 0.0033 0.9997 0.0235
vn 0.0271 0.9986 0.0447
vn 0.0185 0.9993 0.0311
vn 0.0095 0.9995 0.0302
vn 0.0144 0.9997 0.0218
vn 0.0065 0.9997 0.0218
vn 0.0035 0.9993 0.0364
vn 0.0042 0.9994 -0.0351
vn 0.0026 0.9996 -0.0279
vn 0.0042 0.9995 -0.0310
vn 0.0144 0.9992 -0.0383
vn 0.0049 0.9993 -0.0370
vn 0.0080 0.9991 -0.0407
vn 0.0289 0.9986 -0.0448
vn 0.0411 0.9976 -0.0561
vn 0.0470 0.9978 -0.0464
vn 0.0246 0.9984 -0.0510
vn 0.0252 0.9980 -0.0584
vn 0.0412 0.9966 -0.0712
vn 0.0291 0.9968 -0.0742
vn 0.0580 0.9953 -0.0778
vn 0.0575 0.9967 -0.0566
vn 0.0781 0.9946 -0.0688
vn 0.0786 0.9920 -0.0984
vn 0.1014 0.9927 -0.0650
vn 0.1078 0.9895 -0.0959
vn 0.0055 0.9991 -0.0410
vn 0.0008 0.9992 -0.0397
vn 0.0143 0.9989 -0.0450
vn 0.0162 0.9986 -0.0503
vn 0.0146 0.9984 -0.0552
vn 0.0094 0.9990 -0.0442
vn 0.0111 0.9985 -0.0527
vn 0.0062 0.9993 -0.0378
vn 0.0093 0.9991 -0.0407
vn 0.0155 0.9992 -0.0358
vn 0.0183 0.9991 -0.0380
vn 0.0279 0.9987 -0.0421
vn 0.0322 0.9987 -0.0389
vn 0.0254 0.9990 -0.0369
vn 0.0634 0.9968 -0.0479
vn 0.0410 0.9983 -0.0402
vn 0.0962 0.9935 -0.0607
vn 0.1421 0.9868 -0.0782
vn 0.1184 0.9903 -0.0724
vn 0.1928 0.9755 -0.1063
vn 0.0810 0.9953 -0.0527
vn 0.1321 0.9886 -0.0720
vn 0.0704 0.9961 -0.0523
vn 0.2499 0.9603 -0.1238
vn 0.6334 0.7105 -0.3065
vn 0.4781 0.8449 -0.2399
vn 0.1531 0.9829 -0.1025
vn 0.3180 0.9352 -0.1557
vn -0.0143 0.9990 -0.0413
vn 0.0174 0.9989 -0.0446
vn 0.0366 0.9983 -0.0448
vn 0.0152 0.9990 -0.0419
vn 0.0062 0.9990 -0.0453
vn 0.0437 0.9980 -0.0461
vn 0.0480 0.9978 -0.0463
vn 0.0688 0.9962 -0.0540
vn 0.1080 0.9917 -0.0703
vn 0.1301 0.9883 -0.0794
vn 0.0978 0.9930 -0.0663
vn 0.4766 0.8443 -0.2451
vn 0.2405 0.9524 0.1873
vn 0.0219 0.9940 0.1073
vn 0.0055 0.9930 0.1177
vn 0.0075 0.9961 0.0882
vn -0.1541 0.7004 0.6969
vn -0.0218 -0.2334 0.9721
vn -0.2156 -0.6071 0.7648
vn 0.0064 0.9545 0.2982
vn -0.0672 0.9384 0.3391
vn -0.0389 0.9729 0.2281
vn -0.1270 0.9086 0.3979
vn -0.1470 0.9073 0.3941
vn -0.0920 0.9534 0.2872
vn -0.0598 0.9775 0.2025
vn -0.0572 0.9885 0.1397
vn -0.0436 0.9888 0.1429
vn -0.2872 0.6421 0.7108
vn -0.1628 0.9158 0.3671
vn -0.1114 0.9519 0.2854
vn -0.1070 0.9677 0.2285
vn -0.0834 0.9747 0.2073
vn 0.0237 0.9969 0.0753
vn 0.0435 0.9959 0.0789
vn 0.0413 0.9936 0.1050
vn -0.0230 0.9958 0.0888
vn -0.0367 0.9939 0.1039
vn -0.0331 0.9962 0.0802
vn -0.0411 0.9949 0.0919
vn -0.0027 0.9997 0.0223
vn -0.0002 0.9996 0.0297
vn -0.0020 1.0000 0.0060
vn -0.0043 0.9999 0.0143
vn -0.0038 1.0000 0.0028
vn -0.0088 0.9997 0.0234
vn -0.0162 0.9973 0.0711
vn -0.0101 0.9961 0.0881
vn -0.0065 0.9995 0.0312
vn -0.0122 0.9993 0.0357
vn -0.0146 0.9984 0.0538
vn -0.0203 0.9987 0.0477
vn 0.0024 0.9998 -0.0221
vn 0.0034 0.9997 -0.0255
vn 0.0114 0.9984 -0.0561
vn 0.0066 0.9992 -0.0397
vn 0.0100 0.9991 -0.0404
vn 0.0145 0.9984 -0.0549
vn 0.0360 0.9947 -0.0962
vn 0.0270 0.9957 -0.0883
vn 0.0531 0.9926 -0.1088
vn 0.0616 0.9863 -0.1531
vn 0.0716 0.9894 -0.1259
vn 0.3093 0.9134 -0.2647
vn 0.2964 0.8794 -0.3726
vn 0.5869 0.5691 -0.5760
vn 0.0360 0.9918 -0.1230
vn 0.4641 0.4910 -0.7373
vn 0.0404 0.9882 -0.1475
vn 0.0361 0.9894 -0.1409
vn 0.3253 0.4749 -0.8177
vn 0.1674 0.8685 -0.4666
vn 0.2217 0.5856 -0.7797
vn 0.0809 0.9558 -0.2827
vn 0.1005 0.9350 -0.3402
vn 0.0672 0.9676 -0.2435
vn 0.1182 0.8900 -0.4404
vn 0.1382 0.8536 -0.5022
vn 0.0548 0.9769 -0.2065
vn 0.0220 0.9976 -0.0659
vn 0.0188 0.9970 -0.0749
vn 0.0203 0.9960 -0.0871
vn 0.0236 0.9945 -0.1025
vn 0.0158 0.9972 -0.0726
vn 0.0176 0.9976 -0.0677
vn 0.6403 0.6627 -0.3884
vn 0.7294 -0.5846 -0.3553
vn -0.0608 0.9981 -0.0004
vn -0.0477 0.9984 0.0300
vn -0.0478 0.9984 -0.0318
vn -0.4400 0.6414 0.6285
vn -0.2038 0.9161 0.3452
vn -0.2268 0.9115 0.3432
vn -0.2149 0.9280 0.3043
vn -0.1546 0.9601 0.2332
vn -0.4003 0.7052 0.5852
vn -0.3656 0.8223 0.4359
vn -0.1398 0.9703 0.1972
vn -0.1628 0.9619 0.2199
vn -0.1143 0.9840 0.1366
vn -0.0830 0.9900 0.1137
vn -0.1186 0.9633 0.2407
vn -0.1003 0.9759 0.1939
vn -0.0734 0.9877 0.1383
vn -0.0681 0.9870 0.1453
vn -0.0455 0.9935 0.1044
vn -0.0637 0.9910 0.1175
vn -0.0517 0.9946 0.0897
vn -0.3817 0.6450 0.6620
vn -0.1529 0.9599 0.2349
vn -0.1056 0.9826 0.1527
vn -0.0810 0.9897 0.1184
vn -0.0909 0.9862 0.1387
vn -0.0338 0.9971 0.0681
vn -0.0382 0.9959 0.0820
vn -0.0245 0.9988 0.0418
vn -0.0279 0.9984 0.0496
vn -0.0183 0.9994 0.0305
vn -0.0183 0.9994 0.0292
vn -0.0498 0.9955 0.0806
vn -0.0408 0.9972 0.0625
vn -0.0376 0.9970 0.0676
vn -0.0303 0.9985 0.0451
vn -0.0449 0.9968 0.0658
vn -0.0284 0.9988 0.0397
vn -0.0019 1.0000 -0.0052
vn -0.0053 1.0000 0.0055
vn -0.0049 1.0000 0.0027
vn -0.0134 0.9997 0.0216
vn -0.0067 1.0000 0.0069
vn -0.0116 0.9997 0.0202
vn -0.0109 0.9998 0.0143
vn 0.0037 0.9999 -0.0159
vn -0.0012 1.0000 -0.0042
vn 0.0049 0.9999 -0.0159
vn 0.0101 0.9996 -0.0276
vn 0.0364 0.9948 -0.0949
vn 0.0513 0.9893 -0.1366
vn 0.0319 0.9946 -0.0991
vn 0.0018 0.9999 -0.0154
vn -0.0016 1.0000 -0.0051
vn 0.0030 0.9999 -0.0160
vn 0.0069 0.9996 -0.0269
vn 0.0137 0.9990 -0.0424
vn 0.0260 0.9966 -0.0784
vn 0.0229 0.9963 -0.0833
vn 0.0093 0.9995 -0.0287
vn 0.0213 0.9979 -0.0611
vn 0.0233 0.9982 -0.0556
vn 0.0168 0.9991 -0.0380
vn 0.0314 0.9967 -0.0751
vn 0.0304 0.9973 -0.0662
vn 0.2160 0.5938 -0.7751
vn 0.0834 0.9599 -0.2678
vn 0.0463 0.9887 -0.1423
vn 0.0610 0.9785 -0.1969
vn 0.0431 0.9870 -0.1546
vn 0.1255 0.9030 -0.4109
vn 0.0914 0.9616 -0.2590
vn 0.1206 0.9339 -0.3366
vn 0.0770 0.9797 -0.1852
vn 0.1222 0.9524 -0.2791
vn 0.0284 0.9938 -0.1078
vn -0.0451 0.9983 -0.0373
vn -0.0514 0.9968 -0.0610
vn -0.0662 0.9931 -0.0968
vn -0.0434 0.9987 -0.0271
vn -0.0724 0.9903 -0.1185
vn -0.1076 0.9743 -0.1979
vn -0.0457 0.9984 -0.0345
vn -0.0411 0.9990 -0.0190
vn -0.0433 0.9984 -0.0357
vn -0.0616 0.9939 -0.0915
vn -0.0814 0.9872 -0.1372
vn -0.0683 0.9920 -0.1061
vn -0.0539 0.9960 -0.0716
vn -0.0548 0.9958 -0.0729
vn -0.0826 0.9860 -0.1448
vn -0.4337 0.8450 0.3128
vn -0.8343 0.0145 0.5511
vn -0.4499 0.8465 0.2847
vn -0.1990 0.9699 0.1404
vn -0.2164 0.9632 0.1595
vn -0.1351 0.9840 0.1163
vn -0.1168 0.9896 0.0837
vn -0.3616 0.8401 0.4044
vn -0.1546 0.9709 0.1830
vn -0.0660 0.9943 0.0839
vn -0.1166 0.9847 0.1291
vn -0.0782 0.9932 0.0862
vn -0.7293 -0.0033 0.6841
vn -0.3881 0.8526 0.3501
vn -0.3857 0.8390 0.3837
vn -0.1654 0.9743 0.1530
vn -0.1545 0.9746 0.1619
vn -0.3958 0.8493 0.3492
vn -0.1796 0.9720 0.1518
vn -0.4927 0.7661 0.4127
vn -0.2575 0.9425 0.2131
vn -0.1047 0.9903 0.0917
vn -0.0828 0.9945 0.0642
vn -0.0619 0.9958 0.0677
vn -0.0501 0.9970 0.0595
vn -0.0859 0.9930 0.0805
vn -0.0649 0.9960 0.0620
vn -0.0495 0.9973 0.0543
vn -0.0368 0.9986 0.0393
vn -0.0496 0.9978 0.0450
vn -0.0136 0.9997 0.0215
vn -0.0217 0.9994 0.0283
vn -0.0147 0.9997 0.0196
vn -0.0081 0.9999 0.0102
vn -0.0063 1.0000 0.0056
vn -0.0049 1.0000 0.0047
vn -0.0268 0.9991 0.0341
vn -0.0187 0.9996 0.0212
vn -0.0131 0.9998 0.0152
vn -0.0011 1.0000 -0.0042
vn 0.0050 0.9999 -0.0127
vn 0.0119 0.9996 -0.0275
vn 0.0102 0.9997 -0.0211
vn -0.0014 1.0000 -0.0022
vn 0.0086 0.9999 -0.0128
vn 0.0119 0.9997 -0.0197
vn 0.0245 0.9988 -0.0418
vn 0.0160 0.9994 -0.0300
vn 0.0194 0.9993 -0.0305
vn 0.0347 0.9980 -0.0533
vn 0.0318 0.9985 -0.0454
vn 0.0477 0.9932 -0.1059
vn 0.0665 0.9889 -0.1326
vn 0.0665 0.9875 -0.1427
vn 0.0549 0.9933 -0.1014
vn 0.1032 0.9735 -0.2041
vn 0.1046 0.9708 -0.2157
vn 0.1470 0.9534 -0.2636
vn 0.1577 0.9319 -0.3266
vn 0.1082 0.9757 -0.1906
vn 0.0573 0.9942 -0.0912
vn 0.0833 0.9890 -0.1226
vn 0.0758 0.9888 -0.1285
vn 0.1156 0.9777 -0.1754
vn 0.3479 0.7376 -0.5787
vn 0.2297 0.8685 -0.4393
vn 0.0658 0.9934 -0.0938
vn 0.3100 0.8323 -0.4595
vn 0.0185 0.9988 -0.0451
vn 0.0234 0.9986 -0.0464
vn 0.0309 0.9980 -0.0557
vn 0.0325 0.9973 -0.0652
vn 0.0390 0.9971 -0.0659
vn 0.0505 0.9959 -0.0757
vn 0.0440 0.9958 -0.0800
vn -0.0406 0.9992 -0.0070
vn -0.0409 0.9990 -0.0166
vn -0.0480 0.9976 -0.0505
vn -0.0495 0.9973 -0.0534
vn -0.0572 0.9950 -0.0816
vn -0.0645 0.9929 -0.1000
vn -0.0434 0.9987 -0.0286
vn -0.0451 0.9982 -0.0401
vn -0.0498 0.9969 -0.0608
vn -0.0792 0.9880 -0.1324
vn -0.0494 0.9972 -0.0570
vn -0.0430 0.9986 -0.0306
vn -0.0457 0.9980 -0.0429
vn -0.0399 0.9987 -0.0310
vn -0.0525 0.9976 -0.0444
vn -0.0601 0.9960 -0.0660
vn -0.0737 0.9964 -0.0428
vn -0.0474 0.9984 -0.0320
vn -0.0697 0.9973 -0.0225
vn -0.0385 0.9991 -0.0162
vn -0.0319 0.9995 0.0003
vn -0.0212 0.9997 -0.0124
vn -0.3589 -0.6773 -0.6422
vn -0.3039 0.7390 -0.6013
vn -0.3722 0.6522 -0.6605
vn -0.5200 -0.8377 0.1670
vn -0.5495 0.8158 0.1801
vn -0.6030 0.7689 0.2126
vn -0.5193 0.8261 0.2188
vn -0.2324 0.9684 0.0906
vn -0.9358 -0.1235 0.3303
vn -0.5737 0.8138 0.0926
vn -0.2390 0.9674 0.0837
vn -0.2939 0.9553 0.0314
vn -0.2700 0.9615 0.0514
vn -0.3635 0.9305 0.0457
vn -0.1821 0.9821 -0.0489
vn -0.2184 0.9759 0.0011
vn -0.1959 0.9779 0.0728
vn -0.1340 0.9900 0.0447
vn -0.1485 0.9878 0.0478
vn -0.0940 0.9947 0.0415
vn -0.1165 0.9923 0.0431
vn -0.0816 0.9962 0.0304
vn -0.4906 0.8165 0.3043
vn -0.2333 0.9604 0.1520
vn -0.2315 0.9606 0.1541
vn -0.1501 0.9831 0.1051
vn -0.1184 0.9897 0.0809
vn -0.1382 0.9863 0.0901
vn -0.0895 0.9943 0.0574
vn -0.4687 0.8472 0.2501
vn -0.4647 0.8511 0.2444
vn -0.1968 0.9742 0.1107
vn -0.4880 0.8432 0.2254
vn -0.2363 0.9651 0.1125
vn -0.2086 0.9724 0.1048
vn -0.1365 0.9871 0.0832
vn -0.1030 0.9931 0.0567
vn -0.0596 0.9976 0.0362
vn -0.0766 0.9959 0.0488
vn -0.0790 0.9960 0.0426
vn -0.0505 0.9984 0.0235
vn -0.0449 0.9987 0.0251
vn -0.0595 0.9977 0.0315
vn -0.0784 0.9963 0.0350
vn -0.0607 0.9978 0.0272
vn -0.0263 0.9995 0.0147
vn -0.0333 0.9993 0.0196
vn -0.0337 0.9993 0.0162
vn -0.0638 0.9966 0.0519
vn -0.0719 0.9956 0.0593
vn -0.0694 0.9964 0.0496
vn -0.0381 0.9988 0.0320
vn -0.0279 0.9992 0.0286
vn -0.0259 0.9994 0.0243
vn -0.0533 0.9978 0.0387
vn -0.0427 0.9987 0.0293
vn -0.0305 0.9993 0.0228
vn -0.0215 0.9996 0.0159
vn -0.0230 0.9996 0.0158
vn -0.0166 0.9998 0.0147
vn -0.0119 0.9999 0.0101
vn -0.0144 0.9999 0.0087
vn -0.0052 1.0000 0.0072
vn -0.0064 1.0000 0.0038
vn 0.0020 1.0000 -0.0009
vn -0.0054 0.9999 0.0096
vn -0.0009 1.0000 0.0036
vn 0.0008 1.0000 0.0038
vn 0.0059 1.0000 -0.0041
vn 0.0045 1.0000 0.0003
vn 0.0127 0.9998 -0.0143
vn 0.0137 0.9999 -0.0091
vn 0.0193 0.9997 -0.0128
vn 0.0179 0.9997 -0.0169
vn 0.0228 0.9994 -0.0268
vn 0.0230 0.9995 -0.0194
vn 0.0090 0.9999 -0.0050
vn 0.0818 0.9913 -0.1033
vn 0.0660 0.9937 -0.0903
vn 0.0636 0.9947 -0.0806
vn 0.0833 0.9921 -0.0941
vn 0.1007 0.9876 -0.1202
vn 0.1365 0.9795 -0.1482
vn 0.1270 0.9800 -0.1530
vn 0.0413 0.9977 -0.0546
vn 0.0181 0.9995 -0.0246
vn 0.0319 0.9987 -0.0403
vn 0.0246 0.9991 -0.0359
vn 0.0336 0.9988 -0.0358
vn 0.0444 0.9978 -0.0500
vn 0.0500 0.9965 -0.0668
vn 0.0614 0.9957 -0.0697
vn 0.0538 0.9967 -0.0602
vn 0.0723 0.9944 -0.0776
vn 0.0498 0.9976 -0.0473
vn 0.0848 0.9895 -0.1169
vn 0.1712 0.9547 -0.2432
vn 0.2172 0.9289 -0.2998
vn 0.1577 0.9569 -0.2438
vn 0.1294 0.9745 -0.1831
vn 0.1089 0.9836 -0.1439
vn 0.4162 0.7042 -0.5753
vn 0.2846 0.8542 -0.4352
vn 0.3479 0.8094 -0.4730
vn 0.1578 0.9660 -0.2049
vn 0.1647 0.9674 -0.1924
vn 0.2169 0.9405 -0.2617
vn 0.5193 0.6085 -0.6001
vn 0.6015 -0.4229 -0.6777
vn 0.0424 0.9971 -0.0637
vn -0.0216 0.9998 0.0013
vn -0.0212 0.9998 -0.0043
vn -0.0225 0.9996 -0.0139
vn -0.0304 0.9993 -0.0206
vn -0.0318 0.9993 -0.0185
vn -0.0694 0.9976 -0.0038
vn -0.0453 0.9989 -0.0088
vn -0.0598 0.9982 -0.0007
vn -0.0385 0.9993 0.0021
vn -0.0308 0.9995 0.0045
vn -0.0188 0.9998 0.0022
vn -0.0037 1.0000 0.0037
vn -0.0173 0.9998 0.0045
vn -0.0811 0.9965 0.0208
vn -0.1024 0.9944 0.0255
vn -0.0824 0.9965 0.0119
vn -0.0399 0.9991 0.0159
vn -0.0597 0.9980 0.0221
vn -0.0463 0.9988 0.0159
vn -0.0690 0.9975 0.0162
vn -0.0652 0.9978 0.0084
vn -0.0649 0.9977 0.0181
vn -0.0537 0.9985 0.0105
vn -0.0255 0.9996 0.0116
vn -0.0335 0.9994 0.0120
vn -0.0233 0.9997 0.0089
vn -0.0367 0.9993 0.0091
vn -0.0216 0.9997 0.0069
vn 0.0001 1.0000 0.0032
vn -0.0091 0.9999 0.0056
vn -0.0070 1.0000 0.0057
vn -0.0444 0.9988 0.0212
vn -0.0217 0.9997 0.0112
vn -0.0195 0.9997 0.0110
vn -0.0110 0.9999 0.0051
vn -0.0175 0.9998 0.0082
vn 0.0003 1.0000 -0.0001
vn 0.0117 0.9999 -0.0067
vn 0.0122 0.9999 -0.0030
vn 0.0229 0.9997 -0.0106
vn -0.0056 1.0000 0.0017
vn -0.0008 1.0000 -0.0009
vn 0.0079 0.9999 -0.0067
vn 0.0176 0.9998 -0.0127
vn 0.0028 1.0000 -0.0030
vn 0.0005 1.0000 -0.0017
vn 0.0126 0.9999 -0.0094
vn 0.0220 0.9997 -0.0136
vn 0.0522 0.9980 -0.0362
vn 0.0431 0.9986 -0.0316
vn 0.0440 0.9986 -0.0285
vn 0.1049 0.9912 -0.0801
vn 0.0834 0.9941 -0.0688
vn 0.0878 0.9940 -0.0646
vn 0.1279 0.9869 -0.0983
vn 0.1555 0.9803 -0.1216
vn 0.1496 0.9802 -0.1294
vn 0.1151 0.9883 -0.1004
vn 0.0249 0.9995 -0.0181
vn 0.0304 0.9992 -0.0277
vn 0.0269 0.9994 -0.0208
vn 0.0327 0.9992 -0.0245
vn 0.0396 0.9986 -0.0340
vn 0.0491 0.9980 -0.0399
vn 0.0411 0.9987 -0.0317
vn 0.0639 0.9962 -0.0598
vn 0.0732 0.9956 -0.0583
vn 0.0352 0.9991 -0.0251
vn 0.0271 0.9994 -0.0216
vn 0.0503 0.9980 -0.0378
vn 0.0606 0.9971 -0.0469
vn 0.0714 0.9961 -0.0519
vn 0.0607 0.9972 -0.0429
vn 0.1056 0.9879 -0.1140
vn 0.5427 0.5732 -0.6139
vn 0.0869 0.9926 -0.0850
vn 0.1889 0.9616 -0.1992
vn 0.3092 0.8988 -0.3107
vn 0.2384 0.9339 -0.2666
vn 0.1802 0.9692 -0.1681
vn 0.2390 0.9458 -0.2199
vn 0.1420 0.9803 -0.1372
vn 0.1092 0.9883 -0.1069
vn 0.5755 0.6152 -0.5389
vn 0.6721 -0.4081 -0.6178
vn 0.2249 0.9559 -0.1886
vn 0.1877 0.9705 -0.1513
vn 0.3657 0.8724 -0.3242
vn 0.6481 0.5620 -0.5139
vn 0.6227 0.5724 -0.5335
vn 0.4030 0.8578 -0.3192
vn 0.0733 0.9949 -0.0691
vn 0.0605 0.9968 -0.0514
vn 0.0063 1.0000 0.0020
vn -0.0009 1.0000 0.0018
vn 0.0201 0.9998 -0.0002
vn 0.0130 0.9999 0.0009
vn 0.0243 0.9997 -0.0019
vn 0.0311 0.9995 -0.0029
vn 0.0375 0.9993 -0.0056
vn 0.0329 0.9994 -0.0049
vn 0.0264 0.9996 -0.0028
vn 0.0160 0.9999 -0.0006
vn 0.0304 0.9995 -0.0019
vn 0.0423 0.9991 -0.0059
vn 0.0448 0.9990 -0.0075
vn 0.1078 0.9932 -0.0443
vn 0.0880 0.9955 -0.0366
vn 0.0965 0.9948 -0.0313
vn 0.0245 0.9997 -0.0073
vn 0.0444 0.9990 -0.0105
vn 0.0330 0.9994 -0.0053
vn 0.0604 0.9978 -0.0272
vn 0.0477 0.9987 -0.0191
vn 0.0613 0.9979 -0.0188
vn 0.0711 0.9973 -0.0193
vn 0.0734 0.9969 -0.0292
vn 0.0592 0.9982 -0.0122
vn 0.0701 0.9974 -0.0138
vn 0.0814 0.9963 -0.0270
vn 0.0812 0.9965 -0.0205
vn 0.1255 0.9889 -0.0790
vn 0.0899 0.9944 -0.0553
vn 0.1098 0.9920 -0.0617
vn 0.1380 0.9872 -0.0801
vn 0.1705 0.9810 -0.0924
vn 0.1742 0.9793 -0.1032
vn 0.2238 0.9669 -0.1222
vn 0.2172 0.9670 -0.1330
vn 0.3033 0.9373 -0.1719
vn 0.4187 0.8770 -0.2357
vn 0.4294 0.8605 -0.2740
vn 0.2796 0.9430 -0.1807
vn 0.1316 0.9891 -0.0666
vn 0.1857 0.9778 -0.0968
vn 0.2712 0.9531 -0.1341
vn 0.6970 0.6089 -0.3787
vn 0.6889 0.5971 -0.4110
vn 0.1085 0.9925 -0.0555
vn 0.0924 0.9947 -0.0458
vn 0.2123 0.9723 -0.0978
vn 0.3419 0.9230 -0.1768
vn 0.3580 0.9196 -0.1619
vn 0.6499 0.6776 -0.3441
vn 0.0278 0.9994 -0.0195
vn 0.0323 0.9993 -0.0192
vn 0.0465 0.9986 -0.0250
vn 0.0574 0.9978 -0.0333
vn 0.0343 0.9993 -0.0161
vn 0.0673 0.9968 -0.0424
vn 0.0888 0.9949 -0.0488
vn 0.0745 0.9965 -0.0368
vn 0.0717 0.9967 -0.0390
vn 0.1001 0.9926 -0.0691
vn 0.1604 0.9804 -0.1144
vn 0.2364 0.9557 -0.1753
vn 0.3070 0.9258 -0.2207
vn 0.2960 0.9228 -0.2466
vn 0.1335 0.9868 -0.0920
vn 0.4290 0.8525 -0.2987
vn 0.6637 0.5764 -0.4767
vn 0.1715 0.9787 -0.1129
vn 0.2027 0.9689 -0.1417
vn 0.1150 0.9903 -0.0785
vn 0.6847 0.5709 -0.4531
vn 0.0807 0.9952 -0.0545
vn 0.0638 0.9938 -0.0914
vn 0.0851 0.9892 -0.1196
vn 0.0839 0.9931 -0.0824
vn 0.0401 0.9990 -0.0183
vn 0.0370 0.9992 -0.0150
vn 0.0411 0.9988 -0.0272
vn 0.0358 0.9993 -0.0084
vn 0.0471 0.9972 -0.0582
vn 0.0488 0.9978 -0.0441
vn 0.0450 0.9978 -0.0493
vn 0.0548 0.9956 -0.0766
vn 0.0613 0.9960 -0.0643
vn 0.0690 0.9914 -0.1115
vn 0.0830 0.9863 -0.1424
vn 0.0385 0.9992 -0.0079
vn 0.0497 0.9987 -0.0116
vn 0.0455 0.9989 -0.0144
vn 0.0554 0.9983 -0.0160
vn 0.0639 0.9977 -0.0232
vn 0.0592 0.9979 -0.0256
vn 0.0857 0.9959 -0.0295
vn 0.0396 0.9992 -0.0112
vn 0.0490 0.9984 -0.0272
vn 0.0346 0.9994 0.0016
vn 0.0339 0.9994 -0.0000
vn 0.1043 0.9943 -0.0218
vn 0.1091 0.9937 -0.0244
vn 0.1370 0.9901 -0.0290
vn 0.0976 0.9942 -0.0459
vn 0.1283 0.9911 -0.0353
vn 0.0900 0.9957 -0.0213
vn 0.1902 0.9810 -0.0382
vn 0.2030 0.9775 -0.0574
vn 0.2714 0.9604 -0.0624
vn 0.2389 0.9691 -0.0611
vn 0.1856 0.9818 -0.0409
vn 0.2594 0.9621 -0.0840
vn 0.2096 0.9709 -0.1158
vn 0.2769 0.9531 -0.1219
vn 0.1570 0.9864 -0.0485
vn 0.1697 0.9830 -0.0694
vn 0.5233 0.8424 -0.1286
vn 0.3212 0.9443 -0.0718
vn 0.5088 0.8520 -0.1231
vn 0.2611 0.9532 -0.1523
vn 0.2616 0.9316 -0.2525
vn 0.4797 0.8170 -0.3201
vn 0.4934 0.8578 -0.1442
vn 0.9704 0.0278 -0.2400
vn 0.1101 0.9817 -0.1555
vn 0.0665 0.9977 -0.0132
vn 0.0567 0.9983 -0.0094
vn 0.0562 0.9984 -0.0094
vn 0.0742 0.9971 -0.0175
vn 0.1533 0.9860 -0.0650
vn 0.1247 0.9912 -0.0452
vn 0.2730 0.9566 -0.1020
vn 0.2142 0.9737 -0.0774
vn 0.0984 0.9948 -0.0264
vn 0.1171 0.9926 -0.0318
vn 0.1381 0.9895 -0.0419
vn 0.1668 0.9838 -0.0654
vn 0.1985 0.9783 -0.0592
vn 0.3000 0.9496 -0.0906
vn 0.5009 0.8478 -0.1743
vn 0.3309 0.9380 -0.1033
vn 0.5945 0.7694 -0.2336
vn 0.4833 0.8570 -0.1789
vn 0.6860 -0.6757 -0.2699
vn 0.6577 0.6743 -0.3358
vn 0.0496 0.9969 -0.0604
vn 0.0738 0.9896 -0.1238
vn 0.0559 0.9955 -0.0768
vn 0.0602 0.9943 -0.0882
vn 0.0926 0.9812 -0.1691
vn 0.1604 0.9339 -0.3195
vn 0.1047 0.9761 -0.1905
vn 0.3265 0.6851 -0.6512
vn 0.1532 0.9423 -0.2977
vn 0.0428 0.9986 -0.0302
vn 0.0399 0.9992 -0.0095
vn 0.0402 0.9990 -0.0219
vn 0.0520 0.9965 -0.0660
vn 0.0473 0.9976 -0.0497
vn 0.1569 0.9273 -0.3399
vn 0.3074 0.7350 -0.6044
vn 0.0453 0.9990 -0.0001
vn 0.0428 0.9990 0.0147
vn 0.0431 0.9989 -0.0160
vn 0.0390 0.9992 -0.0108
vn -0.0595 -0.9956 0.0728
vn -0.1510 -0.9597 0.2369
vn -0.1153 -0.9728 0.2007
vn -0.0446 -0.9989 0.0173
vn -0.0571 -0.9958 0.0713
vn -0.0711 -0.9913 0.1104
vn -0.1888 -0.9300 0.3154
vn -0.1442 -0.9478 0.2845
vn -0.0498 -0.9972 0.0566
vn -0.0480 -0.9982 0.0372
vn -0.0417 -0.9990 0.0145
vn -0.0697 -0.9916 0.1085
vn -0.2506 -0.8398 0.4816
vn -0.0932 -0.9824 0.1618
vn -0.1297 -0.9627 0.2375
vn -0.0392 -0.9992 0.0108
vn -0.0453 -0.9983 0.0371
vn -0.1022 -0.9778 0.1827
vn -0.0512 -0.9969 0.0598
vn -0.0534 -0.9962 0.0682
vn -0.0432 -0.9987 0.0283
vn -0.1722 -0.9218 0.3474
vn -0.4078 -0.5804 0.7048
vn -0.3302 -0.6217 0.7103
vn -0.2734 -0.8114 0.5166
vn -0.1309 -0.9613 0.2423
vn -0.0835 -0.9847 0.1527
vn -0.1338 -0.9541 0.2678
vn -0.1464 -0.9402 0.3076
vn -0.0478 -0.9977 0.0480
vn -0.3826 -0.9086 0.1673
vn -0.7177 -0.6495 0.2510
vn -0.6225 -0.7461 0.2363
vn -0.2087 -0.9172 0.3394
vn -0.1898 -0.9603 0.2046
vn -0.2628 -0.9155 0.3047
vn -0.7080 -0.6456 0.2864
vn -0.2855 -0.9502 0.1250
vn -0.2360 -0.9615 0.1409
vn -0.2312 -0.9557 0.1823
vn -0.1608 -0.9765 0.1434
vn -0.1116 -0.9908 0.0763
vn -0.1045 -0.9934 0.0475
vn -0.1375 -0.9900 0.0328
vn -0.1091 -0.9935 0.0327
vn -0.0428 -0.9991 0.0004
vn -0.0553 -0.9969 0.0551
vn -0.0388 -0.9992 0.0089
vn -0.0922 -0.9919 0.0874
vn -0.1302 -0.9854 0.1098
vn -0.0730 -0.9954 0.0618
vn -0.0903 -0.9941 0.0593
vn -0.3274 -0.9316 0.1580
vn -0.1452 -0.9868 0.0711
vn -0.0744 -0.9970 0.0213
vn -0.0523 -0.9985 0.0190
vn -0.0200 -0.9998 0.0045
vn -0.5584 -0.4748 0.6802
vn -0.3949 -0.7798 0.4858
vn -0.0991 -0.9881 0.1178
vn -0.0282 -0.9994 0.0177
vn -0.0023 -1.0000 0.0022
vn -0.0111 -0.9999 0.0049
vn -0.0043 -1.0000 0.0036
vn -0.0223 -0.9997 0.0137
vn 0.0008 -1.0000 0.0024
vn 0.0531 -0.9985 -0.0135
vn 0.0503 -0.9986 -0.0163
vn 0.0652 -0.9976 -0.0223
vn 0.0532 -0.9984 -0.0210
vn 0.0721 -0.9974 -0.0004
vn 0.0617 -0.9981 0.0091
vn 0.0296 -0.9994 0.0154
vn 0.0141 -0.9998 0.0143
vn 0.0283 -0.9996 0.0076
vn -0.0147 -0.9994 0.0301
vn -0.0014 -0.9999 0.0171
vn -0.0174 -0.9998 0.0112
vn -0.0043 -0.9999 0.0141
vn 0.0728 -0.9973 0.0093
vn -0.3045 -0.7950 0.5246
vn -0.0182 -0.9995 0.0261
vn 0.0007 -1.0000 -0.0011
vn -0.0046 -1.0000 0.0055
vn 0.0025 -1.0000 -0.0012
vn 0.0842 -0.9950 -0.0539
vn 0.2393 -0.9616 -0.1347
vn 0.3106 -0.9321 -0.1862
vn 0.7407 -0.5716 -0.3529
vn 0.0903 -0.9959 -0.0069
vn 0.1394 -0.9902 -0.0089
vn 0.1471 -0.9889 0.0215
vn 0.2156 -0.9762 -0.0220
vn 0.1636 -0.9847 0.0602
vn 0.3078 -0.9505 -0.0427
vn 0.9563 0.0489 -0.2882
vn 0.6637 -0.6944 -0.2781
vn 0.0284 -0.9993 0.0245
vn 0.0226 -0.9997 -0.0000
vn 0.0938 -0.9955 0.0125
vn 0.1099 -0.9938 -0.0139
vn 0.0982 -0.9934 0.0586
vn 0.1595 -0.9371 0.3105
vn 0.1872 -0.9217 0.3399
vn 0.1124 -0.9744 0.1946
vn 0.0793 -0.9916 0.1021
vn 0.0692 -0.9937 0.0886
vn 0.0564 -0.9954 0.0773
vn -0.0524 -0.9951 0.0835
vn -0.0012 -1.0000 0.0049
vn -0.0002 -1.0000 0.0006
vn 0.1074 -0.9882 -0.1092
vn 0.0963 -0.9892 -0.1102
vn 0.0968 -0.9885 -0.1159
vn 0.6198 -0.3557 -0.6995
vn 0.3949 -0.7936 -0.4629
vn 0.1716 -0.9776 -0.1217
vn 0.2094 -0.9651 -0.1573
vn 0.2345 -0.9598 -0.1543
vn 0.6837 -0.5723 -0.4528
vn 0.6692 -0.5484 -0.5014
vn 0.1396 -0.9522 0.2717
vn 0.1352 -0.9563 0.2592
vn 0.2825 -0.7804 0.5578
vn 0.0917 -0.9819 0.1659
vn 0.0709 -0.9914 0.1101
vn 0.0534 -0.9961 0.0696
vn 0.1072 -0.9778 0.1798
vn -0.2310 -0.7695 0.5955
vn -0.2700 -0.7588 0.5927
vn -0.1985 -0.7925 0.5767
vn -0.0509 -0.9873 0.1504
vn -0.0288 -0.9965 0.0787
vn 0.0652 -0.9897 -0.1275
vn 0.2773 -0.8142 0.5101
vn 0.1991 -0.9213 0.3339
vn 0.0444 -0.9988 0.0182
vn 0.0571 -0.9961 0.0667
vn 0.0481 -0.9981 0.0376
vn 0.0979 -0.9920 0.0794
vn -0.6775 -0.6181 0.3987
vn -0.0217 -0.9967 0.0781
vn -0.0344 -0.9858 0.1646
vn -0.0666 -0.9635 0.2594
vn -0.1041 -0.9001 0.4231
vn -0.0470 -0.9783 0.2018
vn -0.2284 -0.7605 0.6079
vn -0.5170 -0.7063 0.4836
vn -0.2181 -0.9435 0.2496
vn -0.3111 -0.9204 0.2366
vn -0.1135 -0.9731 0.2003
vn -0.2176 -0.9671 0.1321
vn -0.2008 -0.9657 0.1646
vn -0.0294 -0.9948 0.0977
vn -0.0023 -1.0000 0.0077
vn 0.0072 -0.9995 -0.0321
vn 0.0838 -0.9761 -0.2005
vn 0.0536 -0.9892 -0.1364
vn 0.1640 -0.8520 -0.4972
vn 0.2348 -0.5752 -0.7836
vn 0.0098 -0.9208 -0.3899
vn -0.0163 -0.9797 -0.1996
vn 0.0699 -0.6896 -0.7208
vn -0.2889 -0.5108 -0.8097
vn -0.1149 -0.9246 -0.3633
vn -0.0553 -0.9684 -0.2434
vn -0.1008 -0.9818 -0.1610
vn -0.0542 -0.9843 -0.1680
vn -0.4541 -0.7239 -0.5194
vn -0.5854 -0.6661 -0.4623
vn -0.2900 -0.9301 -0.2256
vn -0.1660 -0.9818 0.0918
vn -0.1101 -0.9914 0.0709
vn -0.5197 -0.8041 0.2887
vn -0.1790 -0.9781 0.1066
vn -0.3305 -0.9227 0.1983
vn -0.0696 -0.9961 0.0534
vn -0.0666 -0.9962 0.0567
vn -0.0297 -0.9987 0.0425
vn -0.5548 -0.7828 0.2818
vn -0.0664 -0.9964 0.0520
vn -0.0530 -0.9956 0.0768
vn -0.0349 -0.9959 0.0830
vn -0.0149 -0.9985 -0.0522
vn -0.0013 -0.9994 -0.0337
vn -0.0139 -0.9971 -0.0742
vn -0.0220 -0.9950 -0.0974
vn -0.0289 -0.9903 -0.1359
vn -0.0490 -0.9934 -0.1033
vn -0.1058 -0.9911 -0.0810
vn -0.0906 -0.9910 -0.0988
vn -0.1576 -0.9837 -0.0866
vn -0.0056 -0.9992 -0.0384
vn -0.2286 -0.9651 -0.1274
vn -0.5135 -0.8146 -0.2696
vn -0.1918 -0.9759 -0.1043
vn -0.5194 -0.8093 -0.2744
vn -0.2839 -0.9468 -0.1516
vn -0.1594 -0.9829 -0.0920
vn -0.0509 -0.9976 -0.0477
vn -0.0277 -0.9987 -0.0427
vn -0.5036 -0.8178 -0.2785
vn -0.0886 0.9886 0.1214
vn -0.0596 0.9954 0.0747
vn -0.1546 0.9575 0.2434
vn -0.0446 0.9988 0.0181
vn -0.0478 0.9981 0.0376
vn -0.1956 0.9252 0.3251
vn -0.0726 0.9910 0.1125
vn -0.1452 0.9466 0.2879
vn -0.2747 -0.8229 0.4974
vn -0.1743 0.9199 0.3513
vn -0.3931 0.5486 0.7379
vn -0.1122 0.9749 0.1925
vn -0.2623 -0.8056 0.5312
vn -0.0668 0.9916 0.1105
vn -0.0387 0.9991 0.0191
vn -0.0739 0.9883 0.1337
vn -0.3560 0.5894 0.7251
vn -0.1026 0.9748 0.1983
vn -0.1330 0.9655 0.2237
vn -0.0540 0.9959 0.0723
vn -0.4650 0.8602 0.2093
vn -0.4274 0.8902 0.1577
vn -0.2973 0.9473 0.1194
vn -0.4468 0.5627 0.6955
vn -0.1193 0.9923 0.0342
vn -0.6134 0.5060 0.6064
vn -0.2198 0.9122 0.3459
vn -0.6813 0.5936 0.4284
vn -0.2409 0.9539 0.1789
vn -0.3302 0.9043 0.2706
vn -0.1581 0.9772 0.1416
vn -0.1711 0.9651 0.1984
vn -0.1186 0.9874 0.1051
vn -0.1112 0.9842 0.1379
vn -0.2064 0.9757 0.0730
vn -0.2048 0.9705 0.1275
vn -0.1527 0.9836 0.0961
vn -0.1462 0.9870 0.0672
vn -0.1082 0.9912 0.0763
vn -0.1039 0.9930 0.0562
vn -0.1477 0.9884 0.0367
vn -0.0973 0.9836 0.1517
vn -0.0463 0.9985 0.0282
vn -0.0832 0.9947 0.0603
vn -0.0844 0.9954 0.0446
vn -0.0709 0.9969 0.0329
vn -0.0590 0.9978 0.0296
vn -0.7973 0.4531 0.3988
vn -0.7918 0.4371 0.4266
vn -0.0928 0.9949 0.0403
vn 0.0051 1.0000 -0.0006
vn 0.0051 1.0000 0.0001
vn -0.0021 1.0000 -0.0009
vn -0.0021 1.0000 0.0009
vn 0.0535 0.9985 -0.0080
vn 0.0588 0.9983 0.0040
vn -0.2202 0.9354 0.2767
vn -0.1687 0.9470 0.2734
vn 0.0187 0.9997 -0.0177
vn 0.1580 0.9867 -0.0375
vn 0.1876 0.9820 0.0207
vn 0.1350 0.9905 0.0268
vn 0.2407 0.9691 0.0548
vn 0.8068 0.5148 0.2899
vn 0.5151 0.7371 0.4375
vn 0.3728 0.9207 0.1152
vn 0.4713 0.6459 0.6006
vn 0.2277 0.9284 0.2938
vn 0.1435 0.9877 0.0626
vn 0.0692 0.9963 0.0514
vn 0.0539 0.9971 0.0543
vn 0.1176 0.9846 0.1292
vn 0.0713 0.9929 0.0957
vn 0.1006 0.9911 0.0873
vn 0.0699 0.9949 0.0722
vn 0.0663 0.9921 0.1065
vn -0.3618 0.6122 0.7031
vn -0.4204 -0.1564 0.8938
vn -0.4552 -0.2049 0.8665
vn -0.0437 0.9965 0.0706
vn -0.0487 0.9950 0.0875
vn -0.0419 0.9965 0.0726
vn -0.0400 0.9963 0.0756
vn -0.0047 1.0000 0.0048
vn 0.0305 0.9987 -0.0411
vn 0.1460 0.9740 -0.1734
vn 0.1011 0.9915 -0.0813
vn 0.5701 0.6673 -0.4792
vn 0.0393 0.9992 0.0056
vn 0.2644 0.8161 0.5139
vn 0.0403 0.9992 0.0069
vn 0.1207 0.9654 0.2311
vn 0.0776 0.9881 0.1330
vn 0.0513 0.9966 0.0649
vn 0.2879 0.7870 0.5457
vn 0.0889 0.9837 0.1564
vn 0.1127 0.9724 0.2044
vn 0.1654 0.9365 0.3093
vn 0.2655 0.8222 0.5035
vn 0.1509 0.9507 0.2711
vn 0.2453 -0.8443 0.4764
vn 0.2836 -0.7926 0.5398
vn 0.0390 0.9992 0.0106
vn 0.0724 0.9907 0.1149
vn 0.1116 0.9766 0.1838
vn -0.2483 0.7447 0.6195
vn -0.2766 0.5665 0.7763
vn -0.2370 0.5758 0.7825
vn -0.0312 0.9975 0.0641
vn -0.0316 0.9960 0.0831
vn -0.0233 0.9984 0.0514
vn -0.0158 0.9991 0.0383
vn -0.0185 0.9993 0.0330
vn -0.0175 0.9995 0.0267
vn 0.0216 0.9981 -0.0570
vn 0.0939 0.9803 -0.1739
vn 0.0273 0.9986 -0.0450
vn 0.5602 0.4639 -0.6863
vn 0.3833 0.5750 0.7228
vn 0.2015 0.8863 0.4171
vn 0.0519 0.9962 0.0696
vn 0.0445 0.9988 0.0180
vn 0.0561 0.9958 0.0728
vn 0.0465 0.9985 0.0288
vn 0.0550 0.9957 0.0740
vn 0.6707 0.6675 0.3234
vn -0.2026 0.6649 0.7189
vn -0.2476 0.6891 0.6811
vn -0.4222 0.6440 0.6380
vn -0.3449 -0.7573 0.5546
vn -0.0580 0.9777 0.2018
vn -0.0832 0.9733 0.2140
vn -0.2985 0.9240 0.2390
vn -0.5482 0.6815 0.4848
vn -0.7111 0.5755 0.4039
vn -0.1742 0.9630 0.2059
vn -0.2079 0.9620 0.1769
vn -0.0331 0.9950 0.0940
vn 0.0083 0.9995 -0.0301
vn 0.0097 0.9990 -0.0425
vn 0.2184 0.7532 -0.6204
vn 0.2272 0.7263 -0.6487
vn 0.1019 0.9378 -0.3318
vn 0.0548 0.9636 -0.2616
vn 0.0317 0.9429 -0.3317
vn 0.0937 0.7971 -0.5966
vn -0.2021 0.7874 -0.5824
vn -0.0999 0.9557 -0.2768
vn -0.0647 0.9829 -0.1724
vn -0.0855 0.9883 -0.1259
vn -0.1074 0.9850 -0.1353
vn -0.2818 0.9363 -0.2096
vn -0.1828 0.9611 -0.2070
vn -0.4129 0.8885 0.2002
vn -0.7172 0.5830 0.3817
vn -0.5400 -0.7924 0.2837
vn -0.4775 -0.8436 0.2456
vn -0.1251 0.9892 0.0760
vn -0.1080 0.9917 0.0704
vn -0.3221 0.9266 0.1940
vn -0.2865 0.9471 0.1446
vn -0.1846 0.9762 0.1138
vn -0.0467 0.9977 0.0496
vn -0.0709 0.9958 0.0579
vn -0.1275 0.9878 0.0893
vn -0.2373 0.9593 0.1530
vn -0.0385 0.9981 0.0483
vn -0.0671 0.9965 0.0509
vn -0.0690 0.9962 0.0536
vn -0.0167 0.9989 0.0447
vn -0.3548 0.9149 0.1927
vn -0.6320 0.7105 0.3095
vn -0.1810 0.9786 0.0980
vn -0.1594 0.9832 0.0894
vn -0.0547 0.9974 0.0471
vn -0.0282 0.9986 0.0438
vn -0.0060 0.9992 0.0386
vn -0.0608 0.9969 0.0505
vn -0.0373 0.9983 0.0444
vn 0.0002 1.0000 0.0060
vn 0.0003 0.9996 -0.0285
vn -0.0130 0.9989 -0.0444
vn -0.0152 0.9984 -0.0547
vn -0.0002 0.9989 -0.0472
vn -0.0361 0.9960 -0.0811
vn -0.0574 0.9928 -0.1048
vn -0.1031 0.9911 -0.0839
vn -0.6445 0.6744 -0.3602
vn -0.0598 0.9957 -0.0713
vn -0.0785 0.9948 -0.0653
vn -0.1233 0.9896 -0.0740
vn -0.0396 0.9975 -0.0586
vn -0.0508 0.9976 -0.0465
vn -0.0241 0.9975 -0.0671
vn -0.0257 0.9985 -0.0476
vn -0.0389 0.9982 -0.0456
vn -0.0253 0.9989 -0.0398
vn -0.1900 0.9762 -0.1050
vn -0.2409 0.9616 -0.1311
vn -0.1614 0.9825 -0.0932
vn -0.4590 0.8558 -0.2385
vn -0.0317 0.9985 -0.0437
vn -0.0607 0.9968 -0.0512
vn -0.0373 0.9983 -0.0452
vn -0.0683 0.9962 -0.0535
vn -0.0284 0.9987 -0.0430
vn -0.0562 0.9972 -0.0497
vn -0.1101 0.9914 -0.0709
vn -0.1084 0.9917 -0.0697
vn -0.3155 0.9311 -0.1832
vn -0.2844 0.9478 -0.1442
vn -0.0717 0.9958 -0.0571
vn -0.0373 0.9982 -0.0477
vn -0.2372 0.9596 -0.1511
vn -0.0759 0.9953 -0.0600
vn -0.2021 0.9725 -0.1159
vn -0.3103 0.6966 -0.6469
vn -0.0448 -0.9987 -0.0260
vn -0.0438 -0.9989 -0.0185
vn -0.0545 -0.9959 -0.0720
vn -0.0552 -0.9965 -0.0634
vn -0.0437 -0.9989 -0.0139
vn -0.0519 -0.9962 -0.0697
vn -0.0390 -0.9992 -0.0107
vn -0.2667 -0.8207 -0.5054
vn -0.1513 -0.9520 -0.2662
vn -0.1090 -0.9736 -0.2007
vn -0.1649 -0.9372 -0.3073
vn -0.2884 -0.7862 -0.5466
vn -0.1227 -0.9661 -0.2272
vn -0.0871 -0.9847 -0.1506
vn -0.2473 -0.8404 -0.4823
vn -0.3153 -0.7029 -0.6376
vn -0.1359 -0.9526 -0.2723
vn -0.0982 -0.9777 -0.1857
vn -0.0385 -0.9992 0.0071
vn -0.0672 -0.9918 -0.1083
vn -0.0387 -0.9992 -0.0028
vn -0.0391 -0.9992 -0.0111
vn -0.0667 -0.9948 -0.0773
vn -0.0896 -0.9897 -0.1116
vn -0.0710 -0.9955 -0.0623
vn -0.0893 -0.9921 -0.0880
vn -0.0828 -0.9951 -0.0543
vn -0.0737 -0.9967 -0.0351
vn -0.0981 -0.9938 -0.0519
vn -0.0639 -0.9977 -0.0230
vn -0.1876 -0.9242 -0.3327
vn -0.1102 -0.9762 -0.1866
vn -0.1634 -0.9645 -0.2077
vn -0.1170 -0.9813 -0.1526
vn -0.1622 -0.9758 -0.1465
vn -0.1178 -0.9869 -0.1105
vn -0.1478 -0.9834 -0.1053
vn -0.1082 -0.9911 -0.0775
vn -0.2675 -0.9355 -0.2308
vn -0.2359 -0.9613 -0.1422
vn -0.3764 -0.9156 -0.1413
vn -0.2706 -0.9554 -0.1179
vn -0.3711 -0.9241 -0.0914
vn -0.9387 -0.2151 -0.2695
vn -0.1570 -0.9859 -0.0575
vn -0.0555 -0.9984 -0.0131
vn 0.0078 -1.0000 0.0012
vn -0.0095 -1.0000 -0.0025
vn -0.0154 -0.9999 -0.0056
vn -0.0298 -0.9994 -0.0149
vn -0.2926 -0.9377 -0.1872
vn -0.2310 -0.9608 -0.1532
vn -0.3769 -0.8909 -0.2534
vn -0.2876 -0.9361 -0.2024
vn 0.0307 -0.9995 -0.0067
vn 0.0146 -0.9998 -0.0146
vn 0.0725 -0.9973 -0.0103
vn 0.0596 -0.9980 0.0199
vn -0.0063 -1.0000 -0.0036
vn -0.0060 -1.0000 -0.0059
vn 0.0483 -0.9984 0.0285
vn 0.0374 -0.9991 0.0187
vn -0.0032 -1.0000 -0.0065
vn -0.2162 -0.9612 -0.1711
vn -0.2352 -0.9499 -0.2058
vn -0.6458 -0.5426 -0.5371
vn -0.1205 -0.9825 -0.1419
vn -0.0929 -0.9899 -0.1067
vn -0.3024 -0.8814 -0.3630
vn -0.0036 -0.9999 -0.0127
vn 0.0282 -0.9993 -0.0244
vn 0.0889 -0.9940 -0.0635
vn 0.0644 -0.9946 -0.0819
vn 0.0605 -0.9941 -0.0903
vn 0.0780 -0.9913 -0.1057
vn 0.1167 -0.9728 -0.2002
vn 0.0966 -0.9799 -0.1746
vn 0.3626 -0.6729 -0.6448
vn 0.1104 -0.9937 -0.0189
vn 0.1725 -0.9847 -0.0255
vn 0.2209 -0.9749 0.0287
vn 0.1464 -0.9888 0.0282
vn 0.1677 -0.9841 0.0593
vn 0.2518 -0.9624 -0.1021
vn 0.1772 -0.9702 -0.1650
vn 0.4268 -0.8101 -0.4021
vn 0.1988 -0.9403 -0.2763
vn 0.4664 -0.6654 -0.5829
vn 0.0552 -0.9980 0.0298
vn 0.0356 -0.9991 0.0242
vn 0.2106 -0.9681 0.1357
vn 0.4867 -0.8159 0.3122
vn 0.1174 -0.9898 0.0806
vn 0.1507 -0.9836 0.0996
vn 0.0058 -1.0000 0.0012
vn 0.0485 -0.9983 0.0319
vn 0.0441 -0.9986 0.0287
vn -0.0573 -0.9961 -0.0669
vn -0.0424 -0.9974 -0.0582
vn 0.0727 -0.9909 -0.1131
vn 0.1745 -0.9197 -0.3517
vn 0.4718 -0.8144 0.3379
vn 0.1362 -0.9865 0.0909
vn 0.1109 -0.9903 0.0832
vn 0.1380 -0.9840 0.1128
vn 0.1163 -0.9881 0.1011
vn 0.0691 -0.9942 0.0830
vn 0.6712 0.0066 0.7413
vn 0.0230 -0.9993 0.0280
vn 0.0158 -0.9995 0.0263
vn -0.0008 -1.0000 -0.0001
vn -0.0601 -0.9933 -0.0991
vn -0.2766 -0.8082 -0.5198
vn 0.1124 -0.9745 -0.1941
vn 0.1972 -0.9239 -0.3278
vn 0.0404 -0.9991 0.0130
vn 0.0447 -0.9988 -0.0174
vn 0.0420 -0.9987 -0.0299
vn 0.0593 -0.9954 -0.0749
vn 0.0525 -0.9963 -0.0677
vn 0.1455 -0.9463 -0.2888
vn 0.0888 -0.9885 -0.1222
vn 0.1550 -0.9573 -0.2439
vn 0.0972 -0.9922 -0.0778
vn 0.0018 -1.0000 0.0055
vn 0.0005 -1.0000 0.0060
vn -0.0149 -0.9994 -0.0315
vn -0.0299 -0.9964 -0.0787
vn -0.2573 -0.6684 -0.6979
vn -0.1947 -0.7423 -0.6412
vn -0.0313 -0.9948 -0.0972
vn -0.0358 -0.9928 -0.1143
vn 0.0169 -0.9973 0.0717
vn 0.1749 -0.9027 0.3930
vn 0.0546 -0.9891 0.1370
vn 0.3205 -0.6513 0.6878
vn 0.0200 -0.9881 0.1526
vn -0.0149 -0.9598 0.2804
vn -0.0567 -0.9662 0.2517
vn -0.1008 -0.9612 0.2567
vn -0.0397 -0.9937 0.1051
vn -0.0676 -0.9893 0.1293
vn -0.0303 -0.9964 0.0791
vn 0.0175 -0.9984 0.0539
vn -0.0054 -0.9977 0.0678
vn 0.0123 -0.9984 0.0560
vn -0.0183 -0.9971 -0.0733
vn -0.0193 -0.9965 -0.0807
vn -0.0224 -0.9969 -0.0761
vn -0.0686 -0.9557 -0.2863
vn -0.3020 -0.8240 -0.4794
vn -0.1004 -0.9775 -0.1855
vn -0.2318 -0.9400 -0.2503
vn -0.0321 -0.9954 -0.0901
vn -0.0698 -0.9904 -0.1196
vn -0.1122 -0.9867 -0.1179
vn -0.1563 -0.9811 -0.1138
vn -0.1175 -0.9898 -0.0805
vn -0.2145 -0.9683 0.1280
vn -0.0688 -0.9950 0.0720
vn -0.1272 -0.9875 0.0928
vn -0.0742 -0.9949 0.0685
vn -0.1832 -0.9772 0.1076
vn -0.1186 -0.9896 0.0815
vn -0.0757 -0.9949 0.0663
vn -0.0932 -0.9931 0.0718
vn -0.0632 -0.9961 0.0615
vn -0.0533 -0.9970 0.0554
vn -0.0816 -0.9943 0.0687
vn -0.0526 -0.9966 0.0628
vn -0.0174 -0.9997 0.0168
vn -0.0072 -0.9987 0.0499
vn -0.1303 -0.9817 0.1391
vn -0.0909 -0.9891 0.1154
vn -0.1844 -0.9754 0.1205
vn -0.0766 -0.9935 0.0846
vn -0.0128 -0.9980 0.0626
vn -0.0254 -0.9982 0.0536
vn -0.0179 -0.9997 0.0148
vn -0.0168 -0.9999 0.0036
vn -0.0038 -1.0000 0.0046
vn -0.0001 -0.9998 -0.0199
vn -0.0015 -0.9998 -0.0204
vn -0.0595 -0.9970 -0.0494
vn -0.1121 -0.9913 -0.0694
vn -0.6260 -0.7131 -0.3157
vn -0.6550 -0.6828 -0.3236
vn -0.2672 -0.9537 -0.1381
vn -0.1044 -0.9923 -0.0659
vn -0.2364 -0.9627 -0.1316
vn -0.5396 -0.7919 -0.2860
vn -0.1886 -0.9765 -0.1040
vn -0.0272 -0.9988 -0.0418
vn -0.2839 -0.9468 -0.1517
vn -0.1590 -0.9830 -0.0919
vn -0.6552 0.6859 -0.3166
vn -0.0981 0.9921 -0.0778
vn -0.0969 0.9921 0.0794
vn -0.0482 0.9981 -0.0377
vn -0.0572 0.9961 -0.0667
vn -0.0444 0.9989 -0.0181
vn -0.3832 -0.5758 -0.7222
vn -0.2716 0.8216 -0.5012
vn -0.2014 -0.8868 -0.4160
vn -0.1057 0.9779 -0.1807
vn -0.1886 0.9284 -0.3201
vn -0.0918 0.9815 -0.1679
vn -0.0549 0.9957 -0.0739
vn -0.2836 0.7781 -0.5605
vn -0.1359 0.9564 -0.2585
vn -0.3119 0.7272 -0.6115
vn -0.0477 0.9983 -0.0332
vn -0.1309 0.9682 -0.2130
vn -0.1052 0.9828 -0.1514
vn -0.4754 -0.6970 -0.5367
vn -0.4979 0.6735 -0.5463
vn -0.6330 -0.6518 -0.4176
vn -0.0960 0.9892 -0.1111
vn -0.1205 0.9862 -0.1138
vn -0.5533 0.8119 -0.1864
vn -0.6358 -0.7396 -0.2206
vn -0.1211 0.9897 -0.0764
vn -0.0877 0.9945 -0.0580
vn -0.0961 0.9947 -0.0360
vn -0.0985 0.9948 -0.0248
vn -0.1135 0.9930 -0.0341
vn -0.0932 0.9953 -0.0266
vn -0.7372 0.6368 -0.2258
vn -0.7599 0.5863 -0.2807
vn -0.6836 0.6870 -0.2464
vn -0.3658 0.9158 -0.1659
vn -0.7500 0.5527 -0.3632
vn -0.0627 0.9979 -0.0187
vn -0.0848 0.9960 -0.0296
vn -0.0733 0.9969 -0.0268
vn -0.0760 0.9964 -0.0371
vn -0.7959 0.3754 -0.4749
vn -0.7817 0.3414 -0.5219
vn -0.7631 0.3578 -0.5382
vn -0.1284 0.9872 -0.0947
vn -0.4329 0.8393 -0.3288
vn -0.6926 0.4718 -0.5457
vn 0.0560 0.9984 0.0015
vn 0.0479 0.9988 0.0028
vn 0.0695 0.9976 0.0035
vn 0.0613 0.9981 -0.0081
vn 0.0406 0.9991 -0.0150
vn -0.0226 0.9997 -0.0080
vn -0.0227 0.9997 -0.0088
vn -0.0219 0.9997 -0.0101
vn -0.0182 0.9998 -0.0123
vn -0.0599 0.9972 -0.0438
vn -0.3986 0.8555 -0.3304
vn -0.6558 0.5307 -0.5369
vn -0.6273 0.5725 -0.5280
vn -0.6282 0.5034 -0.5933
vn -0.5213 0.5754 -0.6302
vn -0.5440 0.5955 -0.5912
vn 0.0751 0.9965 -0.0357
vn 0.0786 0.9969 -0.0020
vn 0.0662 0.9976 -0.0193
vn 0.0559 0.9975 -0.0433
vn 0.0653 0.9958 -0.0641
vn 0.0798 0.9958 -0.0447
vn 0.1004 0.9946 -0.0267
vn 0.1001 0.9925 -0.0701
vn 0.0647 0.9946 -0.0809
vn 0.0546 0.9957 -0.0746
vn 0.0745 0.9895 -0.1241
vn 0.0501 0.9969 -0.0609
vn 0.3612 0.6754 -0.6430
vn 0.0505 0.9986 -0.0152
vn 0.1075 0.9942 0.0071
vn 0.0886 0.9960 -0.0078
vn 0.2347 0.9689 0.0788
vn 0.2478 0.9664 0.0681
vn 0.1504 0.9862 -0.0696
vn 0.1150 0.9878 -0.1049
vn 0.1785 0.9828 -0.0468
vn 0.4429 0.7100 -0.5475
vn 0.2087 0.9345 -0.2884
vn 0.2379 0.9425 -0.2348
vn 0.2379 0.9672 -0.0890
vn 0.1742 0.9722 -0.1567
vn 0.5619 0.8216 0.0962
vn 0.4697 0.8452 0.2550
vn 0.2113 0.9713 0.1090
vn 0.2238 0.9674 0.1185
vn 0.2238 0.9642 0.1425
vn 0.4787 0.8370 0.2649
vn 0.1135 0.9910 0.0714
vn 0.4401 0.8421 0.3117
vn 0.1917 0.9730 0.1288
vn -0.0018 1.0000 0.0007
vn -0.0163 0.9997 -0.0182
vn -0.0399 0.9975 -0.0586
vn -0.3288 0.8428 -0.4261
vn -0.2087 0.9379 -0.2770
vn 0.0430 0.9987 -0.0284
vn 0.0512 0.9968 -0.0607
vn 0.0453 0.9983 -0.0371
vn 0.1050 0.9762 -0.1900
vn 0.0391 0.9992 -0.0109
vn 0.0534 0.9962 -0.0682
vn 0.0934 0.9824 -0.1618
vn 0.1311 0.9616 -0.2409
vn 0.0497 0.9972 -0.0565
vn 0.8313 0.0635 0.5521
vn 0.4445 0.8482 0.2879
vn 0.5352 0.7039 0.4670
vn 0.1799 0.9715 0.1542
vn 0.3819 -0.8612 0.3354
vn 0.1602 0.9720 0.1720
vn 0.1542 0.9716 0.1798
vn 0.0895 0.9902 0.1070
vn 0.1258 0.9819 0.1413
vn 0.1869 0.9572 0.2211
vn 0.0998 0.9885 0.1136
vn -0.0030 1.0000 -0.0046
vn -0.3505 -0.7421 -0.5713
vn -0.3091 -0.7667 -0.5626
vn -0.3251 -0.7179 -0.6156
vn -0.3487 0.6752 -0.6500
vn -0.0315 0.9972 -0.0683
vn -0.4542 -0.2214 -0.8629
vn -0.3068 0.7580 -0.5756
vn -0.1068 0.9565 -0.2716
vn 0.0415 0.9990 -0.0145
vn 0.0711 0.9913 -0.1104
vn 0.0697 0.9916 -0.1086
vn 0.2744 0.8231 -0.4971
vn 0.3933 -0.5480 -0.7383
vn 0.0480 0.9982 -0.0372
vn 0.0571 0.9958 -0.0714
vn 0.1887 0.9300 -0.3153
vn 0.1442 0.9478 -0.2844
vn 0.0448 0.9988 -0.0179
vn 0.0595 0.9956 -0.0728
vn 0.1510 0.9597 -0.2369
vn 0.1153 0.9728 -0.2007
vn 0.0470 0.9985 -0.0289
vn 0.6717 -0.6666 -0.3234
vn 0.0863 0.9902 0.1095
vn 0.1102 0.9850 0.1327
vn -0.0131 0.9995 -0.0304
vn -0.0321 0.9953 -0.0918
vn -0.0099 0.9996 -0.0269
vn -0.0132 0.9992 -0.0367
vn -0.0055 0.9998 -0.0189
vn -0.0077 0.9996 -0.0279
vn -0.3653 -0.0924 -0.9263
vn -0.1314 -0.8887 -0.4393
vn -0.3393 0.0687 -0.9382
vn -0.1628 0.8265 -0.5389
vn -0.0279 0.9951 -0.0949
vn -0.1792 0.8362 -0.5184
vn 0.0521 0.9617 0.2691
vn 0.1580 0.2010 0.9668
vn 0.0462 0.8390 0.5422
vn 0.1419 0.7984 0.5852
vn -0.0785 0.2656 0.9609
vn 0.0096 0.9813 0.1925
vn 0.0060 0.9888 0.1494
vn -0.2134 0.8649 0.4543
vn -0.3094 0.2552 0.9160
vn -0.5336 0.1637 0.8297
vn -0.5492 0.7262 0.4135
vn -0.6530 0.3721 0.6596
vn -0.3213 0.8755 0.3609
vn -0.1058 0.9839 0.1442
vn -0.1188 0.9745 0.1905
vn -0.1526 0.9756 0.1580
vn -0.0762 0.9836 0.1634
vn -0.0327 0.9967 0.0743
vn 0.0137 0.9989 0.0453
vn 0.0055 0.9986 0.0533
vn -0.0143 0.9982 0.0583
vn 0.0023 1.0000 -0.0045
vn -0.0329 0.9902 -0.1358
vn -0.0418 0.9831 -0.1784
vn -0.1808 0.9525 -0.2451
vn -0.1259 0.9543 -0.2711
vn -0.1068 0.9767 -0.1859
vn -0.3197 0.9114 -0.2593
vn -0.5882 0.5840 -0.5595
vn -0.0766 0.9912 -0.1082
vn -0.1100 0.9868 -0.1186
vn -0.1007 0.9851 -0.1398
vn -0.2073 0.9594 -0.1915
vn -0.3112 0.9335 -0.1779
vn -0.6860 -0.6115 -0.3942
vn -0.4276 -0.8708 0.2425
vn -0.2494 0.9575 0.1446
vn -0.4393 0.8405 0.3172
vn -0.1044 0.9874 0.1189
vn -0.0653 0.9953 0.0708
vn -0.0685 0.9954 0.0663
vn -0.0730 0.9951 0.0668
vn -0.2576 0.9558 0.1419
vn -0.0596 0.9963 0.0623
vn -0.0354 0.9976 0.0591
vn -0.0491 0.9969 0.0618
vn -0.0137 0.9982 0.0575
vn -0.0124 0.9984 0.0549
vn -0.0901 0.9905 0.1043
vn -0.0832 0.9939 0.0719
vn -0.0729 0.9954 0.0627
vn -0.0391 0.9978 0.0533
vn -0.0442 0.9967 0.0685
vn -0.0587 0.9963 0.0633
vn -0.0329 0.9986 0.0424
vn -0.0242 0.9980 0.0581
vn -0.0742 0.9942 0.0772
vn -0.0295 0.9991 0.0308
vn -0.0214 0.9990 0.0386
vn -0.0005 0.9997 0.0243
vn -0.0156 0.9998 0.0115
vn -0.0870 0.9921 -0.0907
vn -0.0611 0.9955 -0.0719
vn -0.0316 0.9978 -0.0581
vn -0.2906 0.9450 -0.1501
vn -0.5760 0.7616 -0.2969
vn -0.0525 0.9976 -0.0456
vn -0.0640 0.9968 -0.0475
vn -0.0599 0.9969 -0.0511
vn -0.0282 0.9987 -0.0434
vn -0.1856 0.9772 -0.1035
vn -0.0988 0.9930 -0.0652
vn -0.1623 0.9824 -0.0924
vn -0.0368 0.9983 -0.0449
vn -0.0669 0.9964 -0.0522
vn -0.1043 0.9923 -0.0662
vn -0.1901 0.9757 -0.1085
vn -0.0554 0.9972 -0.0496
vn -0.1102 0.9913 -0.0715
vn -0.3120 0.9329 -0.1797
vn -0.2022 0.9725 -0.1159
vn -0.0131 0.9990 -0.0430
vn 0.0728 -0.9956 0.0594
vn 0.2369 -0.9597 0.1510
vn 0.2007 -0.9728 0.1153
vn 0.0713 -0.9958 0.0567
vn 0.0374 -0.9981 0.0480
vn 0.0286 -0.9987 0.0432
vn 0.0372 -0.9983 0.0451
vn 0.3155 -0.9311 0.1833
vn 0.2845 -0.9478 0.1442
vn 0.1116 -0.9912 0.0705
vn 0.0596 -0.9969 0.0511
vn 0.0680 -0.9963 0.0530
vn 0.1820 -0.9782 0.0998
vn 0.1614 -0.9825 0.0932
vn 0.4593 -0.8556 0.2387
vn 0.2412 -0.9616 0.1313
vn 0.2064 -0.9718 0.1142
vn 0.1024 -0.9926 0.0657
vn 0.0801 -0.9952 0.0568
vn 0.5214 -0.8076 0.2755
vn 0.2399 -0.9618 0.1321
vn 0.1496 -0.9851 0.0850
vn 0.2743 -0.9509 0.1431
vn 0.1678 -0.9815 0.0924
vn 0.5992 -0.7415 0.3019
vn 0.0125 -0.9992 0.0390
vn 0.0145 -0.9977 0.0658
vn 0.0222 -0.9980 0.0594
vn 0.0090 -0.9983 0.0568
vn 0.0366 -0.9981 0.0491
vn 0.0860 -0.9933 0.0767
vn 0.0400 -0.9968 0.0695
vn 0.1896 -0.9764 0.1032
vn -0.0012 -0.9996 -0.0278
vn 0.0088 -0.9990 -0.0428
vn 0.0338 -0.9982 -0.0494
vn 0.0467 -0.9977 -0.0484
vn 0.0492 -0.9971 -0.0579
vn 0.0837 -0.9911 -0.1038
vn 0.0651 -0.9879 -0.1408
vn 0.1405 -0.9839 -0.1101
vn 0.1945 -0.9739 -0.1167
vn 0.3065 -0.9366 -0.1699
vn 0.0261 -0.9987 -0.0433
vn 0.0476 -0.9977 -0.0492
vn 0.1080 -0.9917 -0.0704
vn 0.0462 -0.9979 -0.0460
vn 0.1243 -0.9894 -0.0749
vn 0.0260 -0.9986 -0.0452
vn 0.0669 -0.9965 -0.0508
vn 0.0382 -0.9981 -0.0482
vn 0.0709 -0.9958 -0.0579
vn 0.0170 -0.9988 -0.0450
vn 0.1275 -0.9878 -0.0893
vn 0.2373 -0.9593 -0.1530
vn 0.0689 -0.9962 -0.0536
vn 0.1845 -0.9762 -0.1138
vn 0.3241 -0.9259 -0.1941
vn 0.2865 -0.9471 -0.1446
vn 0.3233 -0.9306 0.1715
vn 0.6013 -0.7147 0.3572
vn 0.1046 -0.9887 0.1075
vn 0.3156 -0.9249 0.2122
vn 0.4941 -0.7629 0.4169
vn 0.1362 -0.9800 0.1452
vn 0.1759 -0.9658 0.1903
vn 0.0495 -0.9828 0.1779
vn 0.0027 -0.9999 0.0104
vn -0.0105 -0.9994 -0.0331
vn 0.0004 -1.0000 0.0009
vn -0.0184 -0.9986 -0.0493
vn -0.0088 -0.9997 -0.0233
vn -0.0034 -0.9924 -0.1229
vn 0.1224 -0.9832 -0.1353
vn 0.1904 -0.9670 -0.1692
vn -0.0184 -0.9871 -0.1591
vn -0.0209 -0.9927 -0.1191
vn -0.0199 -0.9745 -0.2235
vn -0.0349 -0.9923 -0.1191
vn -0.0461 -0.9809 -0.1890
vn -0.0347 -0.9889 -0.1444
vn -0.0539 -0.9697 -0.2382
vn -0.0698 -0.9806 -0.1832
vn -0.0496 -0.9879 -0.1469
vn -0.0810 -0.9675 -0.2397
vn 0.3486 0.0714 0.9346
vn 0.0185 -0.9987 0.0466
vn 0.0125 -0.9996 0.0261
vn -0.0214 -0.9987 -0.0461
vn -0.0426 -0.9974 -0.0589
vn -0.0817 -0.9823 -0.1688
vn -0.2561 -0.8476 -0.4648
vn 0.0938 -0.9770 0.1915
vn 0.3297 -0.6786 0.6564
vn -0.0559 -0.9960 -0.0691
vn -0.0471 -0.9974 -0.0539
vn 0.0006 -1.0000 0.0004
vn -0.4325 -0.8465 -0.3104
vn -0.0934 -0.9824 0.1618
vn -0.1313 -0.9616 0.2412
vn -0.0389 -0.9992 0.0106
vn -0.0452 -0.9983 0.0369
vn -0.0998 -0.9782 0.1820
vn -0.0511 -0.9969 0.0595
vn -0.1142 -0.9718 0.2064
vn -0.2759 -0.8070 0.5222
vn -0.1320 -0.9618 0.2399
vn -0.0849 -0.9851 0.1498
vn -0.1427 -0.9512 0.2737
vn 0.5080 -0.4706 0.7214
vn 0.2337 -0.9081 0.3473
vn 0.0873 -0.9872 0.1335
vn 0.4879 -0.5354 0.6895
vn 0.0944 -0.9856 0.1404
vn 0.1983 -0.9542 0.2240
vn -0.0297 -0.9994 -0.0168
vn -0.4678 -0.8484 -0.2479
vn -0.2145 -0.9705 -0.1102
vn -0.5131 -0.8419 -0.1668
vn -0.4404 -0.7146 0.5435
vn -0.2086 -0.9346 0.2882
vn -0.2378 -0.9425 0.2347
vn -0.3092 -0.9469 -0.0885
vn -0.2035 -0.9760 -0.0773
vn -0.5561 -0.8257 -0.0946
vn -0.3025 -0.9526 -0.0331
vn -0.1741 -0.9722 0.1568
vn -0.2393 -0.9667 0.0906
vn -0.6172 -0.7539 0.2252
vn -0.1357 -0.9896 -0.0469
vn -0.2489 -0.9654 -0.0773
vn -0.1535 -0.9873 -0.0403
vn -0.1562 -0.9875 -0.0224
vn -0.1787 -0.9828 0.0469
vn -0.1882 -0.9820 0.0188
vn -0.2814 -0.9580 -0.0558
vn -0.0824 -0.9915 0.1012
vn -0.1471 -0.9867 0.0694
vn -0.1152 -0.9878 0.1047
vn -0.1044 -0.9942 -0.0256
vn -0.0196 -0.9998 -0.0016
vn -0.0176 -0.9997 0.0143
vn -0.0717 -0.9909 0.1139
vn -0.3615 -0.6749 0.6433
vn -0.0547 -0.9957 0.0751
vn -0.0650 -0.9945 0.0827
vn -0.0930 -0.9932 0.0704
vn -0.0620 -0.9960 0.0638
vn -0.1065 -0.9943 -0.0094
vn -0.1095 -0.9938 0.0199
vn -0.0894 -0.9958 0.0196
vn -0.0717 -0.9964 0.0445
vn -0.0474 -0.9983 0.0329
vn 0.6973 0.0454 0.7153
vn 0.1124 -0.9874 0.1109
vn 0.0313 -0.9993 0.0219
vn 0.0602 -0.9972 0.0446
vn -0.0301 -0.9993 0.0212
vn -0.0182 -0.9998 0.0042
vn -0.0588 -0.9983 0.0051
vn -0.0585 -0.9981 0.0207
vn 0.1952 -0.9709 0.1384
vn 0.8182 -0.2558 0.5149
vn 0.0619 -0.9977 0.0287
vn 0.1220 -0.9905 0.0635
vn 0.0982 -0.9943 0.0410
vn 0.4095 -0.8860 0.2175
vn 0.0252 -0.9996 0.0093
vn 0.0638 -0.9977 0.0239
vn 0.0760 -0.9967 0.0278
vn 0.0851 -0.9960 0.0268
vn 0.0908 -0.9953 0.0324
vn 0.1345 -0.9894 0.0552
vn 0.1165 -0.9915 0.0576
vn 0.0093 -1.0000 0.0022
vn 0.0664 -0.9977 0.0140
vn 0.0373 -0.9993 0.0017
vn 0.1199 -0.9917 0.0453
vn 0.1037 -0.9941 0.0306
vn 0.1525 -0.9870 0.0507
vn 0.1956 -0.9797 0.0449
vn 0.2846 -0.9545 0.0888
vn 0.2564 -0.9564 0.1397
vn 0.1385 -0.9870 0.0811
vn 0.4191 -0.8725 0.2510
vn 0.1058 -0.9888 0.1054
vn 0.0442 -0.9990 0.0041
vn 0.0978 -0.9932 0.0633
vn 0.0732 -0.9963 0.0454
vn 0.0391 -0.9992 0.0070
vn 0.0807 -0.9940 0.0732
vn 0.0806 -0.9865 0.1423
vn 0.3294 -0.6803 0.6547
vn 0.0485 -0.9974 0.0532
vn 0.2792 -0.7855 0.5522
vn -0.0799 0.9920 0.0976
vn 0.0777 0.9923 0.0968
vn 0.0117 0.9991 0.0399
vn 0.5091 0.8130 0.2824
vn 0.5177 0.8108 0.2730
vn 0.2662 0.9521 0.1506
vn 0.1611 0.9825 0.0932
vn 0.5296 -0.8061 0.2640
vn 0.1962 0.9745 0.1087
vn 0.0068 0.9992 0.0404
vn 0.0267 0.9988 0.0420
vn 0.4264 0.8876 0.1740
vn 0.5409 0.7921 0.2828
vn 0.1999 0.9740 0.1061
vn 0.2285 0.9660 0.1213
vn 0.5879 0.7490 0.3057
vn 0.6376 0.7010 0.3196
vn 0.1175 0.9896 0.0833
vn 0.0147 0.9985 0.0522
vn 0.0146 0.9976 0.0680
vn 0.0103 0.9985 -0.0546
vn 0.0007 0.9973 -0.0740
vn -0.0099 0.9975 -0.0693
vn -0.0060 0.9995 -0.0297
vn -0.0103 0.9986 -0.0515
vn 0.0762 0.9956 -0.0555
vn 0.1870 0.9771 -0.1016
vn 0.0634 0.9937 -0.0923
vn 0.1946 0.9744 -0.1123
vn 0.1047 0.9915 -0.0778
vn 0.0877 0.9938 -0.0685
vn 0.2994 0.9414 -0.1554
vn 0.2550 0.9582 -0.1295
vn 0.0528 0.9974 -0.0482
vn 0.1679 0.9815 -0.0918
vn 0.2250 0.9670 -0.1192
vn 0.5459 0.7911 -0.2760
vn 0.0320 0.9983 -0.0479
vn 0.3118 -0.6966 -0.6461
vn -0.0316 0.9983 -0.0481
vn 0.0297 0.9987 -0.0425
vn 0.0666 0.9962 -0.0568
vn 0.1807 0.9779 -0.1057
vn 0.5011 0.8216 -0.2716
vn 0.3201 0.9284 -0.1886
vn 0.2155 0.9655 0.1461
vn 0.1537 0.9821 0.1093
vn 0.1070 0.9876 0.1149
vn 0.1030 0.9758 0.1929
vn 0.0801 0.9889 0.1249
vn 0.0554 0.9919 0.1146
vn 0.2421 0.9381 0.2477
vn 0.2980 0.8336 0.4651
vn 0.0123 0.9982 0.0586
vn 0.0215 0.9966 0.0795
vn 0.0155 0.9980 0.0620
vn 0.0196 0.9980 0.0605
vn 0.0274 0.9966 0.0778
vn 0.0035 1.0000 -0.0074
vn -0.0130 0.9942 -0.1063
vn 0.0143 0.9955 -0.0938
vn 0.0222 0.9950 -0.0974
vn 0.0174 0.9902 -0.1383
vn 0.6136 0.6586 -0.4356
vn 0.3358 0.9244 -0.1812
vn 0.2812 0.9364 -0.2099
vn 0.0953 0.9662 -0.2394
vn 0.0461 0.9822 -0.1819
vn -0.0038 0.9767 -0.2147
vn -0.2216 0.8162 -0.5335
vn 0.0369 0.9926 0.1154
vn 0.0329 0.9947 0.0976
vn 0.2066 0.8107 0.5477
vn 0.0429 0.9925 0.1147
vn 0.2396 0.7538 0.6119
vn 0.2195 0.7769 0.5901
vn 0.0376 0.9947 0.0954
vn 0.0052 1.0000 -0.0007
vn -0.0061 0.9997 -0.0240
vn -0.0000 1.0000 -0.0085
vn -0.0084 0.9997 -0.0212
vn -0.0446 0.9988 0.0182
vn 0.2496 0.8291 0.5003
vn 0.2961 0.7378 0.6067
vn 0.1229 0.9720 0.2002
vn -0.4608 0.7150 -0.5258
vn -0.3902 0.8577 -0.3349
vn -0.4556 0.8245 -0.3355
vn -0.1743 0.9199 0.3512
vn -0.0893 0.9836 0.1569
vn -0.0617 0.9939 0.0912
vn 0.4145 0.7714 0.4829
vn 0.2669 0.9128 0.3092
vn -0.0134 0.9998 -0.0134
vn 0.0235 0.9995 0.0203
vn -0.0329 0.9992 -0.0219
vn -0.1396 0.9868 -0.0825
vn -0.1401 0.9878 -0.0673
vn -0.0321 0.9993 -0.0169
vn -0.4263 0.8106 0.4014
vn -0.1990 0.9402 0.2764
vn -0.4681 0.6609 0.5866
vn -0.1647 0.9846 -0.0583
vn -0.2509 0.9627 0.1014
vn -0.1774 0.9702 0.1650
vn -0.1375 0.9893 -0.0488
vn -0.2445 0.9690 -0.0349
vn -0.3631 0.6718 0.6456
vn -0.0544 0.9958 0.0740
vn -0.0782 0.9913 0.1059
vn -0.0638 0.9946 0.0815
vn -0.0399 0.9992 0.0056
vn -0.0974 0.9934 0.0605
vn -0.1386 0.9903 -0.0096
vn -0.0780 0.9967 0.0226
vn -0.0617 0.9979 0.0206
vn 0.0213 0.9996 0.0163
vn 0.0659 0.9965 0.0510
vn 0.0535 0.9977 0.0406
vn -0.0438 0.9989 -0.0165
vn -0.0500 0.9987 -0.0135
vn -0.0501 0.9987 -0.0097
vn -0.0845 0.9963 -0.0125
vn -0.0764 0.9971 0.0027
vn -0.0475 0.9988 0.0143
vn -0.0605 0.9982 0.0042
vn -0.0631 0.9980 -0.0046
vn -0.0677 0.9976 -0.0114
vn 0.3081 0.9265 0.2159
vn 0.6425 0.6780 0.3571
vn 0.0581 0.9977 0.0354
vn 0.0360 0.9993 0.0127
vn 0.0243 0.9997 0.0014
vn 0.7601 -0.4889 0.4281
vn 0.3365 0.9274 0.1637
vn 0.5961 0.7351 0.3231
vn 0.5253 0.7989 0.2929
vn 0.9310 0.0222 0.3642
vn 0.1852 0.9813 0.0527
vn 0.1190 0.9916 0.0515
vn 0.1061 0.9936 0.0381
vn 0.4610 0.8407 0.2841
vn 0.2430 0.9404 0.2380
vn 0.1630 0.9750 0.1512
vn 0.1038 0.9832 0.1501
vn 0.1075 0.9880 0.1106
vn 0.0793 0.9898 0.1185
vn 0.1440 0.9651 0.2188
vn 0.0566 0.9983 0.0122
vn 0.0600 0.9973 0.0412
vn 0.0639 0.9976 0.0256
vn 0.0773 0.9958 0.0496
vn 0.0996 0.9926 0.0694
vn 0.0373 0.9993 0.0069
vn 0.0465 0.9976 0.0509
vn 0.0693 0.9949 0.0739
vn 0.0453 0.9989 0.0094
vn 0.0915 0.9956 0.0198
vn 0.0379 0.9993 0.0058
vn 0.2644 0.8154 0.5150
vn 0.3135 0.7182 0.6213
vn 0.1206 0.9654 0.2312
vn 0.0782 0.9879 0.1341
vn 0.0518 0.9965 0.0661
vn 0.2879 0.7869 0.5458
vn 0.0889 0.9837 0.1566
vn 0.1654 0.9364 0.3094
vn 0.2835 -0.7927 0.5397
vn 0.0391 0.9992 0.0107
vn 0.0529 0.9961 0.0710
vn 0.0447 0.9989 0.0171
vn 0.0447 0.9985 0.0311
vn 0.0551 0.9957 0.0741
vn 0.4183 -0.8770 0.2363
vn 0.2711 -0.9502 0.1535
vn 0.0770 -0.9947 0.0678
vn 0.1689 -0.9802 0.1034
vn 0.2223 -0.9659 0.1330
vn 0.5417 -0.7895 0.2884
vn 0.2543 -0.9562 0.1448
vn 0.1705 -0.9799 0.1035
vn 0.3080 -0.9372 0.1634
vn 0.0232 -0.9996 0.0131
vn 0.0457 -0.9982 0.0396
vn 0.1574 -0.9798 0.1235
vn 0.0077 -0.9998 -0.0198
vn 0.0245 -0.9997 -0.0065
vn 0.0228 -0.9997 -0.0131
vn 0.0080 -0.9997 -0.0213
vn 0.0163 -0.9998 -0.0083
vn 0.0075 -0.9996 0.0267
vn 0.0260 -0.9983 0.0520
vn 0.0349 -0.9975 0.0610
vn 0.0013 -0.9999 -0.0163
vn 0.0615 -0.9969 -0.0500
vn 0.0232 -0.9963 -0.0826
vn 0.0673 -0.9959 -0.0601
vn 0.0563 -0.9962 -0.0668
vn 0.0275 -0.9987 -0.0437
vn 0.0508 -0.9975 -0.0486
vn 0.1247 -0.9894 -0.0750
vn 0.1615 -0.9828 -0.0899
vn 0.1750 -0.9799 -0.0962
vn 0.3224 -0.9265 -0.1941
vn 0.0469 -0.9964 0.0704
vn 0.5094 -0.7987 0.3204
vn 0.1939 -0.9635 0.1847
vn 0.6322 -0.5573 0.5383
vn 0.0872 -0.9820 0.1675
vn 0.1190 -0.9731 0.1973
vn 0.1220 -0.9825 0.1409
vn 0.1042 -0.9564 0.2728
vn 0.0417 -0.8713 0.4890
vn 0.2869 -0.4807 0.8286
vn 0.1660 -0.8907 0.4232
vn 0.0101 -0.9931 0.1169
vn 0.0143 -0.9876 0.1562
vn -0.0820 -0.8356 0.5431
vn -0.0092 -0.9930 0.1179
vn -0.1281 -0.8762 0.4647
vn -0.2635 0.5163 0.8148
vn 0.0038 -0.9975 0.0705
vn 0.0162 -0.9967 -0.0795
vn 0.0006 -1.0000 -0.0032
vn 0.0763 -0.9864 -0.1456
vn 0.1057 -0.9883 -0.1095
vn 0.0617 -0.9694 -0.2378
vn 0.1472 -0.9758 -0.1620
vn 0.1682 -0.9771 -0.1306
vn 0.2846 -0.9329 -0.2207
vn 0.0341 -0.9855 -0.1663
vn 0.0367 -0.9891 -0.1424
vn -0.2128 -0.9135 0.3468
vn -0.5747 -0.0265 0.8179
vn -0.0278 -0.9984 0.0501
vn 0.0040 -0.9999 -0.0093
vn 0.0018 -1.0000 -0.0020
vn -0.0027 -1.0000 0.0080
vn 0.0202 -0.9981 -0.0581
vn 0.1707 -0.9075 -0.3838
vn -0.0387 -0.9992 -0.0107
vn -0.1513 -0.9520 -0.2661
vn -0.1130 -0.9722 -0.2051
vn -0.1646 -0.9373 -0.3071
vn -0.2885 -0.7853 -0.5478
vn -0.0517 -0.9965 -0.0662
vn -0.1254 -0.9643 -0.2334
vn -0.3106 -0.7397 -0.5970
vn -0.0447 -0.9984 -0.0354
vn -0.1988 -0.9706 0.1354
vn -0.6913 0.0816 0.7179
vn -0.5749 -0.6443 0.5043
vn -0.0219 -0.9993 0.0293
vn -0.0147 -0.9997 0.0202
vn 0.0025 -1.0000 -0.0003
vn 0.0105 -0.9999 -0.0093
vn 0.0047 -1.0000 -0.0024
vn 0.0023 -1.0000 0.0030
vn 0.0329 -0.9980 -0.0539
vn 0.0890 -0.9815 -0.1697
vn 0.1189 -0.9631 -0.2414
vn 0.1191 -0.9646 -0.2355
vn 0.1177 -0.9631 -0.2419
vn 0.3828 -0.4097 -0.8280
vn 0.3273 -0.7642 -0.5558
vn 0.0737 -0.9897 -0.1225
vn 0.2976 -0.6783 -0.6718
vn 0.3454 -0.6619 -0.6652
vn -0.0446 -0.9981 -0.0419
vn -0.0531 -0.9975 -0.0457
vn -0.0999 -0.9926 -0.0686
vn -0.5236 -0.8242 0.2158
vn -0.2147 -0.9272 -0.3070
vn -0.2026 -0.9596 -0.1951
vn -0.4433 -0.7099 -0.5473
vn -0.1976 -0.9762 0.0890
vn -0.1149 -0.9877 -0.1064
vn -0.5977 -0.7728 -0.2133
vn -0.5478 -0.8311 0.0960
vn -0.2370 -0.9674 -0.0889
vn -0.2806 -0.9585 0.0511
vn -0.3020 -0.9527 0.0332
vn -0.2695 -0.9629 0.0121
vn -0.2072 -0.9781 0.0205
vn -0.1944 -0.9807 -0.0203
vn -0.1816 -0.9822 -0.0470
vn -0.1358 -0.9905 0.0201
vn -0.1142 -0.9934 0.0038
vn -0.0895 -0.9960 -0.0055
vn -0.1011 -0.9946 -0.0216
vn -0.4714 -0.8433 0.2579
vn -0.8895 0.0014 0.4569
vn -0.0232 -0.9994 0.0239
vn -0.0092 -0.9999 0.0065
vn 0.0809 -0.9893 -0.1217
vn 0.4982 -0.5655 -0.6572
vn -0.0213 -0.9998 -0.0039
vn -0.0513 -0.9985 -0.0199
vn -0.0649 -0.9978 -0.0109
vn -0.0809 -0.9967 -0.0006
vn -0.0261 -0.9996 0.0102
vn 0.0628 -0.9969 -0.0464
vn 0.1582 -0.9792 -0.1267
vn 0.6007 -0.4115 -0.6854
vn 0.0276 -0.9995 -0.0137
vn 0.7410 -0.5446 -0.3930
vn 0.7823 -0.4539 -0.4265
vn 0.7883 -0.3986 -0.4687
vn 0.0746 -0.9968 -0.0301
vn 0.0368 -0.9993 -0.0041
vn 0.0413 -0.9991 -0.0024
vn 0.0688 -0.9967 -0.0432
vn 0.0881 -0.9949 -0.0492
vn 0.0469 -0.9981 -0.0408
vn 0.0854 -0.9886 -0.1241
vn 0.0748 -0.9888 -0.1294
vn 0.0693 -0.9931 -0.0950
vn 0.1032 -0.9941 -0.0344
vn 0.1182 -0.9916 -0.0516
vn 0.1712 -0.9837 -0.0555
vn 0.2080 -0.9769 -0.0489
vn 0.1220 -0.9897 -0.0744
vn 0.1582 -0.9849 -0.0700
vn 0.0869 -0.9922 -0.0892
vn 0.1035 -0.9915 -0.0794
vn 0.1152 -0.9868 -0.1140
vn 0.2226 -0.9525 -0.2080
vn 0.6100 -0.4511 -0.6514
vn 0.1465 -0.9878 -0.0521
vn 0.1063 -0.9938 -0.0328
vn 0.1483 -0.9878 -0.0470
vn 0.4730 -0.8634 -0.1755
vn 0.0374 -0.9993 -0.0054
vn 0.0962 -0.9799 -0.1749
vn 0.3599 -0.7040 -0.6123
vn 0.0687 -0.9913 -0.1123
vn 0.0240 0.9979 0.0605
vn 0.0438 0.9971 0.0619
vn 0.4510 0.8557 0.2538
vn 0.2176 0.9669 0.1330
vn 0.5387 -0.7973 0.2721
vn 0.0722 0.9952 0.0665
vn 0.2039 0.9719 0.1175
vn 0.5736 0.7615 0.3018
vn 0.0625 0.9960 0.0637
vn 0.0880 0.9934 0.0730
vn 0.6719 -0.6561 0.3436
vn 0.4931 0.8224 0.2837
vn 0.0961 0.9894 0.1085
vn 0.0598 0.9941 0.0907
vn 0.0304 0.9985 0.0465
vn 0.0373 0.9980 0.0513
vn 0.0533 0.9966 0.0634
vn 0.0159 0.9998 0.0115
vn 0.0103 0.9998 0.0162
vn 0.0131 0.9991 0.0406
vn 0.0008 1.0000 0.0041
vn 0.0001 1.0000 -0.0037
vn 0.0068 0.9991 -0.0413
vn 0.0012 0.9999 -0.0151
vn 0.0340 0.9986 -0.0401
vn 0.0228 0.9991 -0.0365
vn 0.0439 0.9956 -0.0825
vn 0.0671 0.9964 -0.0526
vn 0.0728 0.9958 -0.0546
vn 0.0500 0.9977 -0.0464
vn 0.2291 0.9660 -0.1201
vn 0.5446 0.7921 -0.2757
vn 0.1767 0.9801 -0.0901
vn 0.2036 0.9718 -0.1188
vn 0.0794 0.9920 -0.0980
vn 0.0005 0.9981 -0.0608
vn 0.0320 0.9983 -0.0480
vn -0.0778 0.9922 -0.0972
vn 0.1680 0.9815 -0.0919
vn 0.7163 -0.5843 -0.3814
vn 0.5092 0.8130 -0.2822
vn 0.4129 -0.8885 -0.2001
vn 0.1797 0.9781 -0.1050
vn 0.3170 0.9296 -0.1880
vn 0.3280 -0.6554 -0.6803
vn 0.1331 0.9775 0.1637
vn 0.0693 0.9885 0.1345
vn 0.6927 0.4571 0.5580
vn 0.4050 0.7508 0.5217
vn 0.3702 0.8842 0.2847
vn 0.2400 0.6367 0.7328
vn 0.1489 0.9001 0.4094
vn 0.2064 0.9443 0.2562
vn 0.1069 0.9563 0.2721
vn 0.0373 0.9875 0.1530
vn -0.0212 0.6426 0.7659
vn 0.0114 0.8997 0.4364
vn 0.0142 0.9610 0.2764
vn 0.0045 0.9735 0.2285
vn -0.0117 0.9928 0.1195
vn -0.0229 0.9878 0.1542
vn -0.0279 0.9937 0.1087
vn -0.2680 0.5282 0.8057
vn -0.3260 0.6551 0.6816
vn -0.3733 0.5464 0.7497
vn -0.0256 0.9975 0.0662
vn 0.0068 0.9979 0.0651
vn 0.0168 0.9984 0.0543
vn 0.0045 0.9988 0.0489
vn -0.0044 0.9992 0.0394
vn -0.0050 0.9976 0.0688
vn -0.0066 0.9986 0.0524
vn -0.0076 0.9999 0.0146
vn -0.0157 0.9994 0.0308
vn 0.0050 0.9996 -0.0274
vn 0.1016 0.9862 -0.1305
vn 0.1486 0.9810 -0.1246
vn 0.0916 0.9828 -0.1606
vn 0.2017 0.9590 -0.1990
vn 0.1390 0.9770 -0.1615
vn 0.1791 0.9553 -0.2353
vn 0.2141 0.8906 -0.4013
vn 0.1045 0.9527 -0.2853
vn 0.0692 0.9763 -0.2053
vn 0.0516 0.9834 -0.1740
vn 0.0137 0.9978 -0.0647
vn 0.3310 0.9240 -0.1916
vn -0.0981 0.9921 -0.0779
vn -0.0444 0.9989 -0.0180
vn -0.1782 0.9188 0.3523
vn -0.3738 0.5968 0.7100
vn -0.1092 0.9775 0.1807
vn -0.0791 0.9894 0.1221
vn -0.0600 0.9943 0.0884
vn -0.0288 0.9981 0.0553
vn -0.0241 0.9986 0.0474
vn 0.0401 0.9958 -0.0825
vn 0.0378 0.9918 -0.1219
vn 0.2268 0.6593 -0.7168
vn 0.2514 0.5024 -0.8273
vn 0.2240 0.7357 -0.6392
vn 0.1549 0.9215 -0.3562
vn -0.0470 0.9977 -0.0490
vn -0.2805 0.7839 -0.5539
vn -0.1385 0.9542 -0.2650
vn -0.1018 0.9749 -0.1982
vn -0.1413 0.9487 -0.2830
vn -0.3228 -0.6936 -0.6440
vn -0.4812 0.7982 0.3625
vn -0.1911 0.9550 0.2269
vn -0.4338 -0.7760 0.4579
vn -0.0994 0.9880 0.1184
vn -0.7228 -0.2432 0.6469
vn -0.1064 0.9883 0.1093
vn -0.0976 0.9900 0.1016
vn -0.0467 0.9970 0.0624
vn -0.0234 0.9993 0.0292
vn 0.0015 1.0000 -0.0026
vn 0.0016 1.0000 -0.0051
vn 0.0152 0.9996 -0.0258
vn 0.0922 0.9736 -0.2086
vn 0.3174 0.7328 -0.6018
vn 0.2631 0.8078 -0.5276
vn 0.3584 -0.6060 -0.7101
vn 0.2771 0.7258 -0.6297
vn -0.1016 0.9771 -0.1870
vn -0.1579 0.9386 -0.3068
vn -0.0392 0.9992 -0.0045
vn -0.0555 0.9956 -0.0761
vn -0.1123 0.9744 -0.1948
vn -0.0789 0.9915 -0.1035
vn -0.0684 0.9938 -0.0878
vn -0.0945 0.9936 -0.0618
vn -0.1870 0.9217 -0.3400
vn -0.7905 -0.4565 0.4082
vn -0.4393 0.7967 -0.4151
vn -0.4201 0.7255 -0.5450
vn -0.2476 0.9635 -0.1016
vn -0.1459 0.9870 0.0668
vn -0.2556 0.9644 0.0683
vn -0.1000 0.9944 0.0329
vn -0.1629 0.9863 -0.0271
vn -0.1321 0.9912 0.0049
vn -0.1587 0.9870 0.0272
vn -0.0813 0.9963 0.0262
vn -0.1293 0.9896 0.0632
vn -0.1306 0.9894 0.0634
vn 0.4179 0.7198 -0.5543
vn 0.2950 0.8867 -0.3559
vn -0.0870 0.9962 0.0018
vn -0.0784 0.9969 -0.0086
vn -0.0368 0.9993 -0.0042
vn -0.0440 0.9988 -0.0193
vn -0.0597 0.9980 -0.0209
vn -0.0487 0.9988 0.0006
vn -0.0481 0.9988 0.0061
vn -0.1036 0.9945 0.0138
vn 0.0061 1.0000 0.0021
vn 0.0223 0.9996 -0.0157
vn 0.0927 0.9925 -0.0801
vn 0.3363 0.8632 -0.3765
vn 0.5152 0.6517 -0.5567
vn 0.6747 -0.4516 -0.5838
vn 0.0353 0.9993 -0.0113
vn 0.0631 0.9972 -0.0397
vn 0.0989 0.9926 -0.0706
vn 0.0801 0.9955 -0.0513
vn 0.0374 0.9993 -0.0047
vn 0.0410 0.9987 -0.0316
vn 0.0850 0.9962 -0.0172
vn 0.1267 0.9903 -0.0576
vn 0.1164 0.9873 -0.1081
vn 0.1556 0.9777 -0.1408
vn 0.1979 0.9639 -0.1782
vn 0.2119 0.9251 -0.3150
vn 0.3740 0.8116 -0.4488
vn 0.1459 0.9656 -0.2154
vn 0.1688 0.9323 -0.3198
vn 0.3593 0.7141 -0.6008
vn 0.7153 0.6430 -0.2737
vn 0.9311 -0.1094 -0.3481
vn 0.0426 0.9984 -0.0383
vn 0.3056 0.7346 -0.6058
vn 0.0431 0.9987 -0.0288
vn 0.0453 0.9983 -0.0374
vn 0.0534 0.9962 -0.0683
vn 0.0498 0.9972 -0.0565
vn 0.0417 0.9990 -0.0145
vn 0.0710 0.9914 -0.1103
vn 0.0697 0.9916 -0.1085
vn 0.0480 0.9982 -0.0371
vn -0.2470 -0.9214 0.3000
vn -0.0827 -0.9869 0.1388
vn -0.3423 -0.7435 0.5746
vn -0.1044 -0.9780 0.1804
vn -0.3056 -0.7221 0.6206
vn -0.3105 -0.6795 0.6648
vn -0.1711 -0.9806 0.0958
vn -0.0022 -1.0000 0.0016
vn 0.0194 -0.9992 0.0342
vn -0.5476 -0.3874 0.7417
vn -0.4933 -0.2206 0.8414
vn 0.1497 -0.9867 0.0627
vn 0.1112 -0.9899 0.0874
vn 0.1173 -0.9877 0.1030
vn 0.1958 -0.9648 0.1755
vn 0.4603 -0.7845 0.4156
vn 0.0918 -0.9867 0.1342
vn 0.1305 -0.9741 0.1847
vn 0.2122 -0.9348 0.2848
vn 0.4275 -0.7067 0.5637
vn 0.0277 -0.9993 0.0255
vn 0.0764 -0.9968 0.0243
vn 0.0406 -0.9992 0.0067
vn -0.3064 -0.7334 0.6068
vn 0.1064 -0.9854 -0.1331
vn 0.0409 -0.9991 0.0088
vn -0.3718 -0.2276 0.9000
vn -0.3169 -0.3384 0.8860
vn 0.1132 -0.9840 -0.1378
vn 0.5260 -0.5829 -0.6193
vn 0.3289 -0.8240 -0.4614
vn 0.0823 -0.9875 0.1344
vn 0.1644 -0.9272 0.3366
vn 0.0539 -0.9958 0.0735
vn 0.1512 -0.9590 0.2399
vn 0.3281 -0.7676 0.5506
vn 0.0571 -0.9956 0.0745
vn 0.1146 -0.9733 0.1990
vn 0.2366 -0.9284 0.2866
vn -0.1684 -0.9439 0.2842
vn -0.1304 -0.9787 0.1584
vn -0.1522 -0.9797 0.1307
vn -0.1639 -0.9571 -0.2388
vn -0.0728 -0.9893 -0.1263
vn -0.6355 -0.6858 -0.3546
vn -0.1344 -0.9875 0.0823
vn -0.3366 -0.9272 0.1644
vn -0.2399 -0.9590 0.1512
vn -0.0746 -0.9957 0.0545
vn -0.0745 -0.9956 0.0571
vn -0.1990 -0.9733 0.1146
vn -0.5506 -0.7676 0.3281
vn -0.2861 -0.9285 0.2365
vn -0.6054 -0.7350 0.3055
vn -0.1384 -0.9868 -0.0836
vn -0.3244 -0.9328 -0.1573
vn -0.2407 -0.9588 -0.1512
vn -0.5615 -0.7569 -0.3345
vn -0.2031 -0.9722 -0.1165
vn -0.0693 -0.9952 -0.0687
vn -0.3000 -0.9214 -0.2471
vn -0.2471 0.9214 0.3000
vn -0.1156 0.9724 0.2026
vn -0.6585 -0.6829 0.3164
vn -0.0690 0.9952 0.0694
vn -0.0582 0.9955 0.0742
vn -0.3423 0.7435 0.5746
vn -0.0525 0.9963 0.0680
vn -0.0404 0.9991 0.0127
vn -0.8115 0.4497 0.3732
vn -0.8613 0.3836 0.3333
vn -0.2853 0.9035 0.3198
vn -0.1752 0.9831 0.0536
vn -0.1224 0.9914 0.0459
vn -0.0030 1.0000 0.0034
vn -0.0214 0.9994 0.0283
vn 0.2388 0.9570 0.1645
vn 0.1711 0.9805 0.0969
vn 0.1606 0.9681 0.1924
vn 0.0841 0.9947 0.0593
vn -0.0038 1.0000 0.0044
vn 0.1860 0.9278 0.3234
vn 0.0726 0.9912 0.1106
vn 0.1591 0.9313 0.3276
vn 0.0836 0.9869 0.1378
vn 0.0570 0.9962 0.0662
vn 0.3337 0.7582 0.5602
vn 0.1512 0.9591 0.2392
vn 0.1208 0.9682 0.2191
vn 0.2623 0.9112 0.3178
vn -0.2492 0.9244 0.2889
vn 0.0356 0.9835 -0.1773
vn -0.0017 0.9686 -0.2487
vn -0.4173 0.7885 -0.4518
vn -0.0303 0.9880 -0.1513
vn -0.5620 0.7082 -0.4273
vn -0.5745 0.7435 0.3423
vn -0.3141 0.9133 0.2594
vn -0.2135 0.9699 0.1174
vn -0.3144 -0.6913 0.6506
vn -0.0591 0.9962 0.0647
vn -0.0820 0.9930 -0.0853
vn -0.5379 0.7984 -0.2705
vn -0.4220 0.8837 -0.2025
vn -0.1915 0.9752 -0.1108
vn -0.7266 0.5677 -0.3869
vn -0.5746 0.7435 -0.3423
vn -0.1389 0.9869 -0.0827
vn -0.3000 0.9214 -0.2471
vn -0.0700 0.9952 -0.0681
vn -0.0580 -0.9955 -0.0743
vn -0.2622 -0.9112 -0.3177
vn -0.1208 -0.9682 -0.2191
vn -0.1512 -0.9591 -0.2392
vn -0.0836 -0.9869 -0.1378
vn -0.3337 -0.7582 -0.5602
vn -0.1591 -0.9313 -0.3276
vn -0.0726 -0.9912 -0.1105
vn -0.1869 -0.9272 -0.3246
vn -0.0734 -0.9905 -0.1164
vn -0.1129 -0.9762 -0.1849
vn -0.2492 -0.9203 -0.3016
vn -0.3566 -0.9112 -0.2065
vn -0.1366 -0.9882 -0.0689
vn -0.1715 -0.9802 -0.0994
vn -0.2027 -0.9757 -0.0833
vn -0.5848 -0.7621 -0.2780
vn -0.6076 -0.7307 -0.3113
vn -0.6101 -0.7207 -0.3291
vn 0.0298 -0.9994 -0.0155
vn 0.0192 -0.9992 -0.0353
vn 0.0251 -0.9997 -0.0029
vn -0.0133 -0.9995 -0.0297
vn -0.0030 -0.9998 -0.0174
vn 0.0276 -0.9993 -0.0261
vn 0.0935 -0.9955 -0.0141
vn 0.1069 -0.9899 -0.0929
vn 0.1034 -0.9945 0.0139
vn 0.1655 -0.9842 -0.0621
vn 0.1497 -0.9865 -0.0670
vn 0.1178 -0.9872 -0.1077
vn 0.6167 -0.7516 -0.2339
vn -0.0457 -0.9974 -0.0552
vn 0.0880 -0.9836 -0.1571
vn 0.0929 -0.9831 -0.1576
vn 0.0408 -0.9991 -0.0096
vn -0.2826 -0.7998 -0.5295
vn 0.3423 -0.7435 -0.5746
vn 0.0582 -0.9955 -0.0742
vn 0.1157 -0.9724 -0.2027
vn 0.0690 -0.9952 -0.0694
vn 0.2471 -0.9214 -0.3000
vn 0.4662 -0.7066 0.5324
vn 0.3991 -0.5091 0.7626
vn -0.0214 -0.9269 0.3747
vn -0.0333 -0.7556 0.6542
vn -0.1369 -0.9253 0.3538
vn -0.2056 -0.7729 0.6003
vn -0.2325 -0.9203 0.3145
vn -0.3568 -0.7837 0.5084
vn -0.0474 -0.9762 0.2114
vn -0.3054 -0.9153 0.2626
vn -0.1947 -0.9671 0.1635
vn -0.5108 -0.7312 0.4521
vn -0.1636 -0.9638 0.2107
vn -0.0916 -0.9792 0.1810
vn -0.0566 -0.9940 0.0938
vn -0.5169 -0.7203 -0.4626
vn -0.3002 -0.9296 -0.2139
vn -0.1117 -0.9908 0.0759
vn -0.2949 -0.9412 0.1650
vn -0.1226 -0.9891 0.0821
vn -0.1153 -0.9889 0.0941
vn -0.0408 -0.9973 0.0607
vn -0.0233 -0.9963 0.0831
vn -0.1072 -0.9863 0.1257
vn -0.5005 -0.7854 0.3642
vn -0.0387 -0.9977 0.0558
vn -0.0529 -0.9961 0.0705
vn -0.2365 0.9284 -0.2866
vn -0.1146 0.9733 -0.1990
vn -0.0571 0.9956 -0.0745
vn -0.1512 0.9590 -0.2399
vn -0.0539 0.9958 -0.0735
vn -0.3281 0.7676 -0.5506
vn -0.0818 0.9876 -0.1343
vn -0.1598 0.9309 -0.3285
vn -0.0402 0.9991 -0.0128
vn -0.2452 0.8444 -0.4764
vn -0.2847 0.7908 -0.5418
vn -0.0558 0.9967 -0.0592
vn -0.1404 0.9786 -0.1505
vn -0.1722 0.9617 -0.2130
vn -0.1907 0.9687 -0.1591
vn -0.2639 0.9338 -0.2417
vn -0.1526 0.9821 -0.1103
vn -0.5438 0.7677 -0.3390
vn -0.3012 0.9360 -0.1821
vn -0.2438 0.9589 -0.1450
vn -0.1821 0.9782 -0.0998
vn -0.2399 0.9661 -0.0958
vn -0.7599 0.5205 -0.3894
vn -0.7781 0.4705 -0.4162
vn -0.3174 0.8921 -0.3217
vn 0.0391 0.9992 -0.0052
vn 0.1369 0.9903 0.0248
vn 0.1323 0.9912 -0.0059
vn 0.1632 0.9861 -0.0301
vn 0.2225 0.9745 0.0283
vn 0.5893 0.7762 -0.2242
vn 0.0403 0.9992 -0.0065
vn 0.1044 0.9781 -0.1803
vn 0.0827 0.9869 -0.1388
vn 0.3423 0.7435 -0.5745
vn 0.0678 0.9952 -0.0703
vn 0.2470 0.9214 -0.3000
vn 0.0201 0.9469 0.3210
vn -0.0615 0.8794 0.4720
vn -0.1023 0.9528 0.2858
vn -0.0779 0.9727 0.2187
vn -0.0497 0.9820 0.1823
vn -0.1663 0.9498 0.2650
vn -0.4068 0.6400 -0.6518
vn -0.2699 0.9098 -0.3152
vn -0.1472 0.9733 -0.1763
vn -0.1517 0.9791 -0.1352
vn -0.5692 0.7667 0.2968
vn -0.1219 0.9893 0.0805
vn -0.0953 -0.9850 0.1441
vn -0.0923 0.9843 0.1503
vn -0.0259 0.9963 0.0821
vn -0.0616 0.9943 0.0869
vn -0.1050 0.9908 0.0850
vn -0.5378 0.7985 -0.2705
vn 0.3151 0.6867 0.6551
vn -0.3276 0.6557 -0.6802
vn 0.0703 -0.9952 0.0678
vn 0.3000 -0.9214 0.2471
vn 0.1388 -0.9869 0.0827
vn 0.5746 -0.7435 0.3423
vn 0.1917 -0.9752 0.1108
vn 0.4223 -0.8835 0.2027
vn 0.7277 -0.5661 0.3872
vn 0.6354 -0.7011 0.3237
vn 0.0724 -0.9914 0.1090
vn 0.4140 -0.8879 -0.2006
vn 0.2135 -0.9699 -0.1174
vn 0.3142 -0.9132 -0.2595
vn 0.5746 -0.7435 -0.3423
vn 0.7227 -0.5751 -0.3834
vn 0.2150 -0.9656 0.1464
vn 0.0764 -0.9864 0.1454
vn 0.0975 -0.9803 -0.1718
vn 0.1667 -0.9537 -0.2504
vn 0.3102 -0.9170 -0.2508
vn 0.6019 -0.6386 -0.4794
vn 0.1095 -0.9376 -0.3301
vn 0.2811 -0.8886 -0.3626
vn 0.1737 -0.8485 -0.4999
vn 0.5243 -0.5790 -0.6245
vn 0.3001 -0.3300 -0.8950
vn -0.0674 -0.6899 -0.7208
vn 0.0548 -0.9862 0.1560
vn 0.4155 -0.5543 0.7212
vn -0.3252 -0.6970 0.6390
vn 0.6721 -0.0956 0.7343
vn -0.2568 -0.9663 -0.0183
vn -0.1686 -0.9852 0.0309
vn 0.1690 -0.9748 0.1453
vn -0.0351 -0.9994 0.0037
vn 0.8369 -0.2627 0.4802
vn 0.7475 -0.5389 0.3883
vn 0.2383 -0.9417 0.2376
vn 0.7240 0.0016 0.6898
vn 0.0443 -0.9990 0.0053
vn 0.0692 0.9952 0.0686
vn 0.3000 0.9214 0.2470
vn 0.2029 0.9723 0.1164
vn 0.2410 0.9587 0.1510
vn 0.1408 0.9864 0.0851
vn 0.5657 0.7526 0.3370
vn 0.3345 0.9282 0.1629
vn 0.1361 0.9864 -0.0916
vn 0.4985 0.8291 -0.2530
vn 0.0745 0.9957 -0.0545
vn 0.1343 0.9876 -0.0818
vn 0.2399 0.9590 -0.1512
vn 0.1991 0.9733 -0.1146
vn 0.0744 0.9956 -0.0570
vn 0.2867 0.9282 -0.2370
vn 0.3285 0.9309 -0.1598
vn 0.5506 0.7676 -0.3280
vn 0.1550 0.9727 -0.1725
vn 0.1864 0.9737 -0.1309
vn 0.4205 0.7817 -0.4606
vn 0.2013 0.8164 -0.5412
vn 0.2324 0.9424 -0.2404
vn -0.1156 0.9724 0.2025
vn -0.0688 0.9952 0.0692
vn -0.0584 0.9955 0.0745
vn 0.2875 0.7725 0.5662
vn 0.2998 0.7527 0.5861
vn -0.0410 0.9991 0.0087
vn -0.6184 0.7498 0.2352
vn -0.1178 0.9872 0.1076
vn -0.1497 0.9865 0.0670
vn -0.1071 0.9899 0.0931
vn -0.1657 0.9842 0.0623
vn -0.1594 0.9868 0.0278
vn 0.4775 0.8542 0.2059
vn 0.1462 0.9850 0.0916
vn 0.0572 0.9961 0.0667
vn 0.0233 -0.9963 0.0831
vn 0.1070 -0.9863 0.1258
vn 0.0934 -0.9848 0.1467
vn 0.0438 -0.9971 0.0623
vn 0.1153 -0.9891 0.0921
vn 0.0375 -0.9978 0.0554
vn 0.4972 -0.7893 0.3603
vn 0.0743 -0.9935 0.0862
vn 0.0951 -0.9892 0.1119
vn 0.0154 -0.9991 0.0386
vn 0.3142 -0.9132 -0.2596
vn 0.5745 -0.7435 -0.3423
vn 0.3253 -0.8958 0.3028
vn 0.2662 -0.8864 0.3786
vn 0.1813 -0.9503 0.2530
vn 0.5065 -0.5074 0.6972
vn -0.0200 -0.9808 0.1941
vn -0.0116 -0.9889 0.1480
vn 0.0157 -0.9982 0.0587
vn 0.0005 -1.0000 -0.0013
vn -0.6617 -0.1860 0.7263
vn -0.1511 -0.9860 -0.0709
vn -0.1543 -0.9877 -0.0270
vn 0.1531 -0.9822 -0.1089
vn 0.6861 -0.6407 -0.3446
vn 0.0875 -0.9838 -0.1562
vn 0.0928 -0.9832 -0.1575
vn 0.0999 0.9841 0.1468
vn 0.1086 0.9862 0.1253
vn 0.0233 0.9963 0.0829
vn 0.1153 0.9891 0.0919
vn 0.4972 0.7893 0.3603
vn 0.2712 0.9502 0.1536
vn 0.0361 0.9976 0.0589
vn 0.2863 0.9284 -0.2367
vn 0.0981 0.9773 0.1879
vn 0.0639 0.9643 0.2572
vn 0.0574 0.9723 0.2266
vn 0.0067 0.9863 0.1651
vn 0.2065 0.9658 -0.1571
vn 0.1258 0.9699 -0.2087
vn 0.1520 0.9472 -0.2822
vn 0.0886 0.9745 -0.2061
vn -0.1146 0.9733 -0.1991
vn -0.0569 0.9956 -0.0742
vn -0.0540 0.9958 -0.0735
vn -0.0402 0.9991 -0.0127
vn -0.0408 0.9991 -0.0096
vn -0.1108 0.9894 0.0940
vn 0.0001 1.0000 -0.0057
vn 0.2409 0.8159 -0.5257
vn 0.3458 0.6058 -0.7165
vn -0.1100 0.9899 -0.0890
vn -0.0920 0.9863 -0.1367
vn -0.0929 0.9956 -0.0136
vn -0.1059 0.9941 -0.0238
vn -0.2101 0.9364 -0.2812
vn -0.1299 0.9741 -0.1852
vn -0.1879 0.9663 -0.1758
vn -0.1180 0.9873 -0.1062
vn -0.5871 0.7802 -0.2157
vn -0.1635 0.9845 -0.0633
vn -0.1496 0.9865 -0.0660
vn -0.1205 0.9898 0.0765
vn 0.0790 0.9962 -0.0368
vn 0.1428 0.9854 -0.0929
s 1
f 42//1 32//2 30//3
f 45//4 46//5 57//6
f 62//7 61//8 49//9
f 60//10 59//11 54//12
f 60//10 54//12 50//13
f 52//14 61//8 58//15
f 62//7 53//16 63//17
f 67//18 192//19 69//20
f 73//21 75//22 74//23
f 111//24 77//25 75//22
f 75//22 80//26 83//27
f 77//25 81//28 80//26
f 77//25 76//29 81//28
f 85//30 82//31 80//26
f 81//28 84//32 85//30
f 85//30 88//33 72//34
f 85//30 84//32 88//33
f 90//35 92//36 94//37
f 93//38 95//39 92//36
f 109//40 105//41 100//42
f 109//40 100//42 97//43
f 104//44 111//24 73//21
f 115//45 112//46 113//47
f 115//45 113//47 104//44
f 117//48 114//49 112//46
f 118//50 116//51 114//49
f 124//52 111//24 112//46
f 112//46 114//49 124//52
f 114//49 116//51 126//53
f 116//51 120//54 127//55
f 129//56 90//35 131//57
f 86//58 81//28 125//59
f 91//60 130//61 131//57
f 131//57 94//37 91//60
f 137//62 134//63 133//64
f 135//65 137//62 133//64
f 139//66 134//63 137//62
f 140//67 137//62 135//65
f 141//68 95//39 93//38
f 142//69 140//67 138//70
f 98//71 38//72 58//15
f 62//7 63//17 143//73
f 144//74 64//75 59//11
f 98//71 61//8 103//76
f 134//63 147//77 144//74
f 153//78 151//79 152//80
f 152//80 134//63 139//66
f 157//81 156//82 158//83
f 156//82 171//84 165//85
f 156//82 162//86 171//84
f 160//87 159//88 161//89
f 162//86 161//89 170//90
f 161//89 159//88 166//91
f 165//85 171//84 168//92
f 161//89 172//93 173//94
f 161//89 166//91 172//93
f 167//95 178//96 163//97
f 169//98 175//99 244//100
f 169//98 168//92 175//99
f 172//93 176//101 177//102
f 178//96 172//93 163//97
f 183//103 154//104 178//96
f 179//105 180//106 181//107
f 155//108 183//103 181//107
f 187//109 186//110 182//111
f 187//109 182//111 214//112
f 189//113 186//110 187//109
f 190//114 187//109 185//115
f 69//20 192//19 191//116
f 71//117 193//118 196//119
f 71//117 72//34 193//118
f 191//116 194//120 157//81
f 196//119 193//118 195//121
f 193//118 201//122 195//121
f 196//119 199//123 160//87
f 196//119 195//121 199//123
f 195//121 201//122 199//123
f 156//82 194//120 162//86
f 199//123 159//88 160//87
f 202//124 203//125 198//126
f 204//127 203//125 202//124
f 167//95 163//97 200//128
f 204//127 183//103 167//95
f 205//129 208//130 207//131
f 205//129 206//132 208//130
f 206//132 210//133 208//130
f 207//131 209//134 179//105
f 207//131 208//130 209//134
f 208//130 210//133 209//134
f 179//105 209//134 180//106
f 214//112 182//111 210//133
f 216//135 185//115 213//136
f 205//129 89//137 86//58
f 207//131 198//126 88//33
f 207//131 88//33 89//137
f 202//124 198//126 207//131
f 221//138 219//139 95//39
f 230//140 229//141 221//138
f 217//142 212//143 220//144
f 228//145 224//146 225//147
f 230//140 95//39 142//69
f 232//148 229//141 231//149
f 234//150 222//151 232//148
f 235//152 232//148 233//153
f 236//154 234//150 235//152
f 236//154 225//147 224//146
f 238//155 236//154 237//156
f 238//155 239//157 225//147
f 273//158 242//159 370//160
f 175//99 174//161 247//162
f 277//163 245//164 250//165
f 247//162 174//161 249//166
f 248//167 278//168 251//169
f 250//165 248//167 254//170
f 258//171 249//166 256//172
f 257//173 254//170 259//174
f 253//175 381//176 260//177
f 241//178 370//160 381//176
f 257//173 263//179 264//180
f 266//181 154//104 155//108
f 265//182 266//181 281//183
f 266//181 269//184 268//185
f 266//181 265//182 269//184
f 271//186 265//182 282//187
f 273//158 241//178 268//185
f 268//185 269//184 273//158
f 275//188 274//189 270//190
f 276//191 269//184 271//186
f 243//192 242//159 273//158
f 276//191 243//192 269//184
f 276//191 274//189 372//193
f 277//163 177//102 245//164
f 176//101 279//194 278//168
f 267//195 279//194 154//104
f 245//164 278//168 248//167
f 278//168 279//194 280//196
f 278//168 280//196 251//169
f 281//183 155//108 184//197
f 282//187 265//182 281//183
f 285//198 282//187 188//199
f 272//200 270//190 285//198
f 384//201 272//200 286//202
f 294//203 292//204 310//205
f 295//206 294//203 310//205
f 297//207 215//208 217//142
f 304//209 301//210 302//211
f 288//212 287//213 300//214
f 310//205 289//215 306//216
f 310//205 306//216 307//217
f 308//218 310//205 307//217
f 311//219 308//218 309//220
f 316//221 226//222 227//223
f 305//224 302//211 315//225
f 318//226 316//221 317//227
f 309//220 305//224 316//221
f 312//228 309//220 318//226
f 325//229 324//230 323//231
f 325//229 320//232 322//233
f 329//234 325//229 322//233
f 329//234 328//235 325//229
f 240//236 330//237 239//157
f 330//237 332//238 319//239
f 322//233 320//232 331//240
f 332//238 322//233 331//240
f 335//241 334//242 322//233
f 334//242 337//243 333//244
f 261//245 264//180 354//246
f 357//247 261//245 356//248
f 354//246 263//179 361//249
f 356//248 354//246 362//250
f 364//251 356//248 363//252
f 358//253 366//254 365//255
f 362//250 361//249 369//256
f 242//159 373//257 374//258
f 379//259 373//257 243//192
f 374//258 371//260 370//160
f 375//261 378//262 372//193
f 379//259 377//263 373//257
f 352//264 371//260 374//258
f 352//264 376//265 377//263
f 560//266 378//262 559//267
f 263//179 259//174 355//268
f 371//260 359//269 381//176
f 384//201 290//270 385//271
f 388//272 383//273 384//201
f 380//274 375//261 383//273
f 394//275 393//276 386//277
f 395//278 394//275 390//279
f 572//280 392//281 398//282
f 398//282 397//283 294//203
f 399//284 398//282 294//203
f 401//285 399//284 400//286
f 404//287 572//280 399//284
f 402//288 401//285 421//289
f 403//290 402//288 421//289
f 405//291 404//287 401//285
f 402//288 414//292 405//291
f 406//293 414//292 403//290
f 409//294 414//292 406//293
f 411//295 409//294 408//296
f 413//297 396//298 404//287
f 413//297 404//287 405//291
f 414//292 413//297 405//291
f 415//299 414//292 409//294
f 410//300 415//299 409//294
f 410//300 409//294 411//295
f 412//301 410//300 411//295
f 417//302 296//303 311//219
f 421//289 400//286 417//302
f 418//304 421//289 417//302
f 422//305 418//304 419//306
f 420//307 425//308 422//305
f 423//309 426//310 425//308
f 427//311 403//290 418//304
f 427//311 418//304 422//305
f 406//293 403//290 427//311
f 407//312 406//293 427//311
f 428//313 407//312 426//310
f 424//314 428//313 426//310
f 430//315 433//316 428//313
f 433//316 440//317 428//313
f 435//318 433//316 431//319
f 432//320 436//321 435//318
f 444//322 443//323 449//324
f 447//325 439//326 434//327
f 451//328 452//329 423//309
f 328//235 327//330 324//230
f 327//330 456//331 455//332
f 465//333 424//314 455//332
f 466//334 465//333 456//331
f 458//335 467//336 457//337
f 471//338 458//335 461//339
f 473//340 470//341 472//342
f 431//319 430//315 466//334
f 476//343 432//320 467//336
f 468//344 477//345 476//343
f 477//345 478//346 486//347
f 470//341 479//348 477//345
f 486//347 437//349 477//345
f 343//350 492//351 342//352
f 496//353 499//354 345//355
f 492//351 504//356 501//357
f 497//358 504//356 492//351
f 504//356 508//359 505//360
f 497//358 509//361 504//356
f 498//362 509//361 497//358
f 498//362 517//363 509//361
f 500//364 517//363 498//362
f 516//365 518//366 513//367
f 517//363 520//368 512//369
f 522//370 500//364 499//354
f 517//363 525//371 520//368
f 522//370 517//363 500//364
f 351//372 352//264 531//373
f 534//374 533//375 531//373
f 535//376 534//374 532//377
f 538//378 540//379 534//374
f 538//378 534//374 535//376
f 541//380 369//256 542//381
f 363//252 362//250 541//380
f 360//382 365//255 544//383
f 544//383 366//254 543//384
f 544//383 543//384 550//385
f 550//385 545//386 542//381
f 547//387 545//386 552//388
f 554//389 553//390 555//391
f 558//392 533//375 536//393
f 551//394 548//395 527//396
f 527//396 547//387 529//397
f 556//398 555//391 557//399
f 560//266 532//377 377//263
f 535//376 532//377 560//266
f 567//400 565//401 393//276
f 567//400 562//402 566//403
f 571//404 568//405 564//406
f 567//400 566//403 700//407
f 573//408 564//406 395//278
f 573//408 395//278 392//281
f 572//280 573//408 392//281
f 575//409 572//280 396//298
f 575//409 576//410 572//280
f 577//411 575//409 413//297
f 578//412 577//411 413//297
f 582//413 578//412 574//414
f 580//415 579//416 575//409
f 582//413 585//417 578//412
f 584//418 701//419 576//410
f 588//420 579//416 580//415
f 586//421 585//417 582//413
f 583//422 586//421 582//413
f 587//423 583//422 581//424
f 589//425 587//423 581//424
f 590//426 574//414 414//292
f 590//426 414//292 415//299
f 591//427 590//426 415//299
f 592//428 591//427 410//300
f 581//424 590//426 591//427
f 612//429 591//427 592//428
f 593//430 416//431 412//301
f 594//432 593//430 412//301
f 416//431 603//433 592//428
f 596//434 595//435 594//432
f 597//436 600//437 599//438
f 600//437 609//439 608//440
f 601//441 627//442 609//439
f 608//440 605//443 599//438
f 606//444 609//439 627//442
f 611//445 606//444 602//446
f 608//440 613//447 605//443
f 608//440 621//448 616//449
f 615//450 610//451 606//444
f 614//452 621//448 609//439
f 618//453 614//452 610//451
f 616//449 621//448 620//454
f 594//432 412//301 439//326
f 596//434 594//432 445//455
f 597//436 596//434 445//455
f 625//456 628//457 624//458
f 518//366 516//365 631//459
f 516//365 521//460 632//461
f 631//459 516//365 632//461
f 631//459 632//461 635//462
f 636//463 632//461 633//464
f 635//462 632//461 641//465
f 522//370 642//466 634//467
f 639//468 641//465 643//469
f 648//470 647//471 650//472
f 645//473 651//474 638//475
f 644//476 651//474 655//477
f 657//478 651//474 656//479
f 657//478 660//480 651//474
f 662//481 529//397 665//482
f 665//482 529//397 668//483
f 672//484 666//485 677//486
f 678//487 673//488 671//489
f 672//484 783//490 676//491
f 680//492 674//493 679//494
f 683//495 685//496 537//497
f 682//498 681//499 539//500
f 685//496 682//498 540//379
f 685//496 540//379 538//378
f 689//501 687//502 682//498
f 695//503 690//504 688//505
f 695//503 691//506 690//504
f 816//507 694//508 687//502
f 697//509 691//506 695//503
f 663//510 557//399 699//511
f 699//511 693//512 675//513
f 692//514 684//515 569//516
f 704//517 703//518 571//404
f 701//419 704//517 571//404
f 706//519 700//407 703//518
f 706//519 698//520 700//407
f 709//521 698//520 706//519
f 707//522 705//523 701//419
f 712//524 709//521 704//517
f 713//525 712//524 704//517
f 710//526 705//523 707//522
f 711//527 698//520 709//521
f 715//528 717//529 585//417
f 729//530 583//422 587//423
f 718//531 702//532 584//418
f 583//422 729//530 716//533
f 723//534 716//533 729//530
f 722//535 719//536 717//529
f 725//537 720//538 721//539
f 723//534 725//537 721//539
f 724//540 708//541 719//536
f 840//542 722//535 725//537
f 726//543 840//542 725//537
f 734//544 729//530 589//425
f 732//545 730//546 731//547
f 738//548 737//549 730//546
f 735//550 733//551 734//544
f 740//552 744//553 739//554
f 741//555 726//543 723//534
f 745//556 743//557 736//558
f 739//554 746//559 745//556
f 621//448 750//560 620//454
f 752//561 727//562 747//563
f 752//561 728//564 727//562
f 748//565 730//546 728//564
f 779//566 780//567 781//568
f 676//491 783//490 785//569
f 777//570 784//571 678//487
f 792//572 787//573 785//569
f 801//574 784//571 800//575
f 799//576 788//577 798//578
f 797//579 801//574 808//580
f 800//575 777//570 781//568
f 813//581 957//582 812//583
f 697//509 696//584 691//506
f 816//507 815//585 694//508
f 821//586 696//584 697//509
f 822//587 819//588 696//584
f 782//589 780//567 815//585
f 819//588 782//589 815//585
f 823//590 821//586 818//591
f 964//592 782//589 819//588
f 826//593 711//527 712//524
f 713//525 826//593 712//524
f 829//594 824//595 714//596
f 830//597 827//598 713//525
f 837//599 824//595 829//594
f 835//600 837//599 829//594
f 838//601 835//600 832//602
f 726//543 825//603 840//542
f 848//604 726//543 741//555
f 847//605 851//606 846//607
f 843//608 847//605 745//556
f 854//609 841//610 848//604
f 852//611 854//609 848//604
f 850//612 855//613 849//614
f 858//615 854//609 852//611
f 856//616 860//617 855//613
f 857//618 838//601 833//619
f 859//620 864//621 858//615
f 857//618 839//622 838//601
f 858//615 871//623 857//618
f 882//624 884//625 889//626
f 896//627 894//628 895//629
f 912//630 894//628 911//631
f 912//630 905//632 894//628
f 774//633 917//634 915//635
f 917//634 774//633 776//636
f 914//637 916//638 919//639
f 811//640 921//641 918//642
f 918//642 925//643 926//644
f 921//641 928//645 925//643
f 924//646 927//647 922//648
f 926//644 925//643 927//647
f 930//649 925//643 928//645
f 937//650 931//651 932//652
f 939//653 894//628 934//654
f 940//655 935//656 936//657
f 940//655 936//657 937//650
f 953//658 940//655 941//659
f 780//567 782//589 944//660
f 944//660 947//661 945//662
f 949//663 950//664 963//665
f 949//663 952//666 950//664
f 953//658 941//659 952//666
f 810//667 918//642 916//638
f 959//668 921//641 955//669
f 943//670 945//662 960//671
f 962//672 932//652 961//673
f 946//674 961//673 960//671
f 963//665 962//672 946//674
f 938//675 933//676 963//665
f 941//659 938//675 950//664
f 967//677 964//592 822//587
f 964//592 967//677 951//678
f 951//678 948//679 964//592
f 972//680 968//681 965//682
f 969//683 972//680 823//590
f 975//684 836//685 831//686
f 838//601 973//687 835//600
f 970//688 820//689 834//690
f 984//691 834//690 827//598
f 979//692 976//693 977//694
f 981//695 978//696 836//685
f 984//691 970//688 834//690
f 4305//697 981//695 980//698
f 839//622 974//699 838//601
f 983//700 982//701 988//702
f 878//703 995//704 875//705
f 878//703 879//706 998//707
f 1007//708 1006//709 991//710
f 1002//711 1007//708 1000//712
f 1003//713 1002//711 1001//714
f 1009//715 1004//716 997//717
f 1014//718 1006//709 1007//708
f 1010//719 1014//718 1007//708
f 1002//711 1010//719 1007//708
f 1003//713 1008//720 1002//711
f 1008//720 1003//713 1013//721
f 1014//718 988//702 1006//709
f 1012//722 1011//723 1010//719
f 1015//724 989//725 988//702
f 1016//726 1017//727 1015//724
f 1017//727 1018//728 989//725
f 1020//729 1022//730 998//707
f 1025//731 1021//732 1026//733
f 1031//734 1013//721 1025//731
f 1027//735 1033//736 1026//733
f 1031//734 1039//737 1012//722
f 1032//738 1039//737 1031//734
f 1035//739 1034//740 1033//736
f 1034//740 1035//739 1042//741
f 1032//738 1043//742 1039//737
f 1045//743 1047//744 1044//745
f 1042//741 1037//746 1049//747
f 1048//748 1045//743 1034//740
f 1052//749 1060//750 1045//743
f 1060//750 1052//749 1053//751
f 1057//752 1061//753 1055//754
f 1091//755 1092//756 1087//757
f 1089//758 1084//759 1095//760
f 1089//758 1095//760 1090//761
f 1092//756 1091//755 1096//762
f 1096//762 1097//763 1093//764
f 1094//765 1093//764 1097//763
f 1095//760 1094//765 1105//766
f 1098//767 1095//760 1105//766
f 1104//768 1103//769 1106//770
f 1097//763 1104//768 1108//771
f 1094//765 1097//763 1110//772
f 1113//773 1114//774 1106//770
f 1114//774 1118//775 1107//776
f 1110//772 1109//777 1121//778
f 1111//779 1110//772 1121//778
f 1120//780 1119//781 1101//782
f 1123//783 1116//784 1126//785
f 1145//786 74//23 1144//787
f 1139//788 1150//789 1141//790
f 1141//790 1146//791 1142//792
f 1146//791 1150//789 1154//793
f 1154//793 1151//794 1147//795
f 1151//794 1154//793 1153//796
f 1165//797 104//44 1137//798
f 1166//799 1165//797 1175//800
f 1166//799 1175//800 1176//801
f 1167//802 1166//799 1176//801
f 1178//803 1174//804 1179//805
f 1174//804 1138//806 1140//807
f 1140//807 1141//790 1183//808
f 1185//809 1189//810 1190//811
f 1187//812 1190//811 1191//813
f 1190//811 1192//814 1193//815
f 1195//816 1192//814 1156//817
f 1122//818 1125//819 1199//820
f 1123//783 1131//821 1203//822
f 1127//823 1123//783 1203//822
f 1198//824 1129//825 1200//826
f 1199//820 1125//819 1201//827
f 1206//828 1205//829 1207//830
f 1127//823 1203//822 1212//831
f 1213//832 1203//822 1209//833
f 1212//831 1203//822 1214//834
f 1209//833 1215//835 1213//832
f 1215//835 1191//813 1194//836
f 1292//837 1213//832 1197//838
f 1216//839 1214//834 1217//840
f 1197//838 1215//835 1196//841
f 158//83 1220//842 1218//843
f 1223//844 1227//845 1221//846
f 1224//847 1225//848 1222//849
f 1227//845 1230//850 1224//847
f 1231//851 164//852 169//98
f 1223//844 1231//851 1229//853
f 1230//850 1233//854 1225//848
f 1233//854 1326//855 1226//856
f 1232//857 1325//858 1230//850
f 1228//859 1328//860 1257//861
f 1134//862 1237//863 1136//864
f 1237//863 1246//865 1238//866
f 1238//866 1136//864 1237//863
f 1238//866 1244//867 1153//796
f 1242//868 1243//869 1237//863
f 1246//865 1237//863 1243//869
f 1246//865 1247//870 1244//867
f 1244//867 1248//871 1239//872
f 1241//873 1240//874 1219//875
f 1219//875 1221//846 1242//868
f 1242//868 1245//876 1243//869
f 1245//876 1222//849 1246//865
f 1246//865 1243//869 1245//876
f 1246//865 1251//877 1247//870
f 1251//877 1249//878 1248//871
f 1250//879 1248//871 1252//880
f 1254//881 1258//882 1255//883
f 1261//884 1256//885 1259//886
f 1260//887 1258//882 1235//888
f 1261//884 1259//886 1260//887
f 1276//889 1261//884 1262//890
f 1260//887 1235//888 1339//891
f 1263//892 1260//887 1339//891
f 1261//884 1260//887 1263//892
f 1262//890 1261//884 1264//893
f 1267//894 1155//895 1265//896
f 1268//897 1156//817 1267//894
f 1270//898 1268//897 1269//899
f 1253//900 1255//883 1271//901
f 1275//902 1270//898 1274//903
f 1276//889 1272//904 1256//885
f 1275//902 1274//903 1277//905
f 1278//906 1275//902 1277//905
f 1276//889 1256//885 1261//884
f 1280//907 1276//889 1262//890
f 1279//908 1277//905 1281//909
f 1282//910 1279//908 1283//911
f 1284//912 1195//816 1268//897
f 1197//838 1196//841 1284//912
f 1285//913 1284//912 1270//898
f 1285//913 1273//914 1286//915
f 1286//915 1197//838 1285//913
f 1273//914 1285//913 1275//902
f 1278//906 1273//914 1275//902
f 1287//916 1273//914 1278//906
f 1288//917 1282//910 1290//918
f 1373//919 1282//910 1283//911
f 1292//837 1197//838 1286//915
f 1294//920 1292//837 1286//915
f 1293//921 1217//840 1294//920
f 1294//920 1286//915 1287//916
f 1296//922 1293//921 1295//923
f 1295//923 1294//920 1289//924
f 1297//925 1296//922 1295//923
f 1298//926 1295//923 1290//918
f 1229//853 1301//927 1302//928
f 1306//929 1311//930 1325//858
f 246//931 1310//932 1305//933
f 1310//932 246//931 252//934
f 1309//935 1316//936 1306//929
f 1304//937 1312//938 1307//939
f 1329//940 1307//939 1313//941
f 1309//935 1308//942 1315//943
f 1312//938 1318//944 1321//945
f 1313//941 1312//938 1322//946
f 1314//947 1408//948 1319//949
f 1317//950 1320//951 1425//952
f 1425//952 1427//953 1318//944
f 1323//954 1313//941 1322//946
f 244//100 1301//927 1231//851
f 1328//860 1234//955 1327//956
f 1303//957 1306//929 1325//858
f 1325//858 1304//937 1326//855
f 1235//888 1330//958 1331//959
f 1333//960 1329//940 1313//941
f 1332//961 1333//960 1335//962
f 1337//963 1332//961 1335//962
f 1342//964 1332//961 1337//963
f 1333//960 1313//941 1323//954
f 1432//965 1335//962 1324//966
f 1337//963 1335//962 1432//965
f 1336//967 1334//968 1338//969
f 1342//964 1339//891 1332//961
f 1263//892 1339//891 1342//964
f 1264//893 1263//892 1343//970
f 1340//971 1264//893 1343//970
f 1341//972 1340//971 1345//973
f 1344//974 1343//970 1334//968
f 1347//975 1341//972 1351//976
f 1351//976 1345//973 1442//977
f 1346//978 1351//976 1350//979
f 1349//980 1346//978 1350//979
f 1283//911 1281//909 1356//981
f 1358//982 1283//911 1357//983
f 1357//983 1347//975 1346//978
f 1360//984 1357//983 1346//978
f 1363//985 1362//986 1375//987
f 1363//985 1361//988 1355//989
f 1365//990 1363//985 1364//991
f 1367//992 1364//991 1354//993
f 1366//994 1364//991 1367//992
f 1374//995 1373//919 1375//987
f 1379//996 1362//986 1378//997
f 1378//997 1377//998 1380//999
f 1377//998 1365//990 1382//1000
f 1384//1001 1381//1002 1368//1003
f 1384//1001 1387//1004 1388//1005
f 1385//1006 1389//1007 1390//1008
f 1393//1009 1374//995 1376//1010
f 1299//1011 1393//1009 1394//1012
f 1379//996 1395//1013 1396//1014
f 1397//1015 1393//1009 1379//996
f 1398//1016 1397//1015 1396//1014
f 1395//1013 1379//996 1380//999
f 1400//1017 1396//1014 1399//1018
f 1404//1019 1400//1017 1403//1020
f 1401//1021 1400//1017 1404//1019
f 1392//1022 1386//1023 1391//1024
f 1407//1025 1416//1026 1408//948
f 1427//953 1409//1027 1417//1028
f 1417//1028 1413//1029 1411//1030
f 1410//1031 1412//1032 1418//1033
f 1413//1029 1421//1034 1414//1035
f 1415//1036 1423//1037 1416//1026
f 1419//1038 1418//1033 1576//1039
f 1427//953 1411//1030 1321//945
f 1322//946 1321//945 1426//1040
f 1429//1041 1322//946 1426//1040
f 1320//951 1409//1027 1425//952
f 1428//1042 1426//1040 1414//1035
f 1430//1043 1322//946 1429//1041
f 1324//966 1323//954 1430//1043
f 1430//1043 1429//1041 1431//1044
f 1431//1044 1429//1041 1428//1042
f 1324//966 1431//1044 1434//1045
f 1436//1046 1324//966 1434//1045
f 1432//965 1324//966 1436//1046
f 1424//1047 1591//1048 1435//1049
f 1433//1050 1436//1046 1438//1051
f 1437//1052 1433//1050 1438//1051
f 1338//969 1337//963 1432//965
f 1442//977 1336//967 1441//1053
f 1338//969 1432//965 1433//1050
f 1442//977 1441//1053 1444//1054
f 1443//1055 1442//977 1444//1054
f 1450//1056 1451//1057 1447//1058
f 1444//1054 1445//1059 1440//1060
f 1443//1055 1444//1054 1440//1060
f 1355//989 1353//1061 1450//1056
f 1452//1062 1354//993 1454//1063
f 1455//1064 1453//1065 1456//1066
f 1494//1067 1455//1064 1457//1068
f 1494//1067 1457//1068 1460//1069
f 1460//1069 1457//1068 1462//1070
f 1462//1070 1458//1071 1619//1072
f 1459//1073 1464//1074 1461//1075
f 1466//1076 1469//1077 1467//1078
f 1470//1079 1479//1080 1535//1081
f 1472//1082 1479//1080 1470//1079
f 1474//1083 1482//1084 1471//1085
f 1472//1082 1477//1086 1479//1080
f 1475//1087 1477//1086 1472//1082
f 1479//1080 1486//1088 1480//1089
f 1480//1089 1478//1090 1473//1091
f 1479//1080 1480//1089 1535//1081
f 1483//1092 1477//1086 1475//1087
f 1477//1086 1484//1093 1476//1094
f 1476//1094 1486//1088 1479//1080
f 443//323 1485//1095 450//1096
f 443//323 1478//1090 1485//1095
f 1488//1097 1371//1098 1369//1099
f 1488//1097 1370//1100 1453//1065
f 1540//1101 1490//1102 1489//1103
f 1491//1104 1487//1105 1455//1064
f 1489//1103 1492//1106 1499//1107
f 1491//1104 1455//1064 1494//1067
f 1491//1104 1493//1108 1495//1109
f 1495//1109 1493//1108 1492//1106
f 1495//1109 1492//1106 1489//1103
f 1492//1106 1466//1076 1465//1110
f 1492//1106 1465//1110 1499//1107
f 1466//1076 1493//1108 1468//1111
f 1493//1108 1461//1075 1468//1111
f 1461//1075 1449//1112 1474//1083
f 1501//1113 1496//1114 1500//1115
f 1372//1116 1497//1117 1501//1113
f 1372//1116 1502//1118 1504//1119
f 1502//1118 1508//1120 1503//1121
f 1516//1122 1514//1123 1513//1124
f 1516//1122 1515//1125 1505//1126
f 1519//1127 1517//1128 1518//1129
f 1521//1130 1518//1129 1520//1131
f 1507//1132 1519//1127 1521//1130
f 1512//1133 1470//1079 1515//1125
f 1529//1134 1528//1135 1527//1136
f 1518//1129 1517//1128 1528//1135
f 1535//1081 1473//1091 1536//1137
f 488//1138 1527//1136 1536//1137
f 1371//1098 1490//1102 1540//1101
f 1388//1005 1387//1004 1540//1101
f 1389//1007 1496//1114 1497//1117
f 1372//1116 1390//1008 1497//1117
f 1540//1101 1489//1103 1541//1139
f 1541//1139 1499//1107 1500//1115
f 1543//1140 1498//1141 1504//1119
f 1545//1142 1498//1141 1544//1143
f 1544//1143 1543//1140 1547//1144
f 1546//1145 1549//1146 1563//1147
f 1572//1148 1546//1145 1563//1147
f 1550//1149 1572//1148 1559//1150
f 1572//1148 1563//1147 1566//1151
f 519//1152 1537//1153 491//1154
f 1561//1155 1539//1156 1564//1157
f 1558//1158 1557//1159 1569//1160
f 1537//1153 519//1152 1567//1161
f 1564//1157 1538//1162 1568//1163
f 1557//1159 1562//1164 1569//1160
f 1559//1150 1566//1151 1675//1165
f 1542//1166 1570//1167 1392//1022
f 1546//1145 1571//1168 1542//1166
f 1404//1019 1405//1169 1555//1170
f 1405//1169 1572//1148 1550//1149
f 1574//1171 1704//1172 1573//1173
f 1586//1174 1573//1173 1704//1172
f 1421//1034 1577//1175 1578//1176
f 1423//1037 1422//1177 1579//1178
f 1577//1175 1576//1039 1584//1179
f 1578//1176 1580//1180 1587//1181
f 1582//1182 1573//1173 1579//1178
f 1573//1173 1586//1174 1583//1183
f 1580//1180 1584//1179 1588//1184
f 1587//1181 1580//1180 1588//1184
f 1584//1179 1585//1185 1589//1186
f 1588//1184 1584//1179 1589//1186
f 1585//1185 1586//1174 1575//1187
f 1589//1186 1585//1185 1575//1187
f 1587//1181 1588//1184 1590//1188
f 1591//1048 1578//1176 1593//1189
f 1591//1048 1595//1190 1592//1191
f 1598//1192 1595//1190 1600//1193
f 1726//1194 1600//1193 1602//1195
f 1598//1192 1600//1193 1726//1194
f 1601//1196 1598//1192 1603//1197
f 1445//1059 1439//1198 1614//1199
f 1604//1200 1592//1191 1598//1192
f 1607//1201 1608//1202 1611//1203
f 1623//1204 1610//1205 1736//1206
f 1447//1058 1618//1207 1623//1204
f 1619//1072 1446//1208 1625//1209
f 1621//1210 1619//1072 1627//1211
f 1625//1209 1622//1212 1613//1213
f 1624//1214 1630//1215 1628//1216
f 1629//1217 1625//1209 1631//1218
f 1627//1211 1629//1217 1633//1219
f 1777//1220 1630//1215 1624//1214
f 1666//1221 1628//1216 1634//1222
f 1641//1223 1647//1224 1637//1225
f 1641//1223 1637//1225 1638//1226
f 1640//1227 1646//1228 1642//1229
f 1642//1229 1651//1230 1641//1223
f 1645//1231 1653//1232 1644//1233
f 1650//1234 1649//1235 1651//1230
f 1650//1234 1651//1230 1642//1229
f 1647//1224 1655//1236 1653//1232
f 1651//1230 1655//1236 1647//1224
f 1653//1232 1652//1237 1648//1238
f 1654//1239 1658//1240 1650//1234
f 1654//1239 1650//1234 1646//1228
f 1656//1241 1655//1236 1651//1230
f 1653//1232 1657//1242 1652//1237
f 1661//1243 1655//1236 1656//1241
f 1662//1244 1657//1242 1653//1232
f 1661//1243 1662//1244 1655//1236
f 1462//1070 1619//1072 1621//1210
f 1460//1069 1462//1070 1620//1245
f 1460//1069 1664//1246 1463//1247
f 1663//1248 1664//1246 1460//1069
f 1664//1246 1665//1249 1464//1074
f 1664//1246 1464//1074 1463//1247
f 1464//1074 1640//1227 1635//1250
f 1628//1216 1664//1246 1663//1248
f 1664//1246 1666//1221 1665//1249
f 1665//1249 1646//1228 1640//1227
f 1665//1249 1640//1227 1464//1074
f 1667//1251 1654//1239 1646//1228
f 1667//1251 1646//1228 1665//1249
f 1666//1221 1634//1222 1667//1251
f 1634//1222 1617//1252 1654//1239
f 1634//1222 1654//1239 1667//1251
f 1481//1253 1668//1254 1482//1084
f 1669//1255 1672//1256 1484//1093
f 1669//1255 1477//1086 1483//1092
f 1669//1255 1484//1093 1477//1086
f 1639//1257 1638//1226 1668//1254
f 1639//1257 1668//1254 1481//1253
f 1637//1225 1672//1256 1669//1255
f 1672//1256 1671//1258 1670//1259
f 1645//1231 1644//1233 1672//1256
f 630//1260 1643//1261 602//446
f 1569//1160 1562//1164 1679//1262
f 1680//1263 1682//1264 1687//1265
f 1677//1266 1692//1267 1693//1268
f 1693//1268 1692//1267 1696//1269
f 1689//1270 1693//1268 1698//1271
f 1694//1272 1689//1270 1698//1271
f 1694//1272 1698//1271 1702//1273
f 1707//1274 1710//1275 1713//1276
f 1706//1277 1707//1274 1711//1278
f 1712//1279 1708//1280 1714//1281
f 1711//1278 1716//1282 1720//1283
f 1713//1276 1719//1284 1812//1285
f 1718//1286 1717//1287 1813//1288
f 1590//1188 1588//1184 1721//1289
f 1724//1290 1721//1289 1727//1291
f 1740//1292 1734//1293 1735//1294
f 1732//1295 1844//1296 1851//1297
f 1733//1298 1732//1295 1851//1297
f 1614//1199 1611//1203 1739//1299
f 1736//1206 1616//1300 1737//1301
f 1609//1302 1739//1299 1740//1292
f 1737//1301 1609//1302 1740//1292
f 1736//1206 1737//1301 1745//1303
f 1738//1304 1615//1305 1741//1306
f 1745//1303 1737//1301 1742//1307
f 1739//1299 1729//1308 1734//1293
f 1745//1303 1742//1307 1750//1309
f 1743//1310 1741//1306 1748//1311
f 1749//1312 1746//1313 1744//1314
f 1747//1315 1740//1292 1735//1294
f 1748//1311 1741//1306 1753//1316
f 1749//1312 1752//1317 1746//1313
f 1756//1318 1755//1319 1617//1252
f 1762//1320 1757//1321 1755//1319
f 1761//1322 1766//1323 1763//1324
f 1761//1322 1763//1324 1757//1321
f 1760//1325 1764//1326 1759//1327
f 1770//1328 1764//1326 1758//1329
f 1772//1330 740//552 1767//1331
f 1768//1332 1774//1333 1772//1330
f 1879//1334 1771//1335 1764//1326
f 1773//1336 1880//1337 1768//1332
f 1776//1338 1634//1222 1630//1215
f 1778//1339 1617//1252 1634//1222
f 1775//1340 1613//1213 1738//1304
f 1633//1219 1775//1340 1779//1341
f 1778//1339 1634//1222 1758//1329
f 1779//1341 1775//1340 1744//1314
f 1781//1342 1780//1343 1776//1338
f 1781//1342 1776//1338 1777//1220
f 1780//1343 1782//1344 1776//1338
f 1781//1342 1783//1345 1780//1343
f 1780//1343 1784//1346 1782//1344
f 1782//1344 1770//1328 1758//1329
f 1860//1347 1783//1345 1781//1342
f 1783//1345 1784//1346 1780//1343
f 1784//1346 1770//1328 1782//1344
f 1783//1345 1877//1348 1784//1346
f 1784//1346 1769//1349 1770//1328
f 1920//1350 1877//1348 1783//1345
f 1877//1348 1769//1349 1784//1346
f 1785//1351 1787//1352 1661//1243
f 1660//1353 1658//1240 1755//1319
f 1788//1354 1662//1244 1661//1243
f 1787//1352 1788//1354 1661//1243
f 1789//1355 1788//1354 1787//1352
f 1787//1352 1763//1324 755//1356
f 1787//1352 755//1356 1789//1355
f 755//1356 1790//1357 738//548
f 1789//1355 755//1356 754//1358
f 1763//1324 1790//1357 755//1356
f 1717//1287 1714//1281 1814//1359
f 1815//1360 1818//1361 1819//1362
f 1813//1288 1816//1363 1822//1364
f 1846//1365 1822//1364 1827//1366
f 1825//1367 1824//1368 1835//1369
f 1816//1363 1821//1370 1837//1371
f 1835//1369 1832//1372 1840//1373
f 1836//1374 1835//1369 1841//1375
f 1845//1376 1822//1364 1846//1365
f 1847//1377 1846//1365 1997//1378
f 1849//1379 1733//1298 1853//1380
f 1851//1297 1844//1296 1845//1376
f 1851//1297 1848//1381 1853//1380
f 1852//1382 1849//1379 1856//1383
f 1854//1384 1735//1294 1857//1385
f 1855//1386 1853//1380 2005//1387
f 1856//1383 1855//1386 2007//1388
f 1753//1316 1750//1309 1858//1389
f 1752//1317 1751//1390 1861//1391
f 1858//1389 1850//1392 1863//1393
f 1864//1394 1753//1316 1867//1395
f 1871//1396 1865//1397 1870//1398
f 1869//1399 1870//1398 1862//1400
f 1870//1398 1875//1401 1876//1402
f 1880//1337 1774//1333 1768//1332
f 844//1403 1774//1333 1881//1404
f 1882//1405 1879//1334 1769//1349
f 1878//1406 1880//1337 1771//1335
f 1886//1407 1881//1404 1880//1337
f 1883//1408 1877//1348 1921//1409
f 1887//1410 1884//1411 1878//1406
f 1893//1412 1921//1409 1890//1413
f 1888//1414 1921//1409 1893//1412
f 1905//1415 1894//1416 1901//1417
f 1908//1418 1899//1419 1900//1420
f 1866//1421 1921//1409 1860//1347
f 1890//1413 1866//1421 1871//1396
f 1898//1422 1871//1396 1876//1402
f 1922//1423 1923//1424 1924//1425
f 1923//1424 1922//1423 1929//1426
f 1938//1427 1930//1428 1936//1429
f 1953//1430 1946//1431 1952//1432
f 1954//1433 1955//1434 1956//1435
f 1958//1436 1959//1437 1955//1434
f 1960//1438 1961//1439 1962//1440
f 1959//1437 1958//1436 1962//1440
f 1964//1441 1957//1442 1966//1443
f 1968//1444 1964//1441 1967//1445
f 1961//1439 1960//1438 1924//1425
f 1930//1428 1938//1427 1971//1446
f 1971//1446 1974//1447 1972//1448
f 1980//1449 1973//1450 1976//1451
f 1979//1452 1975//1453 1978//1454
f 1980//1449 1976//1451 1979//1452
f 1810//1455 1957//1442 1838//1456
f 1841//1375 1840//1373 1982//1457
f 1985//1458 1839//1459 1964//1441
f 1983//1460 1842//1461 1987//1462
f 1988//1463 1984//1464 1990//1465
f 1990//1465 1987//1462 1993//1466
f 1992//1467 1970//1468 1973//1450
f 1994//1469 1992//1467 1980//1449
f 1998//1470 1847//1377 1999//1471
f 1999//1471 1988//1463 2001//1472
f 1999//1471 2001//1472 1998//1470
f 2003//1473 2002//1474 1995//1475
f 1995//1475 1996//1476 2004//1477
f 1857//1385 1856//1383 2008//1478
f 2005//1387 1998//1470 2000//1479
f 2007//1388 2005//1387 2009//1480
f 2008//1478 2007//1388 2011//1481
f 2009//1480 2000//1479 2003//1473
f 1873//1482 1864//1394 2016//1483
f 2015//1484 1898//1422 1876//1402
f 1873//1482 2016//1483 2018//1485
f 2017//1486 1874//1487 2019//1488
f 2016//1483 1867//1395 2021//1489
f 2019//1488 2022//1490 2020//1491
f 1872//1492 1854//1384 2010//1493
f 2019//1488 2018//1485 2024//1494
f 2021//1489 1872//1492 2014//1495
f 2022//1490 2029//1496 2027//1497
f 2030//1498 1908//1418 1898//1422
f 2030//1498 1898//1422 2015//1484
f 2031//1499 1908//1418 2030//1498
f 1919//1500 2036//1501 1918//1502
f 2037//1503 1915//1504 1916//1505
f 2038//1506 2036//1501 1919//1500
f 2042//1507 2047//1508 2048//1509
f 2054//1510 2058//1511 2055//1512
f 2054//1510 2057//1513 2058//1511
f 2055//1512 2058//1511 2059//1514
f 2092//1515 2061//1516 2058//1511
f 2058//1511 2062//1517 2092//1515
f 2027//1497 2063//1518 2057//1513
f 2057//1513 2063//1518 2062//1517
f 2044//1519 2039//1520 2036//1501
f 2064//1521 2044//1519 2038//1506
f 999//1522 2039//1520 2065//1523
f 2067//1524 2065//1523 2066//1525
f 2071//1526 2049//1527 2042//1507
f 2068//1528 2067//1524 2064//1521
f 2073//1529 2069//1530 2070//1531
f 2075//1532 2073//1529 2074//1533
f 2085//1534 2080//1535 2056//1536
f 2075//1532 2072//1537 2081//1538
f 5398//1539 2094//1540 2093//1541
f 2114//1542 3//1543 4//1544
f 23//1545 24//1546 2132//1547
f 2133//1548 2138//1549 2124//1550
f 2146//1551 2138//1549 2133//1548
f 2139//1552 2146//1551 2133//1548
f 2143//1553 2139//1552 2140//1554
f 2143//1553 2150//1555 2139//1552
f 2149//1556 2155//1557 2145//1558
f 2156//1559 2150//1555 2151//1560
f 2156//1559 2160//1561 2150//1555
f 2160//1561 2164//1562 2159//1563
f 2167//1564 2166//1565 2158//1566
f 2158//1566 2166//1565 2155//1557
f 2177//1567 66//1568 2154//1569
f 2171//1570 2168//1571 2160//1561
f 2174//1572 2165//1573 2169//1574
f 2168//1571 2170//1575 2164//1562
f 2178//1576 2175//1577 2176//1578
f 2179//1579 2180//1580 2191//1581
f 2182//1582 2181//1583 2180//1580
f 2186//1584 2185//1585 2182//1582
f 2192//1586 2191//1581 2170//1575
f 2170//1575 2191//1581 2167//1564
f 2172//1587 2194//1588 2171//1570
f 2179//1579 2191//1581 2192//1586
f 2197//1589 2192//1586 2168//1571
f 2194//1588 2197//1589 2168//1571
f 2200//1590 2179//1579 2192//1586
f 2204//1591 2186//1584 2187//1592
f 2206//1593 2204//1591 2188//1594
f 2205//1595 2206//1593 2188//1594
f 2240//1596 2234//1597 2236//1598
f 2228//1599 2229//1600 2231//1601
f 2188//1594 2184//1602 2240//1596
f 2238//1603 2237//1604 2227//1605
f 2233//1606 2232//1607 2243//1608
f 2239//1609 2233//1606 2244//1610
f 2244//1610 2233//1606 2243//1608
f 2244//1610 2243//1608 2246//1611
f 2246//1611 2245//1612 2247//1613
f 2249//1614 2239//1609 2250//1615
f 2250//1615 2244//1610 2251//1616
f 2251//1616 2252//1617 2253//1618
f 2254//1619 2249//1614 2255//1620
f 2241//1621 2242//1622 2205//1595
f 2254//1619 2298//1623 2248//1624
f 2256//1625 2251//1616 2259//1626
f 2262//1627 2259//1626 2263//1628
f 2185//1585 2265//1629 2181//1583
f 2189//1630 2266//1631 2185//1585
f 2265//1629 233//153 231//149
f 2266//1631 2267//1632 2265//1629
f 2267//1632 2268//1633 233//153
f 2268//1633 237//156 235//152
f 2269//1634 2270//1635 237//156
f 2271//1636 238//155 2270//1635
f 2275//1637 2279//1638 2266//1631
f 2277//1639 2280//1640 2275//1637
f 2280//1640 2281//1641 2279//1638
f 2281//1641 2282//1642 2269//1634
f 2242//1622 2273//1643 2205//1595
f 2273//1643 2276//1644 2272//1645
f 2276//1644 2278//1646 2272//1645
f 2300//1647 2288//1648 2285//1649
f 2289//1650 2287//1651 2286//1652
f 2288//1648 2289//1650 2286//1652
f 2290//1653 2277//1639 2278//1646
f 2287//1651 2290//1653 2278//1646
f 2289//1650 2291//1654 2287//1651
f 2293//1655 2296//1656 2281//1641
f 2257//1657 2299//1658 2254//1619
f 2299//1658 2300//1647 2298//1623
f 2288//1648 2292//1659 2289//1650
f 2301//1660 2291//1654 2289//1650
f 2324//1661 2302//1662 2322//1663
f 2304//1664 2294//1665 2291//1654
f 2301//1660 2304//1664 2291//1654
f 2305//1666 2301//1660 2292//1659
f 2302//1662 2305//1666 2292//1659
f 2303//1667 2306//1668 2302//1662
f 2304//1664 2307//1669 2294//1665
f 2301//1660 2308//1670 2304//1664
f 2305//1666 2308//1670 2301//1660
f 2299//1658 2257//1657 2310//1671
f 2310//1671 2312//1672 2299//1658
f 2310//1671 2258//1673 2313//1674
f 2313//1674 2261//1675 2314//1676
f 2314//1676 2263//1628 2315//1677
f 2312//1672 2300//1647 2299//1658
f 2317//1678 2310//1671 2318//1679
f 2318//1679 2313//1674 2319//1680
f 2312//1672 2322//1663 2300//1647
f 2318//1679 2319//1680 2320//1681
f 2323//1682 2324//1661 2322//1663
f 2325//1683 2323//1682 2317//1678
f 2318//1679 2325//1683 2317//1678
f 2315//1677 2316//1684 2326//1685
f 2325//1683 2327//1686 2333//1687
f 2333//1687 2329//1688 2336//1689
f 2337//1690 2331//1691 2338//1692
f 2332//1693 2339//1694 2303//1667
f 2340//1695 2332//1693 2335//1696
f 2335//1696 2333//1687 2341//1697
f 2271//1636 2344//1698 240//236
f 330//237 240//236 2344//1698
f 332//238 330//237 2345//1699
f 2348//1700 335//241 2349//1701
f 2349//1701 332//238 2346//1702
f 2355//1703 2348//1700 2350//1704
f 2358//1705 2357//1706 2350//1704
f 2367//1707 2369//1708 2366//1709
f 2368//1710 2370//1711 2367//1707
f 2370//1711 2371//1712 2369//1708
f 2372//1713 2347//1714 2369//1708
f 2372//1713 2369//1708 2371//1712
f 2372//1713 2373//1715 2347//1714
f 2373//1715 2372//1713 2374//1716
f 2375//1717 2456//1718 2351//1719
f 2381//1720 2371//1712 2370//1711
f 2382//1721 2383//1722 2381//1720
f 2388//1723 2389//1724 2387//1725
f 2402//1726 2389//1724 2388//1723
f 2378//1727 2374//1716 2371//1712
f 2308//1670 2394//1728 2304//1664
f 2395//1729 2397//1730 2308//1670
f 2307//1669 2385//1731 2296//1656
f 2397//1730 2396//1732 2308//1670
f 2394//1728 2399//1733 2385//1731
f 2406//1734 2405//1735 2402//1726
f 2403//1736 2407//1737 2398//1738
f 2408//1739 2403//1736 2399//1733
f 2409//1740 2309//1741 2306//1668
f 2419//1742 2412//1743 2409//1740
f 2411//1744 2400//1745 2396//1732
f 2410//1746 2411//1744 2397//1730
f 2404//1747 2408//1739 2399//1733
f 2414//1748 2417//1749 2411//1744
f 2416//1750 2417//1749 2414//1748
f 2340//1695 2419//1742 2339//1694
f 2423//1751 2416//1750 2414//1748
f 2343//1752 2337//1690 2425//1753
f 2418//1754 2422//1755 2341//1697
f 2430//1756 2429//1757 2431//1758
f 2435//1759 2415//1760 2420//1761
f 2432//1762 2436//1763 2421//1764
f 2437//1765 2432//1762 2427//1766
f 2434//1767 2431//1758 2438//1768
f 2437//1765 2433//1769 2442//1770
f 2444//1771 2442//1770 2434//1767
f 2450//1772 2363//1773 2364//1774
f 2451//1775 2446//1776 2447//1777
f 2457//1778 2450//1772 2454//1779
f 2457//1778 2454//1779 2455//1780
f 2460//1781 2453//1782 2450//1772
f 2460//1781 2450//1772 2457//1778
f 2461//1783 2457//1778 2462//1784
f 2464//1785 2457//1778 2461//1783
f 2468//1786 2453//1782 2460//1781
f 2472//1787 2468//1786 2464//1785
f 2470//1788 2452//1789 2453//1782
f 2469//1790 2473//1791 2467//1792
f 2478//1793 2470//1788 2468//1786
f 2480//1794 2477//1795 2470//1788
f 2480//1794 2470//1788 2478//1793
f 2379//1796 2483//1797 2375//1717
f 2376//1798 2380//1799 2379//1796
f 2490//1800 2497//1801 2489//1802
f 2510//1803 2501//1804 2500//1805
f 2510//1803 2491//1806 2503//1807
f 2505//1808 2502//1809 2504//1810
f 2510//1803 2509//1811 2501//1804
f 2505//1808 2513//1812 2503//1807
f 2514//1813 2513//1812 2505//1808
f 2393//1814 2392//1815 2389//1724
f 2516//1816 2493//1817 2380//1799
f 2517//1818 2518//1819 2516//1816
f 2392//1815 2518//1819 2517//1818
f 2392//1815 2393//1814 2520//1820
f 2525//1821 2518//1819 2521//1822
f 2525//1821 2521//1822 2523//1823
f 2516//1816 2518//1819 2493//1817
f 2493//1817 2525//1821 2524//1824
f 2518//1819 2525//1821 2493//1817
f 2529//1825 2505//1808 2526//1826
f 2530//1827 2528//1828 2531//1829
f 2527//1830 2515//1831 2514//1813
f 2532//1832 2529//1825 2530//1827
f 2535//1833 2529//1825 2532//1832
f 2525//1821 2540//1834 2538//1835
f 2403//1736 2545//1836 2407//1737
f 2405//1735 2542//1837 2389//1724
f 2544//1838 2542//1837 2405//1735
f 2540//1834 2523//1823 2548//1839
f 2557//1840 2552//1841 2555//1842
f 2553//1843 2555//1842 2551//1844
f 2554//1845 2556//1846 2550//1847
f 2557//1840 2555//1842 2558//1848
f 2562//1849 2413//1850 2417//1749
f 2563//1851 2546//1852 2545//1836
f 2564//1853 2563//1851 2403//1736
f 2565//1854 2564//1853 2408//1739
f 2561//1855 2565//1854 2408//1739
f 2563//1851 2567//1856 2546//1852
f 2566//1857 2554//1845 2544//1838
f 2568//1858 2564//1853 2565//1854
f 2416//1750 2562//1849 2417//1749
f 2572//1859 2562//1849 2416//1750
f 2572//1859 2577//1860 2562//1849
f 2575//1861 2577//1860 2572//1859
f 2577//1860 2576//1862 2562//1849
f 2581//1863 2583//1864 2576//1862
f 2582//1865 2580//1866 2575//1861
f 2587//1867 2585//1868 2437//1765
f 2442//1770 2587//1867 2437//1765
f 2586//1869 2574//1870 2439//1871
f 2588//1872 2584//1873 2585//1868
f 2589//1874 2579//1875 2574//1870
f 2586//1869 2589//1874 2574//1870
f 2582//1865 2579//1875 2590//1876
f 2587//1867 2442//1770 2592//1877
f 2593//1878 2591//1879 2445//1880
f 2592//1877 2444//1771 2594//1881
f 2597//1882 2586//1869 2584//1873
f 2598//1883 2588//1872 2587//1867
f 2596//1884 2595//1885 2599//1886
f 2598//1883 2601//1887 2588//1872
f 2600//1888 2597//1882 2601//1887
f 2602//1889 2598//1883 2594//1881
f 2603//1890 2596//1884 2599//1886
f 2602//1889 2596//1884 2604//1891
f 2605//1892 2600//1888 2601//1887
f 2606//1893 2598//1883 2607//1894
f 2608//1895 2476//1896 2451//1775
f 2613//1897 2481//1898 2475//1899
f 2614//1900 2617//1901 2610//1902
f 2618//1903 2614//1900 2611//1904
f 2616//1905 2615//1906 2481//1898
f 2619//1907 2608//1895 2609//1908
f 2620//1909 2626//1910 2614//1900
f 2627//1911 2620//1909 2621//1912
f 2622//1913 2627//1911 2621//1912
f 2628//1914 2622//1913 2624//1915
f 2631//1916 2619//1907 2617//1901
f 2626//1910 2631//1916 2617//1901
f 2627//1911 2629//1917 2620//1909
f 2634//1918 2633//1919 2632//1920
f 2633//1919 2634//1918 2629//1917
f 2635//1921 2630//1922 2631//1916
f 2644//1923 2539//1924 2541//1925
f 2642//1926 2539//1924 2644//1923
f 2646//1927 2642//1926 2644//1923
f 2649//1928 2644//1923 2648//1929
f 2557//1840 2558//1848 2650//1930
f 2650//1930 2558//1848 2651//1931
f 2559//1932 2651//1931 2553//1843
f 2650//1930 2651//1931 2653//1933
f 2650//1930 2653//1933 2654//1934
f 2552//1841 2557//1840 2655//1935
f 2660//1936 2657//1937 2659//1938
f 2655//1935 2661//1939 2659//1938
f 2658//1940 2667//1941 2663//1942
f 2667//1941 2660//1936 2662//1943
f 2662//1943 2659//1938 2664//1944
f 2662//1943 2664//1944 2668//1945
f 2670//1946 2667//1941 2668//1945
f 2668//1945 2664//1944 2672//1947
f 2672//1947 2664//1944 2673//1948
f 2675//1949 2672//1947 2678//1950
f 2682//1951 2570//1952 2567//1856
f 2560//1953 2652//1954 2556//1846
f 2681//1955 2569//1956 2566//1857
f 2683//1957 2653//1933 2559//1932
f 2684//1958 2688//1959 2569//1956
f 2683//1957 2692//1960 2687//1961
f 2690//1962 2693//1963 2688//1959
f 2687//1961 2692//1960 2691//1964
f 2694//1965 2692//1960 2683//1957
f 2583//1864 2568//1858 2565//1854
f 2696//1966 2697//1967 2583//1864
f 2698//1968 2696//1966 2580//1866
f 2582//1865 2698//1968 2580//1866
f 2699//1969 2571//1970 2568//1858
f 2697//1967 2699//1969 2568//1858
f 2698//1968 2711//1971 2696//1966
f 2699//1969 2700//1972 2571//1970
f 2711//1971 2701//1973 2697//1967
f 2700//1972 2689//1974 2685//1975
f 2701//1973 2703//1976 2699//1969
f 2702//1977 2690//1962 2681//1955
f 2705//1978 2698//1968 2582//1865
f 2705//1978 2582//1865 2706//1979
f 2706//1979 2590//1876 2718//1980
f 2707//1981 2706//1979 2718//1980
f 2705//1978 2708//1982 2698//1968
f 2710//1983 2705//1978 2706//1979
f 2709//1984 2711//1971 2698//1968
f 2712//1985 2708//1982 2705//1978
f 2713//1986 2712//1985 2707//1981
f 2602//1889 2604//1891 2715//1987
f 2719//1988 2606//1893 2607//1894
f 2719//1988 2605//1892 2606//1893
f 2719//1988 2722//1989 2605//1892
f 2722//1989 2724//1990 2718//1980
f 2726//1991 2722//1989 2719//1988
f 2723//1992 2726//1991 2719//1988
f 2727//1993 2723//1992 2717//1994
f 2729//1995 2728//1996 2715//1987
f 2726//1991 2725//1997 2722//1989
f 2731//1998 2726//1991 2723//1992
f 2727//1993 2731//1998 2723//1992
f 2726//1991 2732//1999 2725//1997
f 2736//2000 2728//1996 2729//1995
f 2736//2000 2727//1993 2728//1996
f 2744//2001 772//2002 767//2003
f 2678//1950 2679//2004 2755//2005
f 2678//1950 2755//2005 2754//2006
f 2754//2006 2755//2005 2756//2007
f 2755//2005 2679//2004 2757//2008
f 2760//2009 2758//2010 2759//2011
f 2760//2009 2759//2011 2761//2012
f 2764//2013 2763//2014 2691//1964
f 2694//1965 2764//2013 2692//1960
f 2766//2015 2768//2016 2694//1965
f 2763//2014 2767//2017 2769//2018
f 2764//2013 2768//2016 2770//2019
f 2769//2018 2767//2017 2770//2019
f 2770//2019 2768//2016 2771//2020
f 2766//2015 2765//2021 2771//2020
f 2769//2018 2770//2019 2772//2022
f 2770//2019 2771//2020 2773//2023
f 2772//2022 2770//2019 2773//2023
f 2773//2023 2771//2020 2774//2024
f 2757//2008 2679//2004 2775//2025
f 2680//2026 2691//1964 2776//2027
f 2776//2027 2691//1964 2763//2014
f 2759//2011 2757//2008 2778//2028
f 2777//2029 2776//2027 2779//2030
f 2781//2031 2776//2027 2769//2018
f 2759//2011 2778//2028 2783//2032
f 2759//2011 2783//2032 2782//2033
f 2783//2032 2778//2028 2784//2034
f 2762//2035 2782//2033 2786//2036
f 2779//2030 2781//2031 2787//2037
f 2784//2034 2780//2038 2787//2037
f 2781//2031 2769//2018 2788//2039
f 2788//2039 2769//2018 2772//2022
f 2702//1977 2793//2040 2690//1962
f 2794//2041 2793//2040 2702//1977
f 2699//1969 2796//2042 2700//1972
f 2795//2043 2796//2042 2699//1969
f 2797//2044 2795//2043 2703//1976
f 2794//2041 2798//2045 2793//2040
f 2802//2046 2895//2047 2794//2041
f 2765//2021 2801//2048 2803//2049
f 2895//2047 2805//2050 2800//2051
f 2712//1985 2709//1984 2708//1982
f 2809//2052 2810//2053 2709//1984
f 2818//2054 2817//2055 2809//2052
f 2815//2056 2807//2057 2795//2043
f 2821//2058 2814//2059 2811//2060
f 2819//2061 2821//2058 2811//2060
f 2822//2062 2713//1986 2724//1990
f 2732//1999 2822//2062 2724//1990
f 2823//2063 2732//1999 2726//1991
f 2731//1998 2823//2063 2726//1991
f 2825//2064 2731//1998 2727//1993
f 2826//2065 2736//2000 2735//2066
f 2829//2067 2736//2000 2826//2065
f 2831//2068 2830//2069 2828//2070
f 2825//2064 2831//2068 2828//2070
f 2834//2071 2813//2072 2830//2069
f 2829//2067 2842//2073 2837//2074
f 2842//2073 2829//2067 2838//2075
f 2839//2076 2842//2073 2838//2075
f 2772//2022 2773//2023 2843//2077
f 2773//2023 2774//2024 2844//2078
f 2773//2023 2844//2078 2845//2079
f 2788//2039 2772//2022 2850//2080
f 2850//2080 2772//2022 2843//2077
f 2792//2081 2791//2082 2853//2083
f 2853//2083 2791//2082 2852//2084
f 2850//2080 2843//2077 2854//2085
f 2792//2081 2853//2083 2855//2086
f 2855//2086 2853//2083 2859//2087
f 2852//2084 2858//2088 2860//2089
f 2854//2085 2845//2079 2861//2090
f 2857//2091 2856//2092 2862//2093
f 2859//2087 2860//2089 2863//2094
f 2855//2086 2863//2094 2864//2095
f 2862//2093 2856//2092 2864//2095
f 2860//2089 2870//2096 2863//2094
f 2847//2097 2848//2098 2871//2099
f 2871//2099 2880//2100 2877//2101
f 2877//2101 2869//2102 2871//2099
f 2883//2103 2881//2104 2983//2105
f 2804//2106 2896//2107 2898//2108
f 2899//2109 2900//2110 2802//2046
f 2847//2097 2901//2111 2848//2098
f 2901//2111 2903//2112 2907//2113
f 2902//2114 2903//2112 2898//2108
f 2908//2115 2907//2113 2903//2112
f 3049//2116 2903//2112 2902//2114
f 2910//2117 2817//2055 2818//2054
f 2911//2118 2815//2056 2816//2119
f 2820//2120 2911//2118 2816//2119
f 2910//2117 2820//2120 2817//2055
f 2912//2121 2910//2117 2818//2054
f 2821//2058 2912//2121 2814//2059
f 2913//2122 2914//2123 2815//2056
f 2912//2121 2916//2124 2910//2117
f 2919//2125 2916//2124 2912//2121
f 2915//2126 2919//2125 2912//2121
f 2928//2127 2840//2128 2841//2129
f 2930//2130 2925//2131 2840//2128
f 2931//2132 2928//2127 2841//2129
f 2929//2133 2934//2134 2927//2135
f 2932//2136 2921//2137 2925//2131
f 2933//2138 2935//2139 2928//2127
f 2936//2140 2931//2132 2934//2134
f 2938//2141 2932//2136 2930//2130
f 2933//2138 2939//2142 2935//2139
f 2941//2143 2933//2138 2936//2140
f 2942//2144 2941//2143 2943//2145
f 2946//2146 2954//2147 2956//2148
f 2959//2149 2963//2150 2961//2151
f 2959//2149 2958//2152 2963//2150
f 2984//2153 2985//2154 2989//2155
f 2984//2153 2983//2105 2985//2154
f 2985//2154 2991//2156 2988//2157
f 2987//2158 3044//2159 2992//2160
f 2989//2155 2993//2161 2994//2162
f 2989//2155 2988//2157 2993//2161
f 2991//2156 2990//2163 3000//2164
f 2992//2160 3044//2159 2996//2165
f 2993//2161 2997//2166 2958//2152
f 2958//2152 2997//2166 3003//2167
f 3011//2168 3004//2169 3005//2170
f 3013//2171 3006//2172 3007//2173
f 3014//2174 3008//2175 3010//2176
f 3012//2177 3016//2178 3011//2168
f 3025//2179 3047//2180 3020//2181
f 3026//2182 3023//2183 3021//2184
f 3026//2182 3021//2184 3022//2185
f 3028//2186 3023//2183 3026//2182
f 3058//2187 3026//2182 3024//2188
f 3034//2189 3031//2190 3035//2191
f 3034//2189 3030//2192 3031//2190
f 3037//2193 2981//2194 3033//2195
f 3037//2193 3033//2195 3034//2189
f 2881//2104 2882//2196 2986//2197
f 3041//2198 3045//2199 3044//2159
f 3042//2200 3046//2201 3045//2199
f 3052//2202 3053//2203 3054//2204
f 3050//2205 3054//2204 2908//2115
f 3051//2206 3057//2207 3049//2116
f 2909//2208 3067//2209 3051//2206
f 3057//2207 3062//2210 3056//2211
f 3065//2212 3029//2213 3060//2214
f 3066//2215 3060//2214 3061//2216
f 3070//2217 6349//2218 3066//2215
f 3067//2209 3071//2219 3062//2210
f 2916//2124 3073//2220 2820//2120
f 2917//2221 3064//2222 2905//2223
f 2913//2122 2917//2221 2914//2123
f 3075//2224 2918//2225 3073//2220
f 3064//2222 6350//2226 3068//2227
f 3074//2228 3077//2229 2913//2122
f 3075//2224 3078//2230 2918//2225
f 6370//2231 3075//2224 3076//2232
f 3082//2233 2922//2234 3080//2235
f 3094//2236 3082//2233 3080//2235
f 3081//2237 3082//2233 3094//2236
f 3079//2238 3076//2232 2919//2125
f 3083//2239 3084//2240 3081//2237
f 3086//2241 3076//2232 3079//2238
f 3086//2241 3079//2238 3084//2240
f 3101//2242 3090//2243 3091//2244
f 3095//2245 3098//2246 3092//2247
f 3101//2242 3081//2237 3090//2243
f 3098//2246 3101//2242 3091//2244
f 3102//2248 3099//2249 3103//2250
f 3102//2248 3083//2239 3099//2249
f 3104//2251 3083//2239 3102//2248
f 3104//2251 3087//2252 3085//2253
f 3093//2254 2955//2255 3105//2256
f 3105//2256 2956//2148 3106//2257
f 3100//2258 3097//2259 3110//2260
f 3116//2261 3100//2258 3110//2260
f 3119//2262 3112//2263 3120//2264
f 3116//2261 3102//2248 3103//2250
f 3118//2265 3117//2266 3116//2261
f 3119//2262 3123//2267 3118//2265
f 3121//2268 3125//2269 3120//2264
f 3117//2266 3104//2251 3102//2248
f 3123//2267 3127//2270 3117//2266
f 3124//2271 3127//2270 3123//2267
f 3129//2272 3104//2251 3127//2270
f 3124//2271 3129//2272 3127//2270
f 3129//2272 3089//2273 3087//2252
f 3126//2274 3125//2269 3137//741
f 3137//741 3135//2275 3139//747
f 3138//2276 3143//2277 3126//2274
f 3143//2277 3152//744 3142//2278
f 3144//749 3153//750 3143//2277
f 3153//750 3144//749 3145//751
f 3149//752 3154//753 3147//754
f 1068//2279 1072//2280 3161//2281
f 3176//2282 3180//2283 3175//2284
f 3173//2285 3178//2286 3181//2287
f 3181//2287 3188//2288 3182//2289
f 3191//2290 3189//2291 3190//2292
f 3181//2287 3187//2293 3188//2288
f 3186//2294 1099//2295 1112//2296
f 3187//2293 3186//2294 3195//2297
f 3194//2298 3198//2299 3193//2300
f 3186//2294 1112//2296 3200//2301
f 3195//2297 3186//2294 3200//2301
f 3187//2293 3195//2297 3201//2302
f 3199//2303 3203//2304 3194//2298
f 3196//2305 3201//2302 3202//2306
f 3199//2303 3202//2306 3210//2307
f 3202//2306 3201//2302 3208//2308
f 3201//2302 3207//2309 3213//2310
f 3200//2301 1127//823 3214//2311
f 3203//2304 3216//2312 3206//2313
f 3206//2313 3217//2314 3212//2315
f 3209//2316 3208//2308 3219//2317
f 3199//2303 3221//2318 3203//2304
f 3218//2319 3214//2311 3224//2320
f 3220//2321 3225//2322 3199//2303
f 3214//2311 1127//823 1212//831
f 3224//2320 3214//2311 1212//831
f 3215//2323 3218//2319 3228//2324
f 3225//2322 3231//2325 3232//2326
f 3231//2325 3230//2327 3234//2328
f 3218//2319 3238//2329 3233//2330
f 3237//2331 1214//834 1216//839
f 3237//2331 1216//839 3304//2332
f 3240//2333 3233//2330 3238//2329
f 3239//2334 3243//2335 3230//2327
f 3241//2336 3235//2337 3243//2335
f 3243//2335 3240//2333 3244//2338
f 3240//2333 3242//2339 3245//2340
f 3246//2341 2178//1576 3211//2342
f 3222//2343 3246//2341 3211//2342
f 3247//2344 3246//2341 3222//2343
f 3269//2345 3268//2346 3265//2347
f 3260//2348 3271//2349 3263//2350
f 3272//2351 3271//2349 3260//2348
f 3276//2352 3267//2353 3272//2351
f 3273//2354 3269//2345 3266//2355
f 3241//2336 3243//2335 3280//2356
f 3312//2357 3280//2356 3244//2338
f 3274//2358 3285//2359 3273//2354
f 3287//2360 3285//2359 3274//2358
f 3283//2361 3288//2362 3269//2345
f 3289//2363 3288//2362 3283//2361
f 3293//2364 3288//2362 3289//2363
f 3285//2359 3289//2363 3283//2361
f 3294//2365 3287//2360 3286//2366
f 3292//2367 3285//2359 3287//2360
f 3289//2363 3285//2359 3292//2367
f 3288//2362 3293//2364 3291//2368
f 3295//2369 3294//2365 3279//2370
f 3296//2371 3292//2367 3294//2365
f 3313//2372 3279//2370 3281//2373
f 1216//839 1293//921 3303//2374
f 3305//2375 3303//2374 3306//2376
f 3303//2374 1293//921 3307//2377
f 3308//2378 1297//925 3309//2379
f 3309//2379 3310//2380 3311//2381
f 3245//2340 3312//2357 3244//2338
f 3245//2340 3305//2375 3315//2382
f 3312//2357 3315//2382 3316//2383
f 3305//2375 3306//2376 3317//2384
f 3315//2382 3317//2384 3319//2385
f 3319//2385 3320//2386 3321//2387
f 3311//2381 3310//2380 3322//2388
f 3315//2382 3319//2385 3318//2389
f 3316//2383 3318//2389 3329//2390
f 3327//2391 3329//2390 3330//2392
f 3328//2393 3327//2391 3331//2394
f 3318//2389 3319//2385 3332//2395
f 3318//2389 3332//2395 3329//2390
f 3330//2392 3329//2390 3333//2396
f 3329//2390 3334//2397 3333//2396
f 3311//2381 3322//2388 3335//2398
f 3340//2399 3297//2400 3296//2371
f 3342//2401 3302//2402 3300//2403
f 3324//2404 3340//2399 3296//2371
f 3341//2405 3340//2399 3324//2404
f 3345//2406 3337//2407 3340//2399
f 3342//2401 3339//2408 3302//2402
f 3341//2405 3345//2406 3340//2399
f 3351//2409 3346//2410 3345//2406
f 3347//2411 3342//2401 3336//2412
f 3348//2413 3344//2414 3342//2401
f 3341//2405 3325//2415 3350//2416
f 3341//2405 3351//2409 3345//2406
f 3352//2417 3351//2409 3341//2405
f 3353//2418 3346//2410 3351//2409
f 3352//2417 3353//2418 3351//2409
f 3360//2419 3357//2420 3330//2392
f 3361//2421 3358//2422 3359//2423
f 3330//2392 3333//2396 3360//2419
f 3333//2396 3362//2424 3363//2425
f 3359//2423 3363//2425 3365//2426
f 3348//2413 3368//2427 3344//2414
f 3369//2428 3347//2411 3346//2410
f 3371//2429 3349//2430 3347//2411
f 3369//2428 3371//2429 3347//2411
f 3349//2430 3372//2431 3348//2413
f 3373//2432 3372//2431 3349//2430
f 3354//2433 3378//2434 3367//2435
f 3379//2436 3372//2431 3373//2432
f 1397//1015 1398//1016 3385//2437
f 1394//1012 1397//1015 3385//2437
f 1398//1016 1401//1021 3388//2438
f 3391//2439 1401//1021 1404//1019
f 1401//1021 3391//2439 3392//2440
f 3398//2441 3322//2388 3383//2442
f 1299//1011 1394//1012 3399//2443
f 3399//2443 3384//2444 3401//2445
f 3400//2446 3399//2443 3401//2445
f 3384//2444 3385//2437 3402//2447
f 3384//2444 3402//2447 3403//2448
f 3404//2449 3402//2447 3387//2450
f 3406//2451 3387//2450 3390//2452
f 3403//2448 3404//2449 3407//2453
f 3414//2454 3409//2455 3408//2456
f 3404//2449 3409//2455 3410//2457
f 3407//2453 3404//2449 3410//2457
f 3414//2454 3411//2458 3413//2459
f 3335//2398 3400//2446 3417//2460
f 3335//2398 3417//2460 3418//2461
f 3401//2445 3403//2448 3420//2462
f 3400//2446 3401//2445 3420//2462
f 3420//2462 3405//2463 3421//2464
f 3405//2463 3407//2453 3424//2465
f 3424//2465 3425//2466 3426//2467
f 3421//2464 3426//2467 3427//2468
f 3410//2457 3414//2454 3428//2469
f 3425//2466 3410//2457 3428//2469
f 3365//2426 3363//2425 3431//2470
f 3363//2425 3430//2471 3433//2472
f 3418//2461 3435//2473 3436//2474
f 3433//2472 3434//2475 3437//2476
f 3423//2477 3422//2478 3439//2479
f 3436//2474 3441//2480 3442//2481
f 3376//2482 3379//2436 3371//2429
f 3379//2436 3445//2483 3372//2431
f 3446//2484 3379//2436 3376//2482
f 3378//2434 3443//2485 3447//2486
f 3378//2434 3447//2486 3448//2487
f 3364//2488 3449//2489 3355//2490
f 3365//2426 3431//2470 3451//2491
f 3431//2470 3433//2472 3452//2492
f 3447//2486 3453//2493 3448//2487
f 3451//2491 3454//2494 3455//2495
f 3452//2492 3456//2496 3457//2497
f 3455//2495 3458//2498 3453//2493
f 3456//2496 3437//2476 3459//2499
f 3455//2495 3454//2494 3460//2500
f 3464//2501 3463//2502 3379//2436
f 3465//2503 3468//2504 3445//2483
f 3470//2505 3444//2506 3448//2487
f 3470//2505 3467//2507 3444//2506
f 3472//2508 3464//2501 3467//2507
f 3474//2509 3465//2503 3463//2502
f 3472//2508 3475//2510 3464//2501
f 3474//2509 3476//2511 3465//2503
f 3479//2512 3475//2510 3472//2508
f 3472//2508 3473//2513 3480//2514
f 3476//2511 3484//2515 3482//2516
f 3485//2517 3484//2515 3476//2511
f 3486//2518 3458//2498 3455//2495
f 3458//2498 3478//2519 3473//2513
f 3489//2520 3492//2521 3503//2522
f 3497//2523 3493//2524 3504//2525
f 3510//2526 3499//2527 3500//2528
f 3504//2525 3489//2520 3506//2529
f 3510//2526 3505//2530 3499//2527
f 3503//2522 3502//2531 3511//2532
f 3506//2529 3503//2522 3511//2532
f 3515//2533 3508//2534 3509//2535
f 3511//2532 3502//2531 3517//2536
f 3521//2537 3492//2521 3489//2520
f 3532//2538 3530//2539 3529//2540
f 3526//2541 3534//2542 3536//2543
f 3537//2544 3526//2541 3536//2543
f 3538//2545 3526//2541 3537//2544
f 3532//2538 3546//2546 3545//2547
f 3548//2548 3562//2549 3538//2545
f 3553//2550 3545//2547 3552//2551
f 2511//2552 3553//2550 2510//1803
f 3557//2553 3547//2554 3554//2555
f 3509//2535 3508//2534 3556//2556
f 3411//2458 3397//2557 3523//2558
f 3560//2559 3415//2560 3412//2561
f 3562//2549 3560//2559 3526//2541
f 3562//2549 3563//2562 3565//2563
f 3566//2564 3562//2549 3565//2563
f 3567//2565 3557//2553 3558//2566
f 3566//2564 3569//2567 3570//2568
f 3571//2569 3566//2564 3570//2568
f 3571//2569 3577//2570 3579//2571
f 3426//2467 3429//2572 3581//2573
f 3582//2574 3560//2559 3561//2575
f 3415//2560 3560//2559 3582//2574
f 3559//2576 3415//2560 3582//2574
f 3428//2469 3583//2577 3584//2578
f 3581//2573 3428//2469 3584//2578
f 3589//2579 3586//2580 3585//2581
f 3588//2582 3585//2581 3571//2569
f 3421//2464 3591//2583 3592//2584
f 3595//2585 3594//2586 3596//2587
f 3584//2578 3590//2588 3597//2589
f 3587//2590 3584//2578 3597//2589
f 3591//2583 3587//2590 3598//2591
f 3592//2584 3593//2592 3599//2593
f 3596//2587 3592//2584 3599//2593
f 3593//2592 3598//2591 3600//2594
f 3590//2588 3589//2579 3603//2595
f 3597//2589 3590//2588 3601//2596
f 3597//2589 3601//2596 3602//2597
f 3598//2591 3597//2589 3602//2597
f 3437//2476 3442//2481 3606//2598
f 3457//2497 3459//2499 3607//2599
f 3442//2481 3608//2600 3610//2601
f 3608//2600 3595//2585 3612//2602
f 3610//2601 3612//2602 3615//2603
f 3475//2510 3616//2604 3474//2509
f 3617//2605 3483//2606 3480//2514
f 3483//2606 3616//2604 3475//2510
f 3619//2607 3616//2604 3483//2606
f 3618//2608 3620//2609 3621//2610
f 3618//2608 3622//2611 3617//2605
f 3486//2518 3460//2500 3625//2612
f 3620//2609 3481//2613 3478//2519
f 3460//2500 3607//2599 3623//2614
f 3460//2500 3623//2614 3624//2615
f 3478//2519 3486//2518 3625//2612
f 3607//2599 3459//2499 3626//2616
f 3620//2609 3625//2612 3627//2617
f 3624//2615 3628//2618 3625//2612
f 3626//2616 3611//2619 3630//2620
f 3628//2618 3630//2620 3632//2621
f 2445//1880 3484//2515 3633//2622
f 3622//2611 3619//2607 3617//2605
f 3619//2607 3635//2623 3616//2604
f 3639//2624 3622//2611 3618//2608
f 3637//2625 3635//2623 3619//2607
f 3637//2625 3641//2626 3635//2623
f 3638//2627 3642//2628 3633//2622
f 3622//2611 3639//2624 3643//2629
f 3640//2630 3646//2631 3638//2627
f 3647//2632 3641//2626 3637//2625
f 3646//2631 3649//2633 3645//2634
f 3650//2635 3747//2636 3641//2626
f 3621//2610 3644//2637 3639//2624
f 3621//2610 3627//2617 3651//2638
f 3652//2639 3513//2640 3514//2641
f 3653//2642 3519//2643 3515//2533
f 3519//2643 3520//2644 3508//2534
f 3517//2536 3502//2531 3654//2645
f 3661//2646 3655//2647 3518//2648
f 3662//2649 3657//2650 3653//2642
f 3657//2650 3658//2651 3659//2652
f 3670//2653 3664//2654 3665//2655
f 3664//2654 3666//2656 3667//2657
f 3670//2653 3656//2658 3672//2659
f 3677//2660 2633//1919 3673//2661
f 3674//2662 1703//2663 1699//2664
f 3579//2571 3685//2665 3580//2666
f 3689//2667 3684//2668 3687//2669
f 3603//2595 3580//2666 3691//2670
f 3580//2666 3688//2671 3693//2672
f 3692//2673 3689//2667 3694//2674
f 3691//2670 3696//2675 3697//2676
f 3701//2677 3689//2667 3699//2678
f 3701//2677 3700//2679 3689//2667
f 3699//2678 2665//2680 3701//2677
f 3704//2681 3700//2679 3701//2677
f 3703//2682 3698//2683 3702//2684
f 3704//2681 2669//2685 2670//1946
f 3701//2677 2669//2685 3704//2681
f 3707//2686 3703//2682 3702//2684
f 3708//2687 2671//2688 2674//2689
f 3793//2690 3710//2691 3709//2692
f 3603//2595 3691//2670 3715//2693
f 3602//2597 3601//2596 3716//2694
f 3602//2597 3716//2694 3717//2695
f 3604//2696 3602//2597 3717//2695
f 3719//2697 3718//2698 3703//2682
f 3613//2699 3596//2587 3720//2700
f 3599//2593 3605//2701 3721//2702
f 3605//2701 3604//2696 3722//2703
f 3599//2593 3721//2702 3724//2704
f 3720//2700 3599//2593 3724//2704
f 3717//2695 3716//2694 3725//2705
f 3717//2695 3725//2705 3726//2706
f 3722//2703 3717//2695 3726//2706
f 3613//2699 3720//2700 3727//2707
f 3718//2698 3719//2697 3728//2708
f 3725//2705 3718//2698 3728//2708
f 3726//2706 3725//2705 3729//2709
f 3723//2710 3722//2703 3730//2711
f 3730//2711 3722//2703 3731//2712
f 3729//2709 3728//2708 3823//2713
f 3630//2620 3629//2714 3734//2715
f 3628//2618 3632//2621 3735//2716
f 3615//2603 3737//2717 3614//2718
f 3632//2621 3734//2715 3738//2719
f 3735//2716 3632//2621 3738//2719
f 3615//2603 3736//2720 3739//2721
f 3643//2629 3648//2722 3745//2723
f 3647//2632 3750//2724 3650//2635
f 3646//2631 3751//2725 3649//2633
f 3745//2723 3753//2726 3647//2632
f 3750//2724 3754//2727 3747//2636
f 3752//2728 3755//2729 3748//2730
f 3753//2726 3754//2727 3750//2724
f 3753//2726 3745//2723 3756//2731
f 3754//2727 3776//2732 3752//2728
f 3746//2733 3749//2734 3757//2735
f 3756//2731 3758//2736 3753//2726
f 3776//2732 3762//2737 3752//2728
f 3758//2736 3761//2738 3754//2727
f 3760//2739 3757//2735 3763//2740
f 3761//2738 3765//2741 3754//2727
f 3764//2742 3765//2741 3761//2738
f 3749//2734 3767//2743 3768//2744
f 3768//2744 3735//2716 3769//2745
f 3738//2719 3741//2746 3770//2747
f 3735//2716 3738//2719 3770//2747
f 3735//2716 3770//2747 3771//2748
f 3770//2747 3744//2749 3773//2750
f 3791//2751 1807//2752 1806//2753
f 3799//2754 3795//2755 3794//2756
f 3798//2757 3795//2755 3800//2758
f 3799//2754 2760//2009 3801//2759
f 3802//2760 3799//2754 3801//2759
f 3800//2758 3799//2754 3802//2760
f 3806//2761 3803//2762 3805//2763
f 3807//2764 3806//2761 3805//2763
f 3805//2763 3804//2765 3808//2766
f 3808//2766 3800//2758 3812//2767
f 3810//2768 2785//2769 3814//2770
f 3813//2771 3808//2766 3816//2772
f 3809//2773 3807//2764 3813//2771
f 3815//2774 3811//2775 3819//2776
f 3816//2772 3812//2767 3821//2777
f 3726//2706 3729//2709 3824//2778
f 3730//2711 3731//2712 3825//2779
f 3823//2713 3828//2780 3826//2781
f 3824//2778 3823//2713 3826//2781
f 3825//2779 3731//2712 3827//2782
f 3733//2783 3824//2778 3830//2784
f 3826//2781 3828//2780 3830//2784
f 3824//2778 3826//2781 3830//2784
f 3829//2785 3830//2784 3832//2786
f 3831//2787 3809//2773 3817//2788
f 3830//2784 3831//2787 3832//2786
f 3743//2789 3727//2707 3833//2790
f 3739//2721 3743//2789 3835//2791
f 3732//2792 3825//2779 3837//2793
f 3836//2794 3737//2717 3838//2795
f 3837//2793 3827//2782 3839//2796
f 3834//2797 3833//2790 3840//2798
f 3839//2796 3827//2782 3841//2799
f 3742//2800 3839//2796 3842//2801
f 3833//2790 3742//2800 3842//2801
f 3840//2798 3833//2790 3843//2802
f 3835//2791 3840//2798 3838//2795
f 3839//2796 3841//2799 3844//2803
f 3840//2798 3843//2802 3845//2804
f 3844//2803 3841//2799 3847//2805
f 3843//2802 3842//2801 3848//2806
f 3829//2785 3832//2786 3849//2807
f 3842//2801 3844//2803 3850//2808
f 3760//2739 3763//2740 3851//2809
f 3857//2810 3771//2748 3773//2750
f 3853//2811 3855//2812 3763//2740
f 3854//2813 3859//2814 3853//2811
f 3854//2813 3857//2810 3864//2815
f 3838//2795 3845//2804 3862//2816
f 3764//2742 3868//2817 3765//2741
f 3776//2732 3869//2818 3775//2819
f 3766//2820 3870//2821 3764//2742
f 3872//2822 3766//2820 3851//2809
f 3872//2822 3874//2823 3766//2820
f 3870//2821 3875//2824 3868//2817
f 3873//2825 3876//2826 3869//2818
f 3874//2823 3875//2824 3870//2821
f 3873//2825 3881//2827 3876//2826
f 3880//2828 3875//2824 3874//2823
f 3878//2829 3880//2828 3874//2823
f 3881//2827 3884//2830 3876//2826
f 3880//2828 3882//2831 3875//2824
f 3819//2776 3818//2832 3885//2833
f 3822//2834 3816//2772 3886//2835
f 3817//2788 3887//2836 3888//2837
f 3815//2774 3819//2776 3890//2838
f 3821//2777 3820//2839 3891//2840
f 3894//2841 3889//2842 2857//2091
f 3888//2837 3893//2843 3897//2844
f 3895//2845 3891//2840 3899//2846
f 3892//2847 3896//2848 3901//2849
f 3913//2850 3905//2851 3912//2852
f 3915//2853 3908//2854 3914//2855
f 3935//2856 3922//2857 3933//2858
f 3936//2859 3915//2853 3935//2856
f 3831//2787 3888//2837 3937//2860
f 3832//2786 3937//2860 3938//2861
f 3937//2860 3897//2844 3939//2862
f 3938//2861 3937//2860 3939//2862
f 3941//2863 3909//2864 3915//2853
f 3845//2804 3843//2802 3943//2865
f 3846//2866 3849//2807 3948//2867
f 3850//2808 3945//2868 3946//2869
f 3943//2865 3843//2802 3947//2870
f 3947//2870 3848//2806 3952//2871
f 3953//2872 3940//2873 3941//2863
f 3946//2869 3945//2868 3951//2874
f 3941//2863 3936//2859 3953//2872
f 3958//2875 3954//2876 3957//2877
f 3950//2878 3954//2876 3958//2875
f 3959//2879 3950//2878 3958//2875
f 3863//2880 3960//2881 3962//2882
f 3864//2815 3963//2883 3865//2884
f 3864//2815 3961//2885 3967//2886
f 3862//2816 3964//2887 3968//2888
f 3962//2882 3969//2889 3961//2885
f 3965//2890 3968//2888 3971//2891
f 3962//2882 3966//2892 3969//2889
f 3882//2831 3974//2893 3881//2827
f 3884//2830 3975//2894 2839//2076
f 3980//2895 3975//2894 3884//2830
f 3979//2896 3982//2897 3978//2898
f 3978//2898 3985//2899 3980//2895
f 3986//2900 3982//2897 3979//2896
f 3987//2901 3983//2902 3984//2903
f 3977//2904 3986//2900 3979//2896
f 3986//2900 3989//2905 3982//2897
f 3991//2906 3992//2907 3977//2904
f 3995//2908 3986//2900 3992//2907
f 3976//2909 4009//2910 4010//2911
f 4010//2911 3981//2912 3976//2909
f 3967//2886 4011//2913 3963//2883
f 3967//2886 3969//2889 4011//2913
f 3981//2912 4010//2911 4141//2914
f 4012//2915 2957//2916 4001//2917
f 4015//2918 4016//2919 4017//2920
f 4016//2919 4015//2918 4022//2921
f 4031//2922 4022//2921 4030//2923
f 4032//2924 4033//2925 4034//2926
f 4036//2927 4035//2928 4037//2929
f 4040//2930 4041//2931 4037//2929
f 4046//2932 4047//2933 4041//2931
f 4043//2934 4042//2935 4049//2936
f 4048//2937 4054//2938 4049//2936
f 4049//2936 4055//2939 4050//2940
f 4050//2940 4057//2941 4051//2942
f 4054//2938 4048//2937 4019//2943
f 4059//2944 4052//2945 4058//2946
f 4062//2947 4057//2941 4061//2948
f 4064//2949 4058//2946 4063//2950
f 4068//2951 4064//2949 4067//2952
f 3923//2953 2984//2153 4035//2928
f 3924//2954 4036//2927 4038//2955
f 3926//2956 3924//2954 4070//2957
f 4071//2958 4069//2959 4039//2960
f 4072//2961 4071//2958 4075//2962
f 4045//2963 4039//2960 4044//2964
f 4079//2965 4045//2963 4050//2940
f 4081//2966 4053//2967 4059//2944
f 4091//2968 4081//2966 4093//2969
f 4094//2970 4089//2971 4093//2969
f 4092//2972 4090//2973 4094//2970
f 4096//2974 4093//2969 4095//2975
f 4098//2976 4064//2949 4068//2951
f 4096//2974 4098//2976 7378//2977
f 4088//2978 4104//2979 4101//2980
f 3955//2981 4103//2982 4113//2983
f 4088//2978 4090//2973 4092//2972
f 4103//2982 4109//2984 4113//2983
f 4108//2985 4104//2979 4107//2986
f 4109//2984 4105//2987 4108//2985
f 4111//2988 4108//2985 4110//2989
f 4112//2990 4092//2972 4099//2991
f 4109//2984 4111//2988 4113//2983
f 3966//2892 3971//2891 4114//2992
f 3964//2887 3955//2981 4117//2993
f 3969//2889 4114//2992 4116//2994
f 4117//2993 3955//2981 4113//2983
f 4116//2994 4114//2992 4120//2995
f 4118//2996 4115//2997 3968//2888
f 3992//2907 4123//2998 4126//2999
f 4151//3000 4125//3001 4007//3002
f 4131//3003 4126//2999 4122//3004
f 4132//3005 4131//3003 4135//3006
f 4134//3007 4146//3008 4138//3009
f 4134//3007 4138//3009 4137//3010
f 4138//3009 4147//3011 4139//3012
f 4011//2913 3969//2889 4142//3013
f 4143//3014 4141//2914 4011//2913
f 4011//2913 4142//3013 4143//3014
f 4141//2914 4143//3014 4130//3015
f 4130//3015 4143//3014 4144//3016
f 4142//3013 4116//2994 4145//3017
f 4144//3016 4143//3014 4146//3008
f 4144//3016 4146//3008 4134//3007
f 4006//3018 4125//3001 4150//3019
f 4154//3020 4152//3021 4149//3022
f 4158//3023 4129//3024 4128//3025
f 4151//3000 4153//3026 4150//3019
f 4155//3027 4153//3026 4151//3000
f 4164//3028 4129//3024 4158//3023
f 4160//3029 4159//3030 4153//3026
f 4165//3031 4161//3032 4162//3033
f 4167//3034 4165//3031 4166//3035
f 4173//3036 4169//3037 4168//3038
f 4137//3010 4138//3009 4171//3039
f 4171//3039 4139//3012 4172//3040
f 4172//3040 4139//3012 4175//3041
f 4177//3042 4175//3041 4140//3043
f 908//3044 907//3045 4209//3046
f 4210//3047 907//3045 909//3048
f 910//3049 4213//3050 4212//3051
f 912//630 911//631 4214//3052
f 4214//3052 911//631 4215//3053
f 4223//3054 4228//3055 4226//3056
f 913//3057 4242//3058 4215//3053
f 4242//3058 913//3057 942//3059
f 4242//3058 942//3059 953//658
f 4243//3060 4246//3061 4242//3058
f 4246//3061 4249//3062 4245//3063
f 4253//3064 4248//3065 4254//3066
f 4251//3067 4255//3068 4250//3069
f 4252//3070 4240//3071 4233//3072
f 4261//3073 4260//3074 4255//3068
f 4270//3075 4269//3076 4272//3077
f 4274//3078 4273//3079 4268//3080
f 954//3081 971//3082 4277//3083
f 4278//3084 4276//3085 4277//3083
f 4278//3084 4279//3086 4276//3085
f 4279//3086 4286//3087 4255//3068
f 4289//3088 4266//3089 4261//3073
f 4288//3090 4289//3088 4261//3073
f 4282//3091 4285//3092 4295//3093
f 4273//3079 4274//3078 4292//3094
f 968//681 4296//3095 971//3082
f 969//683 4297//3096 972//680
f 820//689 4298//3097 966//3098
f 4296//3095 4280//3099 4277//3083
f 4437//3100 4298//3097 820//689
f 4297//3096 4299//3101 968//681
f 4299//3101 4300//3102 4296//3095
f 4302//3103 4305//697 980//698
f 970//688 4437//3100 820//689
f 4307//3104 4315//3105 4309//3106
f 4306//3107 4312//3108 970//688
f 4318//3109 4310//3110 4309//3106
f 4317//3111 4316//3112 4319//3113
f 1018//728 4320//3114 989//725
f 4322//3115 4303//3116 4321//3117
f 4327//3118 4322//3115 4325//3119
f 4322//3115 4330//3120 4311//3121
f 4337//3122 4328//3123 4329//3124
f 4335//3125 4334//3126 4330//3120
f 4338//3127 4344//3128 4337//3122
f 4339//3129 4345//3130 4344//3128
f 4334//3126 4333//3131 4330//3120
f 4340//3132 4334//3126 4335//3125
f 4344//3128 4343//3133 4342//3134
f 1047//744 4357//3135 1046//3136
f 4324//3137 4323//3138 4356//3139
f 4360//3140 4356//3139 4357//3135
f 4326//3141 4324//3137 4358//3142
f 4363//3143 4369//3144 4362//3145
f 4339//3129 4366//3146 4368//3147
f 4376//3148 4371//3149 4374//3150
f 4371//3149 4376//3148 4370//3151
f 4380//3152 4379//3153 4378//3154
f 4375//3155 4382//3156 4374//3150
f 4352//3157 4345//3130 4377//3158
f 4379//3153 4381//3159 4346//3160
f 4386//3161 1063//3162 1064//3163
f 4402//3164 4401//3165 4285//3092
f 4273//3079 4292//3094 4405//3166
f 4295//3093 4409//3167 4293//3168
f 4416//3169 4420//3170 4421//3171
f 4418//3172 4422//3173 4423//3174
f 4423//3174 4425//3175 4420//3170
f 4426//3176 4428//3177 4425//3175
f 4424//3178 4419//3179 4429//3180
f 4427//3181 4429//3180 4419//3179
f 4411//3182 4401//3165 4403//3183
f 4430//3184 4431//3185 4432//3186
f 4301//3187 4434//3188 4299//3101
f 4434//3188 4438//3189 4300//3102
f 4436//3190 4440//3191 4434//3188
f 4404//3192 4439//3193 4443//3194
f 4440//3191 4444//2106 4438//3189
f 4314//3195 4446//3196 4313//3197
f 4447//3198 4318//3109 4448//3199
f 4451//3200 4314//3195 4318//3109
f 4449//3201 4452//3202 4448//3199
f 4454//3203 4456//3204 4452//3202
f 4312//3108 4442//3205 4437//3100
f 4458//3206 4457//3207 4451//3200
f 4463//3208 4458//3206 4456//3204
f 4464//3209 4460//3210 4450//3211
f 4446//3196 4464//3209 4450//3211
f 4467//3212 4459//3213 4454//3203
f 4468//3214 4463//3208 4459//3213
f 4499//3215 4468//3214 4459//3213
f 4319//3113 4466//3216 4317//3111
f 4347//3217 4469//3218 4319//3113
f 4471//3219 4347//3217 4341//3220
f 4479//3221 4488//3222 4478//3223
f 4496//3224 4488//3222 4489//3225
f 4503//3226 4497//3227 4510//3228
f 4504//3229 4506//3230 4499//3215
f 4512//3231 4505//3232 4511//3233
f 4507//3234 4506//3230 4504//3229
f 4512//3231 4509//3235 4510//3228
f 4513//3236 4512//3231 4511//3233
f 4430//3184 4432//3186 4515//3237
f 4433//3238 4516//3239 4429//3180
f 4518//3240 4517//3241 4515//3237
f 4521//3242 4515//3237 4528//3243
f 4515//3237 4520//3244 4523//3245
f 4528//3243 4515//3237 4523//3245
f 4514//3246 4522//3247 4433//3238
f 4520//3244 4522//3247 4523//3245
f 4523//3245 4522//3247 4527//3248
f 4522//3247 4524//3249 4530//3250
f 4526//3251 4528//3243 4531//3252
f 4528//3243 4529//3253 4531//3252
f 4443//3194 4514//3246 4403//3183
f 4441//3254 4533//3255 4436//3190
f 4445//3256 4534//3257 4439//3193
f 4443//3194 4534//3257 4535//3258
f 4441//3254 4537//3259 4533//3255
f 4535//3258 4538//3260 4514//3246
f 4535//3258 4534//3257 4539//3261
f 4537//3259 4540//3262 4444//2106
f 4541//3263 4543//3264 4534//3257
f 4524//3249 4532//3265 4530//3250
f 4524//3249 4545//3266 4532//3265
f 4460//3210 4546//3267 4453//3268
f 4460//3210 4552//3269 4546//3267
f 4548//3270 4555//3271 4547//3272
f 4553//3273 4552//3269 4460//3210
f 4557//3274 4553//3273 4554//3275
f 4556//3276 4557//3274 4554//3275
f 4561//3277 4463//3208 4468//3214
f 4506//3230 4561//3277 4468//3214
f 4563//3278 4560//3279 4561//3277
f 4565//3280 4564//3281 4562//3282
f 4566//3283 4562//3282 4563//3278
f 4567//3284 4570//3285 4548//3270
f 4569//3286 4568//3287 4564//3281
f 4571//3288 4570//3285 4567//3284
f 4574//3289 4565//3280 4566//3283
f 4577//3290 4512//3231 4513//3236
f 4512//3231 4577//3290 4578//3291
f 4507//3234 4579//3292 4506//3230
f 4580//3293 4576//3294 4509//3235
f 4581//3295 4512//3231 4578//3291
f 4582//3296 4561//3277 4579//3292
f 4583//3297 4582//3296 4575//3298
f 4585//3299 4512//3231 4581//3295
f 4587//3300 4584//3301 4580//3293
f 4590//3302 4566//3283 4582//3296
f 4591//3303 4587//3300 4589//3304
f 4566//3283 4590//3302 4592//3305
f 4593//3306 4590//3302 4586//3307
f 4594//3308 4586//3307 4584//3301
f 4595//3309 4574//3289 4592//3305
f 4597//3310 4591//3303 4589//3304
f 4599//3311 4591//3303 4596//3312
f 4595//3309 4593//3306 4598//3313
f 4601//3314 4599//3311 4600//3315
f 4531//3252 4529//3253 4623//3316
f 4529//3253 4624//3317 4625//3318
f 4626//3319 4625//3318 4627//3320
f 4628//3321 4543//3264 4541//3263
f 4628//3321 4631//3322 4543//3264
f 4634//3323 4633//3324 4544//3325
f 4631//3322 4634//3323 4629//3326
f 4634//3323 4631//3322 4635//3327
f 4636//3328 4650//3329 4634//3323
f 4532//3265 4545//3266 4638//3330
f 4638//3330 4545//3266 4640//3331
f 4633//3324 4545//3266 4538//3260
f 4545//3266 4643//3332 4640//3331
f 4633//3324 4643//3332 4545//3266
f 4640//3331 4643//3332 4645//3333
f 4624//3317 4642//3334 4652//3335
f 4644//3336 4625//3318 4646//3337
f 4642//3334 4645//3333 4647//3338
f 4647//3338 4645//3333 4643//3332
f 4650//3329 4633//3324 4634//3323
f 4642//3334 4647//3338 4652//3335
f 4651//3339 4647//3338 4649//3340
f 4643//3332 4650//3329 4654//3341
f 4649//3340 4653//3342 4654//3341
f 4558//3343 4655//3344 4551//3345
f 4559//3346 4658//3347 4550//3348
f 4660//3349 4632//3350 4630//3351
f 4661//3352 4664//3353 4657//3354
f 4663//3355 4635//3327 4628//3321
f 4635//3327 4637//3356 4634//3323
f 4572//3357 4665//3358 4569//3286
f 4570//3285 4656//3359 4556//3276
f 4667//3360 4669//3361 4570//3285
f 4668//3362 4667//3360 4571//3288
f 4670//3363 4673//3364 4572//3357
f 4672//3365 4674//3366 4659//3367
f 4673//3364 4675//3368 4668//3362
f 4675//3368 4792//3369 4669//3361
f 4677//3370 4672//3365 4656//3359
f 4792//3369 4677//3370 4656//3359
f 4670//3363 4676//3371 4673//3364
f 4680//3372 4676//3371 4670//3363
f 4682//3373 4680//3372 4679//3374
f 4681//3375 4675//3368 4673//3364
f 4685//3376 4602//3377 4594//3308
f 4601//3314 4686//3378 4687//3379
f 4690//3380 4601//3314 4687//3379
f 4689//3381 4601//3314 4691//3382
f 4688//3383 4678//3384 4598//3313
f 4692//3385 4688//3383 4685//3376
f 4689//3381 4692//3385 4685//3376
f 4697//3386 4691//3382 4693//3387
f 4679//3374 4678//3384 4694//3388
f 4696//3389 4695//3390 4692//3385
f 4697//3386 4689//3381 4691//3382
f 4702//3391 4697//3386 4699//3392
f 4701//3393 4695//3390 4696//3389
f 4703//3394 4702//3391 4699//3392
f 4703//3394 4699//3392 4704//3395
f 4705//3396 4694//3388 4695//3390
f 4707//3397 4702//3391 4703//3394
f 4708//3398 4703//3394 4704//3395
f 4709//3399 4682//3373 4694//3388
f 4710//3400 4709//3399 4705//3396
f 4706//3401 4710//3400 4705//3396
f 4706//3401 4707//3397 4711//3402
f 4712//3403 4703//3394 4713//3404
f 4713//3404 4703//3394 4708//3398
f 4814//3405 4710//3400 4714//3406
f 4715//3407 4712//3403 4713//3404
f 4736//3408 4729//3409 4727//3
f 4745//3410 4744//3411 4737//3412
f 4739//3413 4740//3414 4747//3415
f 4901//3416 4748//3417 4744//3411
f 4745//3410 4901//3416 4744//3411
f 4649//3340 4654//3341 4755//3418
f 4760//3419 4758//3420 4650//3329
f 4758//3420 4760//3419 4761//3421
f 4764//3422 4755//3418 4762//3423
f 4764//3422 4763//3424 4755//3418
f 4763//3424 4764//3422 4768//3425
f 4772//3426 4635//3327 4775//3427
f 4773//3428 4775//3427 4663//3355
f 4774//3429 4776//3430 4664//3353
f 4637//3356 4753//3431 4636//3328
f 4637//3356 4772//3426 4777//3432
f 4776//3430 4778//3433 4773//3428
f 4772//3426 4775//3427 4779//3434
f 4779//3434 4775//3427 4780//3435
f 4782//3436 4783//3437 4777//3432
f 4767//3438 4760//3419 4784//3439
f 4767//3438 4784//3439 4785//3440
f 4770//3441 4787//3442 4913//3443
f 4791//3444 4793//3445 4658//3347
f 4793//3445 4795//3446 4774//3429
f 4791//3444 4798//3447 4793//3445
f 4797//3448 4780//3435 4778//3433
f 4683//3449 4676//3371 4680//3372
f 4681//3375 4799//3450 4675//3368
f 4684//3451 4800//3452 4683//3449
f 4804//3453 4681//3375 4676//3371
f 4683//3449 4804//3453 4676//3371
f 4801//3454 4804//3453 4683//3449
f 4801//3454 4800//3452 4803//3455
f 4803//3455 4800//3452 4684//3451
f 4805//3456 4806//3457 4681//3375
f 4809//3458 4805//3456 4804//3453
f 4801//3454 4809//3458 4804//3453
f 4807//3459 4796//3460 4674//3366
f 4808//3461 4811//3462 4806//3457
f 4810//3463 4808//3461 4805//3456
f 4812//3464 4807//3459 4794//3465
f 4811//3462 4812//3464 4794//3465
f 4814//3405 4684//3451 4709//3399
f 4815//3466 4802//3467 4814//3405
f 4803//3455 4802//3467 4816//3468
f 4817//3469 4809//3458 4801//3454
f 4820//3470 4818//3471 4816//3468
f 4817//3469 4822//3472 4809//3458
f 4819//3473 4822//3472 4817//3469
f 4826//3474 4827//3475 4831//3476
f 4825//3477 4815//3466 4714//3406
f 4835//3478 4815//3466 4825//3477
f 4830//3479 4826//3474 4831//3476
f 4832//3480 4831//3476 4833//3481
f 4816//3468 4802//3467 4834//3482
f 4832//3480 4830//3479 4831//3476
f 4836//3483 4834//3482 4835//3478
f 4820//3470 4816//3468 4834//3482
f 4840//3484 4834//3482 4837//3485
f 4841//3486 4820//3470 4834//3482
f 4821//3487 4820//3470 4842//3488
f 4843//3489 4821//3487 4842//3488
f 4839//3490 4832//3480 4847//3491
f 4852//3492 4839//3490 4848//3493
f 4841//3486 4834//3482 4851//3494
f 4873//3495 4841//3486 4861//3496
f 4862//3497 4873//3495 4861//3496
f 4873//3495 4843//3489 4841//3486
f 4986//3498 4985//3499 4885//3500
f 4888//3501 4905//3502 4886//3503
f 4750//3504 4749//3505 4893//3506
f 4743//3507 4752//3508 4897//3509
f 4893//3506 4850//3510 4845//3511
f 4893//3506 4746//3512 4850//3510
f 4900//3513 4894//3514 4898//3515
f 4859//3516 4896//3517 4858//3518
f 4904//3519 4903//3520 4900//3513
f 4905//3502 4898//3515 4895//3521
f 4887//3522 4904//3519 4898//3515
f 4905//3502 4887//3522 4898//3515
f 4887//3522 4909//3523 4904//3519
f 4780//3435 4912//3524 4779//3434
f 4787//3442 4790//3525 4913//3443
f 4784//3439 4783//3437 4786//3526
f 4788//3527 4771//3528 4916//3529
f 4915//3530 4917//3531 4919//3532
f 4788//3527 4916//3529 4921//3533
f 4921//3533 4916//3529 4923//3534
f 4923//3534 4919//3532 4926//3535
f 4920//3536 4912//3524 4943//3537
f 4921//3533 4923//3534 4929//3538
f 4930//3539 4928//3540 4929//3538
f 4923//3534 4926//3535 4934//3541
f 4926//3535 4925//3542 4927//3543
f 4923//3534 4934//3541 4931//3544
f 4798//3447 4938//3545 4793//3445
f 4797//3448 4939//3546 4780//3435
f 4937//3547 4941//3548 4781//3549
f 4940//3550 4943//3537 4912//3524
f 4941//3548 4944//3551 4939//3546
f 4924//3552 4943//3537 4932//3553
f 4946//3554 4953//3555 4943//3537
f 4931//3544 4934//3541 4936//3556
f 4935//3557 4936//3556 4954//3558
f 4936//3556 4934//3541 4955//3559
f 4951//3560 4953//3555 4956//3561
f 4955//3559 4952//3562 4957//3563
f 4960//3564 4807//3459 4812//3464
f 4961//3565 4962//3566 4807//3459
f 4963//3567 4966//3568 4959//3569
f 4958//3570 4963//3567 4798//3447
f 4966//3568 4964//3571 4938//3545
f 4969//3572 4967//3573 4964//3571
f 4947//3574 4950//3575 4944//3551
f 4967//3573 4950//3575 4947//3574
f 4972//3576 4971//3577 4822//3472
f 4819//3473 4972//3576 4822//3472
f 4823//3578 4960//3564 4812//3464
f 4975//3579 4974//3580 4972//3576
f 4824//3581 4975//3579 4972//3576
f 4976//3582 4961//3565 4960//3564
f 4973//3583 4976//3582 4960//3564
f 4978//3584 4979//3585 4961//3565
f 4980//3586 4978//3584 4976//3582
f 4983//3587 4982//3588 4968//3589
f 4965//3590 4983//3587 4963//3567
f 4979//3585 4983//3587 4965//3590
f 4984//3591 4824//3581 4821//3487
f 4843//3489 4984//3591 4821//3487
f 4985//3499 4987//3592 4984//3591
f 4986//3498 4988//3593 4985//3499
f 4975//3579 4977//3594 4974//3580
f 4987//3592 4989//3595 4975//3579
f 4988//3593 4990//3596 4987//3592
f 4990//3596 4991//3597 4989//3595
f 4991//3597 4993//3598 4977//3594
f 4992//3599 4994//3600 4991//3597
f 4993//3598 4980//3586 4976//3582
f 4994//3600 4995//3601 4993//3598
f 4996//3602 4981//3603 4978//3584
f 4995//3601 4996//3602 4980//3586
f 5001//3604 5007//3605 5002//3606
f 5004//3607 4998//3608 4999//3609
f 4990//3596 4988//3593 5007//3605
f 5008//3610 5009//3611 5001//3604
f 4992//3599 4990//3596 5009//3611
f 5009//3611 5008//3610 5005//3612
f 4994//3600 4992//3599 5010//3613
f 5009//3611 5010//3613 4992//3599
f 5010//3613 5012//3614 4994//3600
f 5012//3614 4996//3602 4995//3601
f 5002//3606 4885//3500 4911//3615
f 4948//3616 4949//3617 5014//3618
f 4936//3556 4955//3559 5015//3619
f 5015//3619 4955//3559 5016//3620
f 4956//3561 4953//3555 5017//3621
f 5016//3620 4955//3559 5019//3622
f 5021//3623 4948//3616 5014//3618
f 5021//3623 5020//3624 4953//3555
f 5015//3619 5016//3620 5028//3625
f 5019//3622 5024//3626 5027//3627
f 5025//3628 5041//3629 5022//3630
f 5027//3627 5024//3626 5029//3631
f 5023//3632 5028//3625 5030//3633
f 4967//3573 5032//3634 4950//3575
f 4970//3635 5033//3636 4967//3573
f 5014//3618 4949//3617 5036//3637
f 5036//3637 4949//3617 5032//3634
f 4967//3573 5037//3638 5032//3634
f 5034//3639 5037//3638 4967//3573
f 5067//3640 5070//3641 5038//3642
f 5025//3628 5020//3624 5021//3623
f 5035//3643 5040//3644 5021//3623
f 5025//3628 5040//3644 5042//3645
f 5029//3631 5041//3629 5042//3645
f 5042//3645 5043//3646 5029//3631
f 5044//3647 5027//3627 5045//3648
f 5045//3648 5043//3646 5047//3649
f 5070//3641 5040//3644 5035//3643
f 5048//3650 5044//3647 5054//3651
f 5051//3652 5056//3653 5050//3654
f 5057//3655 5054//3651 5056//3653
f 4981//3603 4983//3587 4979//3585
f 5059//3656 5063//3657 5033//3636
f 5034//3639 5064//3658 5037//3638
f 5066//3659 5072//3660 5064//3658
f 5078//3590 5061//3661 4983//3587
f 5061//3661 5062//3662 5058//3663
f 5062//3662 5069//3664 5065//3665
f 5080//3666 5069//3664 5062//3662
f 5069//3664 5082//3667 5066//3659
f 5082//3667 5069//3664 5083//3668
f 5082//3667 5084//3669 5072//3660
f 5087//3670 4996//3602 5013//3671
f 5089//3672 5090//3673 5081//3674
f 5091//3675 5083//3668 5080//3666
f 5091//3675 5093//3676 5083//3668
f 5092//3677 5093//3676 5091//3675
f 5097//3678 5056//3653 5077//3679
f 5057//3655 5056//3653 5097//3678
f 5097//3678 5077//3679 5100//3680
f 5101//3681 5057//3655 5097//3678
f 5102//3682 5101//3681 5097//3678
f 5097//3678 5100//3680 5104//3683
f 5105//3684 5104//3683 5103//3685
f 5097//3678 5104//3683 5112//3686
f 5112//3686 5104//3683 5108//3687
f 5106//3688 5110//3689 5111//3690
f 5097//3678 5110//3689 5106//3688
f 5110//3689 5097//3678 5112//3686
f 5115//3691 5117//3692 5074//3693
f 5118//3694 5121//3695 5117//3692
f 5122//3696 5118//3694 5119//3697
f 5121//3695 5125//3698 5120//3699
f 5129//3700 5125//3698 5126//3701
f 5128//3702 5112//3686 5124//3703
f 5137//3704 5112//3686 5130//3705
f 5129//3700 5126//3701 5133//3706
f 5134//3707 5136//3708 5139//3709
f 5139//3709 5143//3710 5144//3711
f 5144//3711 5143//3710 5147//3712
f 5146//3713 5145//3714 5148//3715
f 5144//3711 5147//3712 5149//3716
f 5116//3717 5085//3718 5150//3719
f 5093//3676 5150//3719 5083//3668
f 5152//3720 5116//3717 5153//3721
f 5150//3719 5153//3721 5116//3717
f 5155//3722 5154//3723 5153//3721
f 5155//3722 5157//3724 5154//3723
f 5162//3725 5119//3697 5152//3720
f 5154//3723 5157//3724 5166//3726
f 5166//3726 5170//3727 5165//3728
f 5157//3724 5159//3729 5166//3726
f 5171//3730 5175//3731 5159//3729
f 5172//3732 5176//3733 5168//3734
f 5169//3735 5178//3736 5172//3732
f 5179//3737 5171//3730 5160//3738
f 5145//3714 5149//3716 5180//3739
f 5172//3732 5178//3736 5182//3740
f 5174//3741 5178//3736 5169//3735
f 5173//3742 5185//3743 5174//3741
f 5180//3739 5183//3744 5186//3745
f 5182//3740 5187//3746 5176//3733
f 5179//3737 5188//3747 5171//3730
f 5182//3740 5184//3748 5189//3749
f 5179//3737 5192//3750 5188//3747
f 5187//3746 5189//3749 5196//3751
f 5199//3752 5192//3750 5179//3737
f 5195//3753 5194//3754 5193//3755
f 5197//3756 5189//3749 5190//3757
f 5192//3750 5200//3758 5191//3759
f 5196//3751 5189//3749 5203//465
f 5192//3750 5204//3760 5200//3758
f 5205//3761 5192//3750 5199//3752
f 5201//3762 5203//465 5206//469
f 5205//3761 5204//3760 5192//3750
f 5210//470 5209//471 5212//472
f 5204//3760 5213//474 5208//3763
f 5207//3764 5213//474 5217//477
f 5219//478 5213//474 5218//479
f 5219//478 5222//480 5213//474
f 1949//3765 1948//3766 5243//3767
f 1952//1432 1951//3768 5245//3769
f 5243//3767 5249//3770 5251//3771
f 5253//3772 5244//3773 5252//3774
f 5244//3773 5253//3772 5255//3775
f 5245//3769 5255//3775 5256//3776
f 5262//3777 5261//3778 5260//3779
f 5255//3775 5254//3780 5263//3781
f 5273//3782 5275//3783 5276//3784
f 5275//3783 5264//3785 5277//3786
f 5278//3787 5275//3783 5277//3786
f 5277//3786 5264//3785 5280//3788
f 5278//3787 5280//3788 5281//3789
f 5268//3790 5271//3791 5284//3792
f 5286//3793 5285//3794 5284//3792
f 5279//3795 5285//3794 5295//3796
f 5280//3788 5295//3796 5287//3797
f 5281//3789 5287//3797 5288//3798
f 5295//3796 5286//3793 5294//3799
f 5302//3800 5287//3797 5296//3801
f 5299//3802 5293//3803 5297//3804
f 5301//3805 5300//3806 5293//3803
f 5303//3807 5301//3805 5299//3802
f 5305//3808 5304//3809 5301//3805
f 5276//3784 5278//3787 5307//3810
f 5308//3811 5278//3787 5281//3789
f 5308//3811 5281//3789 5289//3812
f 5311//3813 5310//3814 5287//3797
f 5310//3814 5311//3813 5314//3815
f 5309//3816 5310//3814 5314//3815
f 5315//3817 5309//3816 5314//3815
f 5312//3818 5309//3816 5315//3817
f 5311//3813 5313//3819 5317//3820
f 5314//3815 5311//3813 5319//3821
f 5322//3822 5306//3823 5276//3784
f 5321//3824 5323//3825 5324//3826
f 5325//3827 5309//3816 5312//3818
f 5327//3828 5325//3827 5312//3818
f 5327//3828 5312//3818 5328//3829
f 5328//3829 5312//3818 5320//3830
f 1857//1385 2013//3831 5330//3832
f 2012//3833 5331//3834 5332//3835
f 2010//1493 5330//3832 5333//3836
f 5334//3837 5324//3826 5335//3838
f 2013//3831 5332//3835 5336//3839
f 5340//3840 5345//3841 5346//3842
f 5392//3843 5342//3844 5348//3845
f 5353//3846 5345//3841 5340//3840
f 5340//3840 5343//3847 5353//3846
f 5349//3848 5347//3849 5341//3850
f 5344//3851 5346//3842 5350//3852
f 2014//1495 5333//3836 5357//3853
f 5343//3847 5357//3853 5359//3854
f 5358//3855 5381//3856 5339//3857
f 5362//3858 2062//1517 5361//3859
f 5361//3859 5393//3860 5363//3861
f 5364//3862 5393//3860 5395//3863
f 5366//3864 5365//3865 5364//3862
f 5367//3866 5365//3865 5366//3864
f 5371//3867 5366//3864 5370//3868
f 5367//3866 5366//3864 5371//3867
f 5372//3869 5368//3870 5338//3871
f 5370//3868 5369//3872 5372//3869
f 5372//3869 5338//3871 5375//3873
f 5376//3874 5372//3869 5385//3875
f 5425//3876 5378//3877 5377//3878
f 5430//3879 4477//3880 4355//3881
f 5391//3882 5342//3844 5392//3843
f 5392//3843 5348//3845 5394//3883
f 5338//3871 5368//3870 5352//3884
f 2092//1515 5396//3885 2093//1541
f 5396//3885 2092//1515 5362//3858
f 5362//3858 5363//3861 5399//3886
f 5402//3887 5397//3888 5398//1539
f 5403//3889 5397//3888 5402//3887
f 5404//3890 5399//3886 5365//3865
f 5400//3891 5399//3886 5404//3890
f 5402//3887 5401//3892 5405//3893
f 5402//3887 5405//3893 5407//3894
f 5418//3895 5410//3896 5417//3897
f 5418//3895 5428//3898 5420//3899
f 5420//3899 5419//3900 5422//3901
f 5424//3902 5413//3903 5412//3904
f 5423//3905 4371//3149 5414//3906
f 5374//3907 5378//3877 5426//3908
f 5426//3908 5425//3876 5428//3898
f 5426//3908 5428//3898 5418//3895
f 2107//3909 5431//3910 2108//3911
f 2112//3912 5433//3913 2111//3914
f 5409//3915 5406//3916 5442//3917
f 5447//3918 5305//3808 5303//3807
f 5454//3919 5447//3918 5446//3920
f 5458//3921 5457//3922 5456//3923
f 5465//3924 5460//3925 5459//3926
f 5464//3927 5458//3921 5463//3928
f 5461//3929 5460//3925 5466//3930
f 5471//3931 5463//3928 5468//3932
f 5469//3933 5471//3931 5475//3934
f 5466//3930 5469//3933 5472//3935
f 5470//3936 5466//3930 5473//3937
f 5471//3931 5474//3938 5476//3939
f 5328//3829 5453//3940 5480//3941
f 5467//3942 5480//3941 5461//3929
f 5332//3835 5337//3943 5484//3944
f 5337//3943 5335//3838 5486//3945
f 5336//3839 5484//3944 5488//3946
f 5482//3947 5336//3839 5488//3946
f 5487//3948 5486//3945 5489//3949
f 5484//3944 5487//3948 5490//3950
f 5482//3947 5488//3946 5491//3951
f 5488//3946 5490//3950 5496//3952
f 5491//3951 5488//3946 5496//3952
f 5500//3953 5498//3954 5501//3955
f 5357//3853 5483//3956 5502//3957
f 5498//3954 5497//3958 5503//3959
f 5504//3960 5500//3953 5501//3955
f 5483//3956 5491//3951 5508//3961
f 5507//3962 5503//3959 5509//3963
f 5499//3964 5506//3965 5511//3966
f 5516//3967 5514//3968 5515//3969
f 5521//3970 5530//3971 5522//3972
f 5533//3973 5530//3971 5537//3974
f 5535//3975 5536//3976 5531//3977
f 4491//3978 5534//3979 5538//3980
f 5537//3974 5539//3981 5532//3982
f 5542//3983 5535//3975 5531//3977
f 5541//3984 5539//3981 5537//3974
f 5540//3985 4498//3986 5538//3980
f 5535//3975 5540//3985 5538//3980
f 5530//3971 5541//3984 5537//3974
f 5540//3985 4505//3232 4498//3986
f 5530//3971 5548//3987 5545//3988
f 5593//3989 5540//3985 5542//3983
f 5546//3990 5542//3983 5543//3991
f 5521//3970 5500//3953 5530//3971
f 5548//3987 5500//3953 5549//3992
f 5611//3993 5545//3988 5548//3987
f 5552//3994 5551//3995 5556//3996
f 5554//3997 5550//3998 5555//3999
f 5564//4000 5558//4001 5555//3999
f 5560//4002 5556//3996 5563//4003
f 5561//4004 4526//3251 4531//3252
f 5564//4000 5555//3999 5561//4004
f 5495//4005 5494//4006 5573//4007
f 5491//3951 5496//3952 5575//4008
f 5571//4009 5495//4005 5577//4010
f 5680//4011 5576//4012 5572//4013
f 5574//4014 5573//4007 5579//4015
f 5578//4016 5577//4010 5580//4017
f 5506//3965 5502//3957 5581//4018
f 5508//3961 5491//3951 5582//4019
f 5511//3966 5581//4018 5586//4020
f 5575//4008 5578//4016 5589//4021
f 5545//3988 5597//4022 5543//3991
f 5593//3989 5592//4023 5547//4024
f 5593//3989 5594//4025 5592//4023
f 5594//4025 5596//4026 5592//4023
f 5594//4025 5598//4027 5596//4026
f 5594//4025 5600//4028 5598//4027
f 5601//4029 5599//4030 5595//4031
f 5601//4029 5604//4032 5599//4030
f 5605//4033 5608//4034 5601//4029
f 5549//3992 5611//3993 5548//3987
f 5549//3992 5610//4035 5612//4036
f 5615//4037 5545//3988 5611//3993
f 5612//4036 5615//4037 5611//3993
f 5615//4037 5618//4038 5545//3988
f 5613//4039 5509//3963 5510//4040
f 5612//4036 5614//4041 5616//4042
f 5616//4042 5618//4038 5615//4037
f 5618//4038 5603//4043 5597//4022
f 5620//4044 5616//4042 5617//4045
f 5617//4045 5619//4046 5622//4047
f 5620//4044 5623//4048 5616//4042
f 5623//4048 5624//4049 5603//4043
f 5624//4049 5609//4050 5605//4033
f 5600//4028 4597//3310 5602//4051
f 5625//4052 4597//3310 5600//4028
f 5627//4053 5607//4054 5606//4055
f 5632//4056 5628//4057 5626//4058
f 5627//4053 5630//4059 5607//4054
f 5633//4060 5630//4059 5627//4053
f 5632//4056 5634//4061 5628//4057
f 5562//4062 5564//4000 5656//4063
f 5658//4064 5656//4063 5660//4065
f 5567//4066 5566//4067 5662//4068
f 5569//4069 5567//4066 5662//4068
f 5569//4069 5662//4068 5663//4070
f 5570//4071 5663//4070 5664//4072
f 5566//4067 5659//4073 5665//4074
f 5662//4068 5566//4067 5665//4074
f 5663//4070 5662//4068 5666//4075
f 5665//4074 5659//4073 5668//4076
f 5662//4068 5665//4074 5669//4077
f 5666//4075 5662//4068 5669//4077
f 5669//4077 5665//4074 5671//4078
f 5664//4072 5670//4079 5672//4080
f 5668//4076 5660//4065 5674//4081
f 5669//4077 5671//4078 5675//4082
f 5666//4075 5669//4077 5675//4082
f 5672//4080 5670//4079 5677//4083
f 5678//4084 5674//4081 5673//4085
f 5574//4014 5579//4015 5682//4086
f 5580//4017 5574//4014 5682//4086
f 5579//4015 5681//4087 5683//4088
f 5682//4086 5579//4015 5684//4089
f 5683//4088 5681//4087 5672//4080
f 5684//4089 5683//4088 5685//4090
f 5590//4091 5582//4019 5689//4092
f 5590//4091 5689//4092 5688//4093
f 5588//4094 5589//4021 5689//4092
f 5690//4095 5580//4017 5692//4096
f 5689//4092 5690//4095 5693//4097
f 5688//4093 5689//4092 5693//4097
f 5691//4098 5688//4093 5697//4099
f 5619//4046 5621//4100 5622//4047
f 5620//4044 5622//4047 5702//4101
f 5699//4102 5703//4103 5698//4104
f 5622//4047 5701//4105 5704//4106
f 5699//4102 5702//4101 5705//4107
f 5591//4108 5686//4109 5707//4110
f 5708//4111 5705//4107 5702//4101
f 5704//4106 5687//4112 5710//4113
f 5631//4114 5711//4115 5627//4053
f 5713//4116 5629//4117 5630//4059
f 5629//4117 5720//4118 5632//4056
f 5632//4056 5716//4119 5714//4120
f 5720//4118 5716//4119 5632//4056
f 5717//4121 5720//4118 5629//4117
f 5719//4122 4691//3382 5716//4119
f 5633//4060 5711//4115 5718//4123
f 4698//4124 4693//3387 5721//4125
f 5718//4123 5722//4126 5713//4116
f 5717//4121 5723//4127 5720//4118
f 5726//4128 5722//4126 5718//4123
f 5723//4127 4698//4124 5721//4125
f 5724//4129 5723//4127 5717//4121
f 5715//4130 5726//4128 5718//4123
f 5732//4131 5722//4126 5726//4128
f 5723//4127 4700//4132 5725//4133
f 5727//4134 5723//4127 5724//4129
f 5730//4135 4700//4132 5723//4127
f 5727//4134 5730//4135 5723//4127
f 5730//4135 5733//4136 5729//4137
f 5734//4138 5727//4134 5728//4139
f 5731//4140 5736//4141 5732//4131
f 5737//4142 5736//4141 5731//4140
f 5703//4103 5739//4143 5700//4144
f 5740//4145 5715//4130 5738//4146
f 5743//4147 5739//4143 5706//4148
f 5742//4149 5741//4150 5739//4143
f 5740//4145 5731//4140 5715//4130
f 5743//4147 5742//4149 5739//4143
f 5708//4111 5743//4147 5705//4107
f 5742//4149 5744//4151 5741//4150
f 5842//4152 5742//4149 5743//4147
f 5740//4145 5744//4151 5745//4153
f 5749//4154 5747//4155 5748//4156
f 4716//4157 4715//3407 5749//4154
f 5734//4138 5748//4156 5727//4134
f 5735//4158 5736//4141 5750//4159
f 5751//4160 5748//4156 5734//4138
f 5760//4161 5761//756 5756//757
f 5758//758 5653//759 5764//4162
f 5758//758 5764//4162 5759//4163
f 5760//4161 4723//4164 4731//4165
f 5761//756 5760//4161 5765//4166
f 5765//4166 5766//4167 5762//4168
f 5763//765 5762//4168 5766//4167
f 5764//4162 5763//765 5771//4169
f 5767//4170 5764//4162 5771//4169
f 5770//4171 5769//4172 5772//4173
f 5766//4167 5770//4171 5774//4174
f 5763//765 5766//4167 5775//4175
f 5776//4176 5767//4170 5781//4177
f 5779//4178 5778//4179 5782//4180
f 5775//4175 5780//4181 5784//4182
f 5771//4169 5775//4175 5785//4183
f 5777//4184 5776//4176 5786//4185
f 5678//4084 5673//4085 5791//4186
f 5792//4187 5679//4188 5678//4084
f 5676//4189 5675//4082 5794//4190
f 5677//4083 5790//4191 5795//4192
f 5792//4187 5791//4186 5796//4193
f 5788//4194 5679//4188 5797//4195
f 5797//4195 5792//4187 5798//4196
f 5793//4197 5788//4194 5799//4198
f 5798//4196 5796//4193 5802//4199
f 5801//4200 5790//4191 5800//4201
f 5802//4199 4765//4202 4769//4203
f 5685//4090 5677//4083 5808//4204
f 5795//4192 5801//4200 5809//4205
f 5810//4206 5800//4201 5803//4207
f 5811//4208 5801//4200 5800//4201
f 5809//4205 5801//4200 5813//4209
f 5810//4206 5807//4210 5816//4211
f 5812//4212 5810//4206 5816//4211
f 5694//4213 5685//4090 5817//4214
f 5692//4096 5695//4215 5818//4216
f 5819//4217 5694//4213 5817//4214
f 5695//4215 5694//4213 5820//4218
f 5818//4216 5695//4215 5820//4218
f 5808//4204 5795//4192 5821//4219
f 5818//4216 5820//4218 5824//4220
f 5696//4221 5818//4216 5825//4222
f 5821//4219 5795//4192 5809//4205
f 5821//4219 5809//4205 5826//4223
f 5822//4224 5821//4219 5826//4223
f 5823//4225 5819//4217 5827//4226
f 5826//4223 5809//4205 5828//4227
f 5822//4224 5826//4223 5828//4227
f 5827//4226 5822//4224 5829//4228
f 5707//4110 5691//4098 5831//4229
f 5707//4110 5831//4229 5710//4113
f 5693//4097 5696//4221 5832//4230
f 5697//4099 5693//4097 5832//4230
f 5831//4229 5830//4231 5834//4232
f 5830//4231 5697//4099 5835//4233
f 5825//4222 5824//4220 5836//4234
f 5839//4235 5835//4233 5832//4230
f 5830//4231 5835//4233 5840//4236
f 5708//4111 5709//4237 5843//4238
f 5845//4239 5841//4240 5745//4153
f 5842//4152 5843//4238 5844//4241
f 5744//4151 5842//4152 5848//4242
f 5843//4238 5846//4243 5847//4244
f 5844//4241 5848//4242 5842//4152
f 5831//4229 5834//4232 5851//4245
f 5846//4243 5851//4245 5852//4246
f 5847//4244 5852//4246 5853//4247
f 5851//4245 5834//4232 5856//4248
f 5856//4248 5834//4232 5857//4249
f 5737//4142 5841//4240 5858//4250
f 5861//4251 5859//4252 5751//4160
f 5862//4253 5754//4254 5753//4255
f 5858//4250 5841//4240 5863//4256
f 5864//4257 5858//4250 5863//4256
f 5865//4258 5859//4252 5861//4251
f 5866//4259 4829//4260 5862//4253
f 5866//4259 5862//4253 5865//4258
f 5864//4257 5863//4256 5871//4261
f 5869//4262 5866//4259 5865//4258
f 5870//4263 5873//4264 5872//4265
f 5875//4266 5845//4239 5848//4242
f 5874//4267 5870//4263 5863//4256
f 5876//4268 5875//4266 5849//4269
f 5878//4270 5874//4267 5875//4266
f 5870//4263 5874//4267 5877//4271
f 5881//4272 5870//4263 5877//4271
f 5876//4268 5878//4270 5875//4266
f 5881//4272 5877//4271 5878//4270
f 5853//4247 5854//4273 5879//4274
f 5876//4268 5880//4275 5878//4270
f 5885//4276 5880//4275 5876//4268
f 5885//4276 5881//4272 5880//4275
f 4844//4277 5867//4278 5888//4279
f 5890//4280 5888//4279 5889//4281
f 5890//4280 5889//4281 5894//4282
f 4849//4283 5893//4284 5895//4285
f 5902//4286 5889//4281 5892//4287
f 5904//4288 5895//4285 5894//4282
f 4854//4289 5895//4285 5905//4290
f 5905//4290 5895//4285 5906//4291
f 5873//4264 5881//4272 5912//4292
f 5910//4293 5907//4294 5915//4295
f 5921//4296 5919//4297 6007//4298
f 5923//4299 5912//4292 5885//4276
f 6007//4298 5919//4297 5923//4299
f 5782//4180 5787//4300 5887//4301
f 5927//4302 5785//4183 5924//4303
f 5925//4304 5785//4183 5927//4302
f 5777//4184 5786//4185 5932//4305
f 5783//4306 5887//4301 5891//4307
f 5927//4302 5924//4303 5931//4308
f 5928//4309 5900//4310 5901//4311
f 5927//4302 5931//4308 5935//4312
f 5935//4312 5940//4313 5941//4314
f 5941//4314 5940//4313 5939//4315
f 5942//4316 5935//4312 5945//4317
f 5943//4318 5922//4319 5946//4320
f 5945//4317 5941//4314 5944//4321
f 5936//4322 5942//4316 5949//4323
f 5816//4211 5807//4210 5952//4324
f 5954//4325 5952//4324 5804//4326
f 5953//4327 5811//4208 5812//4212
f 5955//4328 5815//4329 5814//4330
f 5954//4325 5815//4329 5957//4331
f 5957//4331 5952//4324 5954//4325
f 5958//4332 5953//4327 5816//4211
f 5956//4333 5953//4327 5960//4334
f 5955//4328 4928//3540 4930//3539
f 5952//4324 5957//4331 5963//4335
f 5958//4332 5952//4324 5963//4335
f 5965//4336 5963//4335 5962//4337
f 5828//4227 5809//4205 5967//4338
f 5967//4338 5956//4333 5961//4339
f 5968//4340 5958//4332 5963//4335
f 5970//4341 5969//4342 5959//4343
f 5961//4339 5969//4342 5971//4344
f 5972//4345 5966//4346 5965//4336
f 5823//4225 5827//4226 5973//4347
f 5836//4234 5823//4225 5973//4347
f 5973//4347 5827//4226 5974//4348
f 5828//4227 5967//4338 5961//4339
f 5828//4227 5961//4339 5977//4349
f 5829//4228 5828//4227 5977//4349
f 5974//4348 5829//4228 5978//4350
f 5977//4349 5961//4339 5971//4344
f 5834//4232 5840//4236 5983//4351
f 5854//4273 5856//4248 5984//4352
f 5857//4249 5983//4351 5985//4353
f 5983//4351 5840//4236 5986//4354
f 5839//4235 5976//4355 5987//4356
f 5839//4235 5987//4356 5988//4357
f 5986//4354 5839//4235 5988//4357
f 5987//4356 5976//4355 5991//4358
f 5992//4359 5975//4360 5979//4361
f 5976//4355 5975//4360 5992//4359
f 5979//4361 5980//4362 5994//4363
f 5995//4364 5882//4365 5883//4366
f 5995//4364 5997//4367 5882//4365
f 5985//4353 5986//4354 5998//4368
f 5996//4369 5999//4370 6000//4371
f 5998//4368 5990//4372 6001//4373
f 5990//4372 5989//4374 6002//4375
f 5988//4357 5993//4376 6003//4377
f 6002//4375 5988//4357 6003//4377
f 6009//4378 5923//4299 6005//4379
f 6008//4380 5997//4367 5995//4364
f 5995//4364 5996//4369 6012//4381
f 6008//4380 6012//4381 6013//4382
f 6000//4371 6001//4373 6015//4383
f 6014//4384 6000//4371 6016//4385
f 6022//4386 5950//4387 6021//4388
f 6025//4389 6027//4390 6028//4391
f 6026//4392 6013//4382 6029//4393
f 6027//4390 6029//4393 6030//4394
f 6032//4395 6029//4393 6014//4384
f 6030//4394 6032//4395 6031//4396
f 6032//4395 6016//4385 6033//4397
f 6033//4397 6016//4385 6034//4398
f 6101//4399 6034//4398 6017//4400
f 6035//4401 5972//4345 5964//4402
f 6037//4403 6036//4404 5970//4341
f 5971//4344 5969//4342 6038//4405
f 6041//4406 6037//4403 5968//4340
f 6043//4407 6041//4406 6040//4408
f 6038//4405 6036//4404 6044//4409
f 6039//4410 6038//4405 6046//4411
f 5026//4412 5972//4345 6035//4401
f 6048//4413 6044//4409 6037//4403
f 6039//4410 5971//4344 6038//4405
f 6052//4414 6048//4413 6047//4415
f 6053//4416 6045//4417 6048//4413
f 6061//4418 6053//4416 6052//4414
f 6057//4419 6054//4420 6053//4416
f 6073//4421 6054//4420 6058//4422
f 6075//4423 6058//4422 6059//4424
f 6060//4425 6049//4426 6055//4427
f 6062//4428 6061//4418 6056//4429
f 6067//4430 6057//4419 6061//4418
f 6063//4431 6058//4422 6057//4419
f 6059//4424 6058//4422 6064//4432
f 6066//4433 6062//4428 6060//4425
f 6068//4434 6067//4430 6062//4428
f 6068//4434 6063//4431 6067//4430
f 5991//4358 5992//4359 6069//4435
f 5992//4359 5994//4363 6071//4436
f 6051//4437 6039//4410 6046//4411
f 6050//4438 6039//4410 6051//4437
f 6069//4435 6071//4436 6072//4439
f 6113//4440 6064//4432 6063//4431
f 6059//4424 6064//4432 6076//4441
f 6059//4424 6076//4441 6077//4442
f 6002//4375 6003//4377 6078//4443
f 5991//4358 6069//4435 6079//4444
f 6079//4444 6069//4435 6080//4445
f 6072//4439 6074//4446 6081//4447
f 6069//4435 6072//4439 6082//4448
f 6069//4435 6082//4448 6083//4449
f 6080//4445 6069//4435 6083//4449
f 6074//4446 6059//4424 6084//4450
f 6081//4447 6074//4446 6084//4450
f 6081//4447 6084//4450 6085//4451
f 6084//4450 6077//4442 6086//4452
f 6087//4453 6088//4454 6091//4455
f 6088//4454 6090//4456 6091//4455
f 6089//4457 6083//4449 6094//4458
f 6090//4456 6094//4458 6095//4459
f 6095//4459 6094//4458 6097//4460
f 6085//4451 6086//4452 6098//4461
f 6100//4462 6099//4463 6098//4461
f 6101//4399 6102//4464 6103//4465
f 6102//4464 6091//4455 6104//4466
f 6102//4464 6104//4466 6105//4467
f 6104//4466 6092//4468 6106//4469
f 6106//4469 6108//4470 6109//4471
f 6097//4460 6096//4472 6110//4473
f 6117//4474 6116//4475 6113//4440
f 6076//4441 6116//4475 6118//4476
f 6077//4442 6119//4477 6120//4478
f 6130//4479 6122//4480 6115//4481
f 6130//4479 6117//4474 6122//4480
f 6119//4477 6123//4482 6125//4483
f 6120//4478 6125//4483 6126//4484
f 6128//4485 6115//4481 6127//4486
f 5106//3688 6128//4485 5102//3682
f 6129//4487 6130//4479 6115//4481
f 6132//4488 6124//4489 6130//4479
f 6129//4487 5109//4490 5111//3690
f 6129//4487 5111//3690 5110//3689
f 6134//4491 6129//4487 6133//4492
f 6134//4491 6130//4479 6129//4487
f 6125//4483 6131//4493 6138//4494
f 6141//4495 6140//4496 6137//4497
f 6142//4498 6141//4495 6137//4497
f 6138//4494 6140//4496 6143//4499
f 6134//4491 5113//4500 5127//4501
f 6146//4502 6134//4491 6147//4503
f 6148//4504 6137//4497 6146//4502
f 6149//4505 6148//4504 6146//4502
f 6150//4506 6148//4504 6149//4505
f 6146//4502 5137//3704 5130//3705
f 6149//4505 6146//4502 6154//4507
f 6159//4508 6158//4509 6163//4510
f 6086//4452 6120//4478 6165//4511
f 6166//4512 6098//4461 6165//4511
f 6135//4513 6165//4511 6126//4484
f 6169//4514 6166//4512 6168//4515
f 6191//4516 6179//4517 6183//4518
f 6179//4517 6178//4519 6198//4520
f 6183//4518 6179//4517 6198//4520
f 6108//4470 6186//4521 6187//4522
f 6169//4514 6168//4515 6188//4523
f 6171//4524 6168//4515 6139//4525
f 6190//4526 6189//4527 6179//4517
f 6191//4516 6190//4526 6179//4517
f 6164//4528 6159//4508 6195//4529
f 6175//4530 6181//4531 6196//4532
f 6177//4533 6196//4532 6197//4534
f 6183//4518 6198//4520 6203//4535
f 6181//4531 6164//4528 6199//4536
f 6196//4532 6181//4531 6200//4537
f 6197//4534 6196//4532 6202//4538
f 6199//4536 6195//4529 6204//4539
f 6198//4520 6197//4534 6205//4540
f 6216//4541 6203//4535 6207//4542
f 6183//4518 6203//4535 6216//4541
f 6205//4540 6209//4543 6211//4544
f 6216//4541 6207//4542 6212//4545
f 6209//4543 6201//4546 6214//4547
f 6212//4545 6215//4548 6220//4549
f 6214//4547 6225//1267 6226//1268
f 6226//1268 6225//1267 6229//1269
f 6222//1270 6226//1268 6231//4550
f 6227//4551 6222//1270 6231//4550
f 6227//4551 6231//4550 6235//4552
f 2977//4553 6260//4554 6261//4555
f 2979//4556 2978//4557 6260//4554
f 6260//4554 2977//4553 2979//4556
f 6262//4558 2978//4557 2980//4559
f 6261//4555 6267//4560 6265//4561
f 3014//2174 6281//4562 6280//4563
f 6281//4562 3014//2174 3015//4564
f 6281//4562 3015//4564 3016//2178
f 6280//4563 6271//4565 6262//4558
f 6285//4566 6281//4562 6282//4567
f 6278//4568 6279//4569 6286//4570
f 6278//4568 6286//4570 6282//4567
f 6275//4571 6273//4572 6287//4573
f 6283//4574 6288//4575 6289//4576
f 6285//4566 6290//4577 6284//4578
f 6288//4575 6297//4579 6294//4580
f 6290//4577 6297//4579 6288//4575
f 6291//4581 6297//4579 6290//4577
f 6300//4582 6299//4583 6305//4584
f 6298//4585 6304//4586 6297//4579
f 6300//4582 6305//4584 6306//4587
f 6301//4588 6300//4582 6306//4587
f 6307//4589 6305//4584 6303//4590
f 6306//4587 6305//4584 6308//4591
f 6308//4591 6305//4584 6310//4592
f 6306//4587 6308//4591 6311//4593
f 6309//4594 6306//4587 6311//4593
f 3038//4595 6313//4596 6312//4597
f 6314//4598 3039//4599 3036//4600
f 6312//4597 6319//4601 6318//4602
f 6312//4597 6318//4602 6315//4603
f 6316//4604 6320//4605 6319//4601
f 6317//4606 6320//4605 6316//4604
f 6318//4602 6324//4607 6323//4608
f 6320//4605 6324//4607 6319//4601
f 6328//4609 6326//4610 6329//4611
f 6325//4612 6327//4613 6331//4614
f 6328//4609 6329//4611 6332//4615
f 6318//4602 6323//4608 6292//4616
f 6307//4589 6302//4617 6337//4618
f 6328//4609 6336//4619 6298//4585
f 6308//4591 6310//4592 6339//4620
f 6338//4621 6307//4589 6340//4622
f 6340//4622 6337//4618 6341//4623
f 6336//4619 6328//4609 6342//4624
f 6311//4593 6308//4591 6344//4625
f 6344//4625 6339//4620 6345//4626
f 3072//4627 6352//4628 3070//2217
f 3067//2209 6350//2226 6364//4629
f 6357//4630 6358//4631 6352//4628
f 6362//4632 6333//4633 6360//4634
f 6363//4635 6362//4632 6360//4634
f 6358//4631 6363//4635 6360//4634
f 6359//4636 6523//4637 6365//4638
f 3077//2229 6368//4639 2917//2221
f 6375//4640 6371//4641 6368//4639
f 6370//2231 3086//2241 6379//4642
f 6377//4643 3088//4644 3089//2273
f 6380//4645 6377//4643 6378//4646
f 6382//4647 6381//4648 6379//4642
f 6382//4647 6377//4643 6380//4645
f 6387//4649 6382//4647 6383//4650
f 6388//4651 6372//4652 6381//4648
f 6390//4653 6385//4654 6386//4655
f 6390//4653 6389//4656 6385//4654
f 6391//4657 6386//4655 6387//4649
f 6389//4656 6384//4658 6385//4654
f 6392//4659 6389//4656 6390//4653
f 6393//4660 6372//4652 6388//4651
f 6384//4658 6393//4660 6388//4651
f 6397//4661 6395//4662 6391//4657
f 6407//4663 3089//2273 3130//4664
f 6411//4665 6394//4666 6408//4667
f 6414//4668 6383//4650 6410//4669
f 6412//4670 6418//4671 6416//4672
f 6397//4661 6387//4649 6414//4668
f 6396//4673 6423//4674 6399//4675
f 6423//4674 6396//4673 6417//4676
f 6422//4677 6427//4678 6421//4679
f 6428//4680 6423//4674 6419//4681
f 6425//4682 6426//4683 6430//4684
f 6405//4685 6404//4686 6423//4674
f 3152//744 6434//3135 3131//4687
f 6438//4688 3156//3162 3157//4689
f 6439//4690 6407//4663 6434//3135
f 6448//3143 6415//4691 6447//4692
f 6458//4693 6455//4694 6421//4679
f 6455//4694 6458//4693 6454//3151
f 6465//4695 6464//4696 6466//4697
f 6465//4695 6463//4698 6464//4696
f 6476//4699 6486//4700 6484//4701
f 6476//4699 6484//4701 6477//4702
f 6460//4703 6461//4704 6486//4700
f 6460//4703 6486//4700 6476//4699
f 6488//4705 6485//4706 6491//4707
f 6497//4708 6488//4705 6496//4709
f 6463//4698 6462//4710 6464//4696
f 6502//4711 6501//4712 6507//4713
f 6501//4712 6504//4714 6507//4713
f 6510//4715 6503//4716 6505//4717
f 6507//4713 6504//4714 6513//4718
f 6509//4719 6508//4720 6511//4721
f 6467//4722 6510//4715 6463//4698
f 6513//4718 6512//4723 6519//4724
f 6514//4725 6510//4715 6520//4726
f 6365//4638 6526//4727 6522//4728
f 6529//4729 6525//4730 6528//4731
f 6535//4732 6527//4733 6354//4734
f 6464//4696 6529//4729 6532//4735
f 6464//4696 6462//4710 6529//4729
f 6466//4697 6532//4735 6534//4736
f 6533//4737 6530//4738 6536//4739
f 6642//4740 6531//4741 6527//4733
f 6538//4742 6642//4740 6535//4732
f 6374//4743 6539//4744 6376//4745
f 6540//4746 6374//4743 6372//4652
f 6541//4747 6354//4734 6371//4641
f 6542//4748 6539//4744 6374//4743
f 6543//4749 6541//4747 6375//4640
f 6539//4744 6551//4750 6376//4745
f 6551//4750 6548//4751 6546//4752
f 6549//4753 6551//4750 6542//4748
f 6554//4754 6553//4755 6403//4756
f 6552//4757 6393//4660 6553//4755
f 6561//4758 6569//4759 6554//4754
f 6564//4760 6571//4761 6563//4762
f 6573//4763 6566//4764 6568//4765
f 6571//4761 6577//4766 6570//4767
f 6578//4768 6572//4769 6574//4770
f 6576//4771 6580//4772 6570//4767
f 6582//4773 6547//4774 6552//4757
f 6576//4771 6583//4775 6580//4772
f 6581//4776 6583//4775 6576//4771
f 6674//4777 6673//4778 6578//4768
f 6558//4779 6406//4780 6431//4781
f 6432//4782 6560//4783 6559//4784
f 4605//1543 4606//1544 6585//1542
f 6605//4785 6636//4786 6608//4787
f 6606//4788 6609//4789 6610//4790
f 6608//4787 6635//4791 6611//4792
f 6609//4789 6608//4787 6614//4793
f 6467//4722 6618//4794 6617//4795
f 6467//4722 6468//4796 6618//4794
f 6468//4796 6621//4797 6618//4794
f 6468//4796 6466//4697 6619//4798
f 6617//4795 6618//4794 6622//4799
f 6618//4794 6621//4797 6622//4799
f 6620//4800 6617//4795 6625//4801
f 6515//4802 6517//4803 6628//4804
f 6516//4805 6513//4718 6631//4806
f 6518//4807 6520//4726 6632//4808
f 6520//4726 6617//4795 6632//4808
f 6520//4726 6467//4722 6617//4795
f 6629//4809 6627//4810 6633//4811
f 6631//4806 6519//4724 6634//4812
f 6630//4813 6638//4814 6639//4815
f 6630//4813 6518//4807 6638//4814
f 6632//4808 6620//4800 6638//4814
f 6632//4808 6617//4795 6620//4800
f 6637//4816 6630//4813 6639//4815
f 6635//4791 6637//4816 6607//4817
f 6640//4818 6637//4816 6639//4815
f 6638//4814 6624//4819 6641//4820
f 6638//4814 6620//4800 6624//4819
f 6640//4818 6638//4814 6641//4820
f 6789//4821 6640//4818 6641//4820
f 6534//4736 6536//4739 6644//4822
f 6643//4823 6538//4742 6537//4824
f 6534//4736 6644//4822 6619//4798
f 6645//4825 6536//4739 6531//4741
f 6645//4825 6642//4740 6648//4826
f 6652//4827 6623//4828 6644//4822
f 6653//4829 6647//4830 6648//4826
f 6646//4831 6658//4832 6654//4833
f 6650//4834 6647//4830 6655//4835
f 6658//4832 6791//4836 6654//4833
f 6662//4837 6643//4823 6548//4751
f 6661//4838 6549//4753 6547//4774
f 6646//4831 6643//4823 6662//4837
f 6660//4839 6662//4837 6550//4840
f 6665//4841 6663//4842 6660//4839
f 6665//4841 6661//4838 6664//4843
f 6669//4844 6665//4841 6664//4843
f 6668//4845 6666//4846 6667//4847
f 6669//4844 6668//4845 6663//4842
f 6664//4843 6670//4848 6669//4844
f 6672//4849 6583//4775 6581//4776
f 6582//4773 6664//4843 6547//4774
f 6672//4849 6680//4850 6583//4775
f 6680//4850 6678//4851 6676//4852
f 6677//4853 6664//4843 6582//4773
f 6682//4854 6677//4853 6675//4855
f 6672//4849 6683//4856 6680//4850
f 6681//4857 6683//4856 6679//4858
f 6682//4854 6680//4850 6684//4859
f 6686//4860 6683//4856 6681//4857
f 6687//4861 6664//4843 6677//4853
f 6680//4850 6671//4862 6684//4859
f 6685//4863 6688//4864 6683//4856
f 4720//4865 4721//4866 6689//4867
f 6690//1548 6695//4868 6595//1550
f 6703//4869 6695//4868 6690//1548
f 6696//4870 6703//4869 6690//1548
f 6700//4871 6696//4870 6697//1554
f 6700//4871 6704//4872 6696//4870
f 6712//4873 6711//4874 6702//4875
f 6707//4876 6712//4873 6702//4875
f 6713//4877 6718//4878 6704//4872
f 6719//4879 6713//4877 6709//4880
f 6846//4881 6711//4874 6712//4873
f 6840//4882 6846//4881 6712//4873
f 6718//4878 6720//4883 6717//4884
f 6723//4885 6719//4879 6715//4886
f 6726//4887 6731//4888 6729//4889
f 6729//4889 6731//4888 6918//4890
f 6729//4889 6918//4890 6735//4891
f 6733//4892 6737//4893 6736//4894
f 6733//4892 6732//4895 6737//4893
f 6739//4896 6741//4897 6744//4898
f 6741//4897 6742//4899 6745//4900
f 6744//4898 6747//4901 6743//4902
f 6744//4898 6741//4897 6747//4901
f 6741//4897 6745//4900 6747//4901
f 6743//4902 6749//4903 6746//4904
f 6747//4901 6745//4900 6750//4905
f 6752//4906 6614//4793 6755//4907
f 6609//4789 6614//4793 6752//4906
f 6753//4908 6613//4909 6610//4790
f 6616//4910 6754//4911 6612//4912
f 6752//4906 6757//4913 6758//4914
f 6755//4907 6615//4915 6754//4911
f 6616//4910 6759//4916 6764//4917
f 6754//4911 6764//4917 6762//4918
f 6761//4919 6766//4920 6767//4921
f 6761//4919 6757//4913 6766//4920
f 6757//4913 6768//4922 6766//4920
f 6757//4913 6763//4923 6768//4922
f 6762//4918 6764//4917 6769//4924
f 6764//4917 6770//4925 6769//4924
f 6759//4916 6740//4926 6770//4925
f 6759//4916 6777//4927 6740//4926
f 6766//4920 6768//4922 6774//4928
f 6762//4918 6769//4924 6773//4929
f 6772//4930 6771//4931 6727//4932
f 6772//4930 6766//4920 6771//4931
f 6774//4928 6773//4929 6734//4933
f 6773//4929 6769//4924 6775//4934
f 6769//4924 6776//4935 6775//4934
f 6769//4924 6770//4925 6776//4935
f 6770//4925 6743//4902 6776//4935
f 6770//4925 6740//4926 6743//4902
f 6734//4933 6773//4929 6733//4892
f 6775//4934 6776//4935 6732//4895
f 6776//4935 6743//4902 6746//4904
f 6732//4895 6738//4936 6737//4893
f 6624//4819 6625//4801 6780//4937
f 6782//4938 6778//4939 6622//4799
f 6779//4940 6781//4941 6623//4828
f 6777//4927 6780//4937 6739//4896
f 6780//4937 6778//4939 6783//4942
f 6783//4942 6742//4899 6741//4897
f 6784//4943 6786//4944 6781//4941
f 6787//4945 6784//4943 6779//4940
f 6742//4899 6748//4946 6745//4900
f 6742//4899 6786//4944 6748//4946
f 6796//4947 6948//4948 6785//4949
f 6789//4821 6616//4910 6640//4818
f 6789//4821 6624//4819 6777//4927
f 6789//4821 6777//4927 6759//4916
f 6787//4945 6779//4940 6652//4827
f 6658//4832 6792//4950 6791//4836
f 6793//4951 6785//4949 6655//4835
f 6800//4952 6792//4950 6798//4953
f 6806//4954 6805//4955 6668//4845
f 6808//4956 6658//4832 6805//4955
f 6670//4848 6807//4957 6669//4844
f 6832//4958 6815//4959 6811//4960
f 6817//4961 6807//4957 6813//4962
f 6816//4963 6815//4959 6832//4958
f 6821//4964 6807//4957 6818//4965
f 6827//4966 6828//4967 6826//4968
f 6688//4864 6811//4960 6671//4862
f 6837//4969 6836//4970 6838//4971
f 6842//4972 6722//4973 6719//4879
f 6846//4881 4886//3503 6711//4874
f 6841//4974 6843//4975 6720//4883
f 6844//4976 6842//4972 6723//4885
f 6847//4977 6846//4881 6840//4882
f 6843//4975 6847//4977 6840//4882
f 6841//4974 6848//4978 6843//4975
f 6849//4979 6841//4974 6721//4980
f 6850//4981 6849//4979 6722//4973
f 6851//4982 6850//4981 6842//4972
f 6849//4979 6848//4978 6841//4974
f 6850//4981 6856//4983 6849//4979
f 6836//4970 4886//3503 6846//4881
f 6843//4975 6853//4984 6847//4977
f 6849//4979 6855//4985 6848//4978
f 6858//4986 6853//4984 6843//4975
f 7013//4987 6860//4988 6861//4989
f 6865//4990 6868//4991 6867//4992
f 6865//4990 6909//4993 6868//4991
f 6852//4994 6851//4982 6872//4995
f 6880//4996 6878//4997 6877//4998
f 6878//4997 6889//4999 6899//5000
f 6891//5001 6900//5002 6890//5003
f 6903//5004 6898//5005 6890//5003
f 6930//5006 6865//4990 6900//5002
f 6930//5006 6906//5007 6865//4990
f 6864//5008 6867//4992 6901//5009
f 6864//5008 6903//5004 6900//5002
f 6905//5010 6907//5011 6906//5007
f 6907//5011 6909//4993 6906//5007
f 6908//5012 6910//5013 6909//4993
f 6906//5007 6909//4993 6865//4990
f 6910//5013 6912//5014 6909//4993
f 6911//5015 6910//5013 6940//5016
f 6911//5015 6914//5017 7028//5018
f 6915//5019 6925//5020 6921//5021
f 6918//4890 6925//5020 6915//5019
f 6917//5022 6736//4894 6922//5023
f 6919//5024 6923//5025 6927//5026
f 6738//4936 6904//5027 6920//5028
f 6926//5029 6880//4996 6871//5030
f 6928//5031 6923//5025 6920//5028
f 6923//5025 6929//5032 6879//5033
f 6928//5031 6905//5010 6929//5032
f 6905//5010 6906//5007 6930//5006
f 6746//4904 6749//4903 6931//5034
f 6932//5035 6749//4903 6747//4901
f 6933//5036 6750//4905 6745//4900
f 6931//5034 6749//4903 6934//5037
f 6932//5035 6936//5038 6934//5037
f 6937//5039 6936//5038 6933//5036
f 6908//5012 6905//5010 6934//5037
f 6940//5016 6908//5012 6938//5040
f 6941//5041 6938//5040 6937//5039
f 6942//5042 6939//5043 6950//5044
f 6943//5045 6940//5016 6941//5041
f 6913//5046 6911//5015 6940//5016
f 6944//5047 6941//5041 6942//5042
f 6952//5048 6951//5049 6796//4947
f 6949//5050 6952//5048 6801//5051
f 6956//5052 6949//5050 6801//5051
f 6954//5053 6950//5044 6951//5049
f 6955//5054 6954//5053 6952//5048
f 6957//5055 6955//5054 6949//5050
f 6956//5052 6957//5055 6949//5050
f 6958//5056 7041//5057 6956//5052
f 6802//5058 6959//5059 6804//5060
f 6960//5061 6956//5052 6799//5062
f 6961//5063 6799//5062 6803//5064
f 6959//5059 6961//5063 6803//5064
f 6953//5065 6956//5052 6960//5061
f 6964//5066 6962//5067 6802//5058
f 6963//5068 6965//5069 6961//5063
f 6967//5070 7053//5071 6963//5068
f 6969//5072 6964//5066 6966//5073
f 6972//5074 6974//5075 6971//5076
f 6972//5074 7076//5077 6973//5078
f 6973//5078 6976//5079 6970//5080
f 6978//5081 6810//5082 6824//5083
f 6827//4966 6979//5084 6828//4967
f 6830//5085 6829//5086 6827//4966
f 6980//5087 6808//4956 6810//5082
f 6979//5084 6827//4966 6982//5088
f 6808//4956 6980//5087 6964//5066
f 6985//5089 6984//5090 6983//5091
f 6827//4966 6984//5090 6982//5088
f 6991//5092 6990//5093 6829//5086
f 6986//5094 6991//5092 6829//5086
f 6987//5095 6990//5093 6989//5096
f 6991//5092 6993//5097 6990//5093
f 6993//5097 6972//5074 6992//5098
f 6994//5099 6977//5100 6993//5097
f 6996//5101 6837//4969 6838//4971
f 7006//5102 7000//5103 7001//5104
f 6997//5105 7001//5104 6996//5101
f 7002//5106 7001//5104 7003//5107
f 7008//5108 7002//5106 7004//5109
f 7008//5108 7004//5109 7005//5110
f 7009//5111 7006//5102 7007//5112
f 7008//5108 7010//5113 7007//5112
f 7011//5114 7009//5111 7010//5113
f 7011//5114 5011//5115 5010//3613
f 7020//5116 7012//5117 7011//5114
f 5013//3671 5011//5115 7012//5117
f 7024//5118 5013//3671 7025//5119
f 6867//4992 7014//5120 6866//5121
f 6868//4991 6912//5014 7015//5122
f 7014//5120 7016//5123 7005//5110
f 7016//5123 7021//5124 7008//5108
f 7021//5124 7016//5123 7017//5125
f 7022//5126 7018//5127 7019//5128
f 7023//5129 7020//5116 7022//5126
f 7033//5130 7024//5118 7025//5119
f 7026//5131 7033//5130 7034//5132
f 6914//5017 7029//5133 7028//5018
f 7033//5130 7019//5128 7031//5134
f 7037//5135 7036//5136 7045//5137
f 7038//5138 7037//5135 7045//5137
f 7031//5134 6943//5045 6944//5047
f 7042//5139 7032//5140 7040//5141
f 7043//5142 7042//5139 6946//5143
f 7043//5142 6946//5143 6957//5055
f 7041//5057 7043//5142 6957//5055
f 7044//5144 7045//5137 7041//5057
f 7045//5137 7035//5145 7043//5142
f 7046//5146 7044//5144 7056//5147
f 7047//5148 7038//5138 7045//5137
f 7135//5149 7049//5150 7057//5151
f 7050//5152 7135//5149 7059//5153
f 7052//5154 7051//5155 6965//5069
f 7053//5071 7052//5154 6965//5069
f 8//5156 4//1544 3//1543 7//5157
f 7054//5158 7059//5153 7053//5071
f 7074//5159 7058//5160 7055//5161
f 7060//5162 7059//5153 7054//5158
f 7058//5160 7060//5162 7054//5158
f 7062//5163 7058//5160 7074//5159
f 7050//5152 7059//5153 7060//5162
f 7065//5164 7062//5163 7074//5159
f 7067//5165 7062//5163 7065//5164
f 7066//5166 7068//5167 7087//5168
f 7067//5165 7063//5169 7062//5163
f 7070//5170 7066//5166 7090//5171
f 7071//5172 7070//5170 7090//5171
f 7073//5173 6968//5174 6969//5072
f 7074//5159 7055//5161 7073//5173
f 7079//5175 6976//5079 6973//5078
f 7076//5077 7079//5175 6973//5078
f 7075//5176 7073//5173 6969//5072
f 7079//5175 7075//5176 6975//5177
f 7077//5178 7085//5179 7084//5180
f 7082//5181 7081//5182 7075//5176
f 7079//5175 7082//5181 7075//5176
f 7084//5180 7083//5183 7076//5077
f 7083//5183 7088//5184 7090//5171
f 7090//5171 7089//5185 7082//5181
f 7086//5186 7092//5187 7085//5179
f 7091//5188 7094//5189 7071//5172
f 7096//5190 7097//5191 5088//5192
f 7097//5191 7096//5190 7106//5193
f 7099//5194 7098//5195 7108//5196
f 7104//5197 5092//3677 7100//5198
f 7103//5199 7102//5200 7101//5201
f 7107//5202 7106//5193 7027//5203
f 7109//5204 7108//5196 7107//5202
f 7101//5201 7099//5194 7109//5204
f 7111//5205 7112//5206 7101//5201
f 7112//5206 7111//5205 7125//5207
f 7115//5208 7112//5206 7113//5209
f 7037//5135 7027//5203 7036//5136
f 7107//5202 7027//5203 7037//5135
f 7118//5210 7107//5202 7039//5211
f 7122//5212 7119//5213 7138//5214
f 7120//5215 7122//5212 7138//5214
f 7111//5205 7110//5216 7121//5217
f 7125//5207 7111//5205 7121//5217
f 7128//5218 7122//5212 7123//5219
f 7126//5220 7128//5218 7123//5219
f 7127//5221 7126//5220 7124//5222
f 7113//5209 7125//5207 7128//5218
f 7129//5223 7113//5209 7128//5218
f 7131//5224 7126//5220 7127//5221
f 7136//5225 7135//5149 7050//5152
f 7138//5214 7048//5226 7049//5150
f 7135//5149 7138//5214 7049//5150
f 7140//5227 7137//5228 7064//5229
f 7136//5225 7120//5215 7135//5149
f 7123//5219 7120//5215 7136//5225
f 7124//5222 7136//5225 7139//5230
f 7141//5231 7124//5222 7139//5230
f 7140//5227 7142//5232 7141//5231
f 7144//5233 7141//5231 7142//5232
f 7169//5234 7146//5235 7145//5236
f 7153//5237 7131//5224 7141//5231
f 7144//5233 7149//5238 7153//5237
f 7145//5236 7155//5239 7149//5238
f 7146//5235 7150//5240 7155//5239
f 7147//5241 7148//5242 7151//5243
f 7149//5238 7155//5239 7154//5244
f 7156//5245 7155//5239 7150//5240
f 7151//5243 7156//5245 7150//5240
f 7151//5243 7160//5246 7157//5247
f 7154//5244 7134//5248 7133//5249
f 7134//5248 7154//5244 7155//5239
f 7157//5247 7159//5250 7156//5245
f 7067//5165 7163//5251 7162//5252
f 7070//5170 7166//5253 7171//5254
f 7071//5172 7164//5255 7166//5253
f 7071//5172 7072//5256 7164//5255
f 7165//5257 7163//5251 7068//5167
f 7162//5252 7143//5258 7142//5232
f 7165//5257 7171//5254 7170//5259
f 7166//5253 7167//5260 7173//5261
f 7168//5262 7172//5263 7164//5255
f 7174//5264 7148//5242 7172//5263
f 7175//5265 7104//5197 7105//5266
f 7176//5267 7102//5200 7103//5199
f 7178//5268 7176//5267 7177//5269
f 7186//5270 7181//5271 7182//5272
f 7189//5273 7186//5270 7182//5272
f 7195//5274 7184//5275 7185//5276
f 7197//5277 7189//5273 7193//5278
f 7197//5277 7196//5279 7189//5273
f 7114//5280 7177//5269 7176//5267
f 7202//5281 7114//5280 7115//5208
f 7203//5282 7115//5208 7113//5209
f 7202//5281 7204//5283 7179//5284
f 7204//5283 7202//5281 7203//5282
f 7207//5285 7203//5282 7116//5286
f 7183//5287 7179//5284 7204//5283
f 7207//5285 7214//5288 7205//5289
f 7208//5290 7210//5291 7209//5292
f 7223//5293 7221//5294 7220//5295
f 7224//5296 7222//5297 7223//5293
f 7227//5298 7224//5296 7218//5299
f 7225//5300 7234//5301 7222//5297
f 7231//5302 7236//5303 7235//5304
f 7237//5305 7257//5306 7236//5303
f 7239//5307 7130//5308 7132//5309
f 7134//5248 7241//5310 7243//5311
f 7241//5310 7244//5312 7246//5313
f 7243//5311 7246//5313 7217//5314
f 7251//5315 7247//5316 7248//5317
f 7157//5247 7252//5318 7159//5250
f 7254//5319 7195//5274 7191//5320
f 7260//5321 7254//5319 7196//5279
f 7263//5322 7259//5323 7201//5324
f 7260//5321 7264//5325 7254//5319
f 7268//5326 7262//5327 7258//5328
f 7269//5329 7264//5325 7260//5321
f 7265//5330 7269//5329 7255//5331
f 7272//5332 7263//5322 7264//5325
f 7271//5333 7270//5334 7262//5327
f 7263//5322 7273//5335 7259//5323
f 7274//5336 7263//5322 7272//5332
f 7274//5336 7273//5335 7263//5322
f 7276//1909 7282//1910 7275//5337
f 7283//1911 7276//1909 7277//5338
f 7278//1913 7283//1911 7277//5338
f 7284//1914 7278//1913 7280//1915
f 7287//5339 7274//5336 7281//5340
f 7282//1910 7287//5339 7281//5340
f 7283//1911 7285//1917 7276//1909
f 7290//1918 7289//1919 7288//1920
f 7289//1919 7290//1918 7285//1917
f 7291//1921 7286//1922 7287//5339
f 5239//2002 5234//2003 7303//2001
f 4034//2926 4033//2925 7319//5341
f 7324//5342 7317//5343 7322//5344
f 4067//2952 7334//5345 7335//5346
f 7336//5347 7332//5348 7326//5349
f 7332//5348 7336//5347 7337//5350
f 7338//5351 7333//5352 7337//5350
f 7339//5353 7333//5352 7338//5351
f 7326//5349 7328//5354 7341//5355
f 7346//5356 7339//5353 7345//5357
f 7350//5358 7348//5359 7331//5360
f 7352//5361 7351//5362 7348//5359
f 7355//5363 7352//5361 7350//5358
f 7351//5362 7352//5361 7357//5364
f 7344//5365 7351//5362 7358//5366
f 7360//5367 7357//5364 7356//5368
f 7361//5369 7358//5366 7357//5364
f 7360//5367 7355//5363 7362//5370
f 7363//5371 7362//5370 7349//5372
f 7354//5373 7353//5374 7365//5375
f 7359//5376 7358//5366 7366//5377
f 7365//5375 7359//5376 7367//5378
f 7368//5379 7364//5380 7361//5369
f 7366//5377 7358//5366 7364//5380
f 7369//5381 7367//5378 7366//5377
f 7363//5371 6309//4594 6343//5382
f 7372//5383 7368//5379 7360//5367
f 7373//5384 7364//5380 7368//5379
f 7366//5377 7364//5380 7374//5385
f 7369//5381 7366//5377 7374//5385
f 4098//2976 7335//5346 7377//5386
f 4098//2976 7377//5386 7378//2977
f 4099//2991 4097//5387 7379//5388
f 7335//5346 7340//5389 7380//5390
f 7382//5391 7378//2977 7381//5392
f 7400//5393 7379//5388 7382//5391
f 7383//5394 7379//5388 7400//5393
f 7385//5395 7386//5396 7387//5397
f 7382//5391 7387//5397 7388//5398
f 7400//5393 7388//5398 7389//5399
f 7386//5396 7365//5375 7390//5400
f 7387//5397 7386//5396 7391//5401
f 7388//5398 7387//5397 7392//5402
f 7389//5399 7388//5398 7392//5402
f 7390//5400 7367//5378 7370//5403
f 7392//5402 7387//5397 7394//5404
f 7398//5405 4110//2989 7397//5406
f 4113//2983 7398//5405 7399//5407
f 7401//5408 7398//5405 7397//5406
f 7397//5406 7400//5393 7401//5408
f 7408//5409 7399//5407 7402//5410
f 7402//5410 7412//5411 7408//5409
f 7392//5402 7409//5412 7410//5413
f 7411//5414 7407//5415 7410//5413
f 7406//5416 7559//5417 7412//5411
f 7418//5418 4119//5419 7422//5420
f 7424//5421 7423//5422 7444//5423
f 7426//5424 7431//5425 7429//5426
f 7431//5425 7428//5427 7430//5428
f 7436//5429 7430//5428 7434//5430
f 7437//5431 7431//5425 7436//5429
f 7432//5432 7437//5431 7438//5433
f 7438//5433 7437//5431 7439//5434
f 7442//5435 7438//5433 7441//5436
f 4120//2995 7443//5437 4148//5438
f 7428//5427 7445//5439 7447//5440
f 7430//5428 7447//5440 7448//5441
f 7448//5441 7446//5442 7449//5443
f 7451//5444 4140//3043 7423//5422
f 7452//5445 4177//3042 7451//5444
f 7453//5446 7423//5422 7424//5421
f 7451//5444 7454//5447 7455//5448
f 7457//5449 7453//5446 7456//5450
f 7464//5451 7460//5452 7429//5426
f 7466//5453 7473//5454 7468//5455
f 7468//5455 7467//5456 7470//3901
f 7465//5457 7442//5435 7466//5453
f 7466//5453 7471//5458 7473//5454
f 7433//5459 7438//5433 7442//5435
f 7476//5460 7477//5461 7474//5462
f 7442//5435 7440//5463 7471//5458
f 7478//5464 7477//5461 7476//5460
f 4202//5465 7481//5466 4203//3911
f 7484//5467 7479//5468 7480//5469
f 7485//5470 7479//5468 7484//5467
f 7484//5467 7455//5448 7458//5471
f 7495//5472 7493//5473 7497//3917
f 7506//5474 7501//3903 7462//5475
f 7505//3905 6455//4694 7502//5476
f 7373//5384 7368//5379 7509//5477
f 7522//5478 7529//5479 7553//5480
f 7530//5481 6487//5482 6494//5483
f 7525//5484 7531//5485 7532//5486
f 7537//5487 7544//5488 7538//5489
f 7532//5486 7538//5489 7539//5490
f 7539//5490 7540//5491 7541//5492
f 7543//5493 7548//5494 7544//5488
f 7545//5495 7551//5496 7546//5497
f 7413//5498 7395//5499 7513//5500
f 7553//5480 7413//5498 7522//5478
f 7554//5501 7547//5502 7556//5503
f 7547//5502 7662//5504 7556//5503
f 7416//5505 7412//5411 7560//5506
f 7417//5507 7408//5409 7564//5508
f 7417//5507 7564//5508 7567//5509
f 7564//5508 7416//5505 7571//5510
f 7555//5511 7535//5512 7554//5501
f 7571//5510 7563//5513 7570//5514
f 7570//5514 7569//5515 7572//5516
f 7422//5420 4121//5517 7576//5518
f 7579//5519 7577//5520 7700//5521
f 7579//5519 7700//5521 7702//5522
f 7584//5523 7434//5430 7594//5524
f 7583//5525 7595//5526 7586//5527
f 7588//5528 7599//5529 7601//5530
f 7604//5531 7595//5526 7583//5525
f 7601//5530 6573//4763 6568//4765
f 7601//5530 7599//5529 7607//5532
f 7610//5533 7604//5531 7620//5534
f 7613//5535 7611//5536 7616//5537
f 7618//5538 7615//5539 7614//5540
f 7621//5541 7617//5542 7615//5539
f 7711//5543 7618//5538 7614//5540
f 7594//5524 7450//5544 7622//5545
f 7625//5546 7603//5547 7622//5545
f 7625//5546 7622//5545 7624//5548
f 7624//5548 7579//5519 7581//5549
f 7591//5550 6560//4783 6433//5551
f 7591//5550 6433//5551 7477//5461
f 5637//5552 5641//5553 7628//5554
f 7645//5555 6633//4811 6605//4785
f 7664//5556 7645//5555 7647//5557
f 7647//5557 7651//5558 7648//5559
f 7646//5560 7650//5561 7651//5558
f 7649//5562 7651//5558 7653//5563
f 7653//5563 7654//5564 7655//5565
f 7551//5496 7657//5566 7658//5567
f 7552//5568 7658//5567 7661//5569
f 7659//5570 7552//5568 7661//5569
f 7661//5569 7657//5566 7665//5571
f 7670//5572 7661//5569 7665//5571
f 6633//4811 7645//5555 7663//5573
f 7666//5574 7647//5557 7648//5559
f 7669//5575 7648//5559 7671//5576
f 7649//5562 7652//5577 7671//5576
f 7671//5576 7652//5577 7655//5565
f 7676//5578 7556//5503 7674//5579
f 7674//5579 7662//5504 7670//5572
f 7680//5580 7676//5578 7678//5581
f 7685//5582 7680//5580 7682//5583
f 7673//5584 7679//5585 7677//5586
f 7680//5580 7677//5586 7681//5587
f 7673//5584 7801//5588 7679//5585
f 7682//5583 7681//5587 7803//5589
f 7686//5590 7573//5591 7688//5592
f 7690//5593 7685//5582 7682//5583
f 7691//5594 7687//5595 7804//5596
f 7692//5597 7686//5590 7693//5598
f 7692//5597 7693//5598 7695//5599
f 7694//5600 7692//5597 7695//5599
f 7697//5601 7698//5602 7696//5603
f 7578//5604 7568//5605 7689//5606
f 7689//5606 7568//5605 7686//5590
f 7701//5607 7578//5604 7689//5606
f 7702//5522 7700//5521 7704//5608
f 7689//5606 7686//5590 7692//5597
f 7703//5609 7696//5603 7582//5610
f 7705//5611 7689//5606 7692//5597
f 7706//5612 7704//5608 7710//5613
f 7704//5608 7705//5611 7848//5614
f 7707//5615 7706//5612 7709//5616
f 7712//5617 6674//4777 7616//5537
f 7716//5618 7618//5538 7711//5543
f 7720//5619 7714//5620 7715//5621
f 7716//5618 7718//5622 7618//5538
f 7719//5623 7721//5624 7716//5618
f 7699//5625 7719//5623 7714//5620
f 7721//5624 7719//5623 7724//5626
f 7582//5610 7619//5627 7625//5546
f 7643//2282 7727//2283 7642//2284
f 7640//2285 7725//2286 7728//5628
f 7728//5628 7735//5629 7729//2289
f 7738//2290 7736//2291 7737//5630
f 7728//5628 7734//5631 7735//5629
f 7741//5632 7747//5633 7740//2300
f 7743//5634 7744//5635 7749//5636
f 7748//5637 7750//5638 7741//5632
f 7753//5639 7750//5638 7748//5637
f 7748//5637 7746//5640 7756//5641
f 7753//5639 7759//5642 7750//5638
f 7768//5643 6728//5644 6735//4891
f 6728//5644 7768//5643 7765//5645
f 7765//5645 7769//5646 7766//5647
f 7791//5648 7766//5647 7771//5649
f 7650//5561 7773//5650 7778//5651
f 7779//5652 7774//5653 7785//5654
f 6760//5655 7783//5656 7780//5657
f 7780//5657 7788//5658 7781//5659
f 7786//5660 7790//5661 7783//5656
f 7783//5656 7790//5661 7788//5658
f 7786//5660 7762//5662 7764//5663
f 7790//5661 7791//5648 7792//5664
f 7772//5665 7791//5648 7771//5649
f 7779//5652 7794//5666 7793//5667
f 7785//5654 7789//5668 7795//5669
f 7793//5667 7794//5666 7796//5670
f 7958//5671 7796//5670 7798//5672
f 7683//5673 7803//5589 7802//5674
f 7804//5596 7683//5673 7808//5675
f 7804//5596 7808//5675 7809//5676
f 7805//5677 7804//5596 7807//5678
f 7958//5671 7793//5667 7796//5670
f 7806//5679 7793//5667 7958//5671
f 7808//5675 7959//5680 7975//5681
f 7691//5594 7804//5596 7805//5677
f 7813//5682 7691//5594 7805//5677
f 7695//5599 7813//5682 7820//5683
f 7814//5684 7695//5599 7815//5685
f 7818//5686 7805//5677 7807//5678
f 7977//5687 7819//5688 7820//5683
f 7822//5689 7817//5690 7825//5691
f 7824//5692 7822//5689 8000//5693
f 7829//5694 7828//5695 7827//5696
f 7834//5697 7828//5695 7829//5694
f 7836//5698 7724//5626 7830//5699
f 7835//5700 7831//5701 7724//5626
f 7840//5702 7835//5700 7836//5698
f 7838//5703 7845//5704 7839//5705
f 7840//5702 7839//5705 7842//5706
f 7843//5707 7841//5708 7831//5701
f 7844//5709 7845//5704 7838//5703
f 7845//5704 7842//5706 7839//5705
f 7847//5710 7843//5707 7835//5700
f 7710//5613 7708//5711 7851//5712
f 7853//5713 7849//5714 7710//5613
f 7853//5713 7851//5712 7822//5689
f 7853//5713 7822//5689 7824//5692
f 7852//5715 7854//5716 7832//5717
f 7744//5635 7742//5718 7859//5719
f 7749//5636 7860//5720 7755//5721
f 7760//5722 7862//5723 7753//5639
f 7860//5720 7754//5724 7864//5725
f 7860//5720 7864//5725 7861//5726
f 7759//5642 7862//5723 7865//5727
f 7861//5726 7864//5725 7867//5728
f 7864//5725 7754//5724 7871//5729
f 7864//5725 7871//5729 7872//5730
f 7872//5730 7871//5729 7880//5731
f 7872//5730 7880//5731 7877//5732
f 7873//5733 7877//5732 7879//5734
f 7877//5732 7880//5731 7883//5735
f 7877//5732 7883//5735 7884//5736
f 7874//5737 5948//5738 7886//5739
f 6845//5740 7751//5741 7888//5742
f 6876//5743 7898//5744 7890//5745
f 7891//5746 7890//5745 7899//5747
f 7898//5744 6875//5748 7905//5749
f 7909//5750 7907//5751 7908//5752
f 7906//5753 7909//5750 7899//5747
f 7908//5752 7904//5754 7918//5755
f 7910//5756 7921//5757 7911//5758
f 7913//5759 7912//5760 7926//5761
f 7768//5643 7767//5762 7930//5763
f 7931//5764 7768//5643 7930//5763
f 7931//5764 7932//5765 7933//5766
f 7770//5767 7769//5646 7933//5766
f 7933//5766 7943//5768 7772//5665
f 6915//5019 7935//5769 7929//5770
f 7767//5762 7929//5770 7936//5771
f 7930//5763 7767//5762 7936//5771
f 7934//5772 7891//5746 7939//5773
f 7936//5771 7929//5770 7940//5774
f 7937//5775 7936//5771 7942//5776
f 7939//5773 7891//5746 7899//5747
f 7950//5777 7946//5778 7947//5779
f 7950//5777 7947//5779 7948//5780
f 7951//5781 7950//5777 7949//5782
f 7928//5783 7913//5759 7926//5761
f 7949//5782 7928//5783 7953//5784
f 7951//5781 7949//5782 7953//5784
f 7954//5785 7952//5786 7956//5787
f 7962//5788 7957//5789 7945//5790
f 7958//5671 7798//5672 7965//5791
f 7799//5792 7958//5671 7960//5793
f 7959//5680 7799//5792 7960//5793
f 7798//5672 7962//5788 7961//5794
f 7965//5791 7798//5672 7961//5794
f 7945//5790 7946//5778 7950//5777
f 7965//5791 7961//5794 7968//5795
f 7960//5793 7965//5791 7964//5796
f 7966//5797 7960//5793 7964//5796
f 7968//5795 7961//5794 7950//5777
f 7966//5797 7964//5796 7969//5798
f 7975//5681 7963//5799 7973//5800
f 7968//5795 7950//5777 7951//5781
f 7964//5796 7968//5795 7952//5786
f 7969//5798 7964//5796 7952//5786
f 7969//5798 7952//5786 7954//5785
f 7973//5800 7963//5799 7970//5801
f 7967//5802 7973//5800 7972//5803
f 7974//5804 7967//5802 7972//5803
f 7809//5676 7975//5681 7978//5805
f 7811//5806 7809//5676 7978//5805
f 7978//5805 7975//5681 7967//5802
f 7980//5807 7978//5805 7967//5802
f 7979//5808 7811//5806 7981//5809
f 7976//5810 7979//5808 7985//5811
f 7985//5811 7987//5812 7982//5813
f 7983//5814 7982//5813 7988//5815
f 7985//5811 7981//5809 7984//5816
f 7992//5817 7990//5818 7991//5819
f 7992//5817 7991//5819 7994//5820
f 7995//5821 8103//5822 7993//5823
f 7824//5692 8000//5693 8002//5824
f 7999//5825 7976//5810 7982//5813
f 8003//5826 8000//5693 8001//5827
f 8003//5826 7983//5814 8006//5828
f 8002//5824 8003//5826 8008//5829
f 8004//5830 8005//5831 7991//5819
f 8007//5832 8005//5831 8004//5830
f 7991//5819 8005//5831 8101//5833
f 8008//5829 8006//5828 8091//5834
f 7844//5709 8009//5835 7845//5704
f 8013//5836 8012//5837 7846//5838
f 8010//5839 7846//5838 7842//5706
f 8017//5840 8010//5839 7845//5704
f 8015//5841 8011//5842 8014//5843
f 8012//5837 8014//5843 8011//5842
f 8016//5844 8012//5837 8013//5836
f 8017//5840 7992//5817 7995//5821
f 7993//5823 7996//5845 8016//5844
f 7993//5823 8016//5844 8017//5840
f 7996//5845 7997//5846 8016//5844
f 6994//5099 7998//5847 7078//5848
f 7823//5849 8004//5830 7854//5716
f 7886//5739 5951//5850 8022//5851
f 7886//5739 8022//5851 8023//5852
f 7886//5739 8023//5852 7887//5853
f 8024//5854 7887//5853 8023//5852
f 8031//5855 8028//5856 8030//5857
f 6028//4391 6030//4394 8035//5858
f 8037//5859 8035//5858 6031//4396
f 8039//5860 6031//4396 6033//4397
f 8042//5861 8040//5862 6034//4398
f 8043//5863 7925//5864 8026//5865
f 8047//5866 8045//5867 8046//5868
f 8048//5869 8026//5865 8033//5870
f 8046//5868 8044//5871 8034//5872
f 8050//5873 8047//5866 8049//5874
f 8051//5875 8049//5874 8036//5876
f 8051//5875 8036//5876 8038//5877
f 8061//5878 8059//5879 8052//5880
f 7955//5881 7953//5784 8045//5867
f 7955//5881 8047//5866 7956//5787
f 8054//5882 7956//5787 8050//5873
f 7971//5883 7954//5785 8054//5882
f 8057//5884 8054//5882 8056//5885
f 8056//5885 8050//5873 8051//5875
f 8060//5886 8057//5884 8059//5879
f 8062//5887 8060//5886 8063//5888
f 8064//5889 8062//5887 8063//5888
f 7970//5801 7971//5883 8057//5884
f 7972//5803 7970//5801 8055//5890
f 8065//5891 7972//5803 8055//5890
f 8068//5892 8067//5893 7984//5816
f 8066//5894 8055//5890 8058//5895
f 8069//5896 8058//5895 8062//5887
f 8073//5897 8069//5896 8062//5887
f 8077//5898 8072//5899 8174//5900
f 8084//5901 8080//5902 8082//5903
f 8083//5904 8087//5905 8081//5906
f 8083//5904 8081//5906 8079//5907
f 8089//5908 7987//5812 8067//5893
f 8090//5909 7986//5910 8095//5911
f 8091//5834 7989//5912 8096//5913
f 8096//5913 7989//5912 8094//5914
f 8080//5902 8093//5915 8097//5916
f 8075//5917 8089//5908 8071//5918
f 8075//5917 8094//5914 8095//5911
f 8099//5919 8098//5920 8096//5913
f 8099//5919 8094//5914 8072//5899
f 8100//5921 8097//5916 8098//5920
f 8076//5922 8100//5921 8098//5920
f 8102//5923 8103//5822 7995//5821
f 8105//5924 7078//5848 7998//5847
f 7994//5820 8101//5833 8107//5925
f 8109//5926 8113//5927 8104//5928
f 8112//5929 8116//5930 8109//5926
f 8079//5907 8081//5906 8111//5931
f 8079//5907 8111//5931 8108//5932
f 8116//5930 8113//5927 8109//5926
f 8114//5933 7093//5934 7086//5186
f 8112//5929 8085//5935 8116//5930
f 8086//5936 8085//5935 8112//5929
f 8115//5937 8182//5938 8117//5939
f 8181//5940 8182//5938 8115//5937
f 8101//5833 8005//5831 8118//5941
f 8093//5915 8091//5834 8092//5942
f 8118//5941 8093//5915 8080//5902
f 8119//5943 8041//5944 6103//4465
f 8125//5945 8120//5946 6105//4467
f 8121//5947 6105//4467 6106//4469
f 8122//5948 8121//5947 6109//4471
f 8124//5949 8122//5948 8123//5950
f 8126//5951 8136//5952 8125//5945
f 8125//5945 8121//5947 8127//5953
f 8127//5953 8122//5948 8145//5954
f 8124//5949 8128//5955 8145//5954
f 8133//5956 8131//5957 8132//5958
f 8137//5959 8063//5888 8136//5952
f 8142//5960 8139//5961 8145//5954
f 8144//5962 8141//5963 8147//5964
f 8147//5964 8149//5965 8146//5966
f 8149//5965 8148//5967 8259//5968
f 8132//5958 8150//5969 8130//5970
f 8154//5971 8151//5972 8158//5973
f 8157//5974 8163//5975 8159//5976
f 8159//5976 8164//5977 8160//5978
f 8165//5979 8172//5980 8161//5981
f 8165//5979 8161//5981 8162//5982
f 8160//5978 8165//5979 8162//5982
f 8135//5983 8168//5984 8163//5975
f 8163//5975 8168//5984 8164//5977
f 8164//5977 8276//5985 8165//5979
f 8164//5977 8165//5979 8160//5978
f 8172//5980 8169//5986 8166//5987
f 8167//5988 8156//5989 8133//5956
f 8168//5984 8134//5990 8276//5985
f 8170//5991 8267//5992 8172//5980
f 8172//5980 8171//5993 8169//5986
f 8170//5991 8172//5980 8165//5979
f 8075//5917 8074//5994 8173//5995
f 8173//5995 8176//5996 8174//5900
f 8077//5898 8174//5900 8179//5997
f 8138//5998 8141//5963 8176//5996
f 8179//5997 8176//5996 8144//5962
f 8151//5972 8177//5999 8153//6000
f 8143//6001 8153//6000 8178//6002
f 8156//5989 8143//6001 8131//5957
f 8084//5901 8082//5903 8180//6003
f 8083//5904 8184//6004 8087//5905
f 8185//6005 8190//6006 8088//6007
f 8185//6005 8088//6007 8085//5935
f 8083//5904 8084//5901 8183//6008
f 8181//5940 8186//6009 8188//6010
f 8190//6006 8186//6009 8181//5940
f 8181//5940 8188//6010 8182//5938
f 8183//6008 8155//6011 8184//6004
f 8187//6012 8162//5982 8185//6005
f 8183//6008 8152//6013 8154//5971
f 8155//6011 8160//5978 8187//6012
f 8190//6006 8161//5981 8186//6009
f 8161//5981 8166//5987 8189//6014
f 8162//5982 8161//5981 8190//6006
f 8082//5903 8100//5921 8175//6015
f 8207//6016 8204//6017 8205//6018
f 8200//6019 8210//6020 8211//6021
f 8200//6019 8199//6022 8210//6020
f 8206//6023 8202//6024 8212//6025
f 8278//6026 8207//6016 8203//6027
f 8214//6028 8208//6029 8204//6017
f 8215//6030 8123//5950 6187//4522
f 8216//6031 8215//6030 8217//6032
f 8128//5955 8124//5949 8215//6030
f 8218//6033 8216//6031 8217//6032
f 8220//6034 8218//6033 8191//6035
f 8192//6036 8220//6034 8191//6035
f 6187//4522 8199//6022 8221//6037
f 8191//6035 8217//6032 8193//6038
f 8199//6022 6193//6039 6180//6040
f 8227//6041 8226//6042 8229//6043
f 8192//6036 8196//6044 8231//6045
f 8226//6042 8225//6046 8192//6036
f 8232//6047 8241//6048 8243//6049
f 8229//6043 8226//6042 8231//6045
f 8233//6050 8228//6051 8243//6049
f 8240//6052 8237//6053 8239//6054
f 8241//6048 8230//6055 8238//6056
f 8244//6057 8234//6058 8242//6059
f 8244//6057 7227//5298 7218//5299
f 8251//6060 8247//6061 8250//6062
f 8252//6063 8239//6054 8251//6060
f 7226//6064 8242//6059 8252//6063
f 8242//6059 7226//6064 7227//5298
f 8204//6017 8208//6029 8245//6065
f 8260//6066 8129//6067 8258//6068
f 8259//5968 8129//6067 8260//6066
f 8260//6066 8216//6031 8218//6033
f 8225//6046 8219//6069 8220//6034
f 8263//6070 8133//5956 8261//6071
f 8134//5990 8269//6072 8267//5992
f 8263//6070 8262//6073 8134//5990
f 8263//6070 8134//5990 8135//5983
f 8224//6074 8223//6075 8264//6076
f 8265//6077 8261//6071 8264//6076
f 8264//6076 8223//6075 8229//6043
f 8268//6078 8272//6079 8269//6072
f 8271//6080 8274//6081 8270//6082
f 8271//6080 8273//6083 8274//6081
f 8273//6083 8271//6080 8269//6072
f 8271//6080 7248//5317 7245//6084
f 8272//6079 8234//6058 8244//6057
f 8233//6050 8272//6079 8268//6078
f 8273//6083 8272//6079 8244//6057
f 8270//6082 7251//5315 7248//5317
f 8276//5985 8267//5992 8170//5991
f 8267//5992 8275//6085 8171//5993
f 8278//6026 8206//6023 8279//6086
f 8208//6029 8214//6028 8283//6087
f 8289//6088 8281//2640 8282//6089
f 8290//6090 8287//6091 8213//6092
f 8287//6091 8288//6093 8280//6094
f 8285//6095 8284//6096 8291//6097
f 8297//2646 8292//6098 8286//6099
f 8298//2649 8294//6100 8290//6090
f 8294//6100 8295//6101 8296//2652
f 8306//2653 8300//2654 8301//2655
f 8300//2654 8302//2656 8303//2657
f 8306//2653 8293//2658 8309//2659
f 8314//2660 7289//1919 8310//2661
f 6236//6102 6232//6103 8311//6104
f 6236//6102 8311//6104 8304//6105
f 6254//2752 6253//2753 8335//2751
f 5//6106 10//6107 6//6108
f 5//6106 11//6109 15//6110
f 12//6111 20//6112 13//6113
f 19//6114 15//6110 14//6115
f 17//6116 19//6114 14//6115
f 21//6117 12//6111 19//6114
f 19//6114 17//6116 24//1546
f 26//6118 27//6119 25//6120
f 24//1546 31//6121 28//6122
f 19//6114 24//1546 28//6122
f 32//2 33//6123 30//3
f 30//3 33//6123 27//6119
f 35//6124 29//6125 28//6122
f 31//6121 43//6126 28//6122
f 36//6127 39//6128 37//6129
f 41//6130 33//6123 40//6131
f 35//6124 42//1 30//3
f 43//6126 35//6124 28//6122
f 45//4 42//1 35//6124
f 35//6124 43//6126 46//5
f 44//6132 47//6133 40//6131
f 47//6133 44//6132 52//14
f 45//4 53//16 42//1
f 54//12 57//6 46//5
f 52//14 55//6134 47//6133
f 50//13 54//12 46//5
f 55//6134 52//14 58//15
f 63//17 57//6 65//6135
f 62//7 49//9 53//16
f 36//6127 55//6134 58//15
f 36//6127 58//15 38//72
f 65//6135 57//6 64//75
f 192//19 67//18 68//6136
f 111//24 75//22 73//21
f 79//6137 75//22 78//6138
f 79//6137 74//23 75//22
f 75//22 77//25 80//26
f 82//31 83//27 80//26
f 78//6138 83//27 68//6136
f 80//26 81//28 85//30
f 86//58 84//32 81//28
f 71//117 82//31 85//30
f 89//137 88//33 84//32
f 89//137 84//32 86//58
f 90//35 94//37 131//57
f 90//35 93//38 92//36
f 99//6139 36//6127 38//72
f 102//6140 96//6141 38//72
f 109//40 97//43 96//6141
f 111//24 113//47 112//46
f 113//47 111//24 104//44
f 115//45 106//6142 105//41
f 119//6143 105//41 122//6144
f 122//6144 108//6145 101//6146
f 110//6147 123//6148 120//54
f 77//25 124//52 76//29
f 124//52 77//25 111//24
f 124//52 114//49 76//29
f 126//53 116//51 128//6149
f 114//49 126//53 76//29
f 127//55 123//6148 129//56
f 116//51 127//55 128//6149
f 120//54 123//6148 127//55
f 81//28 76//29 125//59
f 131//57 128//6149 127//55
f 129//56 131//57 127//55
f 91//60 87//6150 130//61
f 87//6150 91//60 206//132
f 136//6151 138//70 135//65
f 140//67 139//66 137//62
f 140//67 135//65 138//70
f 141//68 93//38 90//35
f 141//68 139//66 140//67
f 142//69 95//39 141//68
f 61//8 98//71 58//15
f 63//17 146//6152 143//73
f 59//11 60//10 144//74
f 65//6135 146//6152 63//17
f 60//10 145//6153 144//74
f 66//1568 145//6153 60//10
f 147//77 64//75 144//74
f 143//73 149//6154 103//76
f 103//76 149//6154 107//6155
f 148//6156 143//73 146//6152
f 143//73 148//6156 149//6154
f 123//6148 110//6147 150//6157
f 147//77 134//63 151//79
f 151//79 153//78 148//6156
f 134//63 144//74 133//64
f 151//79 134//63 152//80
f 165//85 158//83 156//82
f 170//90 171//84 162//86
f 162//86 160//87 161//89
f 163//97 166//91 159//88
f 173//94 170//90 161//89
f 172//93 166//91 163//97
f 167//95 183//103 178//96
f 170//90 173//94 277//163
f 178//96 176//101 172//93
f 183//103 155//108 154//104
f 184//197 181//107 180//106
f 187//109 214//112 185//115
f 189//113 187//109 188//199
f 196//119 70//6158 71//117
f 194//120 191//116 192//19
f 72//34 88//33 197//6159
f 70//6158 194//120 192//19
f 156//82 157//81 194//120
f 194//120 196//119 160//87
f 201//122 197//6159 200//128
f 197//6159 198//126 203//125
f 162//86 194//120 160//87
f 159//88 200//128 163//97
f 167//95 200//128 203//125
f 204//127 167//95 203//125
f 204//127 181//107 183//103
f 218//6160 211//6161 210//133
f 206//132 205//129 87//6150
f 206//132 218//6160 210//133
f 211//6161 214//112 210//133
f 213//136 212//143 215//208
f 213//136 215//208 216//135
f 214//112 213//136 185//115
f 185//115 216//135 190//114
f 205//129 86//58 87//6150
f 205//129 207//131 89//137
f 94//37 92//36 218//6160
f 206//132 91//60 94//37
f 92//36 219//139 218//6160
f 92//36 95//39 219//139
f 230//140 221//138 95//39
f 223//6162 226//222 217//142
f 234//150 220//144 222//151
f 220//144 223//6162 217//142
f 224//146 223//6162 220//144
f 234//150 224//146 220//144
f 226//222 223//6162 227//223
f 223//6162 228//145 227//223
f 142//69 229//141 230//140
f 142//69 231//149 229//141
f 233//153 232//148 231//149
f 229//141 232//148 222//151
f 235//152 234//150 232//148
f 236//154 224//146 234//150
f 237//156 236//154 235//152
f 244//100 175//99 247//162
f 236//154 238//155 225//147
f 225//147 239//157 228//145
f 238//155 240//236 239//157
f 273//158 370//160 241//178
f 250//165 249//166 174//161
f 174//161 277//163 250//165
f 246//931 247//162 249//166
f 248//167 250//165 245//164
f 246//931 244//100 247//162
f 257//173 256//172 249//166
f 254//170 257//173 250//165
f 258//171 255//6163 252//934
f 253//175 241//178 381//176
f 262//6164 255//6163 258//171
f 258//171 256//172 261//245
f 260//177 254//170 253//175
f 260//177 259//174 254//170
f 262//6164 258//171 261//245
f 259//174 263//179 257//173
f 382//6165 259//174 260//177
f 268//185 267//195 266//181
f 266//181 267//195 154//104
f 265//182 271//186 269//184
f 274//189 271//186 270//190
f 268//185 241//178 267//195
f 270//190 272//200 275//188
f 273//158 269//184 243//192
f 275//188 372//193 274//189
f 279//194 176//101 178//96
f 177//102 176//101 278//168
f 278//168 245//164 177//102
f 154//104 279//194 178//96
f 241//178 280//196 267//195
f 267//195 280//196 279//194
f 281//183 184//197 186//110
f 189//113 281//183 186//110
f 187//109 190//114 188//199
f 188//199 283//6166 285//198
f 189//113 282//187 281//183
f 189//113 188//199 282//187
f 285//198 270//190 282//187
f 286//202 272//200 285//198
f 291//6167 290//270 287//213
f 384//201 286//202 290//270
f 298//6168 297//207 217//142
f 299//6169 298//6168 217//142
f 301//210 300//214 297//207
f 298//6168 302//211 301//210
f 300//214 284//6170 297//207
f 284//6170 300//214 287//213
f 304//209 303//6171 301//210
f 302//211 305//224 304//209
f 288//212 306//216 289//215
f 307//217 305//224 308//218
f 305//224 307//217 304//209
f 309//220 308//218 305//224
f 310//205 308//218 295//206
f 309//220 312//228 311//219
f 295//206 311//219 296//303
f 226//222 315//225 299//6169
f 316//221 305//224 315//225
f 316//221 318//226 309//220
f 317//227 319//239 318//226
f 318//226 320//232 321//6172
f 313//6173 326//6174 314//6175
f 313//6173 323//231 326//6174
f 323//231 324//230 451//328
f 325//229 328//235 324//230
f 239//157 317//227 228//145
f 330//237 319//239 239//157
f 239//157 319//239 317//227
f 319//239 331//240 320//232
f 332//238 331//240 319//239
f 322//233 334//242 333//244
f 332//238 335//241 322//233
f 337//243 336//6176 333//244
f 334//242 339//6177 337//243
f 334//242 340//6178 339//6177
f 329//234 336//6176 342//352
f 337//243 344//6179 343//350
f 338//6180 348//6181 346//6182
f 347//6183 348//6181 349//6184
f 261//245 357//247 262//6164
f 342//352 350//6185 329//234
f 263//179 354//246 264//180
f 354//246 356//248 261//245
f 356//248 364//251 357//247
f 361//249 355//268 360//382
f 361//249 263//179 355//268
f 361//249 362//250 354//246
f 362//250 363//252 356//248
f 363//252 367//6186 364//251
f 351//372 366//254 371//260
f 369//256 361//249 360//382
f 544//383 365//255 366//254
f 243//192 373//257 242//159
f 242//159 374//258 370//160
f 374//258 373//257 376//265
f 379//259 372//193 378//262
f 376//265 373//257 377//263
f 352//264 374//258 376//265
f 560//266 379//259 378//262
f 352//264 377//263 532//377
f 352//264 351//372 371//260
f 559//267 380//274 561//6187
f 382//6165 381//176 359//269
f 381//176 370//160 371//260
f 355//268 382//6165 358//253
f 355//268 259//174 382//6165
f 371//260 366//254 359//269
f 384//201 385//271 386//277
f 276//191 379//259 243//192
f 387//6188 389//6189 385//271
f 389//6189 390//279 386//277
f 388//272 386//277 393//276
f 389//6189 391//6190 390//279
f 390//279 394//275 386//277
f 388//272 380//274 383//273
f 393//276 394//275 562//402
f 294//203 295//206 399//284
f 385//271 397//283 387//6188
f 387//6188 398//282 391//6190
f 398//282 399//284 572//280
f 421//289 401//285 400//286
f 401//285 404//287 399//284
f 402//288 405//291 401//285
f 402//288 403//290 414//292
f 406//293 408//296 409//294
f 404//287 396//298 572//280
f 410//300 412//301 416//431
f 417//302 400//286 296//303
f 417//302 419//306 418//304
f 314//6175 420//307 419//306
f 420//307 422//305 419//306
f 420//307 423//309 425//308
f 421//289 418//304 403//290
f 423//309 424//314 426//310
f 407//312 429//6191 408//296
f 425//308 426//310 407//312
f 428//313 429//6191 407//312
f 408//296 429//6191 411//295
f 424//314 430//315 428//313
f 429//6191 428//313 440//317
f 430//315 431//319 433//316
f 431//319 432//320 435//318
f 441//6192 435//318 436//321
f 411//295 439//326 412//301
f 439//326 440//317 434//327
f 434//327 435//318 447//325
f 441//6192 444//322 442//6193
f 444//322 438//6194 443//323
f 447//325 445//455 439//326
f 625//456 442//6193 449//324
f 443//323 450//1096 449//324
f 420//307 451//328 423//309
f 327//330 452//329 324//230
f 423//309 452//329 424//314
f 329//234 453//6195 328//235
f 452//329 327//330 455//332
f 455//332 424//314 452//329
f 455//332 456//331 465//333
f 459//6196 462//6197 460//6198
f 460//6198 462//6197 463//6199
f 430//315 465//333 466//334
f 465//333 430//315 424//314
f 467//336 468//344 476//343
f 467//336 458//335 468//344
f 469//6200 470//341 477//345
f 469//6200 472//342 470//341
f 432//320 476//343 436//321
f 436//321 476//343 437//349
f 476//343 477//345 437//349
f 470//341 480//6201 479//348
f 437//349 486//347 444//322
f 478//346 487//6202 486//347
f 488//1138 487//6202 478//346
f 497//358 493//6203 498//362
f 495//6204 496//353 345//355
f 453//6195 503//6205 454//6206
f 454//6206 503//6205 459//6196
f 505//360 508//359 506//6207
f 504//356 512//369 508//359
f 514//6208 490//6209 489//6210
f 516//365 513//367 510//6211
f 511//6212 516//365 510//6211
f 512//369 509//361 517//363
f 514//6208 489//6210 518//366
f 521//460 515//6213 520//368
f 531//373 532//377 534//374
f 351//372 531//373 533//375
f 351//372 533//375 530//6214
f 534//374 536//393 533//375
f 538//378 535//376 537//497
f 536//393 681//499 558//392
f 538//378 537//497 685//496
f 369//256 541//380 362//250
f 360//382 544//383 542//381
f 360//382 542//381 369//256
f 367//6186 363//252 541//380
f 541//380 542//381 545//386
f 544//383 550//385 542//381
f 547//387 541//380 545//386
f 548//395 367//6186 541//380
f 548//395 551//394 367//6186
f 543//384 553//390 550//385
f 550//385 553//390 554//389
f 558//392 530//6214 533//375
f 552//388 554//389 556//398
f 558//392 555//391 553//390
f 527//396 548//395 547//387
f 529//397 547//387 552//388
f 527//396 662//481 551//394
f 558//392 557//399 555//391
f 556//398 557//399 663//510
f 531//373 352//264 532//377
f 561//6187 537//497 559//267
f 567//400 393//276 562//402
f 563//6215 566//403 562//402
f 565//401 683//495 537//497
f 564//406 568//405 563//6215
f 565//401 569//516 683//495
f 565//401 567//400 569//516
f 568//405 571//404 570//6216
f 569//516 567//400 700//407
f 395//278 564//406 394//275
f 573//408 572//280 576//410
f 396//298 413//297 575//409
f 413//297 574//414 578//412
f 575//409 577//411 580//415
f 575//409 579//416 576//410
f 581//424 582//413 590//426
f 577//411 578//412 585//417
f 573//408 571//404 564//406
f 576//410 579//416 584//418
f 582//413 581//424 583//422
f 577//411 588//420 580//415
f 579//416 588//420 584//418
f 588//420 585//417 717//529
f 586//421 715//528 585//417
f 413//297 414//292 574//414
f 415//299 410//300 591//427
f 574//414 590//426 582//413
f 416//431 592//428 410//300
f 593//430 594//432 595//435
f 612//429 581//424 591//427
f 593//430 603//433 416//431
f 596//434 597//436 599//438
f 603//433 598//6217 604//6218
f 603//433 604//6218 607//6219
f 599//438 600//437 608//440
f 600//437 601//441 609//439
f 627//442 602//446 606//444
f 592//428 603//433 612//429
f 612//429 603//433 607//6219
f 609//439 606//444 610//451
f 607//6219 613//447 616//449
f 613//447 608//440 616//449
f 609//439 621//448 608//440
f 609//439 610//451 614//452
f 612//429 589//425 581//424
f 621//448 614//452 617//6220
f 621//448 617//6220 622//6221
f 439//326 445//455 594//432
f 445//455 446//6222 597//436
f 623//6223 448//6224 624//458
f 624//458 448//6224 625//456
f 597//436 623//6223 600//437
f 628//457 626//6225 629//6226
f 627//442 630//1260 602//446
f 524//6227 518//366 631//459
f 633//464 632//461 521//460
f 520//368 633//464 521//460
f 522//370 634//467 517//363
f 633//464 525//371 636//463
f 519//1152 524//6227 637//6228
f 525//371 634//467 638//475
f 636//463 525//371 638//475
f 639//468 637//6228 635//462
f 635//462 641//465 639//468
f 638//475 634//467 642//466
f 636//463 638//475 644//476
f 640//6229 639//468 643//469
f 645//473 642//466 522//370
f 638//475 642//466 645//473
f 653//6230 650//472 652//6231
f 644//476 638//475 651//474
f 757//6232 652//6231 655//477
f 653//6230 652//6231 658//6233
f 662//481 664//6234 528//6235
f 529//397 662//481 527//396
f 666//485 664//6234 662//481
f 666//485 670//6236 664//6234
f 671//489 668//483 667//6237
f 675//513 667//6237 699//511
f 670//6236 666//485 672//484
f 671//489 674//493 668//483
f 674//493 671//489 673//488
f 680//492 668//483 674//493
f 677//486 666//485 665//482
f 675//513 678//487 671//489
f 539//500 540//379 682//498
f 679//494 674//493 673//488
f 686//6238 682//498 687//502
f 681//499 686//6238 699//511
f 682//498 686//6238 681//499
f 689//501 690//504 691//506
f 688//505 692//514 695//503
f 686//6238 693//512 699//511
f 695//503 818//591 697//509
f 692//514 818//591 695//503
f 699//511 667//6237 663//510
f 683//495 569//516 684//515
f 570//6216 571//404 703//518
f 684//515 692//514 688//505
f 692//514 569//516 700//407
f 703//518 704//517 706//519
f 692//514 700//407 698//520
f 701//419 702//532 707//522
f 704//517 701//419 705//523
f 706//519 704//517 709//521
f 704//517 705//523 713//525
f 708//541 710//526 707//522
f 709//521 712//524 711//527
f 584//418 702//532 701//419
f 708//541 714//596 710//526
f 715//528 586//421 716//533
f 588//420 718//531 584//418
f 583//422 716//533 586//421
f 718//531 717//529 719//536
f 715//528 720//538 717//529
f 718//531 708//541 702//532
f 717//529 720//538 722//535
f 719//536 722//535 724//540
f 716//533 723//534 721//539
f 727//562 728//564 730//546
f 725//537 723//534 726//543
f 587//423 589//425 729//530
f 589//425 727//562 734//544
f 734//544 731//547 735//550
f 723//534 734//544 733//551
f 729//530 734//544 723//534
f 737//549 740//552 739//554
f 730//546 739//554 731//547
f 730//546 737//549 739//554
f 723//534 733//551 741//555
f 735//550 742//6239 733//551
f 739//554 745//556 736//558
f 744//553 746//559 739//554
f 589//425 747//563 727//562
f 612//429 747//563 589//425
f 750//560 748//565 620//454
f 754//1358 738//548 730//546
f 755//1356 738//548 754//1358
f 659//6240 658//6233 756//6241
f 763//6242 761//6243 760//6244
f 772//2002 770//6245 767//2003
f 774//633 803//6246 776//636
f 778//6247 779//566 777//570
f 777//570 693//512 778//6247
f 783//490 677//486 680//492
f 779//566 781//568 777//570
f 783//490 672//484 677//486
f 673//488 678//487 784//571
f 679//494 784//571 786//6248
f 788//577 783//490 680//492
f 791//6249 788//577 680//492
f 785//569 783//490 789//6250
f 790//6251 679//494 786//6248
f 680//492 679//494 790//6251
f 788//577 789//6250 783//490
f 792//572 785//569 789//6250
f 791//6249 680//492 790//6251
f 792//572 789//6250 788//577
f 792//572 793//6252 787//573
f 777//570 800//575 784//571
f 798//578 788//577 791//6249
f 794//6253 807//6254 802//6255
f 797//579 809//6256 798//578
f 808//580 801//574 800//575
f 775//6257 802//6255 805//6258
f 813//581 809//6256 797//579
f 814//6259 808//580 800//575
f 800//575 781//568 814//6259
f 778//6247 694//508 815//585
f 818//591 698//520 817//6260
f 815//585 779//566 778//6247
f 819//588 816//507 696//584
f 815//585 816//507 819//588
f 817//6260 698//520 820//689
f 818//591 821//586 697//509
f 696//584 821//586 822//587
f 713//525 705//523 828//6261
f 815//585 780//567 779//566
f 823//590 818//591 817//6260
f 964//592 819//588 822//587
f 710//526 828//6261 705//523
f 710//526 824//595 828//6261
f 724//540 825//603 714//596
f 825//603 832//602 714//596
f 826//593 713//525 827//598
f 714//596 824//595 710//526
f 711//527 820//689 698//520
f 828//6261 830//597 713//525
f 824//595 831//686 828//6261
f 714//596 832//602 829//594
f 825//603 833//619 832//602
f 711//527 834//690 820//689
f 826//593 834//690 711//527
f 832//602 835//600 829//594
f 833//619 838//601 832//602
f 831//686 836//685 828//6261
f 824//595 837//599 831//686
f 724//540 714//596 708//541
f 722//535 840//542 724//540
f 840//542 825//603 724//540
f 726//543 841//610 825//603
f 746//559 843//608 745//556
f 844//1403 843//608 746//559
f 841//610 726//543 848//604
f 847//605 846//607 745//556
f 849//614 842//6262 850//612
f 848//604 845//6263 852//611
f 846//607 850//612 842//6262
f 851//606 850//612 846//607
f 849//614 852//611 845//6263
f 851//606 853//6264 850//612
f 849//614 855//613 852//611
f 850//612 856//616 855//613
f 853//6264 863//6265 856//616
f 841//610 857//618 833//619
f 854//609 857//618 841//610
f 856//616 861//6266 860//617
f 860//617 859//620 855//613
f 859//620 865//6267 864//621
f 862//6268 868//6269 867//6270
f 866//6271 874//6272 873//6273
f 870//6274 877//6275 876//6276
f 887//6277 889//626 892//6278
f 885//6279 886//6280 893//6281
f 906//6282 892//6278 895//629
f 887//6277 892//6278 886//6280
f 907//3045 908//3044 909//3048
f 910//3049 903//6283 902//6284
f 910//3049 905//632 912//630
f 915//635 917//634 914//637
f 924//646 919//639 926//644
f 923//6285 924//646 922//648
f 926//644 919//639 916//638
f 918//642 926//644 916//638
f 921//641 925//643 918//642
f 926//644 927//647 924//646
f 928//645 929//6286 930//649
f 930//649 931//651 936//657
f 933//676 932//652 962//672
f 932//652 933//676 937//650
f 896//627 934//654 894//628
f 937//650 938//675 940//655
f 939//653 935//656 940//655
f 938//675 941//659 940//655
f 940//655 953//658 942//3059
f 781//568 780//567 944//660
f 944//660 943//670 781//568
f 943//670 944//660 945//662
f 945//662 949//663 946//674
f 949//663 963//665 946//674
f 949//663 945//662 947//661
f 950//664 952//666 941//659
f 952//666 948//679 954//3081
f 954//3081 948//679 951//678
f 954//3081 953//658 952//666
f 971//3082 954//3081 951//678
f 810//667 916//638 775//6257
f 811//640 918//642 810//667
f 955//669 957//582 956//6287
f 814//6259 958//6288 808//580
f 958//6288 956//6287 808//580
f 921//641 959//668 928//645
f 955//669 956//6287 959//668
f 959//668 929//6286 928//645
f 960//671 961//673 956//6287
f 945//662 946//674 960//671
f 946//674 962//672 961//673
f 963//665 933//676 962//672
f 950//664 938//675 963//665
f 967//677 822//587 965//682
f 820//689 966//3098 817//6260
f 823//590 965//682 821//586
f 964//592 948//679 782//589
f 965//682 968//681 967//677
f 966//3098 969//683 823//590
f 968//681 971//3082 967//677
f 826//593 827//598 834//690
f 823//590 972//680 965//682
f 831//686 837//599 975//684
f 974//699 973//687 838//601
f 837//599 976//693 975//684
f 836//685 978//696 830//597
f 976//693 980//698 975//684
f 979//692 980//698 976//693
f 979//692 977//694 982//701
f 980//698 981//695 975//684
f 977//694 987//6289 982//701
f 978//696 985//6290 984//691
f 981//695 985//6290 978//696
f 986//6291 977//694 974//699
f 871//623 990//6292 839//622
f 987//6289 988//702 982//701
f 988//702 989//725 983//700
f 872//6293 992//6294 990//6292
f 995//704 996//6295 994//6296
f 995//704 997//717 996//6295
f 990//6292 986//6291 839//622
f 994//6296 996//6295 1004//716
f 998//707 1005//6297 878//703
f 1009//715 1003//713 1004//716
f 1025//731 1003//713 1009//715
f 988//702 987//6289 1006//709
f 1011//723 1014//718 1010//719
f 1003//713 1025//731 1013//721
f 1012//722 1010//719 1008//720
f 1013//721 1012//722 1008//720
f 1017//727 989//725 1015//724
f 1017//727 1019//6298 1018//728
f 999//1522 1020//729 998//707
f 1021//732 1025//731 1009//715
f 1023//6299 1026//733 1021//732
f 1029//6300 1028//6301 1024//6302
f 1024//6302 1028//6301 1023//6299
f 1029//6300 1030//6303 1028//6301
f 1026//733 1033//736 1025//731
f 1013//721 1031//734 1012//722
f 1025//731 1033//736 1031//734
f 1027//735 1028//6301 1035//739
f 1027//735 1035//739 1033//736
f 1036//6304 1035//739 1028//6301
f 1028//6301 1030//6303 1036//6304
f 1030//6303 1029//6300 1036//6304
f 1034//740 1044//745 1041//6305
f 1039//737 1043//742 1016//726
f 1016//726 1043//742 1017//727
f 1032//738 1040//6306 1043//742
f 1041//6305 1044//745 1040//6306
f 1034//740 1045//743 1044//745
f 1037//746 1038//6307 1049//747
f 1047//744 1046//3136 1044//745
f 1048//748 1034//740 1042//741
f 1060//750 1047//744 1045//743
f 1078//6308 1075//6309 1074//6310
f 1075//6309 1080//6311 1072//2280
f 1080//6311 1075//6309 1079//6312
f 1082//6313 1077//6314 1076//6315
f 18//6316 1086//6317 1081//6318
f 1088//6319 1077//6314 1082//6313
f 1091//755 1087//757 1086//6317
f 1087//757 1093//764 1077//6314
f 1093//764 1087//757 1096//762
f 1091//755 26//6118 34//6320
f 1096//762 1087//757 1092//756
f 1097//763 1096//762 1104//768
f 1112//2296 1099//2295 1098//767
f 1107//776 1115//6321 1108//771
f 1106//770 1103//769 1113//773
f 1109//777 1108//771 1115//6321
f 1112//2296 1098//767 1117//6322
f 1107//776 1106//770 1114//774
f 1118//775 1114//774 1120//780
f 1116//784 1111//779 1122//818
f 1123//783 1117//6322 1116//784
f 1112//2296 1117//6322 1123//783
f 1129//825 1115//6321 1128//6323
f 1109//777 1115//6321 1129//825
f 1126//785 1116//784 1122//818
f 1127//823 1112//2296 1123//783
f 1101//782 1119//781 1100//6324
f 1126//785 1122//818 1199//820
f 1124//6325 1101//782 1102//6326
f 1130//6327 1121//778 1109//777
f 1130//6327 1109//777 1129//825
f 1130//6327 1125//819 1121//778
f 1131//821 1126//785 1199//820
f 1123//783 1126//785 1131//821
f 1134//862 1135//6328 1241//873
f 74//23 1137//798 73//21
f 1140//807 1138//806 1139//788
f 1139//788 1145//786 1148//6329
f 1139//788 1148//6329 1150//789
f 1139//788 1138//806 1145//786
f 1141//790 1150//789 1146//791
f 1142//792 1146//791 1147//795
f 1150//789 1149//6330 1154//793
f 1146//791 1154//793 1147//795
f 1149//6330 1134//862 1136//864
f 1154//793 1149//6330 1136//864
f 1154//793 1136//864 1238//866
f 1154//793 1238//866 1153//796
f 1151//794 1153//796 1155//895
f 1157//6331 39//6128 97//43
f 1152//6332 1155//895 1156//817
f 39//6128 1157//6331 1100//6324
f 1160//6333 97//43 100//42
f 1102//6326 1101//782 1158//6334
f 97//43 1160//6333 1157//6331
f 1167//802 1168//6335 1166//799
f 1168//6335 1160//6333 100//42
f 1169//6336 1170//6337 1167//802
f 1163//6338 1162//6339 1169//6336
f 1172//6340 1164//6341 1163//6338
f 1137//798 104//44 73//21
f 1175//800 1138//806 1174//804
f 1174//804 1176//801 1175//800
f 1177//6342 1179//805 1174//804
f 1181//6343 1171//6344 1163//6338
f 1180//6345 1171//6344 1179//805
f 1173//6346 1172//6340 1171//6344
f 1182//6347 1173//6346 1180//6345
f 1183//808 1174//804 1140//807
f 1185//809 1188//6348 1189//810
f 1152//6332 1188//6348 1147//795
f 1189//810 1152//6332 1192//814
f 1190//811 1189//810 1192//814
f 1193//815 1191//813 1190//811
f 1192//814 1195//816 1193//815
f 1159//6349 1128//6323 1124//6325
f 1194//836 1193//815 1195//816
f 1159//6349 1124//6325 1102//6326
f 1129//825 1128//6323 1159//6349
f 1130//6327 1129//825 1198//824
f 1131//821 1199//820 1202//6350
f 1164//6341 1172//6340 1200//826
f 1203//822 1131//821 1202//6350
f 1204//6351 1205//829 1200//826
f 1205//829 1198//824 1200//826
f 1205//829 1201//827 1198//824
f 1201//827 1206//828 1199//820
f 1202//6350 1199//820 1206//828
f 1204//6351 1200//826 1173//6346
f 1207//830 1205//829 1204//6351
f 1182//6347 1210//6352 1204//6351
f 1187//812 1210//6352 1182//6347
f 1210//6352 1207//830 1204//6351
f 1187//812 1211//6353 1210//6352
f 1211//6353 1207//830 1210//6352
f 1209//833 1203//822 1202//6350
f 1214//834 1203//822 1213//832
f 1191//813 1211//6353 1187//812
f 1215//835 1209//833 1208//6354
f 1194//836 1191//813 1193//815
f 1197//838 1213//832 1215//835
f 1196//841 1215//835 1194//836
f 157//81 158//83 1218//843
f 158//83 164//852 1220//842
f 1220//842 164//852 1231//851
f 1221//846 1219//875 1223//844
f 1221//846 1227//845 1224//847
f 1220//842 1231//851 1223//844
f 1224//847 1230//850 1225//848
f 1227//845 1223//844 1229//853
f 1226//856 1225//848 1233//854
f 169//98 244//100 1231//851
f 1230//850 1227//845 1232//857
f 1234//955 1226//856 1326//855
f 1228//859 1234//955 1328//860
f 1241//873 1133//6355 1236//6356
f 1236//6356 1240//874 1241//873
f 1237//863 1134//862 1242//868
f 1244//867 1238//866 1246//865
f 1239//872 1153//796 1244//867
f 1242//868 1241//873 1219//875
f 1242//868 1221//846 1245//876
f 1248//871 1244//867 1247//870
f 1245//876 1224//847 1222//849
f 1251//877 1246//865 1222//849
f 1248//871 1247//870 1251//877
f 1249//878 1251//877 1228//859
f 1251//877 1225//848 1226//856
f 1252//880 1248//871 1249//878
f 1228//859 1251//877 1226//856
f 1266//6357 1250//879 1253//900
f 1257//861 1252//880 1249//878
f 1255//883 1253//900 1254//881
f 1259//886 1256//885 1255//883
f 1258//882 1254//881 1252//880
f 1259//886 1255//883 1258//882
f 1257//861 1249//878 1228//859
f 1260//887 1259//886 1258//882
f 1239//872 1265//896 1153//796
f 1261//884 1263//892 1264//893
f 1265//896 1155//895 1153//796
f 1239//872 1266//6357 1265//896
f 1267//894 1265//896 1266//6357
f 1270//898 1269//899 1272//904
f 1272//904 1274//903 1270//898
f 1271//901 1266//6357 1253//900
f 1256//885 1272//904 1271//901
f 1256//885 1271//901 1255//883
f 1276//889 1274//903 1272//904
f 1277//905 1279//908 1278//906
f 1279//908 1282//910 1288//917
f 1281//909 1283//911 1279//908
f 1268//897 1195//816 1156//817
f 1284//912 1194//836 1195//816
f 1196//841 1194//836 1284//912
f 1284//912 1268//897 1270//898
f 1288//917 1287//916 1278//906
f 1197//838 1284//912 1285//913
f 1285//913 1270//898 1275//902
f 1287//916 1286//915 1273//914
f 1290//918 1289//924 1288//917
f 1290//918 1282//910 1373//919
f 1292//837 1294//920 1217//840
f 1216//839 1217//840 1293//921
f 1295//923 1293//921 1294//920
f 1298//926 1297//925 1295//923
f 1290//918 1295//923 1289//924
f 1300//6358 1298//926 1291//6359
f 1291//6359 1298//926 1290//918
f 1305//933 244//100 246//931
f 1301//927 1305//933 1302//928
f 1325//858 1311//930 1304//937
f 1309//935 1306//929 1303//957
f 1308//942 1309//935 1302//928
f 1308//942 1319//949 1315//943
f 1316//936 1309//935 1315//943
f 1317//950 1306//929 1316//936
f 1311//930 1306//929 1317//950
f 1313//941 1307//939 1312//938
f 1312//938 1304//937 1318//944
f 1316//936 1320//951 1317//950
f 1322//946 1312//938 1321//945
f 1318//944 1317//950 1425//952
f 1323//954 1322//946 1430//1043
f 1231//851 1301//927 1229//853
f 1326//855 1233//854 1325//858
f 1325//858 1232//857 1303//957
f 1329//940 1328//860 1327//956
f 1330//958 1328//860 1329//940
f 1330//958 1257//861 1328//860
f 1235//888 1257//861 1330//958
f 1333//960 1330//958 1329//940
f 1332//961 1331//959 1333//960
f 1334//968 1342//964 1337//963
f 1334//968 1336//967 1344//974
f 1335//962 1333//960 1323//954
f 1324//966 1335//962 1323//954
f 1338//969 1334//968 1337//963
f 1263//892 1342//964 1343//970
f 1345//973 1351//976 1341//972
f 1347//975 1351//976 1346//978
f 1351//976 1442//977 1350//979
f 1280//907 1356//981 1281//909
f 1341//972 1347//975 1356//981
f 1283//911 1356//981 1357//983
f 1356//981 1347//975 1357//983
f 1359//6360 1358//982 1357//983
f 1360//984 1355//989 1361//988
f 1363//985 1375//987 1361//988
f 1348//6361 1355//989 1360//984
f 1363//985 1355//989 1364//991
f 1365//990 1362//986 1363//985
f 1366//994 1365//990 1364//991
f 1355//989 1354//993 1364//991
f 1366//994 1369//1099 1365//990
f 1367//992 1370//1100 1366//994
f 1369//1099 1371//1098 1368//1003
f 1358//982 1373//919 1283//911
f 1378//997 1362//986 1377//998
f 1374//995 1291//6359 1373//919
f 1365//990 1377//998 1362//986
f 1379//996 1376//1010 1362//986
f 1380//999 1379//996 1378//997
f 1382//1000 1380//999 1377//998
f 1383//6362 1381//1002 1384//1001
f 1369//1099 1382//1000 1365//990
f 1383//6362 1384//1001 1385//1006
f 1386//1023 1383//6362 1385//1006
f 1388//1005 1385//1006 1384//1001
f 1385//1006 1388//1005 1389//1007
f 1386//1023 1385//1006 1390//1008
f 1299//1011 1374//995 1393//1009
f 1379//996 1393//1009 1376//1010
f 1396//1014 1397//1015 1379//996
f 1394//1012 1393//1009 1397//1015
f 1383//6362 1386//1023 1399//1018
f 1401//1021 1396//1014 1400//1017
f 1391//1024 1390//1008 1372//1116
f 1402//6363 1386//1023 1392//1022
f 1570//1167 1403//1020 1402//6363
f 1405//1169 1404//1019 1403//1020
f 1408//948 1314//947 1407//1025
f 1406//6364 1408//948 1412//1032
f 1408//948 1416//1026 1412//1032
f 1409//1027 1320//951 1410//1031
f 1411//1030 1427//953 1417//1028
f 1416//1026 1407//1025 1415//1036
f 1417//1028 1409//1027 1419//1038
f 1414//1035 1411//1030 1413//1029
f 1413//1029 1417//1028 1577//1175
f 1419//1038 1410//1031 1418//1033
f 1413//1029 1577//1175 1421//1034
f 1578//1176 1414//1035 1421//1034
f 1424//1047 1414//1035 1578//1176
f 1423//1037 1415//1036 1422//1177
f 1418//1033 1412//1032 1420//6365
f 1417//1028 1419//1038 1576//1039
f 1315//943 1406//6364 1320//951
f 1321//945 1318//944 1427//953
f 1321//945 1411//1030 1426//1040
f 1427//953 1425//952 1409//1027
f 1431//1044 1428//1042 1435//1049
f 1429//1041 1426//1040 1428//1042
f 1324//966 1430//1043 1431//1044
f 1428//1042 1414//1035 1424//1047
f 1432//965 1436//1046 1433//1050
f 1431//1044 1435//1049 1434//1045
f 1435//1049 1428//1042 1424//1047
f 1436//1046 1604//1200 1438//1051
f 1441//1053 1336//967 1338//969
f 1443//1055 1350//979 1442//977
f 1437//1052 1338//969 1433//1050
f 1338//969 1445//1059 1441//1053
f 1441//1053 1445//1059 1444//1054
f 1446//1208 1448//6366 1454//1063
f 1355//989 1450//1056 1354//993
f 1354//993 1450//1056 1454//1063
f 1456//1066 1453//1065 1452//1062
f 1455//1064 1456//1066 1457//1068
f 1458//1071 1452//1062 1454//1063
f 1458//1071 1456//1066 1452//1062
f 1494//1067 1459//1073 1493//1108
f 1494//1067 1460//1069 1459//1073
f 1448//6366 1458//1071 1454//1063
f 1448//6366 1619//1072 1458//1071
f 1462//1070 1456//1066 1458//1071
f 1460//1069 1463//1247 1459//1073
f 1469//1077 1466//1076 1468//1111
f 1471//1085 1467//1078 1469//1077
f 1474//1083 1469//1077 1468//1111
f 1476//1094 1479//1080 1477//1086
f 1475//1087 1472//1082 1471//1085
f 1480//1089 1486//1088 1478//1090
f 1483//1092 1482//1084 1668//1254
f 1482//1084 1474//1083 1449//1112
f 1483//1092 1471//1085 1482//1084
f 1486//1088 1485//1095 1478//1090
f 1488//1097 1487//1105 1371//1098
f 1488//1097 1369//1099 1370//1100
f 1453//1065 1370//1100 1367//992
f 1490//1102 1371//1098 1487//1105
f 1455//1064 1488//1097 1453//1065
f 1491//1104 1490//1102 1487//1105
f 1491//1104 1494//1067 1493//1108
f 1495//1109 1489//1103 1491//1104
f 1466//1076 1492//1106 1493//1108
f 1493//1108 1459//1073 1461//1075
f 1372//1116 1504//1119 1498//1141
f 1501//1113 1497//1117 1496//1114
f 1372//1116 1501//1113 1502//1118
f 1504//1119 1502//1118 1503//1121
f 1501//1113 1500//1115 1506//6367
f 1505//1126 1508//1120 1506//6367
f 1508//1120 1509//6368 1503//1121
f 1509//6368 1508//1120 1507//1132
f 1511//6369 1504//1119 1503//1121
f 1465//1110 1514//1123 1499//1107
f 1512//1133 1516//1122 1513//1124
f 1514//1123 1500//1115 1499//1107
f 1516//1122 1512//1133 1515//1125
f 1517//1128 1505//1126 1515//1125
f 1516//1122 1506//6367 1514//1123
f 1521//1130 1519//1127 1518//1129
f 1524//6370 1509//6368 1507//1132
f 1515//1125 1470//1079 1535//1081
f 1528//1135 1535//1081 1527//1136
f 1535//1081 1517//1128 1515//1125
f 479//348 480//6201 1529//1134
f 1518//1129 1528//1135 1529//1134
f 1522//6371 1530//6372 1523//6373
f 1530//6372 1531//6374 1532//6375
f 487//6202 1536//1137 1473//1091
f 1535//1081 1480//1089 1473//1091
f 1535//1081 1536//1137 1527//1136
f 1473//1091 438//6194 487//6202
f 1388//1005 1540//1101 1496//1114
f 1389//1007 1497//1117 1390//1008
f 1541//1139 1496//1114 1540//1101
f 1496//1114 1541//1139 1500//1115
f 1498//1141 1392//1022 1391//1024
f 1499//1107 1541//1139 1489//1103
f 1498//1141 1391//1024 1372//1116
f 1511//6369 1510//6376 1547//1144
f 1392//1022 1498//1141 1545//1142
f 1542//1166 1392//1022 1545//1142
f 1545//1142 1544//1143 1548//6377
f 1549//1146 1542//1166 1545//1142
f 1546//1145 1542//1166 1549//1146
f 1549//1146 1545//1142 1554//6378
f 1534//6379 1556//6380 1551//6381
f 1556//6380 1553//6382 1551//6381
f 1554//6378 1553//6382 1557//1159
f 1534//6379 1561//1155 1556//6380
f 1558//1158 1554//6378 1557//1159
f 1566//1151 1559//1150 1572//1148
f 1564//1157 1539//1156 1538//1162
f 1565//6383 1556//6380 1561//1155
f 1562//1164 1556//6380 1565//6383
f 1563//1147 1558//1158 1569//1160
f 1570//1167 1571//1168 1403//1020
f 1570//1167 1402//6363 1392//1022
f 1571//1168 1405//1169 1403//1020
f 1571//1168 1572//1148 1405//1169
f 1571//1168 1570//1167 1542//1166
f 1572//1148 1571//1168 1546//1145
f 1555//1170 1405//1169 1550//1149
f 1574//1171 1582//1182 1581//6384
f 1573//1173 1582//1182 1574//1171
f 1578//1176 1577//1175 1580//1180
f 1576//1039 1418//1033 1420//6365
f 1577//1175 1417//1028 1576//1039
f 1579//1178 1420//6365 1423//1037
f 1576//1039 1420//6365 1583//1183
f 1577//1175 1584//1179 1580//1180
f 526//6385 1581//6384 546//6386
f 1585//1185 1576//1039 1583//1183
f 1583//1183 1579//1178 1573//1173
f 1585//1185 1583//1183 1586//1174
f 1591//1048 1424//1047 1578//1176
f 1591//1048 1593//1189 1594//6387
f 1593//1189 1587//1181 1596//6388
f 1595//1190 1591//1048 1594//6387
f 1598//1192 1592//1191 1595//1190
f 1594//6387 1593//1189 1597//6389
f 1600//1193 1595//1190 1594//6387
f 1597//6389 1593//1189 1596//6388
f 1600//1193 1594//6387 1597//6389
f 1597//6389 1596//6388 1599//6390
f 1602//1195 1600//1193 1597//6389
f 1599//6390 1596//6388 1590//1188
f 1602//1195 1597//6389 1599//6390
f 1598//1192 1726//1194 1603//1197
f 1604//1200 1434//1045 1592//1191
f 1445//1059 1614//1199 1440//1060
f 1608//1202 1438//1051 1598//1192
f 1440//1060 1614//1199 1609//1302
f 1612//6391 1440//1060 1609//1302
f 1611//1203 1614//1199 1607//1201
f 1609//1302 1616//1300 1612//6391
f 1446//1208 1619//1072 1448//6366
f 1625//1209 1446//1208 1622//1212
f 1627//1211 1619//1072 1625//1209
f 1628//1216 1620//1245 1624//1214
f 1613//1213 1631//1218 1625//1209
f 1623//1204 1613//1213 1622//1212
f 1626//6392 1777//1220 1624//1214
f 1627//1211 1633//1219 1626//6392
f 1634//1222 1628//1216 1630//1215
f 1638//1226 1639//1257 1641//1223
f 1639//1257 1642//1229 1641//1223
f 1645//1231 1647//1224 1653//1232
f 1637//1225 1647//1224 1645//1231
f 1650//1234 1642//1229 1646//1228
f 606//444 611//445 1648//1238
f 1651//1230 1649//1235 1656//1241
f 611//445 1643//1261 1648//1238
f 1650//1234 1660//1353 1659//6393
f 615//450 1648//1238 1652//1237
f 1660//1353 1650//1234 1658//1240
f 1659//6393 1649//1235 1650//1234
f 1655//1236 1662//1244 1653//1232
f 614//452 618//453 1657//1242
f 618//453 1652//1237 1657//1242
f 1658//1240 1654//1239 1617//1252
f 622//6221 617//6220 1662//1244
f 617//6220 1657//1242 1662//1244
f 1462//1070 1621//1210 1620//1245
f 1464//1074 1459//1073 1463//1247
f 1636//6394 1481//1253 1635//1250
f 1663//1248 1460//1069 1620//1245
f 1628//1216 1663//1248 1620//1245
f 1666//1221 1664//1246 1628//1216
f 1667//1251 1665//1249 1666//1221
f 1669//1255 1668//1254 1637//1225
f 1670//1259 1484//1093 1672//1256
f 1669//1255 1483//1092 1668//1254
f 1639//1257 1481//1253 1636//6394
f 1673//6395 1644//1233 1643//1261
f 1637//1225 1645//1231 1672//1256
f 630//1260 1673//6395 1643//1261
f 1680//1263 1559//1150 1675//1165
f 1560//6396 1559//1150 1680//1263
f 1681//6397 1568//1163 1567//1161
f 1675//1165 1569//1160 1679//1262
f 1683//6398 1560//6396 1680//1263
f 1676//6399 1568//1163 1681//6397
f 1674//6400 1677//1266 1565//6383
f 1682//1264 1679//1262 1678//6401
f 1680//1263 1675//1165 1682//1264
f 1684//6402 1676//6399 1681//6397
f 1676//6399 1685//6403 1674//6400
f 1685//6403 1686//6404 1674//6400
f 1684//6402 1688//6405 1676//6399
f 1688//6405 1686//6404 1676//6399
f 1684//6402 1686//6404 1688//6405
f 1686//6404 1692//1267 1674//6400
f 1677//1266 1674//6400 1692//1267
f 1689//1270 1687//1265 1682//1264
f 1691//6406 1686//6404 1684//6402
f 1691//6406 1695//6407 1686//6404
f 1689//1270 1677//1266 1693//1268
f 1687//1265 1689//1270 1694//1272
f 654//6408 1691//6406 649//6409
f 1695//6407 1691//6406 1696//1269
f 1690//6410 1687//1265 1694//1272
f 1699//2664 1690//6410 1694//1272
f 1697//6411 1696//1269 1701//6412
f 1699//2664 1694//1272 1702//1273
f 1703//2663 1690//6410 1699//2664
f 1575//1187 1586//1174 1706//1277
f 1704//1172 1574//1171 1705//6413
f 1706//1277 1586//1174 1704//1172
f 1704//1172 1705//6413 1707//1274
f 1706//1277 1704//1172 1707//1274
f 1708//1280 1589//1186 1575//1187
f 1711//1278 1708//1280 1706//1277
f 1707//1274 1705//6413 1710//1275
f 1712//1279 1714//1281 1717//1287
f 1710//1275 1709//6414 1715//6415
f 1716//1282 1707//1274 1713//1276
f 1711//1278 1707//1274 1716//1282
f 1713//1276 1710//1275 1719//1284
f 1719//1284 1710//1275 1715//6415
f 1718//1286 1712//1279 1717//1287
f 1716//1282 1713//1276 1812//1285
f 1714//1281 1711//1278 1720//1283
f 1599//6390 1590//1188 1724//1290
f 1602//1195 1599//6390 1725//6416
f 1724//1290 1727//1291 1730//6417
f 1724//1290 1590//1188 1721//1289
f 1725//6416 1599//6390 1724//1290
f 1726//1194 1602//1195 1725//6416
f 1725//6416 1724//1290 1732//1295
f 1725//6416 1728//6418 1726//1194
f 1727//1291 1721//1289 1712//1279
f 1728//6418 1725//6416 1732//1295
f 1730//6417 1732//1295 1724//1290
f 1727//1291 1712//1279 1718//1286
f 1730//6417 1727//1291 1844//1296
f 1731//6419 1729//1308 1722//6420
f 1732//1295 1733//1298 1728//6418
f 1844//1296 1727//1291 1718//1286
f 1732//1295 1730//6417 1844//1296
f 1733//1298 1731//6419 1728//6418
f 1849//1379 1731//6419 1733//1298
f 1601//1196 1723//6421 1611//1203
f 1734//1293 1852//1382 1735//1294
f 1609//1302 1737//1301 1616//1300
f 1614//1199 1739//1299 1609//1302
f 1615//1305 1738//1304 1613//1213
f 1740//1292 1742//1307 1737//1301
f 1736//1206 1745//1303 1741//1306
f 1736//1206 1741//1306 1615//1305
f 1741//1306 1743//1310 1738//1304
f 1740//1292 1747//1315 1742//1307
f 1739//1299 1734//1293 1740//1292
f 1749//1312 1744//1314 1743//1310
f 1745//1303 1753//1316 1741//1306
f 1753//1316 1745//1303 1750//1309
f 1751//1390 1743//1310 1748//1311
f 1749//1312 1743//1310 1751//1390
f 1754//6422 1746//1313 1752//1317
f 1760//1325 1756//1318 1778//1339
f 1762//1320 1755//1319 1756//1318
f 1760//1325 1778//1339 1758//1329
f 1760//1325 1762//1320 1756//1318
f 1762//1320 1761//1322 1757//1321
f 1760//1325 1758//1329 1764//1326
f 1766//1323 1767//1331 1763//1324
f 1768//1332 1767//1331 1766//1323
f 1767//1331 737//549 738//548
f 1761//1322 1765//6423 1768//1332
f 1761//1322 1768//1332 1766//1323
f 1768//1332 1772//1330 1767//1331
f 1879//1334 1764//1326 1770//1328
f 1773//1336 1765//6423 1771//1335
f 1630//1215 1777//1220 1776//1338
f 1775//1340 1631//1218 1613//1213
f 1777//1220 1626//6392 1632//6424
f 1633//1219 1779//1341 1632//6424
f 1776//1338 1758//1329 1634//1222
f 1778//1339 1756//1318 1617//1252
f 1744//1314 1775//1340 1738//1304
f 1758//1329 1776//1338 1782//1344
f 1781//1342 1777//1220 1632//6424
f 1781//1342 1632//6424 1779//1341
f 1779//1341 1744//1314 1746//1313
f 1920//1350 1783//1345 1860//1347
f 1617//1252 1755//1319 1658//1240
f 1660//1353 1755//1319 1785//1351
f 1660//1353 1785//1351 1659//6393
f 1788//1354 1786//6425 1662//1244
f 1785//1351 1755//1319 1757//1321
f 738//548 1790//1357 1767//1331
f 659//6240 1791//6426 1700//6427
f 1763//1324 1767//1331 1790//1357
f 1702//1273 1698//1271 1794//6428
f 1798//6429 1699//2664 1702//1273
f 1804//6430 1802//6431 1801//6432
f 770//6245 773//6433 1806//2753
f 1811//6434 1715//6415 676//491
f 1719//1284 1715//6415 1811//6434
f 1720//1283 1716//1282 1812//1285
f 787//573 1811//6434 785//569
f 1717//1287 1814//1359 1813//1288
f 1811//6434 676//491 785//569
f 1815//1360 1812//1285 1719//1284
f 1815//1360 1719//1284 1811//6434
f 1812//1285 1815//1360 1819//1362
f 1813//1288 1814//1359 1816//1363
f 1817//6435 1811//6434 787//573
f 1823//6436 796//6437 794//6253
f 1821//1370 1816//1363 1820//6438
f 1821//1370 1820//6438 1826//6439
f 1827//1366 1822//1364 1816//1363
f 1829//6440 1830//6441 1828//6442
f 1832//1372 1834//6443 1831//6444
f 1835//1369 1826//6439 1825//1367
f 1821//1370 1836//1374 1837//1371
f 1718//1286 1813//1288 1822//1364
f 1845//1376 1718//1286 1822//1364
f 1844//1296 1718//1286 1845//1376
f 1845//1376 1846//1365 1847//1377
f 1846//1365 1827//1366 1843//6445
f 1849//1379 1852//1382 1734//1293
f 1855//1386 1849//1379 1853//1380
f 1857//1385 1735//1294 1852//1382
f 1857//1385 1852//1382 1856//1383
f 2005//1387 2007//1388 1855//1386
f 1853//1380 1848//1381 1998//1470
f 2005//1387 1853//1380 1998//1470
f 1735//1294 1850//1392 1747//1315
f 1861//1391 1751//1390 1748//1311
f 1748//1311 1753//1316 1859//6446
f 1752//1317 1749//1312 1751//1390
f 1861//1391 1748//1311 1859//6446
f 1862//1400 1752//1317 1861//1391
f 1865//1397 1752//1317 1862//1400
f 1865//1397 1754//6422 1752//1317
f 1859//6446 1753//1316 1864//1394
f 1858//1389 1867//1395 1753//1316
f 1871//1396 1866//1421 1865//1397
f 1869//1399 1862//1400 1868//6447
f 1862//1400 1870//1398 1865//1397
f 1868//6447 1873//1482 1874//1487
f 1873//1482 1859//6446 1864//1394
f 1859//6446 1873//1482 1868//6447
f 1771//1335 1879//1334 1878//1406
f 1869//1399 1868//6447 1874//1487
f 1869//1399 1875//1401 1870//1398
f 1870//1398 1876//1402 1871//1396
f 1769//1349 1879//1334 1770//1328
f 1771//1335 1880//1337 1773//1336
f 1880//1337 1881//1404 1774//1333
f 1883//1408 1769//1349 1877//1348
f 1886//1407 1880//1337 1885//6448
f 1880//1337 1884//1411 1885//6448
f 1883//1408 1888//1414 1882//1405
f 1888//1414 1883//1408 1921//1409
f 1885//6448 853//6264 851//606
f 1884//1411 1892//6449 1885//6448
f 1884//1411 1889//6450 1892//6449
f 1884//1411 1891//6451 1889//6450
f 1887//1410 1891//6451 1884//1411
f 1885//6448 1892//6449 853//6264
f 1897//6452 1896//6453 1892//6449
f 1891//6451 1894//1416 1889//6450
f 1903//6454 1896//6453 1904//6455
f 1900//1420 1898//1422 1908//1418
f 1909//6456 1912//6457 1911//6458
f 1914//6459 1907//6460 1915//1504
f 1860//1347 1921//1409 1920//1350
f 1920//1350 1921//1409 1877//1348
f 1927//6461 885//6279 1926//6462
f 1890//1413 1921//1409 1866//1421
f 1898//1422 1890//1413 1871//1396
f 1922//1423 883//6463 888//6464
f 1925//6465 1929//1426 1930//1428
f 1933//6466 1934//6467 1932//6468
f 1933//6466 1928//6469 1934//6467
f 1936//1429 1930//1428 1933//6466
f 1938//1427 1936//1429 1937//6470
f 1943//6471 1944//6472 1942//6473
f 1945//6474 1935//6475 1943//6471
f 1941//6476 1949//3765 1943//6471
f 1950//6477 1945//6474 1943//6471
f 1952//1432 1946//1431 1951//3768
f 1810//1455 1809//6478 1956//1435
f 1808//6479 1954//1433 1956//1435
f 1956//1435 1809//6478 1808//6479
f 1954//1433 1958//1436 1955//1434
f 1957//1442 1810//1455 1963//6480
f 1958//1436 1960//1438 1962//1440
f 1963//6480 1962//1440 1965//6481
f 1960//1438 1922//1423 1924//1425
f 1965//6481 1924//1425 1925//6465
f 1971//1446 1967//1445 1966//1443
f 1972//1448 1967//1445 1971//1446
f 1973//1450 1969//6482 1972//1448
f 1975//1453 1976//1451 1973//1450
f 1937//6470 1977//6483 1938//1427
f 1938//1427 1977//6483 1974//1447
f 1953//1430 1978//1454 1977//6483
f 1978//1454 1975//1453 1974//1447
f 1976//1451 1975//1453 1979//1452
f 1953//1430 1977//6483 1946//1431
f 1981//6484 1980//1449 1979//1452
f 1838//1456 1957//1442 1839//1459
f 1842//1461 1983//1460 1837//1371
f 1985//1458 1964//1441 1968//1444
f 1984//1464 1988//1463 1843//6445
f 1989//6485 1985//1458 1968//1444
f 1991//6486 1970//1468 1992//1467
f 1969//6482 1989//6485 1968//1444
f 1970//1468 1989//6485 1969//6482
f 1980//1449 1995//1475 1994//1469
f 1980//1449 1992//1467 1973//1450
f 1994//1469 1993//1466 1992//1467
f 1997//1378 1846//1365 1843//6445
f 1988//1463 1999//1471 1997//1378
f 1997//1378 1843//6445 1988//1463
f 1999//1471 1847//1377 1997//1378
f 1993//1466 2001//1472 1990//1465
f 2000//1479 1998//1470 2001//1472
f 2000//1479 2001//1472 2002//1474
f 1995//1475 2002//1474 1994//1469
f 2000//1479 2002//1474 2003//1473
f 2000//1479 2009//1480 2005//1387
f 2004//1477 2003//1473 1995//1475
f 2008//1478 1856//1383 2007//1388
f 1854//1384 1857//1385 2006//6487
f 2011//1481 2007//1388 2009//1480
f 2010//1493 1854//1384 2006//6487
f 2012//3833 2008//1478 2011//1481
f 2010//1493 2014//1495 1872//1492
f 2016//1483 1864//1394 1867//1395
f 2017//1486 1875//1401 1869//1399
f 2017//1486 1869//1399 1874//1487
f 2020//1491 2015//1484 1875//1401
f 2020//1491 1875//1401 2017//1486
f 2020//1491 2017//1486 2019//1488
f 2028//6488 2016//1483 2021//1489
f 2022//1490 2025//6489 2023//6490
f 2026//6491 2019//1488 2024//1494
f 2027//1497 2025//6489 2022//1490
f 2029//1496 2022//1490 2026//6491
f 2031//1499 2033//6492 2032//6493
f 1916//1505 1911//6458 2035//6494
f 2035//6494 2037//1503 1916//1505
f 2037//1503 1919//1500 1915//1504
f 1918//1502 2036//1501 1917//6495
f 2037//1503 2038//1506 1919//1500
f 2036//1501 2039//1520 1917//6495
f 2033//6492 2031//1499 2030//1498
f 2040//6496 2047//1508 2041//6497
f 2036//1501 2038//1506 2044//1519
f 2042//1507 2043//6498 2037//1503
f 2046//6499 2047//1508 2040//6496
f 2040//6496 2033//6492 2046//6499
f 2043//6498 2042//1507 2049//1527
f 2042//1507 2041//6497 2047//1508
f 2052//6500 2048//1509 2047//1508
f 2046//6499 2045//6501 2050//6502
f 2051//6503 2046//6499 2050//6502
f 2047//1508 2046//6499 2051//6503
f 2052//6500 2047//1508 2051//6503
f 2051//6503 2050//6502 2053//6504
f 2054//1510 2051//6503 2053//6504
f 2056//1536 2052//6500 2055//1512
f 2054//1510 2053//6504 2057//1513
f 2062//1517 2058//1511 2057//1513
f 2023//6490 2045//6501 2015//1484
f 2025//6489 2027//1497 2053//6504
f 2029//1496 2063//1518 2027//1497
f 2057//1513 2053//6504 2027//1497
f 2043//6498 2064//1521 2038//1506
f 2044//1519 2064//1521 2066//1525
f 2065//1523 1020//729 999//1522
f 2066//1525 2064//1521 2067//1524
f 2049//1527 2068//1528 2064//1521
f 2067//1524 2068//1528 2070//1531
f 2071//1526 2042//1507 2048//1509
f 2080//1535 2072//1537 2071//1526
f 2074//1533 2068//1528 2049//1527
f 2072//1537 2074//1533 2049//1527
f 2075//1532 2077//6505 2073//1529
f 2056//1536 2071//1526 2048//1509
f 2080//1535 2071//1526 2056//1536
f 2077//6505 2075//1532 2081//1538
f 2079//6506 2082//6507 2078//6508
f 2077//6505 2081//1538 2082//6507
f 2085//1534 2056//1536 2060//6509
f 2086//6510 2080//1535 2085//1534
f 2081//1538 2072//1537 2086//6510
f 2091//6511 2087//6512 2086//6510
f 2090//6513 2085//1534 2061//1516
f 2085//1534 2060//6509 2061//1516
f 2090//6513 2086//6510 2085//1534
f 2089//6514 2087//6512 2091//6511
f 2091//6511 2086//6510 2090//6513
f 2093//1541 2090//6513 2092//1515
f 2092//1515 2090//6513 2061//1516
f 2091//6511 2093//1541 2094//1540
f 2089//6514 2091//6511 2094//1540
f 2089//6514 2097//6515 2088//6516
f 2096//6517 2097//6515 2098//6518
f 2101//6519 2097//6515 2089//6514
f 2102//6520 2101//6519 2089//6514
f 2103//6521 2104//6522 2105//6523
f 2102//6520 2089//6514 2107//3909
f 2111//3914 1065//6524 1064//3163
f 2116//6525 7//5157 3//1543
f 2119//6526 2120//6527 2125//6528
f 2124//1550 2132//1547 2123//6529
f 2128//6530 2133//1548 2124//1550
f 2137//6531 31//6121 23//1545
f 2132//1547 2137//6531 23//1545
f 2138//1549 2137//6531 2132//1547
f 2124//1550 2138//1549 2132//1547
f 2141//6532 2142//6533 2140//1554
f 2142//6533 2141//6532 2144//6534
f 2138//1549 2146//1551 2145//1558
f 2139//1552 2150//1555 2146//1551
f 2148//6535 2144//6534 2147//6536
f 2145//1558 2146//1551 2149//1556
f 2146//1551 2150//1555 2149//1556
f 2143//1553 2144//6534 2151//1560
f 2144//6534 2148//6535 2153//6537
f 2148//6535 2147//6536 2153//6537
f 2149//1556 2150//1555 2159//1563
f 2151//1560 2152//6538 2156//1559
f 2149//1556 2159//1563 2158//1566
f 2149//1556 2158//1566 2155//1557
f 2150//1555 2160//1561 2159//1563
f 2157//6539 2163//6540 2162//6541
f 2157//6539 2162//6541 2153//6537
f 2159//1563 2164//1562 2158//1566
f 2161//6542 2162//6541 2165//1573
f 51//6543 2154//1569 66//1568
f 2154//1569 2155//1557 2166//1565
f 2171//1570 2160//1561 2172//1587
f 2156//1559 2172//1587 2160//1561
f 2165//1573 2173//6544 2156//1559
f 2174//1572 2173//6544 2165//1573
f 132//6545 136//6151 145//6153
f 2173//6544 2172//1587 2156//1559
f 2180//1580 2181//1583 136//6151
f 138//70 2181//1583 231//149
f 2182//1582 2185//1585 2181//1583
f 2186//1584 2189//1630 2185//1585
f 2184//1602 2188//1594 2187//1592
f 2166//1565 2167//1564 2191//1581
f 2166//1565 2190//6546 2177//1567
f 2191//1581 2190//6546 2166//1565
f 2171//1570 2194//1588 2168//1571
f 2170//1575 2168//1571 2192//1586
f 2190//6546 132//6545 2177//1567
f 2172//1587 2195//6547 2194//1588
f 2174//1572 2196//6548 2173//6544
f 2194//1588 2198//6549 2197//1589
f 2195//6547 2198//6549 2194//1588
f 2198//6549 2195//6547 2199//6550
f 2192//1586 2197//1589 2200//1590
f 2197//1589 2198//6549 2201//6551
f 2200//1590 2197//1589 2203//6552
f 2219//6553 2203//6552 2201//6551
f 2201//6551 2203//6552 2197//1589
f 2203//6552 2187//1592 2183//6554
f 2203//6552 2183//6554 2200//1590
f 2203//6552 2184//1602 2187//1592
f 2188//1594 2204//1591 2187//1592
f 2178//1576 2207//6555 2175//1577
f 2193//6556 2209//6557 2208//6558
f 2193//6556 2208//6558 2174//1572
f 2209//6557 2213//6559 2208//6558
f 2199//6550 2196//6548 2212//6560
f 2213//6559 2220//6561 2212//6560
f 2202//6562 2219//6553 2201//6551
f 2214//6563 2223//6564 2213//6559
f 2226//6565 2229//1600 2225//6566
f 2226//6565 2230//6567 2229//1600
f 2231//1601 2229//1600 2230//6567
f 2218//6568 2232//1607 2230//6567
f 2232//1607 2233//1606 2230//6567
f 2227//1605 2236//1598 2235//6569
f 2236//1598 2234//1597 2235//6569
f 2237//1604 2236//1598 2227//1605
f 2239//1609 2228//1599 2231//1601
f 2234//1597 2240//1596 2184//1602
f 2205//1595 2188//1594 2240//1596
f 2231//1601 2233//1606 2239//1609
f 2245//1612 2246//1611 2243//1608
f 2249//1614 2238//1603 2239//1609
f 2252//1617 2251//1616 2246//1611
f 2250//1615 2239//1609 2244//1610
f 2251//1616 2244//1610 2246//1611
f 2247//1613 2252//1617 2246//1611
f 2250//1615 2255//1620 2249//1614
f 2256//1625 2250//1615 2251//1616
f 2257//1657 2254//1619 2255//1620
f 2258//1673 2255//1620 2256//1625
f 2261//1675 2258//1673 2256//1625
f 2262//1627 2256//1625 2259//1626
f 2265//1629 231//149 2181//1583
f 2185//1585 2266//1631 2265//1629
f 2265//1629 2267//1632 233//153
f 238//155 237//156 2270//1635
f 233//153 2268//1633 235//152
f 2267//1632 2269//1634 2268//1633
f 2268//1633 2269//1634 237//156
f 2204//1591 2189//1630 2186//1584
f 2271//1636 240//236 238//155
f 2272//1645 2189//1630 2204//1591
f 2206//1593 2272//1645 2204//1591
f 2189//1630 2274//6570 2266//1631
f 2275//1637 2266//1631 2274//6570
f 2279//1638 2269//1634 2267//1632
f 2269//1634 2282//1642 2270//1635
f 2279//1638 2281//1641 2269//1634
f 2283//6571 2282//1642 2284//6572
f 2273//1643 2285//1649 2276//1644
f 2286//1652 2276//1644 2285//1649
f 2287//1651 2276//1644 2286//1652
f 2276//1644 2287//1651 2278//1646
f 2290//1653 2287//1651 2291//1654
f 2277//1639 2293//1655 2280//1640
f 2291//1654 2294//1665 2290//1653
f 2293//1655 2281//1641 2280//1640
f 2281//1641 2295//6573 2284//6572
f 2294//1665 2297//6574 2293//1655
f 2285//1649 2273//1643 2298//1623
f 2301//1660 2289//1650 2292//1659
f 2322//1663 2292//1659 2288//1648
f 2297//6574 2294//1665 2307//1669
f 2309//1741 2305//1666 2306//1668
f 2258//1673 2310//1671 2257//1657
f 2262//1627 2314//1676 2261//1675
f 2261//1675 2313//1674 2258//1673
f 2263//1628 2314//1676 2262//1627
f 2312//1672 2310//1671 2317//1678
f 2313//1674 2318//1679 2310//1671
f 2314//1676 2319//1680 2313//1674
f 2320//1681 2319//1680 2314//1676
f 2315//1677 2321//6575 2314//1676
f 2322//1663 2288//1648 2300//1647
f 2321//6575 2328//6576 2320//1681
f 2303//1667 2302//1662 2324//1661
f 2323//1682 2303//1667 2324//1661
f 2325//1683 2303//1667 2323//1682
f 2327//1686 2318//1679 2320//1681
f 2327//1686 2325//1683 2318//1679
f 2328//6576 2329//1688 2320//1681
f 2331//1691 2330//6577 2326//1685
f 2326//1685 2330//6577 2315//1677
f 2332//1693 2303//1667 2325//1683
f 2333//1687 2327//1686 2329//1688
f 2333//1687 2335//1696 2332//1693
f 2333//1687 2332//1693 2325//1683
f 2303//1667 2339//1694 2306//1668
f 2331//1691 2337//1690 2330//6577
f 2409//1740 2306//1668 2339//1694
f 2340//1695 2339//1694 2332//1693
f 2341//1697 2333//1687 2336//1689
f 2337//1690 2343//1752 2334//6578
f 2344//1698 2345//1699 330//237
f 2345//1699 2346//1702 332//238
f 2345//1699 2347//1714 2346//1702
f 2348//1700 334//242 335//241
f 2349//1701 335//241 332//238
f 2350//1704 2348//1700 2349//1701
f 2355//1703 2354//6579 2348//1700
f 2350//1704 2357//1706 2355//1703
f 2362//6580 2355//1703 2363//1773
f 2357//1706 2358//1705 2364//1774
f 2358//1705 2365//6581 2364//1774
f 2366//1709 2369//1708 2344//1698
f 2284//6572 2367//1707 2366//1709
f 2369//1708 2367//1707 2370//1711
f 2284//6572 2368//1710 2367//1707
f 2351//1719 2373//1715 2375//1717
f 2369//1708 2347//1714 2344//1698
f 2344//1698 2347//1714 2345//1699
f 2371//1712 2374//1716 2372//1713
f 2373//1715 2351//1719 2347//1714
f 2375//1717 2373//1715 2376//1798
f 2377//6582 2374//1716 2378//1727
f 2358//1705 2351//1719 2456//1718
f 2376//1798 2379//1796 2375//1717
f 2368//1710 2381//1720 2370//1711
f 2383//1722 2382//1721 2384//6583
f 2296//1656 2385//1731 2384//6583
f 2387//1725 2384//6583 2388//1723
f 2388//1723 2384//6583 2386//6584
f 2388//1723 2386//6584 2402//1726
f 2387//1725 2389//1724 2371//1712
f 2378//1727 2390//6585 2380//1799
f 2389//1724 2378//1727 2371//1712
f 2391//6586 2389//1724 2392//1815
f 2378//1727 2391//6586 2390//6585
f 2307//1669 2304//1664 2394//1728
f 2297//6574 2307//1669 2296//1656
f 2305//1666 2395//1729 2308//1670
f 2394//1728 2308//1670 2396//1732
f 2385//1731 2398//1738 2386//6584
f 2402//1726 2386//6584 2401//6587
f 2401//6587 2406//1734 2402//1726
f 2399//1733 2400//1745 2404//1747
f 2403//1736 2398//1738 2399//1733
f 2389//1724 2402//1726 2405//1735
f 2309//1741 2395//1729 2305//1666
f 2395//1729 2410//1746 2397//1730
f 2309//1741 2410//1746 2395//1729
f 2397//1730 2411//1744 2396//1732
f 2409//1740 2412//1743 2309//1741
f 2419//1742 2415//1760 2412//1743
f 2412//1743 2414//1748 2410//1746
f 2410//1746 2414//1748 2411//1744
f 2411//1744 2417//1749 2413//1850
f 2418//1754 2341//1697 2336//1689
f 2342//6588 2418//1754 2336//1689
f 2340//1695 2420//1761 2419//1742
f 2420//1761 2415//1760 2419//1742
f 2423//1751 2414//1748 2415//1760
f 2427//1766 2422//1755 2418//1754
f 2425//1753 2428//6589 2343//1752
f 2343//1752 2428//6589 2342//6588
f 2426//6590 2429//1757 2425//1753
f 2430//1756 2427//1766 2428//6589
f 2425//1753 2430//1756 2428//6589
f 2422//1755 2432//1762 2421//1764
f 2432//1762 2422//1755 2427//1766
f 2430//1756 2433//1769 2427//1766
f 2434//1767 2433//1769 2430//1756
f 2431//1758 2434//1767 2430//1756
f 2433//1769 2437//1765 2427//1766
f 2435//1759 2423//1751 2415//1760
f 2432//1762 2441//6591 2440//6592
f 2432//1762 2440//6592 2436//1763
f 2434//1767 2442//1770 2433//1769
f 2438//1768 2443//6593 2434//1767
f 2444//1771 2434//1767 2443//6593
f 2359//6594 495//6204 349//6184
f 495//6204 2446//1776 496//353
f 495//6204 2359//6594 2447//1777
f 2447//1777 2446//1776 495//6204
f 2449//6595 2450//1772 2453//1782
f 2364//1774 2454//1779 2450//1772
f 2457//1778 2455//1780 2462//1784
f 2462//1784 2463//6596 2461//1783
f 2463//6596 2465//6597 2461//1783
f 2464//1785 2465//6597 2472//1787
f 2461//1783 2465//6597 2464//1785
f 2468//1786 2470//1788 2453//1782
f 2472//1787 2465//6597 2471//6598
f 2466//6599 2471//6598 2465//6597
f 2467//1792 2473//1791 2466//6599
f 2469//1790 2474//6600 2473//1791
f 2446//1776 2451//1775 2476//1896
f 2470//1788 2477//1795 2452//1789
f 2472//1787 2478//1793 2468//1786
f 2473//1791 2474//6600 2479//6601
f 2512//6602 2613//1897 2475//1899
f 2459//6603 2484//6604 2463//6596
f 2489//1802 2488//6605 2490//1800
f 2483//1797 2379//1796 2487//6606
f 2491//1806 2490//1800 2488//6605
f 2492//6607 2491//1806 2379//1796
f 2380//1799 2493//1817 2379//1796
f 2493//1817 2492//6607 2379//1796
f 2498//6608 2500//1805 2501//1804
f 2492//6607 2503//1807 2491//1806
f 2493//1817 2502//1809 2492//6607
f 2505//1808 2503//1807 2502//1809
f 2496//6609 2498//6608 2508//6610
f 2506//6611 2508//6610 2507//6612
f 2511//2552 2510//1803 2503//1807
f 2511//2552 2503//1807 2513//1812
f 2517//1818 2391//6586 2392//1815
f 2391//6586 2517//1818 2516//1816
f 2392//1815 2519//6613 2518//1819
f 2519//6613 2392//1815 2520//1820
f 2522//6614 2520//1820 2393//1814
f 2540//1834 2525//1821 2523//1823
f 2493//1817 2524//1824 2504//1810
f 2524//1824 2526//1826 2505//1808
f 2527//1830 2514//1813 2505//1808
f 2526//1826 2524//1824 2528//1828
f 2529//1825 2527//1830 2505//1808
f 2528//1828 2530//1827 2526//1826
f 2526//1826 2530//1827 2529//1825
f 2525//1821 2531//1829 2528//1828
f 2534//6615 2532//1832 2530//1827
f 2534//6615 2536//6616 2532//1832
f 2534//6615 2533//6617 2537//6618
f 2538//1835 2541//1925 2539//1924
f 2405//1735 2406//1734 2543//6619
f 2389//1724 2542//1837 2393//1814
f 2544//1838 2405//1735 2543//6619
f 2542//1837 2522//6614 2393//1814
f 2523//1823 2522//6614 2547//6620
f 2545//1836 2546//1852 2543//6619
f 2523//1823 2547//6620 2548//1839
f 2549//6621 2547//6620 2522//6614
f 2549//6621 2522//6614 2550//1847
f 2548//1839 2552//1841 2540//1834
f 2553//1843 2551//1844 2550//1847
f 2542//1837 2554//1845 2550//1847
f 2552//1841 2551//1844 2555//1842
f 2555//1842 2553//1843 2558//1848
f 2553//1843 2550//1847 2556//1846
f 2559//1932 2553//1843 2556//1846
f 2554//1845 2560//1953 2556//1846
f 2545//1836 2403//1736 2563//1851
f 2564//1853 2403//1736 2408//1739
f 2566//1857 2544//1838 2543//6619
f 2546//1852 2567//1856 2543//6619
f 2570//1952 2566//1857 2567//1856
f 2567//1856 2563//1851 2682//1951
f 2564//1853 2571//1970 2563//1851
f 2568//1858 2571//1970 2564//1853
f 2423//1751 2572//1859 2416//1750
f 2574//1870 2579//1875 2424//6622
f 2577//1860 2581//1863 2576//1862
f 2580//1866 2581//1863 2577//1860
f 2582//1865 2575//1861 2578//6623
f 2582//1865 2578//6623 2579//1875
f 2576//1862 2583//1864 2565//1854
f 2437//1765 2585//1868 2441//6591
f 2587//1867 2588//1872 2585//1868
f 2589//1874 2590//1876 2579//1875
f 2591//1879 2444//1771 2443//6593
f 2591//1879 2443//6593 2445//1880
f 2592//1877 2442//1770 2444//1771
f 2594//1881 2444//1771 2591//1879
f 2595//1885 2596//1884 2591//1879
f 2592//1877 2598//1883 2587//1867
f 2586//1869 2600//1888 2589//1874
f 2597//1882 2600//1888 2586//1869
f 2600//1888 2590//1876 2589//1874
f 2594//1881 2598//1883 2592//1877
f 2596//1884 2602//1889 2594//1881
f 2604//1891 2596//1884 2603//1890
f 2451//1775 2477//1795 2608//1895
f 2598//1883 2606//1893 2601//1887
f 2480//1794 2610//1902 2609//1908
f 2471//6598 2611//1904 2478//1793
f 2473//1791 2618//1903 2471//6598
f 2613//1897 2616//1905 2481//1898
f 2609//1908 2617//1901 2619//1907
f 2622//1913 2629//1917 2627//1911
f 2634//1918 2632//1920 2629//1917
f 2630//1922 657//478 656//479
f 2620//1909 2632//1920 2637//6624
f 2632//1920 2633//1919 2639//6625
f 2642//1926 2640//6626 2536//6616
f 2536//6616 2534//6615 2539//1924
f 2642//1926 2536//6616 2539//1924
f 2541//1925 2538//1835 2641//6627
f 2558//1848 2553//1843 2651//1931
f 2644//1923 2643//6628 2647//6629
f 2649//1928 2646//1927 2644//1923
f 2650//1930 2655//1935 2557//1840
f 2559//1932 2556//1846 2652//1954
f 2559//1932 2653//1933 2651//1931
f 2661//1939 2650//1930 2654//1934
f 2655//1935 2643//6628 2540//1834
f 2648//1929 2656//6630 2657//1937
f 2658//1940 2649//1928 2648//1929
f 2659//1938 2662//1943 2660//1936
f 2655//1935 2650//1930 2661//1939
f 2667//1941 2657//1937 2660//1936
f 2661//1939 2664//1944 2659//1938
f 2662//1943 2668//1945 2667//1941
f 2670//1946 2668//1945 2671//2688
f 2672//1947 2675//1949 2674//2689
f 2668//1945 2672//1947 2671//2688
f 2672//1947 2674//2689 2671//2688
f 2661//1939 2673//1948 2664//1944
f 2676//6631 2661//1939 2654//1934
f 2661//1939 2676//6631 2673//1948
f 2674//2689 2675//1949 2677//6632
f 2672//1947 2673//1948 2678//1950
f 2681//1955 2566//1857 2570//1952
f 2681//1955 2684//1958 2569//1956
f 2682//1951 2685//1975 2570//1952
f 2688//1959 2686//6633 2652//1954
f 2653//1933 2687//1961 2654//1934
f 2683//1957 2687//1961 2653//1933
f 2654//1934 2691//1964 2680//2026
f 2681//1955 2685//1975 2689//1974
f 2684//1958 2690//1962 2688//1959
f 2687//1961 2691//1964 2654//1934
f 2688//1959 2693//1963 2686//6633
f 2692//1960 2764//2013 2691//1964
f 2693//1963 2690//1962 2695//6634
f 2583//1864 2581//1863 2696//1966
f 2680//2026 2676//6631 2654//1934
f 2568//1858 2583//1864 2697//1967
f 2696//1966 2581//1863 2580//1866
f 2697//1967 2696//1966 2711//1971
f 2682//1951 2700//1972 2685//1975
f 2699//1969 2697//1967 2701//1973
f 2689//1974 2702//1977 2681//1955
f 2689//1974 2700//1972 2704//6635
f 2706//1979 2582//1865 2590//1876
f 2710//1983 2706//1979 2707//1981
f 2709//1984 2698//1968 2708//1982
f 2712//1985 2705//1978 2710//1983
f 2712//1985 2710//1983 2707//1981
f 2606//1893 2605//1892 2601//1887
f 2605//1892 2714//6636 2600//1888
f 2602//1889 2607//1894 2598//1883
f 2717//1994 2719//1988 2607//1894
f 2715//1987 2717//1994 2602//1889
f 2723//1992 2719//1988 2717//1994
f 2605//1892 2722//1989 2714//6636
f 2714//6636 2722//1989 2718//1980
f 2728//1996 2717//1994 2715//1987
f 2724//1990 2722//1989 2725//1997
f 2717//1994 2728//1996 2727//1993
f 2724//1990 2725//1997 2732//1999
f 2713//1986 2707//1981 2724//1990
f 2729//1995 2734//6637 2736//2000
f 2637//6624 2638//6638 2738//6639
f 758//6640 2737//6641 763//6242
f 2740//6642 2741//6643 2737//6641
f 2637//6624 2741//6643 2636//6644
f 2637//6624 2738//6639 2743//6645
f 2737//6641 2741//6643 2744//2001
f 2741//6643 2742//6646 2745//6647
f 2750//6648 770//6245 772//2002
f 2675//1949 2678//1950 2754//2006
f 2695//6634 2765//2021 2693//1963
f 2764//2013 2767//2017 2763//2014
f 2694//1965 2768//2016 2764//2013
f 2763//2014 2769//2018 2776//2027
f 2764//2013 2770//2019 2767//2017
f 2766//2015 2771//2020 2768//2016
f 2680//2026 2775//2025 2679//2004
f 2782//2033 2762//2035 2761//2012
f 2761//2012 2759//2011 2782//2033
f 2780//2038 2784//2034 2778//2028
f 2762//2035 2786//2036 2785//2769
f 2779//2030 2787//2037 2780//2038
f 2695//6634 2690//1962 2793//2040
f 2794//2041 2702//1977 2689//1974
f 2703//1976 2701//1973 2797//2044
f 2795//2043 2699//1969 2703//1976
f 2700//1972 2796//2042 2704//6635
f 2799//6649 2794//2041 2689//1974
f 2704//6635 2799//6649 2689//1974
f 2794//2041 2800//2051 2798//2045
f 2798//2045 2801//2048 2765//2021
f 2794//2041 2895//2047 2800//2051
f 2798//2045 2804//2106 2801//2048
f 2806//6650 2802//2046 2799//6649
f 2796//2042 2806//6650 2799//6649
f 2796//2042 2795//2043 2807//2057
f 2797//2044 2808//6651 2810//2053
f 2812//6652 2811//2060 2713//1986
f 2713//1986 2811//2060 2712//1985
f 2822//2062 2812//6652 2713//1986
f 2816//2119 2810//2053 2817//2055
f 2810//2053 2816//2119 2797//2044
f 2819//2061 2811//2060 2812//6652
f 2809//2052 2814//2059 2818//2054
f 2813//2072 2819//2061 2812//6652
f 2816//2119 2817//2055 2820//2120
f 2813//2072 2812//6652 2822//2062
f 2732//1999 2813//2072 2822//2062
f 2736//2000 2825//2064 2727//1993
f 2736//2000 2829//2067 2825//2064
f 2825//2064 2828//2070 2731//1998
f 2830//2069 2813//2072 2732//1999
f 2823//2063 2830//2069 2732//1999
f 2828//2070 2830//2069 2823//2063
f 2832//6653 2835//6654 2829//2067
f 2831//2068 2834//2071 2830//2069
f 2824//6655 2819//2061 2813//2072
f 2834//2071 2824//6655 2813//2072
f 2829//2067 2837//2074 2825//2064
f 2836//6656 2834//2071 2840//2128
f 2835//6654 2838//2075 2829//2067
f 2773//2023 2845//2079 2843//2077
f 2845//2079 2844//2078 2846//6657
f 2856//2092 2790//6658 2855//2086
f 2852//2084 2851//6659 2858//2088
f 2849//6660 2857//2091 3889//2842
f 2854//2085 2843//2077 2845//2079
f 2858//2088 2854//2085 2861//2090
f 2859//2087 2852//2084 2860//2089
f 2864//2095 2856//2092 2855//2086
f 2865//6661 2858//2088 2861//2090
f 2865//6661 2860//2089 2858//2088
f 2861//2090 2845//2079 2847//2097
f 2866//6662 2863//2094 2870//2096
f 2869//2102 2865//6661 2871//2099
f 2865//6661 2861//2090 2871//2099
f 2879//6663 2866//6662 2870//2096
f 2874//6664 2866//6662 2879//6663
f 2984//2153 2883//2103 2983//2105
f 2880//2100 2893//6665 2877//2101
f 2893//6665 2891//6666 2877//2101
f 3019//6667 2880//2100 2848//2098
f 3019//6667 2893//6665 2880//2100
f 2803//2049 2894//6668 2774//2024
f 2805//2050 2896//2107 2804//2106
f 2846//6657 2847//2097 2845//2079
f 2895//2047 2900//2110 2805//2050
f 2847//2097 2846//6657 2901//2111
f 2904//6669 2901//2111 2907//2113
f 2805//2050 2902//2114 2896//2107
f 2900//2110 2902//2114 2805//2050
f 2901//2111 2897//6670 2903//2112
f 2898//2108 2903//2112 2897//6670
f 2896//2107 2902//2114 2898//2108
f 2904//6669 2848//2098 2901//2111
f 2807//2057 2905//2223 2806//6650
f 3051//2206 2900//2110 2909//2208
f 2900//2110 3051//2206 2902//2114
f 2913//2122 2815//2056 2911//2118
f 2815//2056 2914//2123 2807//2057
f 2910//2117 2916//2124 2820//2120
f 2914//2123 2905//2223 2807//2057
f 2914//2123 2917//2221 2905//2223
f 2820//2120 2918//2225 2911//2118
f 2922//2234 2915//2126 2821//2058
f 2824//6655 2921//2137 2819//2061
f 2920//6671 2923//6672 2922//2234
f 2920//6671 2922//2234 2821//2058
f 2923//6672 2924//6673 2922//2234
f 2925//2131 2921//2137 2824//6655
f 2840//2128 2925//2131 2836//6656
f 2836//6656 2925//2131 2824//6655
f 2837//2074 2842//2073 2926//6674
f 2840//2128 2935//2139 2930//2130
f 2927//2135 2931//2132 2842//2073
f 2926//6674 2931//2132 2841//2129
f 2928//2127 2935//2139 2840//2128
f 2931//2132 2927//2135 2934//2134
f 2932//2136 2923//6672 2921//2137
f 2930//2130 2932//2136 2925//2131
f 2934//2134 2937//6675 2936//2140
f 2936//2140 2933//2138 2931//2132
f 2933//2138 2940//6676 2939//2142
f 2941//2143 2942//2144 2940//6676
f 2941//2143 2940//6676 2933//2138
f 2936//2140 2943//2145 2941//2143
f 2944//6677 2943//2145 2936//2140
f 2932//2136 2938//2141 2949//6678
f 2939//2142 2950//6679 2938//2141
f 2939//2142 2940//6676 2950//6679
f 2940//6676 2942//2144 2951//6680
f 2942//2144 2952//6681 2951//6680
f 2952//6681 2953//6682 2951//6680
f 2961//2151 2963//2150 2960//6683
f 2967//6684 2968//6685 2970//6686
f 2977//4553 2968//6685 2967//6684
f 2979//4556 2980//4559 2978//4557
f 2988//2157 2989//2155 2985//2154
f 2985//2154 2986//2197 2991//2156
f 2990//2163 2987//2158 2992//2160
f 2993//2161 2995//6687 2997//2166
f 2998//6688 2995//6687 3000//2164
f 3047//2180 3001//6689 2996//2165
f 2998//6688 3003//2167 2997//2166
f 2999//6690 3005//2170 3004//2169
f 2999//6690 3001//6689 3005//2170
f 3001//6689 3006//2172 3005//2170
f 3002//6691 3007//2173 3006//2172
f 3007//2173 3002//6691 3027//6692
f 3004//2169 3010//2176 3009//6693
f 3009//6693 3010//2176 2971//6694
f 3004//2169 3011//2168 3010//2176
f 2971//6694 3014//2174 2980//4559
f 3013//2171 3012//2177 3006//2172
f 2981//2194 3013//2171 3007//2173
f 3014//2174 2971//6694 3008//2175
f 3016//2178 3015//4564 3011//2168
f 3025//2179 3020//2181 3021//2184
f 3023//2183 3025//2179 3021//2184
f 3026//2182 3022//2185 3024//2188
f 3030//2192 3027//6692 3023//2183
f 3023//2183 3028//2186 3030//2192
f 3030//2192 3007//2173 3027//6692
f 3031//2190 3028//2186 3026//2182
f 3032//6695 3058//2187 3029//2213
f 3036//4600 3032//6695 3029//2213
f 3037//2193 2982//6696 2981//2194
f 3034//2189 3038//4595 3037//2193
f 3038//4595 3034//2189 3035//2191
f 3039//4599 3038//4595 3035//2191
f 3032//6695 3039//4599 3035//2191
f 3042//2200 2884//6697 2888//6698
f 3041//2198 2987//2158 3040//6699
f 3046//2201 3043//6700 3020//2181
f 2996//2165 3044//2159 3045//2199
f 3046//2201 2996//2165 3045//2199
f 3046//2201 3020//2181 3047//2180
f 3047//2180 3025//2179 3027//6692
f 2906//6701 2908//2115 3048//6702
f 3049//2116 2902//2114 3051//2206
f 3050//2205 3049//2116 3057//2207
f 3068//2227 2899//2109 2905//2223
f 3022//2185 3052//2202 3024//2188
f 3054//2204 3055//6703 3052//2202
f 3055//6703 3024//2188 3052//2202
f 3056//2211 3050//2205 3057//2207
f 3056//2211 3059//6704 3055//6703
f 3063//6705 3066//2215 3061//2216
f 3051//2206 3067//2209 3057//2207
f 2909//2208 3068//2227 3067//2209
f 3068//2227 2905//2223 3064//2222
f 3066//2215 3065//2212 3060//2214
f 3065//2212 3036//4600 3029//2213
f 3057//2207 3067//2209 3062//2210
f 6349//2218 3065//2212 3066//2215
f 6349//2218 3069//6706 3065//2212
f 2820//2120 3073//2220 2918//2225
f 2911//2118 3074//2228 2913//2122
f 2918//2225 3074//2228 2911//2118
f 2916//2124 3075//2224 3073//2220
f 2913//2122 3077//2229 2917//2221
f 2918//2225 6369//6707 3074//2228
f 2915//2126 3079//2238 2919//2125
f 2924//6673 3080//2235 2922//2234
f 3082//2233 3081//2237 3084//2240
f 3084//2240 3088//4644 3086//2241
f 3086//2241 6370//2231 3076//2232
f 3086//2241 3088//4644 6379//4642
f 2949//6678 3090//2243 2924//6673
f 2950//6679 3092//2247 3091//2244
f 3096//6708 3098//2246 3095//2245
f 3095//2245 2953//6682 3097//2259
f 3099//2249 3101//2242 3098//2246
f 3083//2239 3081//2237 3101//2242
f 3100//2258 3103//2250 3096//6708
f 3083//2239 3104//2251 3085//2253
f 2956//2148 2955//2255 2946//2146
f 3105//2256 2955//2255 2956//2148
f 3105//2256 3108//6709 3093//2254
f 3109//6710 3106//2257 3107//6711
f 3109//6710 3113//6712 3106//2257
f 3116//2261 3110//2260 3118//2265
f 3100//2258 3116//2261 3103//2250
f 3111//6713 3119//2262 3118//2265
f 3112//2263 3119//2262 3111//6713
f 3114//6714 3120//2264 3112//2263
f 3115//6715 3122//6716 3114//6714
f 3116//2261 3117//2266 3102//2248
f 3118//2265 3123//2267 3117//2266
f 3126//2274 3123//2267 3125//2269
f 3117//2266 3127//2270 3104//2251
f 3124//2271 3128//6717 3129//2272
f 3130//4664 3089//2273 3129//2272
f 3132//6300 3122//6716 3115//6715
f 3132//6300 3133//6718 3122//6716
f 3121//2268 3122//6716 3125//2269
f 3134//6719 3125//2269 3122//6716
f 3122//6716 3133//6718 3134//6719
f 3133//6718 3132//6300 3134//6719
f 3126//2274 3142//2278 3124//2271
f 3135//2275 3136//6307 3139//747
f 3138//2276 3126//2274 3137//741
f 3124//2271 3142//2278 3128//6717
f 3126//2274 3143//2277 3142//2278
f 3152//744 3131//4687 3142//2278
f 3153//750 3152//744 3143//2277
f 2113//6720 3159//6721 2114//1542
f 3159//6721 1067//6722 1068//2279
f 3159//6721 1068//2279 3161//2281
f 3169//6723 3168//6724 3167//6725
f 3178//2286 1089//758 1090//761
f 2131//6726 3177//6727 2136//6728
f 3179//6729 3177//6727 3174//6730
f 3180//2283 3176//2282 3182//2289
f 3184//6731 3190//2292 3189//2291
f 3197//6732 3188//2288 3196//2305
f 3188//2288 3197//6732 3190//2292
f 3193//2300 3198//2299 3192//6733
f 3199//2303 3197//6732 3202//2306
f 3205//6734 3198//2299 3203//2304
f 3198//2299 3194//2298 3203//2304
f 3205//6734 3203//2304 3206//2313
f 3204//6735 2163//6540 2157//6539
f 3207//2309 3195//2297 3200//2301
f 3201//2302 3195//2297 3207//2309
f 3209//2316 3202//2306 3208//2308
f 3202//2306 3209//2316 3210//2307
f 3204//6735 3211//2342 2163//6540
f 3200//2301 1112//2296 1127//823
f 3208//2308 3201//2302 3213//2310
f 3213//2310 3207//2309 3214//2311
f 3220//2321 3210//2307 3209//2316
f 3218//2319 3213//2310 3214//2311
f 3215//2323 3213//2310 3218//2319
f 3220//2321 3209//2316 3219//2317
f 3199//2303 3210//2307 3220//2321
f 3216//2312 3203//2304 3221//2318
f 3211//2342 2178//1576 2176//1578
f 3217//2314 3222//2343 3211//2342
f 3221//2318 3199//2303 3225//2322
f 3219//2317 3215//2323 3229//6736
f 3229//6736 3215//2323 3228//2324
f 3243//2335 3235//2337 3230//2327
f 3233//2330 3239//2334 3230//2327
f 3237//2331 1212//831 1214//834
f 3238//2329 3237//2331 3304//2332
f 3239//2334 3233//2330 3240//2333
f 3242//2339 3238//2329 3304//2332
f 3240//2333 3238//2329 3242//2339
f 3223//6737 3206//2313 3226//6738
f 2211//6739 3249//6740 2215//6741
f 3248//6742 3232//2326 3252//6743
f 3257//6744 2218//6568 2217//6745
f 3260//2348 3263//2350 3259//6746
f 3265//2347 3268//2346 3257//6744
f 2232//1607 2218//6568 3268//2346
f 3260//2348 3236//6747 3234//2328
f 3270//6748 3260//2348 3234//2328
f 3272//2351 3267//2353 3271//2349
f 3270//6748 3272//2351 3260//2348
f 3269//2345 3265//2347 3266//2355
f 3276//2352 3274//2358 3267//2353
f 3276//2352 3277//6749 3278//6750
f 3280//2356 3243//2335 3244//2338
f 3275//6751 3241//2336 3280//2356
f 3245//2340 3244//2338 3240//2333
f 3277//6749 3281//2373 3279//2370
f 3312//2357 3281//2373 3280//2356
f 3283//2361 3269//2345 3273//2354
f 3269//2345 3282//6752 3268//2346
f 2243//1608 3282//6752 2245//1612
f 3284//6753 3282//6752 3269//2345
f 2247//1613 2245//1612 3284//6753
f 3273//2354 3285//2359 3283//2361
f 3286//2366 3287//2360 3274//2358
f 3288//2362 3290//6754 3284//6753
f 3288//2362 3291//2368 3290//6754
f 3286//2366 3276//2352 3278//6750
f 3294//2365 3292//2367 3287//2360
f 3299//6755 3291//2368 3293//2364
f 3289//2363 3299//6755 3293//2364
f 3278//6750 3277//6749 3279//2370
f 3292//2367 3300//2403 3289//2363
f 3292//2367 3297//2400 3300//2403
f 3296//2371 3297//2400 3292//2367
f 3299//6755 3298//6756 3291//2368
f 3300//2403 3299//6755 3289//2363
f 3300//2403 3302//2402 3299//6755
f 3303//2374 3304//2332 1216//839
f 3305//2375 3245//2340 3242//2339
f 3305//2375 3304//2332 3303//2374
f 3306//2376 3303//2374 3307//2377
f 3307//2377 1293//921 1296//922
f 3308//2378 1296//922 1297//925
f 3307//2377 1296//922 3308//2378
f 3306//2376 3307//2377 3308//2378
f 1300//6358 3310//2380 1298//926
f 3315//2382 3312//2357 3245//2340
f 3308//2378 3317//2384 3306//2376
f 3312//2357 3316//2383 3314//6757
f 3315//2382 3305//2375 3317//2384
f 3318//2389 3316//2383 3315//2382
f 3308//2378 3309//2379 3320//2386
f 3294//2365 3295//2369 3324//2404
f 3317//2384 3308//2378 3320//2386
f 3319//2385 3317//2384 3320//2386
f 3320//2386 3309//2379 3311//2381
f 3311//2381 3321//2387 3320//2386
f 3295//2369 3279//2370 3323//6758
f 3296//2371 3294//2365 3324//2404
f 3279//2370 3313//2372 3323//6758
f 3324//2404 3295//2369 3325//2415
f 3313//2372 3314//6757 3326//6759
f 3323//6758 3313//2372 3326//6759
f 3314//6757 3316//2383 3327//2391
f 3326//6759 3327//2391 3328//2393
f 3326//6759 3314//6757 3327//2391
f 3325//2415 3326//6759 3328//2393
f 3327//2391 3316//2383 3329//2390
f 3330//2392 3331//2394 3327//2391
f 3321//2387 3332//2395 3319//2385
f 3321//2387 3334//2397 3332//2395
f 3311//2381 3335//2398 3321//2387
f 3336//2412 3342//2401 3300//2403
f 3337//2407 3297//2400 3340//2399
f 3342//2401 3344//2414 3339//2408
f 3341//2405 3324//2404 3325//2415
f 3337//2407 3346//2410 3336//2412
f 3342//2401 3349//2430 3348//2413
f 3346//2410 3347//2411 3336//2412
f 3347//2411 3349//2430 3342//2401
f 3353//2418 3352//2417 3354//2433
f 3328//2393 3356//6760 3325//2415
f 3331//2394 3356//6760 3328//2393
f 3356//6760 3350//2416 3325//2415
f 3331//2394 3357//2420 3356//6760
f 3330//2392 3357//2420 3331//2394
f 3356//6760 3358//2422 3350//2416
f 3357//2420 3358//2422 3356//6760
f 3357//2420 3359//2423 3358//2422
f 3360//2419 3359//2423 3357//2420
f 3355//2490 3358//2422 3361//2421
f 3333//2396 3363//2425 3360//2419
f 3359//2423 3360//2419 3363//2425
f 3343//6761 2326//1685 2316//1684
f 3353//2418 3367//2435 3346//2410
f 3344//2414 3366//6762 3343//6761
f 3367//2435 3369//2428 3346//2410
f 3366//6762 3368//2427 3370//6763
f 3367//2435 3353//2418 3354//2433
f 3371//2429 3373//2432 3349//2430
f 3354//2433 3352//2417 3355//2490
f 3367//2435 3374//6764 3369//2428
f 3370//6763 3368//2427 3375//6765
f 3374//6764 3376//2482 3369//2428
f 3370//6763 3375//6765 3377//6766
f 3374//6764 3367//2435 3378//2434
f 3364//2488 3355//2490 3361//2421
f 3443//2485 3354//2433 3355//2490
f 3310//2380 1300//6358 3383//2442
f 3384//2444 1394//1012 3385//2437
f 3389//6767 3386//6768 3388//2438
f 1401//1021 1398//1016 1396//1014
f 3386//6768 1398//1016 3388//2438
f 3388//2438 1401//1021 3392//2440
f 3394//6769 3389//6767 3393//6770
f 3394//6769 3390//2452 3389//6767
f 3392//2440 3395//6771 3388//2438
f 3322//2388 3310//2380 3383//2442
f 3399//2443 3383//2442 1299//1011
f 3398//2441 3383//2442 3399//2443
f 3399//2443 1394//1012 3384//2444
f 3403//2448 3401//2445 3384//2444
f 3407//2453 3405//2463 3403//2448
f 3404//2449 3387//2450 3406//2451
f 3403//2448 3402//2447 3404//2449
f 3408//2456 3409//2455 3406//2451
f 3404//2449 3406//2451 3409//2455
f 3414//2454 3408//2456 3411//2458
f 3414//2454 3410//2457 3409//2455
f 3321//2387 3335//2398 3416//6772
f 3335//2398 3322//2388 3398//2441
f 3416//6772 3334//2397 3321//2387
f 3335//2398 3398//2441 3400//2446
f 3335//2398 3418//2461 3416//6772
f 3418//2461 3419//6773 3416//6772
f 3420//2462 3417//2460 3400//2446
f 3420//2462 3403//2448 3405//2463
f 3421//2464 3422//2478 3420//2462
f 3410//2457 3425//2466 3407//2453
f 3421//2464 3405//2463 3424//2465
f 3425//2466 3424//2465 3407//2453
f 3429//2572 3426//2467 3425//2466
f 3421//2464 3424//2465 3426//2467
f 3428//2469 3429//2572 3425//2466
f 3416//6772 3362//2424 3334//2397
f 3419//6773 3362//2424 3416//6772
f 3419//6773 3430//2471 3362//2424
f 3432//6774 3430//2471 3419//6773
f 3418//2461 3432//6774 3419//6773
f 3431//2470 3363//2425 3433//2472
f 3418//2461 3434//2475 3432//6774
f 3433//2472 3430//2471 3434//2475
f 3418//2461 3436//2474 3434//2475
f 3438//6775 3437//2476 3434//2475
f 3436//2474 3438//6775 3434//2475
f 3421//2464 3439//2479 3422//2478
f 3374//6764 3378//2434 3444//2506
f 3378//2434 3354//2433 3443//2485
f 3374//6764 3444//2506 3376//2482
f 3444//2506 3446//2484 3376//2482
f 3443//2485 3355//2490 3449//2489
f 3364//2488 3450//6776 3449//2489
f 3449//2489 3447//2486 3443//2485
f 3450//6776 3451//2491 3453//2493
f 3451//2491 3431//2470 3452//2492
f 3447//2486 3449//2489 3453//2493
f 3452//2492 3433//2472 3437//2476
f 3452//2492 3457//2497 3454//2494
f 3448//2487 3453//2493 3458//2498
f 3437//2476 3438//6775 3442//2481
f 3377//6766 3380//6777 3461//6778
f 3445//2483 3468//2504 3380//6777
f 3379//2436 3463//2502 3445//2483
f 2426//6590 3462//6779 2429//1757
f 3463//2502 3465//2503 3445//2483
f 3446//2484 3444//2506 3467//2507
f 3466//6780 3462//6779 3468//2504
f 3470//2505 3448//2487 3473//2513
f 3470//2505 3472//2508 3467//2507
f 3472//2508 3470//2505 3473//2513
f 3482//2516 3477//6781 3469//6782
f 3472//2508 3480//2514 3479//2512
f 3480//2514 3483//2606 3479//2512
f 3448//2487 3458//2498 3473//2513
f 3486//2518 3455//2495 3460//2500
f 3478//2519 3458//2498 3486//2518
f 3487//6783 3382//6784 3381//6785
f 3490//6786 3381//6785 3521//2537
f 3521//2537 3493//2524 3490//6786
f 3493//2524 3521//2537 3489//2520
f 3494//6787 3496//6788 3490//6786
f 3491//6789 3496//6788 3495//6790
f 3493//2524 3497//2523 3490//6786
f 3494//6787 3497//2523 3498//6791
f 3490//6786 3497//2523 3494//6787
f 3495//6790 3498//6791 3500//2528
f 3494//6787 3498//6791 3495//6790
f 3498//6791 3507//6792 3514//2641
f 3504//2525 3493//2524 3489//2520
f 3510//2526 3500//2528 3498//6791
f 3506//2529 3489//2520 3503//2522
f 3507//6792 3497//2523 3504//2525
f 3507//6792 3498//6791 3497//2523
f 3510//2526 3509//2535 3505//2530
f 3514//2641 3510//2526 3498//6791
f 3516//6793 3514//2641 3513//2640
f 3512//6794 3504//2525 3506//2529
f 3512//6794 3514//2641 3507//6792
f 3512//6794 3507//6792 3504//2525
f 3514//2641 3516//6793 3510//2526
f 3510//2526 3515//2533 3509//2535
f 3518//2648 3512//6794 3506//2529
f 3508//2534 3515//2533 3519//2643
f 3508//2534 3520//2644 3555//6795
f 3395//6771 3521//2537 3396//6796
f 1555//1170 3391//2439 1404//1019
f 3392//2440 3391//2439 1555//1170
f 3396//6796 3521//2537 3381//6785
f 3492//2521 3392//2440 1555//1170
f 3492//2521 3395//6771 3392//2440
f 3522//6797 3397//2557 3488//6798
f 3397//2557 3382//6784 3488//6798
f 3522//6797 3488//6798 3491//6789
f 3532//2538 3535//6799 3533//6800
f 3536//2543 3535//6799 3537//2544
f 3538//2545 3562//2549 3526//2541
f 3527//6801 3500//2528 3540//6802
f 3495//6790 3500//2528 3527//6801
f 3537//2544 3535//6799 3532//2538
f 3532//2538 3529//2540 3543//6803
f 3545//2547 3547//2554 3532//2538
f 3547//2554 3537//2544 3532//2538
f 3537//2544 3547//2554 3538//2545
f 3538//2545 3547//2554 3548//2548
f 2508//6610 3549//6804 2507//6612
f 3550//6805 3549//6804 3551//6806
f 3542//6807 3539//6808 3551//6806
f 2501//1804 2509//1811 3544//6809
f 3554//2555 3545//2547 3553//2550
f 3554//2555 3547//2554 3545//2547
f 3558//2566 3557//2553 3554//2555
f 3556//2556 3508//2534 3555//6795
f 2515//1831 3558//2566 2514//1813
f 3412//2561 3415//2560 3413//2459
f 3415//2560 3559//2576 3414//2454
f 3560//2559 3412//2561 3526//2541
f 3566//2564 3561//2575 3562//2549
f 3567//2565 3572//6810 3557//2553
f 3572//6810 3564//6811 3557//2553
f 3572//6810 3568//6812 3564//6811
f 3569//2567 3568//6812 3570//2568
f 3567//2565 3558//2566 2515//1831
f 3573//6813 3568//6812 3572//6810
f 2535//1833 3572//6810 2529//1825
f 3575//6814 3572//6810 2535//1833
f 3573//6813 3577//2570 3574//6815
f 3576//6816 3573//6813 3575//6814
f 3573//6813 3572//6810 3575//6814
f 3576//6816 3577//2570 3573//6813
f 3577//2570 3571//2569 3574//6815
f 3577//2570 3578//6817 3579//2571
f 3559//2576 3428//2469 3414//2454
f 3581//2573 3427//2468 3426//2467
f 3428//2469 3581//2573 3429//2572
f 3582//2574 3583//2577 3559//2576
f 3428//2469 3559//2576 3583//2577
f 3561//2575 3560//2559 3562//2549
f 3586//2580 3584//2578 3583//2577
f 3585//2581 3586//2580 3583//2577
f 3584//2578 3587//2590 3581//2573
f 3588//2582 3589//2579 3585//2581
f 3566//2564 3585//2581 3561//2575
f 3571//2569 3585//2581 3566//2564
f 3589//2579 3590//2588 3586//2580
f 3592//2584 3440//6818 3439//2479
f 3591//2583 3427//2468 3581//2573
f 3594//2586 3440//6818 3592//2584
f 3587//2590 3591//2583 3581//2573
f 3592//2584 3596//2587 3594//2586
f 3584//2578 3586//2580 3590//2588
f 3597//2589 3598//2591 3587//2590
f 3599//2593 3593//2592 3600//2594
f 3589//2579 3588//2582 3580//2666
f 3603//2595 3601//2596 3590//2588
f 3602//2597 3604//2696 3598//2591
f 3459//2499 3437//2476 3606//2598
f 3460//2500 3454//2494 3607//2599
f 3612//2602 3610//2601 3608//2600
f 3474//2509 3616//2604 3476//2511
f 3616//2604 3485//2517 3476//2511
f 3483//2606 3617//2605 3619//2607
f 3618//2608 3481//2613 3620//2609
f 3460//2500 3624//2615 3625//2612
f 3611//2619 3626//2616 3459//2499
f 3620//2609 3478//2519 3625//2612
f 3607//2599 3626//2616 3623//2614
f 3627//2617 3621//2610 3620//2609
f 3624//2615 3623//2614 3630//2620
f 3630//2620 3628//2618 3624//2615
f 3629//2714 3609//6819 3614//2718
f 3629//2714 3630//2620 3611//2619
f 3628//2618 3631//6820 3627//2617
f 3484//2515 3485//2517 3636//6821
f 3636//6821 3485//2517 3634//6822
f 3633//2622 2593//1878 2445//1880
f 3633//2622 2595//1885 2593//1878
f 3622//2611 3637//2625 3619//2607
f 3616//2604 3635//2623 3634//6822
f 3638//2627 3633//2622 3636//6821
f 3640//2630 3634//6822 3641//2626
f 3639//2624 3618//2608 3621//2610
f 2595//1885 3642//2628 2599//1886
f 3648//2722 3639//2624 3644//2637
f 3637//2625 3643//2629 3647//2632
f 3645//2634 2603//1890 2599//1886
f 2599//1886 3642//2628 3645//2634
f 3647//2632 3650//2635 3641//2626
f 3621//2610 3651//2638 3644//2637
f 3518//2648 3652//2639 3512//6794
f 3652//2639 3514//2641 3512//6794
f 3516//6793 3653//2642 3515//2533
f 3655//2647 3656//2658 3652//2639
f 3655//2647 3652//2639 3518//2648
f 3659//2652 3653//2642 3657//2650
f 3519//2643 3653//2642 3659//2652
f 3661//2646 3517//2536 3654//2645
f 3661//2646 3518//2648 3517//2536
f 3513//2640 3662//2649 3653//2642
f 3663//6823 3661//2646 3654//2645
f 3656//2658 3665//2655 3513//2640
f 3657//2650 3662//2649 3667//2657
f 3665//2655 3662//2649 3513//2640
f 3663//6823 3669//6824 3661//2646
f 3669//6824 3655//2647 3661//2646
f 3675//6825 3669//6824 3663//6823
f 3672//2659 3656//2658 3669//6824
f 3671//6826 3670//2653 3672//2659
f 3670//2653 3671//6826 3664//2654
f 3675//6825 3668//6827 3674//2662
f 3675//6825 3676//6828 3669//6824
f 3671//6826 3672//2659 3678//6829
f 3679//6830 3678//6829 3677//2660
f 3674//2662 3680//6831 3675//6825
f 3668//6827 1690//6410 1703//2663
f 3680//6831 3676//6828 3675//6825
f 3684//2668 3578//6817 3576//6816
f 3578//6817 3577//2570 3576//6816
f 3685//2665 3579//2571 3578//6817
f 2645//6832 3576//6816 2640//6626
f 3686//6833 3576//6816 2645//6832
f 3688//2671 3580//2666 3684//2668
f 3684//2668 3689//2667 3692//2673
f 3691//2670 3580//2666 3693//2672
f 3690//6834 3689//2667 3687//2669
f 3694//2674 3693//2672 3692//2673
f 3689//2667 3695//6835 3694//2674
f 3695//6835 3696//2675 3694//2674
f 3696//2675 3695//6835 3697//2676
f 3699//2678 3689//2667 3690//6834
f 3700//2679 3695//6835 3689//2667
f 3700//2679 3698//2683 3697//2676
f 3702//2684 3698//2683 3700//2679
f 2669//2685 3701//2677 2666//6836
f 3705//6837 3700//2679 3704//2681
f 3708//2687 3705//6837 3704//2681
f 3706//6838 3711//6839 3702//2684
f 3704//2681 2670//1946 2671//2688
f 3708//2687 3704//2681 2671//2688
f 3709//2692 3710//2691 3708//2687
f 3710//2691 3706//6838 3705//6837
f 3707//2686 3702//2684 3711//6839
f 3719//2697 3703//2682 3707//2686
f 3709//2692 3708//2687 2677//6632
f 3710//2691 3705//6837 3708//2687
f 3712//6840 3706//6838 3710//2691
f 3712//6840 3711//6839 3706//6838
f 3713//6841 3712//6840 3710//2691
f 3713//6841 3714//6842 3712//6840
f 3703//2682 3718//2698 3698//2683
f 3718//2698 3715//2693 3698//2683
f 3605//2701 3599//2593 3600//2594
f 3599//2593 3720//2700 3596//2587
f 3717//2695 3722//2703 3604//2696
f 3721//2702 3605//2701 3723//2710
f 3718//2698 3725//2705 3716//2694
f 3720//2700 3724//2704 3727//2707
f 3725//2705 3728//2708 3729//2709
f 3730//2711 3721//2702 3723//2710
f 3726//2706 3731//2712 3722//2703
f 3631//6820 3628//2618 3735//2716
f 3632//2621 3630//2620 3734//2715
f 3727//2707 3736//2720 3613//2699
f 3734//2715 3629//2714 3614//2718
f 3615//2603 3739//2721 3737//2717
f 3741//2746 3738//2719 3734//2715
f 3744//2749 3741//2746 3737//2717
f 3743//2789 3739//2721 3740//6843
f 3742//2800 3724//2704 3732//2792
f 3649//2633 2716//6844 2603//1890
f 3746//2733 3644//2637 3749//2734
f 3750//2724 3747//2636 3650//2635
f 3751//2725 3748//2730 3649//2633
f 3753//2726 3750//2724 3647//2632
f 3752//2728 3748//2730 3751//2725
f 3747//2636 3754//2727 3752//2728
f 2720//6845 3755//2729 2721//6846
f 3760//2739 3746//2733 3757//2735
f 3754//2727 3753//2726 3758//2736
f 3759//6847 3752//2728 3762//2737
f 3754//2727 3765//2741 3776//2732
f 3758//2736 3766//2820 3764//2742
f 3735//2716 3767//2743 3631//6820
f 3749//2734 3651//2638 3767//2743
f 3768//2744 3767//2743 3735//2716
f 3768//2744 3757//2735 3749//2734
f 3769//2745 3757//2735 3768//2744
f 3744//2749 3770//2747 3741//2746
f 3735//2716 3771//2748 3769//2745
f 3769//2745 3772//6848 3757//2735
f 3771//2748 3772//6848 3769//2745
f 3773//2750 3771//2748 3770//2747
f 3763//2740 3757//2735 3772//6848
f 2733//6849 3762//2737 2729//1995
f 2733//6849 3759//6847 3762//2737
f 3774//6850 3762//2737 3776//2732
f 3776//2732 3765//2741 3867//6851
f 3776//2732 3775//2819 3774//6850
f 3777//6852 3680//6831 3674//2662
f 3680//6831 3779//6853 3681//6854
f 2639//6625 3682//6855 2739//6856
f 3783//6857 3782//6858 3680//6831
f 3783//6857 3680//6831 3777//6852
f 3778//6859 3779//6853 3784//6860
f 3782//6858 3779//6853 3680//6831
f 3780//6861 1798//6429 1802//6431
f 3780//6861 3786//6862 3782//6858
f 3785//6863 3786//6862 3790//6864
f 3789//6865 1802//6431 1807//2752
f 3791//2751 2752//6866 2750//6648
f 3794//2756 3710//2691 3793//2690
f 3795//2755 3713//6841 3710//2691
f 3795//2755 3797//6867 3796//6868
f 3794//2756 2754//2006 2756//2007
f 3795//2755 3710//2691 3794//2756
f 3800//2758 3795//2755 3799//2754
f 2760//2009 3799//2754 2758//2010
f 2761//2012 3801//2759 2760//2009
f 3797//6867 3798//2757 3803//2762
f 3800//2758 3804//2765 3798//2757
f 3808//2766 3807//2764 3805//2763
f 3808//2766 3804//2765 3800//2758
f 3807//2764 3809//2773 3806//2761
f 3811//2775 3800//2758 3802//2760
f 3812//2767 3800//2758 3811//2775
f 3813//2771 3807//2764 3808//2766
f 3815//2774 3812//2767 3811//2775
f 3816//2772 3808//2766 3812//2767
f 3820//2839 3812//2767 3815//2774
f 3825//2779 3732//2792 3730//2711
f 3822//2834 3813//2771 3816//2772
f 3887//2836 3817//2788 3822//2834
f 3823//2713 3719//2697 3707//2686
f 3823//2713 3824//2778 3729//2709
f 3733//2783 3726//2706 3824//2778
f 3733//2783 3827//2782 3731//2712
f 3829//2785 3733//2783 3830//2784
f 3809//2773 3828//2780 3806//2761
f 3831//2787 3828//2780 3809//2773
f 3831//2787 3830//2784 3828//2780
f 3888//2837 3831//2787 3817//2788
f 3937//2860 3832//2786 3831//2787
f 3742//2800 3833//2790 3727//2707
f 3836//2794 3744//2749 3737//2717
f 3739//2721 3835//2791 3737//2717
f 3837//2793 3742//2800 3732//2792
f 3834//2797 3835//2791 3743//2789
f 3837//2793 3825//2779 3827//2782
f 3835//2791 3838//2795 3737//2717
f 3839//2796 3742//2800 3837//2793
f 3840//2798 3835//2791 3834//2797
f 3829//2785 3841//2799 3827//2782
f 3842//2801 3843//2802 3833//2790
f 3844//2803 3842//2801 3839//2796
f 3845//2804 3838//2795 3840//2798
f 3846//2866 3829//2785 3849//2807
f 3848//2806 3842//2801 3850//2808
f 3760//2739 3851//2809 3766//2820
f 3836//2794 3773//2750 3744//2749
f 3856//6869 3836//2794 3838//2795
f 3856//6869 3773//2750 3836//2794
f 3857//2810 3854//2813 3771//2748
f 3852//6870 3855//2812 3859//2814
f 3860//6871 3858//6872 3856//6869
f 3854//2813 3864//2815 3859//2814
f 3859//2814 3865//2884 3852//6870
f 3861//6873 3838//2795 3862//2816
f 3860//6871 3838//2795 3861//6873
f 3863//2880 3864//2815 3857//2810
f 3865//2884 3859//2814 3864//2815
f 3858//6872 3860//6871 3866//6874
f 3765//2741 3868//2817 3867//6851
f 3776//2732 3867//6851 3869//2818
f 2827//6875 3871//6876 2829//2067
f 3764//2742 3870//2821 3868//2817
f 3867//6851 3873//2825 3869//2818
f 3872//2822 3851//2809 3852//6870
f 3870//2821 3766//2820 3874//2823
f 3876//2826 2833//6877 2832//6653
f 2833//6877 3877//6878 2835//6654
f 3878//2829 3872//2822 3879//6879
f 2839//2076 2838//2075 3883//6880
f 3852//6870 3879//6879 3872//2822
f 2839//2076 3883//6880 3884//2830
f 3879//6879 3852//6870 3865//2884
f 3821//2777 3886//2835 3816//2772
f 3886//2835 3887//2836 3822//2834
f 3815//2774 3891//2840 3820//2839
f 3890//2838 3891//2840 3815//2774
f 3892//2847 3887//2836 3886//2835
f 3894//2841 3890//2838 3889//2842
f 3891//2840 3895//2845 3821//2777
f 3896//2848 3886//2835 3895//2845
f 3899//2846 3900//6881 3895//2845
f 3900//6881 3896//2848 3895//2845
f 3892//2847 3901//2849 3893//2843
f 3897//2844 3893//2843 3901//2849
f 3902//6882 3903//6883 3898//6884
f 3898//6884 3903//6883 3899//2846
f 3897//2844 3901//2849 3908//2854
f 3902//6882 3910//6885 3903//6883
f 3905//2851 3913//2850 3906//6886
f 3908//2854 3907//6887 3914//2855
f 3909//2864 3908//2854 3915//2853
f 3917//6888 3918//6889 3916//6890
f 3922//2857 3915//2853 3914//2855
f 3923//2953 2883//2103 2984//2153
f 3925//6891 3923//2953 4036//2927
f 3925//6891 4036//2927 3924//2954
f 3925//6891 3927//6892 3923//2953
f 3926//2956 3928//6893 3924//2954
f 3930//6894 3932//6895 3929//6896
f 3933//2858 3934//6897 3930//6894
f 3915//2853 3922//2857 3935//2856
f 3897//2844 3937//2860 3888//2837
f 3940//2873 3938//2861 3939//2862
f 3936//2859 3935//2856 3942//6898
f 3849//2807 3832//2786 3938//2861
f 3850//2808 3844//2803 3847//2805
f 3948//2867 3944//6899 3846//2866
f 3944//6899 3847//2805 3846//2866
f 3945//2868 3850//2808 3847//2805
f 3944//6899 3945//2868 3847//2805
f 3848//2806 3850//2808 3946//2869
f 3848//2806 3947//2870 3843//2802
f 3940//2873 3939//2862 3909//2864
f 3940//2873 3909//2864 3941//2863
f 3949//6900 3940//2873 3953//2872
f 3954//2876 3950//2878 3949//6900
f 3959//2879 3945//2868 3950//2878
f 3951//2874 3945//2868 3959//2879
f 3955//2981 3947//2870 3952//2871
f 3936//2859 3956//6901 3953//2872
f 3943//2865 3862//2816 3845//2804
f 3961//2885 3863//2880 3962//2882
f 3863//2880 3961//2885 3864//2815
f 3864//2815 3967//2886 3963//2883
f 3964//2887 3862//2816 3943//2865
f 3965//2890 3866//6874 3861//6873
f 3960//2881 3966//2892 3962//2882
f 3969//2889 3967//2886 3961//2885
f 3971//2891 3966//2892 3965//2890
f 3968//2888 3964//2887 3970//6902
f 3878//2829 3973//6903 3880//2828
f 2927//2135 2839//2076 3975//2894
f 3978//2898 3882//2831 3972//6904
f 3973//6903 3878//2829 3976//2909
f 3882//2831 3978//2898 3974//2893
f 3972//6904 3973//6903 3977//2904
f 3975//2894 2929//2133 2927//2135
f 3972//6904 3979//2896 3978//2898
f 2929//2133 3975//2894 3980//2895
f 3973//6903 3981//2912 3977//2904
f 3984//2903 3980//2895 3985//2899
f 3972//6904 3977//2904 3979//2896
f 3980//2895 3984//2903 3983//2902
f 2934//2134 2929//2133 3983//2902
f 3978//2898 3982//2897 3985//2899
f 2929//2133 3980//2895 3983//2902
f 3993//6905 3988//6906 3994//6907
f 3977//2904 3992//2907 3986//2900
f 3999//6908 4001//2917 3996//6909
f 3992//2907 3991//2906 4123//2998
f 3995//2908 3992//2907 4003//6910
f 4003//6910 4005//6911 4002//6912
f 3999//6908 4000//6913 4006//3018
f 4001//2917 3999//6908 4008//6914
f 4006//3018 4008//6914 3999//6908
f 3865//2884 4009//2910 3879//6879
f 3879//6879 3976//2909 3878//2829
f 4009//2910 3865//2884 3963//2883
f 3976//2909 3879//6879 4009//2910
f 4010//2911 4009//2910 3963//2883
f 3963//2883 4011//2913 4010//2911
f 3981//2912 4141//2914 3991//2906
f 4001//2917 2957//2916 2948//6915
f 4015//2918 2961//2151 2969//6916
f 4015//2918 4021//6917 4022//2921
f 4020//6918 4028//6919 4021//6917
f 4031//2922 4023//6920 4022//2921
f 4032//2924 4025//6921 4024//6922
f 4035//2928 4040//2930 4037//2929
f 4040//2930 4046//2932 4041//2931
f 4044//2964 4043//2934 4049//2936
f 4042//2935 4037//2929 4041//2931
f 4042//2935 4048//2937 4049//2936
f 4048//2937 4041//2931 4047//2933
f 4047//2933 4014//6923 4048//2937
f 4049//2936 4054//2938 4055//2939
f 4057//2941 4055//2939 4056//6924
f 4055//2939 4057//2941 4050//2940
f 4058//2946 4051//2942 4057//2941
f 4060//6925 4056//6924 4026//6926
f 4064//2949 4059//2944 4058//2946
f 4065//6927 4060//6925 4026//6926
f 4063//2950 4061//2948 4066//6928
f 4036//2927 3923//2953 4035//2928
f 4072//2961 3929//6896 4071//2958
f 4073//6929 3930//6894 4072//2961
f 4038//2955 4036//2927 4037//2929
f 4078//6930 4079//2965 4080//6931
f 4052//2945 4080//6931 4051//2942
f 4053//2967 4080//6931 4052//2945
f 4064//2949 4081//2966 4059//2944
f 4085//6932 4082//6933 4084//6934
f 4086//6935 4083//6936 4085//6932
f 4085//6932 4084//6934 4091//2968
f 4084//6934 4077//6937 4078//6930
f 4089//2971 4090//2973 4086//6935
f 4086//6935 4085//6932 4089//2971
f 4053//2967 4084//6934 4080//6931
f 4091//2968 4084//6934 4053//2967
f 4089//2971 4085//6932 4091//2968
f 4090//2973 4088//2978 4087//6938
f 4090//2973 4087//6938 4086//6935
f 4081//2966 4091//2968 4053//2967
f 4093//2969 4089//2971 4091//2968
f 4098//2976 4095//2975 4064//2949
f 7378//2977 4097//5387 4096//2974
f 4096//2974 4095//2975 4098//2976
f 4086//6935 4100//6939 4083//6936
f 3951//2874 3959//2879 4102//6940
f 3957//2877 4101//2980 3958//2875
f 3955//2981 3952//2871 4103//2982
f 4105//2987 4102//6940 3958//2875
f 4105//2987 3958//2875 4101//2980
f 4088//2978 4092//2972 4106//6941
f 4109//2984 4102//6940 4105//2987
f 4103//2982 4102//6940 4109//2984
f 4106//6941 4092//2972 4107//2986
f 4108//2985 4105//2987 4104//2979
f 3971//2891 3968//2888 4115//2997
f 4110//2989 4108//2985 4107//2986
f 4111//2988 4109//2984 4108//2985
f 4092//2972 4112//2990 4110//2989
f 3969//2889 3966//2892 4114//2992
f 4114//2992 3971//2891 4115//2997
f 3970//6902 3964//2887 4117//2993
f 3968//2888 3970//6902 4118//2996
f 4118//2996 4121//5517 4115//2997
f 4123//2998 3991//2906 4122//3004
f 4124//6942 4007//3002 4005//6911
f 4124//6942 4128//3025 4007//3002
f 4123//2998 4122//3004 4126//2999
f 4127//6943 4128//3025 4124//6942
f 4131//3003 4127//6943 4126//2999
f 4132//3005 4127//6943 4131//3003
f 4134//3007 4135//3006 4131//3003
f 4144//3016 4134//3007 4133//6944
f 4137//3010 4135//3006 4134//3007
f 4140//3043 4139//3012 4147//3011
f 4138//3009 4146//3008 4147//3011
f 4011//2913 4141//2914 4010//2911
f 4141//2914 4122//3004 3991//2906
f 4133//6944 4130//3015 4144//3016
f 4142//3013 3969//2889 4116//2994
f 4120//2995 4145//3017 4116//2994
f 4143//3014 4142//3013 4145//3017
f 4145//3017 4146//3008 4143//3014
f 4147//3011 4148//5438 4140//3043
f 4125//3001 4151//3000 4150//3019
f 4012//2915 4008//6914 4149//3022
f 4149//3022 4152//3021 4012//2915
f 4154//3020 4153//3026 4157//6945
f 4132//3005 4158//3023 4128//3025
f 4155//3027 4151//3000 4129//3024
f 4157//6945 4153//3026 4159//3030
f 4164//3028 4155//3027 4129//3024
f 4153//3026 4155//3027 4160//3029
f 4157//6945 4159//3030 4156//6946
f 4159//3030 4160//3029 4162//3033
f 4158//3023 4132//3005 4136//6947
f 4136//6947 4163//6948 4158//3023
f 4166//3035 4160//3029 4155//3027
f 4164//3028 4166//3035 4155//3027
f 4137//3010 4168//3038 4135//3006
f 4168//3038 4172//3040 4173//3036
f 4174//6949 4169//3037 4173//3036
f 4171//3039 4138//3009 4139//3012
f 4175//3041 4177//3042 4176//6950
f 4175//3041 4139//3012 4140//3043
f 4167//3034 4179//6951 4165//3031
f 4179//6951 4167//3034 4170//6952
f 4181//6506 4182//6953 4180//6508
f 4193//6954 4187//6955 4174//6949
f 4183//6956 4185//6957 4182//6953
f 4188//6958 4190//6959 4183//6956
f 4189//6960 4190//6959 4191//6518
f 4188//6958 4187//6955 4193//6954
f 4193//6954 4174//6949 4176//6950
f 4195//6519 4190//6959 4188//6958
f 4196//6520 4195//6519 4188//6958
f 4197//6521 4198//6522 4199//6961
f 4188//6958 4193//6954 4201//6962
f 4196//6520 4188//6958 4202//5465
f 909//3048 4212//3051 4210//3047
f 913//3057 4215//3053 911//631
f 4217//6963 4219//6964 4218//6965
f 4217//6963 4212//3051 4221//6966
f 4213//3050 4223//3054 4220//6967
f 4223//3054 4221//6966 4220//6967
f 4215//3053 4244//6968 4224//6969
f 4214//3052 4215//3053 4224//6969
f 4214//3052 4224//6969 4223//3054
f 4226//3056 4229//6970 4227//6971
f 4230//6972 4226//3056 4228//3055
f 4247//6973 4232//6974 4224//6969
f 4233//3072 4238//6975 4236//6976
f 4240//3071 4238//6975 4233//3072
f 4237//6977 4236//6976 4239//6978
f 4244//6968 4215//3053 4242//3058
f 4243//3060 4242//3058 953//658
f 4247//6973 4244//6968 4248//3065
f 4245//3063 4244//6968 4242//3058
f 4246//3061 4245//3063 4242//3058
f 4244//6968 4247//6973 4224//6969
f 4245//3063 4249//3062 4248//3065
f 4251//3067 4250//3069 4246//3061
f 4247//6973 4252//3070 4233//3072
f 4253//3064 4252//3070 4247//6973
f 4249//3062 4254//3066 4248//3065
f 4256//6979 4238//6975 4240//3071
f 4252//3070 4253//3064 4258//6980
f 4258//6980 4240//3071 4252//3070
f 4259//6981 4254//3066 4260//3074
f 4254//3066 4259//6981 4253//3064
f 4259//6981 4258//6980 4253//3064
f 4255//3068 4260//3074 4254//3066
f 4257//6982 4256//6979 4262//6983
f 4263//6984 4264//6985 4262//6983
f 4264//6985 4263//6984 4267//6986
f 4261//3073 4266//3089 4260//3074
f 4266//3089 4259//6981 4260//3074
f 4267//6986 4269//3076 4264//6985
f 4274//3078 4268//3080 4259//6981
f 4399//6987 4270//3075 4272//3077
f 4275//6988 4276//3085 4251//3067
f 4276//3085 4279//3086 4251//3067
f 4277//3083 4280//3099 4278//3084
f 4280//3099 4284//6989 4278//3084
f 4284//6989 4281//6990 4278//3084
f 4285//3092 4284//6989 4402//3164
f 4402//3164 4284//6989 4283//6991
f 4279//3086 4287//6992 4286//3087
f 4279//3086 4255//3068 4251//3067
f 4255//3068 4286//3087 4261//3073
f 4286//3087 4288//3090 4261//3073
f 4266//3089 4291//6993 4259//6981
f 4287//6992 4279//3086 4282//3091
f 4290//6994 4282//3091 4295//3093
f 4290//6994 4289//3088 4288//3090
f 4273//3079 4405//3166 4271//6995
f 4291//6993 4292//3094 4274//3078
f 4295//3093 4285//3092 4411//3182
f 971//3082 4296//3095 4277//3083
f 972//680 4297//3096 968//681
f 969//683 966//3098 4298//3097
f 968//681 4299//3101 4296//3095
f 4299//3101 4297//3096 4301//3187
f 969//683 4301//3187 4297//3096
f 981//695 4305//697 985//6290
f 4303//3116 4302//3103 983//700
f 4303//3116 4307//3104 4302//3103
f 985//6290 4304//6996 984//691
f 984//691 4306//3107 970//688
f 4304//6996 4306//3107 984//691
f 4303//3116 4308//6997 4307//3104
f 985//6290 4313//3197 4304//6996
f 4305//697 4310//3110 985//6290
f 4311//3121 4315//3105 4307//3104
f 970//688 4312//3108 4437//3100
f 4304//6996 4313//3197 4306//3107
f 985//6290 4314//3195 4313//3197
f 4310//3110 4314//3195 985//6290
f 4311//3121 4316//3112 4315//3105
f 4315//3105 4316//3112 4317//3111
f 4310//3110 4318//3109 4314//3195
f 4320//3114 4321//3117 4303//3116
f 4322//3115 4308//6997 4303//3116
f 1018//728 4323//3138 4320//3114
f 4322//3115 4311//3121 4308//6997
f 4324//3137 4321//3117 4323//3138
f 4324//3137 4326//3141 4325//3119
f 4327//3118 4328//3123 4331//6998
f 4325//3119 4328//3123 4327//3118
f 4329//3124 4328//3123 4326//3141
f 4327//3118 4330//3120 4322//3115
f 4331//6998 4330//3120 4327//3118
f 4329//3124 4338//3127 4337//3122
f 4337//3122 4332//6999 4328//3123
f 4311//3121 4333//3131 4316//3112
f 4330//3120 4333//3131 4311//3121
f 4332//6999 4336//7000 4331//6998
f 4336//7000 4335//3125 4331//6998
f 4337//3122 4336//7000 4332//6999
f 4316//3112 4333//3131 4319//3113
f 4339//3129 4344//3128 4338//3127
f 4335//3125 4336//7000 4340//3132
f 4337//3122 4344//3128 4336//7000
f 4344//3128 4342//3134 4336//7000
f 4344//3128 4345//3130 4343//3133
f 4334//3126 4340//3132 4347//3217
f 4340//3132 4341//3220 4347//3217
f 4341//3220 4349//7001 4348//7002
f 4351//7003 4352//3157 4353//7004
f 4323//3138 1019//6298 4356//3139
f 4354//7005 4355//3881 4477//3880
f 4358//3142 4356//3139 4359//7006
f 1046//3136 4357//3135 4356//3139
f 4356//3139 4358//3142 4324//3137
f 4360//3140 4359//7006 4356//3139
f 4358//3142 4359//7006 4326//3141
f 4360//3140 4362//3145 4361//7007
f 4361//7007 4362//3145 4369//3144
f 4363//3143 4362//3145 4364//7008
f 4367//7009 4368//3147 4366//3146
f 4366//3146 4329//3124 4326//3141
f 4367//7009 4366//3146 4326//3141
f 4363//3143 4370//3151 4373//7010
f 4366//3146 4338//3127 4329//3124
f 4339//3129 4373//7010 4377//3158
f 4373//7010 4374//3150 4380//3152
f 4374//3150 4371//3149 4375//3155
f 4373//7010 4380//3152 4377//3158
f 4339//3129 4377//3158 4345//3130
f 4377//3158 4380//3152 4378//3154
f 4379//3153 4380//3152 4382//3156
f 4374//3150 4382//3156 4380//3152
f 4377//3158 4378//3154 4352//3157
f 4378//3154 4379//3153 4346//3160
f 4346//3160 4381//3159 4355//3881
f 4355//3881 4354//7005 4346//3160
f 1063//3162 4384//7011 1061//753
f 4389//7012 4388//7013 4390//7014
f 4388//7013 4383//7015 4390//7014
f 4391//7016 4390//7014 4392//7017
f 4384//7011 4385//7018 4390//7014
f 4365//7019 4364//7008 4395//7020
f 4395//7020 4364//7008 4396//7021
f 4272//3077 4400//7022 4399//6987
f 4285//3092 4401//3165 4411//3182
f 4401//3165 4404//3192 4403//3183
f 4406//7023 4399//6987 4400//7022
f 4292//3094 4291//6993 4408//7024
f 4412//7025 4413//7026 4406//7023
f 4406//7023 4400//7022 4412//7025
f 4405//3166 4408//7024 4414//7027
f 4416//3169 4413//7026 4412//7025
f 4418//3172 4415//7028 4414//7027
f 4420//3170 4416//3169 4415//7028
f 4422//3173 4418//3172 4417//7029
f 4425//3175 4421//3171 4420//3170
f 4417//7029 4424//3178 4422//3173
f 4427//3181 4419//3179 4411//3182
f 4430//3184 4423//3174 4422//3173
f 4430//3184 4425//3175 4423//3174
f 4426//3176 4425//3175 4430//3184
f 4411//3182 4403//3183 4427//3181
f 4431//3185 4424//3178 4429//3180
f 4431//3185 4422//3173 4424//3178
f 4430//3184 4422//3173 4431//3185
f 4403//3183 4433//3238 4427//3181
f 4433//3238 4429//3180 4427//3181
f 4514//3246 4433//3238 4403//3183
f 4299//3101 4434//3188 4300//3102
f 4298//3097 4435//7030 969//683
f 4301//3187 4436//3190 4434//3188
f 4300//3102 4438//3189 4283//6991
f 4402//3164 4438//3189 4439//3193
f 4298//3097 4437//3100 4435//7030
f 4438//3189 4402//3164 4283//6991
f 4402//3164 4404//3192 4401//3165
f 4404//3192 4402//3164 4439//3193
f 4434//3188 4440//3191 4438//3189
f 4441//3254 4436//3190 4435//7030
f 4443//3194 4403//3183 4404//3192
f 4438//3189 4445//3256 4439//3193
f 4317//3111 4449//3201 4448//3199
f 4318//3109 4447//3198 4451//3200
f 4313//3197 4450//3211 4306//3107
f 4446//3196 4450//3211 4313//3197
f 4312//3108 4306//3107 4453//3268
f 4450//3211 4453//3268 4306//3107
f 4449//3201 4454//3203 4452//3202
f 4451//3200 4455//7031 4314//3195
f 4452//3202 4451//3200 4447//3198
f 4455//7031 4446//3196 4314//3195
f 4451//3200 4457//3207 4455//7031
f 4452//3202 4458//3206 4451//3200
f 4456//3204 4458//3206 4452//3202
f 4454//3203 4459//3213 4456//3204
f 4453//3268 4461//7032 4312//3108
f 4460//3210 4453//3268 4450//3211
f 4312//3108 4461//7032 4442//3205
f 4458//3206 4462//7033 4457//3207
f 4455//7031 4465//7034 4446//3196
f 4463//3208 4462//7033 4458//3206
f 4466//3216 4449//3201 4317//3111
f 4459//3213 4463//3208 4456//3204
f 4469//3218 4466//3216 4319//3113
f 4470//7035 4466//3216 4469//3218
f 4347//3217 4471//3219 4469//3218
f 4350//7036 4351//7003 4474//7037
f 4351//7003 4353//7004 4474//7037
f 4478//3223 4486//7038 4470//7035
f 4470//7035 4486//7038 4485//7039
f 4486//7038 4478//3223 4487//7040
f 4488//3222 4487//7040 4478//3223
f 4485//7039 4492//7041 4467//3212
f 4486//7038 4494//7042 4493//7043
f 4487//7040 4495//7044 4494//7042
f 4467//3212 4499//3215 4459//3213
f 4501//7045 4500//7046 4494//7042
f 4494//7042 4500//7046 4493//7043
f 4496//3224 4497//3227 4503//3226
f 4498//3986 4510//3228 4497//3227
f 4492//7041 4504//3229 4499//3215
f 4498//3986 4505//3232 4510//3228
f 4500//7046 4501//7045 4507//3234
f 4500//7046 4507//3234 4504//3229
f 4503//3226 4509//3235 4502//7047
f 4510//3228 4509//3235 4503//3226
f 4512//3231 4510//3228 4505//3232
f 4506//3230 4468//3214 4499//3215
f 4515//3237 4432//3186 4520//3244
f 4518//3240 4515//3237 4521//3242
f 4525//7048 4521//3242 4526//3251
f 4522//3247 4514//3246 4524//3249
f 4529//3253 4528//3243 4523//3245
f 4522//3247 4530//3250 4527//3248
f 4532//3265 4529//3253 4523//3245
f 4523//3245 4530//3250 4532//3265
f 4442//3205 4441//3254 4435//7030
f 4535//3258 4514//3246 4443//3194
f 4443//3194 4439//3193 4534//3257
f 4534//3257 4445//3256 4536//7049
f 4444//2106 4533//3255 4537//3259
f 4537//3259 4441//3254 4551//3345
f 4535//3258 4539//3261 4538//3260
f 4534//3257 4536//7049 4541//3263
f 4540//3262 4537//3259 4542//7050
f 4539//3261 4544//3325 4538//3260
f 4524//3249 4514//3246 4538//3260
f 4461//7032 4453//3268 4546//3267
f 4465//7034 4464//3209 4446//3196
f 4455//7031 4547//3272 4465//7034
f 4462//7033 4547//3272 4457//3207
f 4461//7032 4550//3348 4442//3205
f 4461//7032 4546//3267 4550//3348
f 4465//7034 4554//3275 4464//3209
f 4546//3267 4552//3269 4550//3348
f 4554//3275 4555//3271 4556//3276
f 4550//3348 4552//3269 4559//3346
f 4558//3343 4551//3345 4550//3348
f 4567//3284 4548//3270 4549//7051
f 4560//3279 4549//7051 4463//3208
f 4561//3277 4560//3279 4463//3208
f 4562//3282 4564//3281 4560//3279
f 4563//3278 4562//3282 4560//3279
f 4564//3281 4568//3287 4567//3284
f 4569//3286 4564//3281 4565//3280
f 4566//3283 4565//3280 4562//3282
f 4548//3270 4570//3285 4556//3276
f 4571//3288 4567//3284 4568//3287
f 4565//3280 4573//7052 4569//3286
f 4576//3294 4508//7053 4509//3235
f 4575//3298 4582//3296 4579//3292
f 4575//3298 4579//3292 4507//3234
f 4512//3231 4580//3293 4509//3235
f 4583//3297 4590//3302 4582//3296
f 4584//3301 4576//3294 4580//3293
f 4585//3299 4580//3293 4512//3231
f 4588//7054 4580//3293 4585//3299
f 4582//3296 4563//3278 4561//3277
f 4566//3283 4563//3278 4582//3296
f 4586//3307 4590//3302 4583//3297
f 4588//7054 4587//3300 4580//3293
f 4589//3304 4587//3300 4588//7054
f 4591//3303 4594//3308 4584//3301
f 4574//3289 4566//3283 4592//3305
f 4593//3306 4592//3305 4590//3302
f 4594//3308 4593//3306 4586//3307
f 4597//3310 4596//3312 4591//3303
f 4598//3313 4593//3306 4594//3308
f 4596//3312 4600//3315 4599//3311
f 4602//3377 4598//3313 4594//3308
f 4607//6106 4612//6107 4608//6108
f 4607//6106 4613//6109 4617//6110
f 4614//6111 4622//6112 4615//6113
f 4621//6114 4617//6110 4616//6115
f 4619//6116 4621//6114 4616//6115
f 4529//3253 4532//3265 4624//3317
f 4540//3262 4542//7050 4630//3351
f 4628//3321 4541//3263 4540//3262
f 4628//3321 4540//3262 4630//3351
f 4629//3326 4543//3264 4631//3322
f 4631//3322 4628//3321 4635//3327
f 4628//3321 4630//3351 4632//3350
f 4636//3328 4634//3323 4637//3356
f 4640//3331 4639//7055 4638//3330
f 4633//3324 4538//3260 4544//3325
f 4627//3320 4625//3318 4641//7056
f 4639//7055 4642//3334 4624//3317
f 4645//3333 4642//3334 4640//3331
f 4625//3318 4624//3317 4652//3335
f 4633//3324 4650//3329 4643//3332
f 4652//3335 4647//3338 4651//3339
f 4653//3342 4649//3340 4643//3332
f 4643//3332 4654//3341 4653//3342
f 4758//3420 4654//3341 4650//3329
f 4760//3419 4650//3329 4636//3328
f 4630//3351 4655//3344 4660//3349
f 4556//3276 4656//3359 4557//3274
f 4660//3349 4655//3344 4657//3354
f 4559//3346 4553//3273 4659//3367
f 4558//3343 4550//3348 4658//3347
f 4661//3352 4558//3343 4658//3347
f 4657//3354 4558//3343 4661//3352
f 4663//3355 4628//3321 4632//3350
f 4569//3286 4665//3358 4568//3287
f 4574//3289 4573//7052 4565//3280
f 4570//3285 4571//3288 4667//3360
f 4668//3362 4571//3288 4665//3358
f 4656//3359 4570//3285 4669//3361
f 4666//7057 4671//7058 4573//7052
f 4572//3357 4673//3364 4665//3358
f 4672//3365 4659//3367 4656//3359
f 4662//7059 4659//3367 4674//3366
f 4669//3361 4792//3369 4656//3359
f 4668//3362 4675//3368 4669//3361
f 4679//3374 4671//7058 4666//7057
f 4680//3372 4670//3363 4671//7058
f 4681//3375 4673//3364 4676//3371
f 4683//3449 4680//3372 4682//3373
f 4601//3314 4685//3376 4594//3308
f 4684//3451 4683//3449 4682//3373
f 4598//3313 4602//3377 4688//3383
f 4686//3378 4601//3314 4600//3315
f 4598//3313 4678//3384 4595//3309
f 4602//3377 4685//3376 4688//3383
f 4690//3380 4691//3382 4601//3314
f 4695//3390 4688//3383 4692//3385
f 4691//3382 5719//4122 4693//3387
f 4698//4124 4697//3386 4693//3387
f 4699//3392 4697//3386 4698//4124
f 4682//3373 4679//3374 4694//3388
f 4705//3396 4695//3390 4701//3393
f 4700//4132 4704//3395 4699//3392
f 4709//3399 4694//3388 4705//3396
f 4701//3393 4702//3391 4707//3397
f 4684//3451 4682//3373 4709//3399
f 4814//3405 4709//3399 4710//3400
f 4717//7060 4712//3403 4716//4157
f 4706//3401 4714//3406 4710//3400
f 4711//3402 4714//3406 4706//3401
f 4716//4157 4712//3403 4715//3407
f 4718//6117 4614//6111 4621//6114
f 4621//6114 4619//6116 4721//4866
f 4723//4164 4724//7061 4722//7062
f 4721//4866 4728//7063 4725//7064
f 4621//6114 4721//4866 4725//7064
f 4729//3409 4730//7065 4727//3
f 4727//3 4730//7065 4724//7061
f 4732//7066 4726//6125 4725//7064
f 4728//7063 4737//3412 4725//7064
f 4735//7067 4730//7065 4729//3409
f 4734//7068 4735//7067 4733//7069
f 4737//3412 4728//7063 4745//3410
f 4732//7066 4736//3408 4727//3
f 4737//3412 4732//7066 4725//7064
f 4739//3413 4736//3408 4732//7066
f 4732//7066 4737//3412 4740//3414
f 4738//7070 4741//7071 4733//7069
f 4743//3507 4729//3409 4736//3408
f 4736//3408 4739//3413 4743//3507
f 4741//7071 4738//7070 4746//3512
f 4748//3417 4747//3415 4740//3414
f 4746//3512 4749//3505 4741//7071
f 4744//3411 4748//3417 4740//3414
f 4752//3508 4743//3507 4739//3413
f 4747//3415 4752//3508 4739//3413
f 4651//3339 4649//3340 4755//3418
f 4754//7072 4652//3335 4756//7073
f 4755//3418 4654//3341 4757//7074
f 4754//7072 4756//7073 4759//7075
f 4758//3420 4761//3421 4757//7074
f 4763//3424 4759//7075 4756//7073
f 4760//3419 4636//3328 4753//3431
f 4756//7073 4755//3418 4763//3424
f 4762//3423 4761//3421 4766//7076
f 4773//3428 4663//3355 4632//3350
f 4764//3422 4770//3441 4771//3528
f 4768//3425 4764//3422 4771//3528
f 4772//3426 4637//3356 4635//3327
f 4664//3353 4773//3428 4632//3350
f 4773//3428 4664//3353 4776//3430
f 4661//3352 4774//3429 4664//3353
f 4663//3355 4775//3427 4635//3327
f 4637//3356 4777//3432 4753//3431
f 4779//3434 4782//3436 4777//3432
f 4778//3433 4780//3435 4775//3427
f 4776//3430 4781//3549 4778//3433
f 4777//3432 4783//3437 4784//3439
f 4753//3431 4784//3439 4760//3419
f 4784//3439 4753//3431 4777//3432
f 4786//3526 4785//3440 4784//3439
f 4785//3440 4787//3442 4770//3441
f 4771//3528 4770//3441 4914//7077
f 4788//3527 4768//3425 4771//3528
f 4770//3441 4913//3443 4914//7077
f 4786//3526 4790//3525 4785//3440
f 4774//3429 4658//3347 4793//3445
f 4794//3465 4674//3366 4677//3370
f 4677//3370 4674//3366 4672//3365
f 4776//3430 4774//3429 4795//3446
f 4792//3369 4794//3465 4677//3370
f 4791//3444 4674//3366 4796//3460
f 4797//3448 4778//3433 4781//3549
f 4792//3369 4675//3368 4799//3450
f 4801//3454 4683//3449 4800//3452
f 4803//3455 4684//3451 4802//3467
f 4805//3456 4681//3375 4804//3453
f 4799//3450 4806//3457 4794//3465
f 4806//3457 4805//3456 4808//3461
f 4807//3459 4674//3366 4794//3465
f 4810//3463 4805//3456 4809//3458
f 4806//3457 4811//3462 4794//3465
f 4802//3467 4684//3451 4814//3405
f 4817//3469 4801//3454 4803//3455
f 4816//3468 4818//3471 4803//3455
f 4820//3470 4821//3487 4818//3471
f 4821//3487 4819//3473 4818//3471
f 4814//3405 4714//3406 4815//3466
f 4813//7078 4823//3578 4811//3462
f 4971//3577 4813//7078 4822//3472
f 4824//3581 4819//3473 4821//3487
f 4711//3402 4712//3403 4826//3474
f 4826//3474 4712//3403 4827//3475
f 4828//7079 4831//3476 4827//3475
f 4830//3479 4836//3483 4835//3478
f 4830//3479 4835//3478 4825//3477
f 4836//3483 4837//3485 4834//3482
f 4839//3490 4838//7080 4830//3479
f 4839//3490 4830//3479 4832//3480
f 4841//3486 4842//3488 4820//3470
f 4844//4277 4847//3491 4832//3480
f 4848//3493 4839//3490 4847//3491
f 4853//7081 4852//3492 4848//3493
f 4849//4283 4853//7081 4848//3493
f 4857//7082 4860//7083 4856//7084
f 4840//3484 4851//3494 4834//3482
f 4852//3492 4861//3496 4851//3494
f 4864//7085 4863//7086 4852//3492
f 4864//7085 4852//3492 4853//7081
f 4867//7087 4866//7088 4853//7081
f 4855//7089 4869//7090 4856//7084
f 4867//7087 4870//7091 4869//7090
f 4863//7086 4874//7092 4862//3497
f 4862//3497 4874//7092 4873//3495
f 4875//7093 4876//7094 4874//7092
f 4877//7095 4876//7094 4875//7093
f 4868//7096 4879//7097 4865//7098
f 4871//7099 4881//7100 4872//7101
f 4841//3486 4843//3489 4842//3488
f 4882//7102 4843//3489 4873//3495
f 4882//7102 4985//3499 4843//3489
f 4888//3501 4892//7103 4891//7104
f 4888//3501 4891//7104 4905//3502
f 4752//3508 4747//3415 4894//3514
f 4894//3514 4897//3509 4752//3508
f 4746//3512 4751//7105 4896//3517
f 4846//7106 4893//3506 4845//3511
f 4846//7106 4750//3504 4893//3506
f 4898//3515 4894//3514 4747//3415
f 4850//3510 4746//3512 4896//3517
f 4896//3517 4751//7105 4897//3509
f 4899//7107 4897//3509 4894//3514
f 4900//3513 4899//7107 4894//3514
f 4899//7107 4902//7108 4897//3509
f 4859//3516 4850//3510 4896//3517
f 4903//3520 4902//7108 4899//7107
f 4900//3513 4903//3520 4899//7107
f 4898//3515 4904//3519 4900//3513
f 4902//7108 4907//7109 4871//7099
f 4871//7099 4907//7109 4881//7100
f 4903//3520 4908//7110 4902//7108
f 4902//7108 4908//7110 4907//7109
f 4903//3520 4909//3523 4908//7110
f 4904//3519 4909//3523 4903//3520
f 4883//7111 4884//7112 4910//7113
f 4909//3523 4906//7114 4908//7110
f 4909//3523 4911//3615 4906//7114
f 4910//7113 4911//3615 4883//7111
f 4909//3523 4889//7115 4911//3615
f 4887//3522 4889//7115 4909//3523
f 4782//3436 4779//3434 4912//3524
f 4782//3436 4912//3524 4783//3437
f 4790//3525 4915//3530 4913//3443
f 4915//3530 4914//7077 4913//3443
f 4771//3528 4914//7077 4916//3529
f 4786//3526 4917//3531 4790//3525
f 4914//7077 4915//3530 4919//3532
f 4918//7116 4788//3527 4921//3533
f 4919//3532 4916//3529 4914//7077
f 4916//3529 4919//3532 4923//3534
f 4919//3532 4917//3531 4922//7117
f 4924//3552 4920//3536 4943//3537
f 4924//3552 4927//3543 4925//3542
f 4931//3544 4929//3538 4923//3534
f 4918//7116 4921//3533 4928//3540
f 4921//3533 4929//3538 4928//3540
f 4936//3556 4929//3538 4931//3544
f 4780//3435 4940//3550 4912//3524
f 4797//3448 4781//3549 4941//3548
f 4797//3448 4941//3548 4939//3546
f 4937//3547 4942//7118 4941//3548
f 4940//3550 4939//3546 4944//3551
f 4946//3554 4940//3550 4945//7119
f 4940//3550 4946//3554 4943//3537
f 4941//3548 4947//3574 4944//3551
f 4948//3616 4946//3554 4945//7119
f 4948//3616 4945//7119 4949//3617
f 4796//3460 4958//3570 4798//3447
f 4798//3447 4959//3569 4938//3545
f 4961//3565 4807//3459 4960//3564
f 4963//3567 4959//3569 4798//3447
f 4958//3570 4807//3459 4962//3566
f 4938//3545 4959//3569 4966//3568
f 4938//3545 4964//3571 4942//7118
f 4966//3568 4969//3572 4964//3571
f 4967//3573 4947//3574 4942//7118
f 4964//3571 4967//3573 4942//7118
f 4969//3572 4968//3589 4970//3635
f 4811//3462 4823//3578 4812//3464
f 4823//3578 4813//7078 4971//3577
f 4819//3473 4824//3581 4972//3576
f 4974//3580 4971//3577 4972//3576
f 4973//3583 4971//3577 4974//3580
f 4973//3583 4974//3580 4977//3594
f 4973//3583 4977//3594 4976//3582
f 4965//3590 4961//3565 4979//3585
f 4978//3584 4961//3565 4976//3582
f 4979//3585 4978//3584 4981//3603
f 4983//3587 4968//3589 4963//3567
f 4970//3635 4968//3589 4982//3588
f 4975//3579 4824//3581 4987//3592
f 4985//3499 4984//3591 4843//3489
f 4984//3591 4987//3592 4824//3581
f 4985//3499 4988//3593 4987//3592
f 4975//3579 4989//3595 4977//3594
f 4987//3592 4990//3596 4989//3595
f 4989//3595 4991//3597 4977//3594
f 4977//3594 4993//3598 4976//3582
f 4991//3597 4994//3600 4993//3598
f 4995//3601 4980//3586 4993//3598
f 4996//3602 4978//3584 4980//3586
f 4998//3608 4890//7120 4999//3609
f 4999//3609 4890//7120 4891//7104
f 5000//7121 4999//3609 4891//7104
f 5007//3605 4988//3593 4986//3498
f 5002//3606 5007//3605 4986//3498
f 5003//7122 4998//3608 5004//3607
f 5003//7122 5008//3610 5001//3604
f 4990//3596 4992//3599 4991//3597
f 5009//3611 7009//5111 5010//3613
f 4994//3600 5012//3614 4995//3601
f 5010//3613 5011//5115 5012//3614
f 5002//3606 4986//3498 4885//3500
f 4911//3615 4997//7123 5002//3606
f 5020//3624 5017//3621 4953//3555
f 5021//3623 4953//3555 4948//3616
f 5015//3619 5023//3632 4954//3558
f 5020//3624 5022//3630 5017//3621
f 5017//3621 5024//3626 5018//7124
f 5025//3628 5022//3630 5020//3624
f 5023//3632 5015//3619 5028//3625
f 5024//3626 5022//3630 5041//3629
f 4969//3572 4970//3635 4967//3573
f 5029//3631 5024//3626 5041//3629
f 5026//4412 5023//3632 5030//3633
f 5031//7125 5026//4412 5030//3633
f 4949//3617 4950//3575 5032//3634
f 5034//3639 4967//3573 5033//3636
f 5014//3618 5036//3637 5035//3643
f 5036//3637 5032//3634 5038//3642
f 5021//3623 5014//3618 5035//3643
f 5032//3634 5039//7126 5038//3642
f 5067//3640 5038//3642 5039//7126
f 5025//3628 5021//3623 5040//3644
f 5025//3628 5042//3645 5041//3629
f 5035//3643 5036//3637 5038//3642
f 5070//3641 5035//3643 5038//3642
f 5027//3627 5029//3631 5043//3646
f 5044//3647 5028//3625 5027//3627
f 5044//3647 5030//3633 5028//3625
f 5042//3645 5040//3644 5046//7127
f 5045//3648 5027//3627 5043//3646
f 5048//3650 5030//3633 5044//3647
f 5054//3651 5044//3647 5045//3648
f 5051//3652 5050//3654 5046//7127
f 5070//3641 5052//7128 5040//3644
f 5054//3651 5055//7129 5048//3650
f 5045//3648 5050//3654 5056//3653
f 5056//3653 5054//3651 5045//3648
f 4983//3587 5058//3663 4982//3588
f 5033//3636 4982//3588 5059//3656
f 5058//3663 4983//3587 5061//3661
f 5060//7130 5058//3663 5062//3662
f 5034//3639 5033//3636 5063//3657
f 5039//7126 5037//3638 5064//3658
f 5066//3659 5063//3657 5065//3665
f 5063//3657 5066//3659 5064//3658
f 5039//7126 5068//7131 5067//3640
f 5066//3659 5065//3665 5069//3664
f 5072//3660 5068//7131 5064//3658
f 5067//3640 5071//7132 5070//3641
f 5068//7131 5072//3660 5071//7132
f 5071//7132 5075//7133 5073//7134
f 5076//7135 5053//7136 5052//7128
f 5070//3641 5073//7134 5052//7128
f 4981//3603 5078//3590 4983//3587
f 4996//3602 5078//3590 4981//3603
f 5079//7137 5061//3661 5078//3590
f 5061//3661 5080//3666 5062//3662
f 5061//3661 5081//3674 5080//3666
f 5082//3667 5072//3660 5066//3659
f 5080//3666 5083//3668 5069//3664
f 5072//3660 5084//3669 5074//3693
f 5082//3667 5085//3718 5084//3669
f 5086//7138 5084//3669 5085//3718
f 4996//3602 5087//3670 5078//3590
f 5087//3670 5088//5192 5078//3590
f 5078//3590 5088//5192 5079//7137
f 5079//7137 5088//5192 5089//3672
f 5081//3674 5091//3675 5080//3666
f 5092//3677 5094//7139 5093//3676
f 5057//3655 5055//7129 5054//3651
f 5052//7128 5099//7140 5076//7135
f 5073//7134 5075//7133 5098//7141
f 5100//3680 5099//7140 5103//3685
f 5104//3683 5100//3680 5103//3685
f 5107//7142 5104//3683 5105//3684
f 5102//3682 5097//3678 5106//3688
f 5108//3687 5104//3683 5107//7142
f 5106//3688 5111//3690 5109//4490
f 5074//3693 5084//3669 5115//3691
f 5086//7138 5116//3717 5115//3691
f 5116//3717 5119//3697 5118//3694
f 5075//7133 5074//3693 5117//3692
f 5075//7133 5117//3692 5098//7141
f 5098//7141 5120//3699 5107//7142
f 5117//3692 5121//3695 5120//3699
f 5122//3696 5121//3695 5118//3694
f 5123//7143 5124//3703 5112//3686
f 5120//3699 5125//3698 5123//7143
f 5125//3698 5129//3700 5124//3703
f 5112//3686 5127//4501 5113//4500
f 5137//3704 5127//4501 5112//3686
f 5128//3702 5130//3705 5112//3686
f 5131//7144 5124//3703 5129//3700
f 5131//7144 5128//3702 5124//3703
f 5131//7144 5132//7145 5128//3702
f 5126//3701 5135//7146 5133//3706
f 5134//3707 5132//7145 5131//7144
f 5128//3702 5138//7147 5130//3705
f 5141//7148 5136//3708 5135//7146
f 5147//3712 5143//3710 5141//7148
f 5145//3714 5144//3711 5149//3716
f 5150//3719 5093//3676 5151//7149
f 5116//3717 5152//3720 5119//3697
f 5152//3720 5153//3721 5154//3723
f 5150//3719 5155//3722 5153//3721
f 5155//3722 5159//3729 5157//3724
f 5122//3696 5162//3725 5126//3701
f 5119//3697 5162//3725 5122//3696
f 5126//3701 5164//7150 5135//7146
f 5162//3725 5164//7150 5126//3701
f 5162//3725 5163//7151 5164//7150
f 5165//3728 5154//3723 5166//3726
f 5160//3738 5171//3730 5158//7152
f 5172//3732 5168//3734 5167//7153
f 5159//3729 5175//3731 5166//3726
f 5177//7154 5149//3716 5147//3712
f 5174//3741 5169//3735 5170//3727
f 5175//3731 5173//3742 5166//3726
f 5183//3744 5180//3739 5149//3716
f 5172//3732 5182//3740 5176//3733
f 5174//3741 5185//3743 5178//3736
f 5185//3743 5184//3748 5178//3736
f 5181//7155 5180//3739 5186//3745
f 5187//3746 5183//3744 5176//3733
f 5190//3757 5189//3749 5184//3748
f 5171//3730 5188//3747 5175//3731
f 5186//3745 5183//3744 5187//3746
f 5182//3740 5189//3749 5187//3746
f 5185//3743 5190//3757 5184//3748
f 5185//3743 5173//3742 5191//3759
f 5187//3746 5196//3751 5193//3755
f 5197//3756 5198//7156 5200//3758
f 5201//3762 5193//3755 5196//3751
f 5196//3751 5203//465 5201//3762
f 5202//7157 5201//3762 5206//469
f 5215//6230 5212//472 5214//6231
f 5207//3764 5208//3763 5213//474
f 5224//6232 5214//6231 5217//477
f 5215//6230 5214//6231 5220//6233
f 5221//6240 5220//6233 5223//6241
f 5230//6242 5228//6243 5227//6244
f 5239//2002 5237//6245 5234//2003
f 1948//3766 1947//7158 5241//7159
f 5245//3769 5246//7160 1952//1432
f 1953//1430 1952//1432 5246//7160
f 5255//3775 5245//3769 5244//3773
f 5256//3776 5246//7160 5245//3769
f 5256//3776 5263//3781 5264//3785
f 5261//3778 5263//3781 5254//3780
f 5256//3776 5255//3775 5263//3781
f 5265//7161 5262//3777 5260//3779
f 5268//3790 5263//3781 5261//3778
f 5266//7162 5269//7163 5267//7164
f 4241//7165 5266//7162 4237//6977
f 5269//7163 5266//7162 5270//7166
f 5272//7167 1953//1430 5246//7160
f 5274//7168 5246//7160 5256//3776
f 5275//3783 5273//3782 5272//7167
f 5274//7168 5256//3776 5264//3785
f 5279//3795 5264//3785 5263//3781
f 5276//3784 5275//3783 5278//3787
f 5268//3790 5279//3795 5263//3781
f 5279//3795 5280//3788 5264//3785
f 5278//3787 5277//3786 5280//3788
f 5295//3796 5280//3788 5279//3795
f 5290//7169 5282//7170 5283//7171
f 5290//7169 5270//7166 5282//7170
f 5283//7171 5270//7166 5290//7169
f 5283//7171 5292//7172 5286//3793
f 5286//3793 5284//3792 5283//7171
f 5292//7172 5293//3803 5286//3793
f 5295//3796 5285//3794 5286//3793
f 5293//3803 5294//3799 5286//3793
f 5294//3799 5296//3801 5295//3796
f 5297//3804 5292//7172 5291//7173
f 5297//3804 5293//3803 5292//7172
f 5299//3802 5301//3805 5293//3803
f 4399//6987 5298//7174 4270//3075
f 5298//7174 5303//3807 5299//3802
f 5304//3809 5302//3800 5300//3806
f 5303//3807 5305//3808 5301//3805
f 5276//3784 5306//3823 5273//3782
f 5307//3810 5278//3787 5308//3811
f 5310//3814 5309//3816 5289//3812
f 5320//3830 5312//3818 5315//3817
f 5313//3819 5316//7175 5317//3820
f 5315//3817 5314//3815 5319//3821
f 5321//3824 2004//1477 5322//3822
f 5322//3822 2004//1477 5306//3823
f 5307//3810 5322//3822 5276//3784
f 5323//3825 5321//3824 5322//3822
f 5325//3827 5327//3828 5323//3825
f 5324//3826 5323//3825 5326//7176
f 5309//3816 5325//3827 5308//3811
f 5326//7176 5327//3828 5328//3829
f 5326//7176 5323//3825 5327//3828
f 5320//3830 5453//3940 5328//3829
f 5324//3826 5326//7176 5329//7177
f 2011//1481 2003//1473 5321//3824
f 2012//3833 2011//1481 5331//3834
f 2010//1493 2006//6487 5330//3832
f 5332//3835 2013//3831 2012//3833
f 5332//3835 5331//3834 5334//3837
f 5334//3837 5337//3943 5332//3835
f 5330//3832 2013//3831 5336//3839
f 5335//3838 5337//3943 5334//3837
f 2028//6488 2021//1489 2014//1495
f 2026//6491 2024//1494 5340//3840
f 2026//6491 5344//3851 5341//3850
f 5343//3847 2028//6488 2014//1495
f 5342//3844 5341//3850 5347//3849
f 5344//3851 5340//3840 5346//3842
f 5348//3845 5342//3844 5347//3849
f 5349//3848 5351//7178 5347//3849
f 2014//1495 2010//1493 5333//3836
f 5350//3852 5349//3848 5344//3851
f 5339//3857 5356//7179 5358//3855
f 5343//3847 2014//1495 5357//3853
f 5356//7179 5355//7180 5358//3855
f 5360//7181 5345//3841 5353//3846
f 5339//3857 5338//3871 5356//7179
f 5353//3846 5343//3847 5359//3854
f 5345//3841 5360//7181 5354//7182
f 5362//3858 2092//1515 2062//1517
f 5363//3861 5362//3858 5361//3859
f 5364//3862 5363//3861 5393//3860
f 5363//3861 5364//3862 5365//3865
f 5368//3870 5369//3872 5366//3864
f 5368//3870 5366//3864 5395//3863
f 5366//3864 5369//3872 5370//3868
f 5373//7183 5371//3867 5370//3868
f 5376//3874 5370//3868 5372//3869
f 5378//3877 5374//3907 5373//7183
f 5379//7184 5425//3876 5377//3878
f 5381//3856 5375//3873 5339//3857
f 5376//3874 5385//3875 5384//7185
f 5379//7184 5377//3878 5389//7186
f 5387//7187 5378//3877 5388//7188
f 5379//7184 5389//7186 5390//7189
f 5379//7184 5390//7189 5380//7190
f 5391//3882 5393//3860 5361//3859
f 5348//3845 5352//3884 5394//3883
f 5352//3884 5395//3863 5394//3883
f 5400//3891 5401//3892 5399//3886
f 5398//1539 5397//3888 2094//1540
f 5365//3865 5399//3886 5363//3861
f 5406//3916 5409//3915 5407//3894
f 5367//3866 5411//7191 5365//3865
f 5411//7191 5404//3890 5365//3865
f 5404//3890 5411//7191 5410//3896
f 5410//3896 5405//3893 5404//3890
f 5405//3893 5410//3896 5412//3904
f 5415//7192 5412//3904 5413//3903
f 5374//3907 5417//3897 5371//3867
f 5417//3897 5426//3908 5418//3895
f 5427//7193 5419//3900 5428//3898
f 5419//3900 5420//3899 5428//3898
f 5422//3901 5419//3900 5421//7194
f 5425//3876 5379//7184 5380//7190
f 5425//3876 5426//3908 5378//3877
f 5380//7190 5427//7193 5425//3876
f 5427//7193 5428//3898 5425//3876
f 5433//3913 2112//3912 5432//7195
f 4386//3161 4387//7196 5433//3913
f 2112//3912 2109//7197 5432//7195
f 5403//3889 5431//3910 5397//3888
f 5435//7198 5434//7199 5431//3910
f 5408//7200 5416//7201 5441//7202
f 5447//3918 5448//7203 5305//3808
f 5316//7175 5449//7204 5450//7205
f 5316//7175 5450//7205 5317//3820
f 5450//7205 5451//7206 5318//7207
f 5450//7205 5318//7207 5317//3820
f 5318//7207 5452//7208 5319//3821
f 5454//3919 5455//7209 5447//3918
f 5449//7204 5457//3922 5450//7205
f 5457//3922 5458//3921 5451//7206
f 5457//3922 5451//7206 5450//7205
f 5451//7206 5459//3926 5318//7207
f 5460//3925 5461//3929 5453//3940
f 5455//7209 5463//3928 5456//3923
f 5463//3928 5458//3921 5456//3923
f 5464//3927 5451//7206 5458//3921
f 5466//3930 5460//3925 5465//3924
f 5462//7210 5468//3932 5463//3928
f 5471//3931 5464//3927 5463//3928
f 5470//3936 5461//3929 5466//3930
f 5467//3942 5461//3929 5470//3936
f 4428//3177 5468//3932 4425//3175
f 5471//3931 5468//3932 4428//3177
f 4426//3176 5474//3938 4428//3177
f 5474//3938 5471//3931 4428//3177
f 5473//3937 5466//3930 5472//3935
f 5551//3995 5472//3935 5475//3934
f 5329//7177 5328//3829 5480//3941
f 5479//7211 5324//3826 5329//7177
f 5481//7212 5480//3941 5467//3942
f 5479//7211 5335//3838 5324//3826
f 5330//3832 5482//3947 5333//3836
f 5336//3839 5482//3947 5330//3832
f 5484//3944 5336//3839 5332//3835
f 5329//7177 5485//7213 5479//7211
f 5484//3944 5337//3943 5487//3948
f 5485//7213 5329//7177 5481//7212
f 5487//3948 5337//3943 5486//3945
f 5490//3950 5488//3946 5484//3944
f 5485//7213 5492//7214 5486//3945
f 5491//3951 5483//3956 5482//3947
f 5489//3949 5486//3945 5492//7214
f 5490//3950 5487//3948 5489//3949
f 5493//7215 5492//7214 5481//7212
f 5357//3853 5333//3836 5483//3956
f 5360//7181 5497//3958 5354//7182
f 5381//3856 5358//3855 5500//3953
f 5499//3964 5503//3959 5497//3958
f 5360//7181 5499//3964 5497//3958
f 5503//3959 5501//3955 5498//3954
f 5508//3961 5502//3957 5483//3956
f 5504//3960 5501//3955 5507//3962
f 5505//7216 5502//3957 5508//3961
f 5510//4040 5499//3964 5511//3966
f 5512//7217 5383//7218 5381//3856
f 5382//7219 5513//7220 5384//7185
f 5517//7221 5520//7222 5518//7223
f 5389//7186 5520//7222 5390//7189
f 5430//3879 5517//7221 4477//3880
f 5512//7217 5521//3970 5522//3972
f 5522//3972 5533//3973 5532//3982
f 5533//3973 5522//3972 5530//3971
f 5525//7224 5536//3976 5535//3975
f 5526//7225 5523//7226 5531//3977
f 5532//3982 5533//3973 5537//3974
f 4491//3978 5538//3980 4498//3986
f 5535//3975 5538//3980 5534//3979
f 5531//3977 5539//3981 5542//3983
f 5531//3977 5532//3982 5539//3981
f 5535//3975 5542//3983 5540//3985
f 5530//3971 5545//3988 5541//3984
f 5545//3988 5543//3991 5541//3984
f 5544//7227 5593//3989 5547//4024
f 5544//7227 5540//3985 5593//3989
f 5521//3970 5512//7217 5381//3856
f 5521//3970 5381//3856 5500//3953
f 5500//3953 5548//3987 5530//3971
f 5549//3992 5500//3953 5504//3960
f 4517//3241 5550//3998 4515//3237
f 5477//7228 5473//3937 5552//3994
f 5478//7229 5470//3936 5477//7228
f 5553//7230 5550//3998 4517//3241
f 4521//3242 4525//7048 5555//3999
f 5558//4001 5554//3997 5555//3999
f 5560//4002 5557//7231 5552//3994
f 5560//4002 5552//3994 5556//3996
f 5555//3999 5559//7232 5561//4004
f 5567//4066 5560//4002 5563//4003
f 5565//7233 5561//4004 4531//3252
f 5565//7233 5564//4000 5561//4004
f 5562//4062 5558//4001 5564//4000
f 5568//7234 5478//7229 5557//7231
f 5569//4069 5560//4002 5567//4066
f 5570//4071 5568//7234 5569//4069
f 5493//7215 5481//7212 5478//7229
f 5494//4006 5492//7214 5493//7215
f 5571//4009 5496//3952 5490//3950
f 5493//7215 5572//4013 5494//4006
f 5574//4014 5495//4005 5573//4007
f 5572//4013 5493//7215 5568//7234
f 5576//4012 5494//4006 5572//4013
f 5574//4014 5577//4010 5495//4005
f 5578//4016 5575//4008 5496//3952
f 5568//7234 5570//4071 5572//4013
f 5576//4012 5579//4015 5573//4007
f 5505//7216 5581//4018 5502//3957
f 5583//7235 5508//3961 5582//4019
f 5583//7235 5505//7216 5508//3961
f 5511//3966 5506//3965 5581//4018
f 5582//4019 5491//3951 5575//4008
f 5584//7236 5511//3966 5586//4020
f 5585//7237 5505//7216 5583//7235
f 5585//7237 5586//4020 5581//4018
f 5588//4094 5575//4008 5589//4021
f 5587//7238 5584//7236 5586//4020
f 5590//4091 5583//7235 5582//4019
f 5597//4022 5546//3990 5543//3991
f 4577//3290 5547//4024 5592//4023
f 4585//3299 5598//4027 4588//7054
f 5597//4022 5545//3988 5618//4038
f 5595//4031 5546//3990 5597//4022
f 5594//4025 5599//4030 5600//4028
f 5598//4027 5600//4028 5602//4051
f 5604//4032 5606//4055 5607//4054
f 5605//4033 5597//4022 5603//4043
f 5606//4055 5601//4029 5608//4034
f 5610//4035 5614//4041 5612//4036
f 5608//4034 5605//4033 5609//4050
f 5610//4035 5507//3962 5509//3963
f 5549//3992 5612//4036 5611//3993
f 5614//4041 5617//4045 5616//4042
f 5614//4041 5610//4035 5613//4039
f 5612//4036 5616//4042 5615//4037
f 5619//4046 5614//4041 5613//4039
f 5613//4039 5510//4040 5587//7238
f 5617//4045 5614//4041 5619//4046
f 5619//4046 5613//4039 5621//4100
f 5620//4044 5617//4045 5622//4047
f 5624//4049 5605//4033 5603//4043
f 4597//3310 4589//3304 5602//4051
f 5604//4032 5626//4058 5600//4028
f 5625//4052 4596//3312 4597//3310
f 5604//4032 5607//4054 5626//4058
f 5625//4052 5626//4058 5628//4057
f 5625//4052 5600//4028 5626//4058
f 5626//4058 5629//4117 5632//4056
f 5647//6308 5644//6309 5643//6310
f 5644//6309 5649//7239 5641//5553
f 5649//7239 5644//6309 5648//6312
f 5651//6313 5646//6314 5645//6315
f 5658//4064 5562//4062 5656//4063
f 5659//4073 5566//4067 5562//4062
f 5657//7240 5660//4065 5656//4063
f 4627//3320 5661//7241 5657//7240
f 5663//4070 5570//4071 5569//4069
f 5661//7241 5660//4065 5657//7240
f 5658//4064 5668//4076 5659//4073
f 5660//4065 5668//4076 5658//4064
f 5668//4076 5671//4078 5665//4074
f 5789//7242 5671//4078 5668//4076
f 5570//4071 5680//4011 5572//4013
f 5676//4189 5666//4075 5675//4082
f 5676//4189 5677//4083 5670//4079
f 5574//4014 5580//4017 5577//4010
f 5570//4071 5664//4072 5680//4011
f 5681//4087 5680//4011 5664//4072
f 5683//4088 5684//4089 5579//4015
f 5672//4080 5685//4090 5683//4088
f 5672//4080 5681//4087 5664//4072
f 5685//4090 5672//4080 5677//4083
f 5591//4108 5585//7237 5686//4109
f 5589//4021 5578//4016 5580//4017
f 5588//4094 5689//4092 5582//4019
f 5686//4109 5590//4091 5688//4093
f 5690//4095 5589//4021 5580//4017
f 5690//4095 5689//4092 5589//4021
f 5691//4098 5686//4109 5688//4093
f 5695//4215 5580//4017 5682//4086
f 5692//4096 5580//4017 5695//4215
f 5694//4213 5684//4089 5685//4090
f 5621//4100 5587//7238 5687//4112
f 5693//4097 5697//4099 5688//4093
f 5623//4048 5698//4104 5624//4049
f 5701//4105 5622//4047 5621//4100
f 5699//4102 5620//4044 5702//4101
f 5701//4105 5621//4100 5687//4112
f 5702//4101 5622//4047 5704//4106
f 5591//4108 5707//4110 5687//4112
f 5691//4098 5707//4110 5686//4109
f 5706//4148 5699//4102 5705//4107
f 5704//4106 5701//4105 5687//4112
f 5708//4111 5702//4101 5704//4106
f 5707//4110 5710//4113 5687//4112
f 5709//4237 5704//4106 5710//4113
f 5631//4114 5608//4034 5609//4050
f 5634//4061 5632//4056 5712//7243
f 5633//4060 5627//4053 5711//4115
f 5630//4059 5633//4060 5713//4116
f 5714//4120 4690//3380 4687//3379
f 5632//4056 5714//4120 5712//7243
f 4691//3382 4690//3380 5716//4119
f 5713//4116 5717//4121 5629//4117
f 4690//3380 5714//4120 5716//4119
f 5715//4130 5718//4123 5711//4115
f 5716//4119 5720//4118 5719//4122
f 5719//4122 5721//4125 4693//3387
f 5713//4116 5722//4126 5717//4121
f 5722//4126 5724//4129 5717//4121
f 4698//4124 5725//4133 4699//3392
f 5723//4127 5725//4133 4698//4124
f 4700//4132 5729//4137 4704//3395
f 5732//4131 5726//4128 5731//4140
f 5730//4135 5729//4137 4700//4132
f 5726//4128 5715//4130 5731//4140
f 5728//4139 5722//4126 5732//4131
f 5700//4144 5631//4114 5609//4050
f 5735//4158 5732//4131 5736//4141
f 5738//4146 5700//4144 5739//4143
f 5706//4148 5739//4143 5703//4103
f 5738//4146 5739//4143 5741//4150
f 5740//4145 5738//4146 5741//4150
f 5743//4147 5706//4148 5705//4107
f 5740//4145 5741//4150 5744//4151
f 5730//4135 5746//7244 5733//4136
f 5747//4155 5746//7244 5730//4135
f 5748//4156 5747//4155 5730//4135
f 5748//4156 5751//4160 5859//4252
f 5735//4158 5750//4159 5734//4138
f 5737//4142 5750//4159 5736//4141
f 5750//4159 5751//4160 5734//4138
f 5749//4154 5748//4156 4716//4157
f 4716//4157 5752//7245 4717//7060
f 5753//4255 5752//7245 4716//4157
f 4620//6316 5755//7246 5650//6318
f 5753//4255 5754//4254 5752//7245
f 5757//6319 5646//6314 5651//6313
f 5760//4161 5756//757 5755//7246
f 5756//757 5762//4168 5646//6314
f 5762//4168 5756//757 5765//4166
f 5765//4166 5756//757 5761//756
f 5766//4167 5765//4166 5770//4171
f 5775//4175 5771//4169 5763//765
f 5779//4178 5773//7247 5772//4173
f 5773//7247 5780//4181 5774//4174
f 5785//4183 5781//4177 5771//4169
f 5782//4180 5778//4179 5787//4300
f 5784//4182 5780//4181 5926//7248
f 5784//4182 5785//4183 5775//4175
f 5788//4194 5789//7242 5679//4188
f 4754//7072 5791//4186 5673//4085
f 5790//4191 5677//4083 5676//4189
f 5791//4186 5792//4187 5678//4084
f 5788//4194 5793//4197 5789//7242
f 5797//4195 5679//4188 5792//4187
f 5794//4190 5790//4191 5676//4189
f 5796//4193 5798//4196 5792//4187
f 5799//4198 5788//4194 5797//4195
f 5793//4197 5803//4207 5794//4190
f 5801//4200 5795//4192 5790//4191
f 5803//4207 5793//4197 5799//4198
f 5804//4326 5797//4195 5798//4196
f 4769//4203 5805//7249 5802//4199
f 5795//4192 5808//4204 5677//4083
f 5804//4326 5798//4196 5806//7250
f 5807//4210 5799//4198 5804//4326
f 5807//4210 5803//4207 5799//4198
f 5811//4208 5813//4209 5801//4200
f 5810//4206 5803//4207 5807//4210
f 5812//4212 5811//4208 5810//4206
f 5811//4208 5800//4201 5810//4206
f 5815//4329 5804//4326 5806//7250
f 5818//4216 5696//4221 5692//4096
f 5808//4204 5817//4214 5685//4090
f 5821//4219 5817//4214 5808//4204
f 5819//4217 5817//4214 5821//4219
f 5824//4220 5825//4222 5818//4216
f 5823//4225 5824//4220 5820//4218
f 5830//4231 5691//4098 5697//4099
f 5822//4224 5827//4226 5819//4217
f 5828//4227 5829//4228 5822//4224
f 5831//4229 5691//4098 5830//4231
f 5831//4229 5833//7251 5710//4113
f 5832//4230 5696//4221 5825//4222
f 5832//4230 5835//4233 5697//4099
f 5837//7252 5825//4222 5836//4234
f 5823//4225 5836//4234 5824//4220
f 5737//4142 5745//4153 5841//4240
f 5839//4235 5840//4236 5835//4233
f 5708//4111 5843//4238 5743//4147
f 5744//4151 5742//4149 5842//4152
f 5842//4152 5743//4147 5843//4238
f 5843//4238 5709//4237 5846//4243
f 5844//4241 5843//4238 5850//7253
f 5849//4269 5844//4241 5850//7253
f 5846//4243 5833//7251 5851//4245
f 5847//4244 5846//4243 5852//4246
f 5847//4244 5853//4247 5850//7253
f 5840//4236 5834//4232 5830//4231
f 5854//4273 5851//4245 5856//4248
f 5853//4247 5852//4246 5854//4273
f 5750//4159 5737//4142 5858//4250
f 5860//7254 5861//4251 5751//4160
f 4829//4260 4828//7079 5862//4253
f 4829//4260 5866//4259 4833//3481
f 5860//7254 5750//4159 5858//4250
f 5864//4257 5860//7254 5858//4250
f 5862//4253 5753//4255 5859//4252
f 5865//4258 5862//4253 5859//4252
f 5865//4258 5868//7255 5869//4262
f 5872//4265 5868//7255 5871//4261
f 5869//4262 5867//4278 5866//4259
f 5871//4261 5863//4256 5870//4263
f 5868//7255 5864//4257 5871//4261
f 5868//7255 5872//4265 5869//4262
f 5870//4263 5872//4265 5871//4261
f 5848//4242 5849//4269 5875//4266
f 5873//4264 5870//4263 5881//4272
f 5845//4239 5863//4256 5841//4240
f 5845//4239 5874//4267 5863//4256
f 5875//4266 5874//4267 5845//4239
f 5878//4270 5877//4271 5874//4267
f 5849//4269 5850//7253 5855//7256
f 5876//4268 5849//4269 5855//7256
f 5853//4247 5879//4274 5855//7256
f 5881//4272 5878//4270 5880//4275
f 5876//4268 5855//7256 5882//4365
f 5867//4278 4844//4277 4832//3480
f 4844//4277 5888//4279 4847//3491
f 5889//4281 5888//4279 5867//4278
f 5869//4262 5889//4281 5867//4278
f 5890//4280 5894//4282 5893//4284
f 5895//4285 4853//7081 4849//4283
f 5894//4282 5895//4285 5893//4284
f 5895//4285 4854//4289 4853//7081
f 5896//7257 5899//7258 5898//7259
f 5873//4264 5902//4286 5892//4287
f 5892//4287 5872//4265 5873//4264
f 5902//4286 5894//4282 5889//4281
f 5904//4288 5894//4282 5903//7260
f 4867//7087 4854//4289 5905//4290
f 5906//4291 5909//7261 5905//4290
f 5909//7261 5897//7262 5896//7257
f 5904//4288 5913//7263 5914//7264
f 5903//7260 5902//4286 5873//4264
f 5919//4297 5903//7260 5873//4264
f 5913//7263 5904//4288 5903//7260
f 5919//4297 5913//7263 5903//7260
f 5914//7264 5907//4294 5904//4288
f 5914//7264 5915//4295 5907//4294
f 5919//4297 5873//4264 5912//4292
f 5922//4319 5921//4296 6007//4298
f 5919//4297 5912//4292 5923//4299
f 5885//4276 5912//4292 5881//4272
f 5926//7248 5780//4181 5928//4309
f 5924//4303 5784//4182 5926//7248
f 5786//4185 5781//4177 5925//4304
f 5887//4301 5787//4300 5886//7265
f 5924//4303 5926//7248 5930//7266
f 5928//4309 5783//4306 5891//4307
f 5932//4305 5786//4185 5925//4304
f 5926//7248 5928//4309 5929//7267
f 5934//7268 5930//7266 5926//7248
f 5931//4308 5924//4303 5930//7266
f 5932//4305 5925//4304 5927//4302
f 5933//7269 5777//4184 5932//4305
f 5928//4309 5891//4307 5900//4310
f 5929//7267 5928//4309 5901//4311
f 5934//7268 5926//7248 5929//7267
f 5931//4308 5934//7268 5940//4313
f 5942//4316 5932//4305 5927//4302
f 5933//7269 5932//4305 5936//4322
f 5940//4313 5938//7270 5939//4315
f 5942//4316 5927//4302 5935//4312
f 5922//4319 5943//4318 5920//7271
f 5943//4318 5939//4315 5938//7270
f 5944//4321 5941//4314 5939//4315
f 5945//4317 5935//4312 5941//4314
f 5947//7272 5944//4321 5939//4315
f 5936//4322 5948//5738 5933//7269
f 5945//4317 5944//4321 6019//7273
f 5949//4323 5942//4316 5945//4317
f 5936//4322 5949//4323 5950//4387
f 5952//4324 5807//4210 5804//4326
f 5815//4329 5954//4325 5804//4326
f 5812//4212 5816//4211 5953//4327
f 5957//4331 5815//4329 5955//4328
f 5956//4333 5811//4208 5953//4327
f 5952//4324 5958//4332 5816//4211
f 5959//4343 5960//4334 5953//4327
f 5955//4328 4918//7116 4928//3540
f 5962//4337 5957//4331 5955//4328
f 5963//4335 5957//4331 5962//4337
f 5959//4343 5953//4327 5958//4332
f 5964//4402 5955//4328 4930//3539
f 5964//4402 5965//4336 5962//4337
f 4935//3557 5964//4402 4930//3539
f 5966//4346 5963//4335 5965//4336
f 5966//4346 5968//4340 5963//4335
f 5969//4342 5961//4339 5960//4334
f 5964//4402 5972//4345 5965//4336
f 5970//4341 5958//4332 5968//4340
f 5838//7274 5839//4235 5832//4230
f 5829//4228 5974//4348 5827//4226
f 5976//4355 5838//7274 5975//4360
f 5977//4349 5978//4350 5829//4228
f 5982//7275 5978//4350 5977//4349
f 5981//7276 5978//4350 5982//7275
f 5982//7275 5977//4349 5971//4344
f 5857//4249 5834//4232 5983//4351
f 5984//4352 5856//4248 5985//4353
f 5839//4235 5986//4354 5840//4236
f 5989//4374 5986//4354 5988//4357
f 5991//4358 5988//4357 5987//4356
f 5991//4358 5976//4355 5992//4359
f 5992//4359 5979//4361 5994//4363
f 5879//4274 5854//4273 5984//4352
f 5883//4366 5879//4274 5984//4352
f 5995//4364 5883//4366 5996//4369
f 5884//7277 5882//4365 5997//4367
f 5985//4353 5998//4368 5999//4370
f 5999//4370 5996//4369 5984//4352
f 5984//4352 5985//4353 5999//4370
f 5990//4372 5998//4368 5986//4354
f 6000//4371 5999//4370 5998//4368
f 6001//4373 6000//4371 5998//4368
f 6002//4375 6001//4373 5990//4372
f 5988//4357 6002//4375 5989//4374
f 6005//4379 5923//4299 5885//4276
f 6009//4378 6007//4298 5923//4299
f 5997//4367 6006//7278 5884//7277
f 6006//7278 5997//4367 6008//4380
f 6008//4380 5995//4364 6012//4381
f 6000//4371 6012//4381 5996//4369
f 6011//7279 6008//4380 6013//4382
f 6000//4371 6014//4384 6012//4381
f 6013//4382 6012//4381 6014//4384
f 6016//4385 6000//4371 6015//4383
f 6015//4383 6017//4400 6016//4385
f 5946//4320 5922//4319 6004//7280
f 6018//7281 5947//7272 5946//4320
f 6018//7281 5946//4320 6004//7280
f 6020//7282 5945//4317 6019//7273
f 6022//4386 5951//5850 5950//4387
f 5950//4387 5949//4323 6021//4388
f 6024//7283 6020//7282 6019//7273
f 6024//7283 6019//7273 6018//7281
f 6024//7283 6018//7281 6023//7284
f 6024//7283 6025//4389 6020//7282
f 6011//7279 6023//7284 6010//7285
f 6022//4386 6021//4388 6025//4389
f 6011//7279 6026//4392 6023//7284
f 6026//4392 6027//4390 6023//7284
f 6025//4389 6024//7283 6027//4390
f 6028//4391 6022//4386 6025//4389
f 6026//4392 6011//7279 6013//4382
f 6029//4393 6027//4390 6026//4392
f 6028//4391 6027//4390 6030//4394
f 6029//4393 6013//4382 6014//4384
f 5964//4402 4935//3557 6035//4401
f 6030//4394 6029//4393 6032//4395
f 6031//4396 6032//4395 6033//4397
f 6032//4395 6014//4384 6016//4385
f 6034//4398 6016//4385 6017//4400
f 6034//4398 8039//5860 6033//4397
f 6036//4404 6038//4405 5969//4342
f 5966//4346 6040//4408 5968//4340
f 6036//4404 5969//4342 5970//4341
f 5968//4340 6037//4403 5970//4341
f 6040//4408 5966//4346 5972//4345
f 6040//4408 6041//4406 5968//4340
f 6040//4408 5972//4345 6042//7286
f 6040//4408 6042//7286 6043//4407
f 6044//4409 6036//4404 6037//4403
f 6041//4406 6043//4407 6047//4415
f 6049//4426 6042//7286 5972//4345
f 6049//4426 5972//4345 5026//4412
f 6048//4413 6045//4417 6044//4409
f 6039//4410 5982//7275 5971//4344
f 6050//4438 5981//7276 5982//7275
f 6043//4407 6042//7286 6047//4415
f 6045//4417 6054//4420 6046//4411
f 5026//4412 5031//7125 6055//4427
f 6049//4426 6056//4429 6042//7286
f 6052//4414 6053//4416 6048//4413
f 6056//4429 6052//4414 6047//4415
f 6054//4420 6045//4417 6053//4416
f 6075//4423 6073//4421 6058//4422
f 6061//4418 6052//4414 6056//4429
f 6061//4418 6057//4419 6053//4416
f 6058//4422 6054//4420 6057//4419
f 6060//4425 6065//7287 6066//4433
f 5048//3650 6065//7287 6060//4425
f 6062//4428 6066//4433 6068//4434
f 6067//4430 6061//4418 6062//4428
f 6067//4430 6063//4431 6057//4419
f 6064//4432 6058//4422 6063//4431
f 5994//4363 5981//7276 6050//4438
f 6050//4438 5982//7275 6039//4410
f 6070//7288 6071//4436 5994//4363
f 6069//4435 5992//4359 6071//4436
f 6051//4437 6073//4421 6050//4438
f 6075//4423 6059//4424 6074//4446
f 6070//7288 6050//4438 6073//4421
f 6074//4446 6071//4436 6070//7288
f 6072//4439 6071//4436 6074//4446
f 6075//4423 6070//7288 6073//4421
f 6074//4446 6070//7288 6075//4423
f 5993//4376 5991//4358 6079//4444
f 6003//4377 5993//4376 6079//4444
f 6081//4447 6082//4448 6072//4439
f 6085//4451 6082//4448 6081//4447
f 6059//4424 6077//4442 6084//4450
f 6084//4450 6086//4452 6085//4451
f 6078//4443 6001//4373 6002//4375
f 6088//4454 6087//4453 6078//4443
f 6003//4377 6088//4454 6078//4443
f 6083//4449 6089//4457 6080//4445
f 6094//4458 6090//4456 6089//4457
f 6093//7289 6094//4458 6083//4449
f 6092//4468 6090//4456 6095//4459
f 6096//4472 6097//4460 6094//4458
f 6099//4463 6096//4472 6093//7289
f 6100//4462 6096//4472 6099//4463
f 6102//4464 6017//4400 6087//4453
f 6091//4455 6102//4464 6087//4453
f 6101//4399 6017//4400 6102//4464
f 6107//7290 6092//4468 6095//4459
f 6092//4468 6104//4466 6091//4455
f 6105//4467 6104//4466 6106//4469
f 6097//4460 6107//7290 6095//4459
f 6106//4469 6092//4468 6107//7290
f 6097//4460 6108//4470 6107//7290
f 5095//7291 6065//7287 5048//3650
f 6112//7292 6068//4434 6066//4433
f 6113//4440 6063//4431 6068//4434
f 6114//7293 6112//7292 6111//7294
f 6113//4440 6116//4475 6064//4432
f 6076//4441 6064//4432 6116//4475
f 6117//4474 6118//4476 6116//4475
f 6115//4481 6068//4434 6112//7292
f 6124//4489 6123//4482 6117//4474
f 6119//4477 6118//4476 6123//4482
f 6130//4479 6124//4489 6117//4474
f 6125//4483 6120//4478 6119//4477
f 6124//4489 6125//4483 6123//4482
f 5102//3682 6127//4486 5101//3681
f 5102//3682 6128//4485 6127//4486
f 6129//4487 6115//4481 6128//4485
f 6132//4488 6131//4493 6124//4489
f 6128//4485 5106//3688 5109//4490
f 6129//4487 6128//4485 5109//4490
f 6133//4492 6129//4487 5110//3689
f 5114//7295 6133//4492 5110//3689
f 6132//4488 6130//4479 6134//4491
f 6077//4442 6120//4478 6086//4452
f 6138//4494 6126//4484 6125//4483
f 6126//4484 6138//4494 6135//4513
f 6137//4497 6132//4488 6134//4491
f 6143//4499 6140//4496 6141//4495
f 6147//4503 6134//4491 5127//4501
f 6146//4502 6137//4497 6134//4491
f 6142//4498 6137//4497 6148//4504
f 6142//4498 6144//7296 6141//4495
f 6148//4504 6150//4506 6142//4498
f 6144//7296 6151//7297 6145//7298
f 6150//4506 6144//7296 6142//4498
f 6147//4503 5127//4501 5137//3704
f 6146//4502 6147//4503 5137//3704
f 6146//4502 6153//7299 6154//4507
f 6154//4507 6155//7300 6156//7301
f 6156//7301 6161//7302 6157//7303
f 6161//7302 6162//7304 6157//7303
f 6164//4528 6161//7302 6160//7305
f 6165//4511 6098//4461 6086//4452
f 6167//7306 6096//4472 6100//4462
f 6166//4512 6100//4462 6098//4461
f 6166//4512 6167//7306 6100//4462
f 6126//4484 6165//4511 6120//4478
f 6135//4513 6166//4512 6165//4511
f 6139//4525 6145//7298 6171//4524
f 6169//4514 6167//7306 6166//4512
f 6174//7307 6170//7308 6171//4524
f 6172//7309 6145//7298 6173//7310
f 6174//7307 6171//4524 6172//7309
f 6174//7307 6189//4527 6170//7308
f 6157//7303 6162//7304 6175//4530
f 6192//7311 6191//4516 6183//4518
f 6177//4533 6182//7312 6178//4519
f 6175//4530 6162//7304 6181//4531
f 6196//4532 6176//7313 6175//4530
f 6177//4533 6176//7313 6196//4532
f 6186//4521 6108//4470 6097//4460
f 6169//4514 6185//7314 6167//7306
f 6187//4522 6109//4471 6108//4470
f 6168//4515 6136//7315 6139//4525
f 6187//4522 6186//4521 6192//7311
f 6193//6039 6187//4522 6192//7311
f 6180//6040 6193//6039 6192//7311
f 6182//7312 6198//4520 6178//4519
f 6182//7312 6177//4533 6197//4534
f 6199//4536 6200//4537 6181//4531
f 6199//4536 6164//4528 6195//4529
f 6198//4520 6182//7312 6197//4534
f 6184//7316 6183//4518 6216//4541
f 6205//4540 6197//4534 6209//4543
f 6213//7317 6204//4539 6194//7318
f 6207//4542 6205//4540 6211//4544
f 6208//7319 6204//4539 6213//7317
f 6206//7320 6214//4547 6201//4546
f 6210//7321 6209//4543 6214//4547
f 6215//4548 6211//4544 6210//7321
f 6212//4545 6207//4542 6215//4548
f 6217//7322 6208//7319 6213//7317
f 6208//7319 6218//7323 6206//7320
f 6218//7323 6219//6404 6206//7320
f 6217//7322 6221//7324 6208//7319
f 6221//7324 6219//6404 6208//7319
f 6217//7322 6219//6404 6221//7324
f 6219//6404 6225//1267 6206//7320
f 6214//4547 6206//7320 6225//1267
f 6222//1270 6220//4549 6215//4548
f 6224//6406 6219//6404 6217//7322
f 6224//6406 6228//6407 6219//6404
f 6222//1270 6214//4547 6226//1268
f 6220//4549 6222//1270 6227//4551
f 5216//6408 6224//6406 5211//7325
f 6228//6407 6224//6406 6229//1269
f 6223//7326 6220//4549 6227//4551
f 6232//6103 6223//7326 6227//4551
f 6230//6411 6229//1269 6234//6412
f 6235//4552 6232//6103 6227//4551
f 6232//6103 6236//6102 6223//7326
f 5221//6240 6237//6426 6233//6427
f 6235//4552 6231//4550 6240//7327
f 6245//7328 6232//6103 6235//4552
f 6245//7328 6235//4552 6244//7329
f 6251//6430 6249//6431 6248//7330
f 5237//6245 5240//6433 6253//2753
f 6261//4555 6260//4554 6267//4560
f 6265//4561 6268//7331 6266//7332
f 6260//4554 6269//7333 6267//4560
f 6273//4572 6270//7334 6269//7333
f 6268//7331 6265//4561 6272//7335
f 6273//4572 6275//4571 6270//7334
f 6276//7336 6275//4571 6277//7337
f 3016//2178 6282//4567 6281//4562
f 6282//4567 6286//4570 6285//4566
f 6281//4562 6284//4578 6283//4574
f 6285//4566 6284//4578 6281//4562
f 6273//4572 6271//4565 6287//4573
f 6284//4578 6290//4577 6288//4575
f 6291//4581 6290//4577 6285//4566
f 6293//7338 6295//7339 6277//7337
f 6294//4580 6299//4583 6293//7338
f 6297//4579 6302//4617 6294//4580
f 6291//4581 6292//4616 6298//4585
f 6298//4585 6292//4616 6323//4608
f 6298//4585 6297//4579 6291//4581
f 6295//7339 6293//7338 6299//4583
f 6300//4582 6295//7339 6299//4583
f 6309//4594 6301//4588 6306//4587
f 6307//4589 6310//4592 6305//4584
f 3039//4599 6313//4596 3038//4595
f 6278//4568 6312//4597 6315//4603
f 6313//4596 6317//4606 6316//4604
f 6312//4597 6313//4596 6316//4604
f 6317//4606 6322//7340 6320//4605
f 6320//4605 6322//7340 6325//4612
f 6324//4607 6320//4605 6325//4612
f 6330//7341 6329//4611 6324//4607
f 6322//7340 6327//4613 6325//4612
f 6324//4607 6329//4611 6326//4610
f 6325//4612 6330//7341 6324//4607
f 6325//4612 6331//4614 6330//7341
f 6331//4614 6333//4633 6330//7341
f 6333//4633 6329//4611 6330//7341
f 6304//4586 6336//4619 6337//4618
f 6336//4619 6304//4586 6298//4585
f 6328//4609 6298//4585 6326//4610
f 6304//4586 6337//4618 6302//4617
f 6307//4589 6338//4621 6310//4592
f 6337//4618 6340//4622 6307//4589
f 6342//4624 6341//4623 6337//4618
f 6336//4619 6342//4624 6337//4618
f 6344//4625 6308//4591 6339//4620
f 6345//4626 6339//4620 6338//4621
f 6340//4622 6346//7342 6338//4621
f 6346//7342 6345//4626 6338//4621
f 3036//4600 3069//6706 6314//4598
f 6350//2226 3067//2209 3068//2227
f 3069//6706 6351//7343 6314//4598
f 6351//7343 6321//7344 6314//4598
f 3067//2209 6364//4629 3071//2219
f 6321//7344 6355//7345 6322//7340
f 6351//7343 6353//7346 6321//7344
f 6353//7346 6352//4628 6356//7347
f 6353//7346 6355//7345 6321//7344
f 6353//7346 6356//7347 6355//7345
f 6352//4628 3072//4627 6357//4630
f 6357//4630 3072//4627 3071//2219
f 6355//7345 6327//4613 6322//7340
f 6355//7345 6356//7347 6327//4613
f 6327//4613 6360//4634 6331//4614
f 6364//4629 6350//2226 6365//4638
f 6359//4636 6365//4638 6350//2226
f 6356//7347 6360//4634 6327//4613
f 6361//7348 6357//4630 3071//2219
f 6331//4614 6360//4634 6333//4633
f 6354//4734 6359//4636 6350//2226
f 6364//4629 6361//7348 3071//2219
f 6358//4631 6361//7348 6363//4635
f 6333//4633 6362//4632 6366//7349
f 6366//7349 6335//7350 6333//4633
f 6364//4629 6522//4728 6361//7348
f 6364//4629 6365//4638 6522//4728
f 2917//2221 6368//4639 3064//2222
f 3078//2230 6369//6707 2918//2225
f 3074//2228 6369//6707 3077//2229
f 3075//2224 6370//2231 3078//2230
f 6368//4639 6371//4641 3064//2222
f 3078//2230 6373//7351 6369//6707
f 6370//2231 6374//4743 3078//2230
f 6372//4652 6374//4743 6370//2231
f 3077//2229 6373//7351 6368//4639
f 6374//4743 6373//7351 3078//2230
f 6373//7351 6375//4640 6368//4639
f 3088//4644 6377//4643 6379//4642
f 6378//4646 6377//4643 3089//2273
f 6370//2231 6381//4648 6372//4652
f 6383//4650 6382//4647 6380//4645
f 6382//4647 6386//4655 6385//4654
f 6390//4653 6391//4657 6392//4659
f 6382//4647 6387//4649 6386//4655
f 6384//4658 6388//4651 6381//4648
f 6391//4657 6390//4653 6386//4655
f 6389//4656 6393//4660 6384//4658
f 6394//4666 6383//4650 6380//4645
f 6378//4646 6394//4666 6380//4645
f 6392//4659 6391//4657 6395//4662
f 6387//4649 6397//4661 6391//4657
f 6398//7352 6396//4673 6399//4675
f 6389//4656 6392//4659 6402//7353
f 6395//4662 6402//7353 6392//4659
f 6397//4661 6401//7354 6400//7355
f 6397//4661 6400//7355 6395//4662
f 6398//7352 6401//7354 6397//4661
f 6395//4662 6553//4755 6402//7353
f 6400//7355 6401//7354 6403//4756
f 6403//4756 6401//7354 6404//4686
f 6399//4675 6404//4686 6401//7354
f 6407//4663 6378//4646 3089//2273
f 6408//4667 6407//4663 6409//7356
f 6407//4663 6408//4667 6394//4666
f 6409//7356 6412//4670 6408//4667
f 6394//4666 6410//4669 6383//4650
f 6394//4666 6411//4665 6410//4669
f 6412//4670 6411//4665 6408//4667
f 6409//7356 6413//7357 6412//4670
f 6414//4668 6387//4649 6383//4650
f 6410//4669 6411//4665 6414//4668
f 6412//4670 6416//4672 6411//4665
f 6414//4668 6396//4673 6397//4661
f 6416//4672 6396//4673 6414//4668
f 6416//4672 6417//4676 6396//4673
f 6418//4671 6417//4676 6416//4672
f 6423//4674 6417//4676 6419//4681
f 6420//7358 6421//4679 6424//7359
f 6425//4682 6424//7359 6427//4678
f 6421//4679 6427//4678 6424//7359
f 6404//4686 6399//4675 6423//4674
f 6423//4674 6428//4680 6405//4685
f 6430//4684 6426//4683 6433//5551
f 6405//4685 6428//4680 6406//4780
f 6406//4780 6428//4680 6431//4781
f 6429//7360 6430//4684 6431//4781
f 6431//4781 6430//4684 6432//4782
f 3131//4687 6434//3135 6407//4663
f 3156//3162 6436//7011 3154//753
f 6439//4690 6409//7356 6407//4663
f 6441//7012 6440//7013 6442//7014
f 6440//7013 6435//7015 6442//7014
f 6443//7016 6442//7014 6444//7017
f 6436//7011 6437//7018 6442//7014
f 6439//4690 6447//4692 6413//7357
f 6413//7357 6447//4692 6415//4691
f 6448//3143 6447//4692 6449//7008
f 6450//7019 6449//7008 6451//7361
f 6451//7361 6449//7008 6452//7021
f 6448//3143 6454//3151 6420//7358
f 6421//4679 6455//4694 6422//4677
f 6334//7362 6335//7350 6460//4703
f 6468//4796 6465//4695 6466//4697
f 6468//4796 6467//4722 6465//4695
f 6343//5382 6311//4593 6469//7363
f 6471//7364 6345//4626 6346//7342
f 6473//7365 6343//5382 6469//7363
f 6478//7366 6474//7367 6470//7368
f 6460//4703 6476//4699 6334//7362
f 6485//4706 6474//7367 6478//7366
f 6485//4706 6481//7369 6474//7367
f 6489//7370 6483//7371 6482//7372
f 6497//4708 6489//7370 6488//4705
f 6492//7373 6484//4701 6486//4700
f 6492//7373 6490//7374 6484//4701
f 6486//4700 6461//4704 6462//4710
f 6486//4700 6462//4710 6492//7373
f 6498//7375 6487//5482 6489//7370
f 6462//4710 6500//7376 6492//7373
f 6493//7377 6501//4712 6502//4711
f 6508//4720 6493//7377 6502//4711
f 6463//4698 6510//4715 6505//4717
f 6509//4719 6511//4721 6506//7378
f 6503//4716 6512//4723 6504//4714
f 6502//4711 6517//4803 6508//4720
f 6512//4723 6513//4718 6504//4714
f 6510//4715 6514//4725 6503//4716
f 6467//4722 6463//4698 6465//4695
f 6516//4805 6507//4713 6513//4718
f 6467//4722 6520//4726 6510//4715
f 6461//4704 6524//7379 6462//4710
f 6526//4727 6525//4730 6522//4728
f 6526//4727 6365//4638 6523//4637
f 6359//4636 6527//4733 6523//4637
f 6359//4636 6354//4734 6527//4733
f 6526//4727 6528//4731 6525//4730
f 6523//4637 6530//4738 6526//4727
f 6523//4637 6531//4741 6530//4738
f 6526//4727 6533//4737 6528//4731
f 6533//4737 6526//4727 6530//4738
f 6532//4735 6466//4697 6464//4696
f 6533//4737 6534//4736 6532//4735
f 6523//4637 6527//4733 6531//4741
f 6535//4732 6642//4740 6527//4733
f 6535//4732 6537//4824 6538//4742
f 6375//4640 6541//4747 6371//4641
f 6540//4746 6542//4748 6374//4743
f 6540//4746 6544//7380 6542//4748
f 6541//4747 6543//4749 6545//7381
f 6543//4749 6546//4752 6545//7381
f 6376//4745 6551//4750 6546//4752
f 6539//4744 6542//4748 6551//4750
f 6545//7381 6546//4752 6548//4751
f 6393//4660 6544//7380 6540//4746
f 6393//4660 6552//4757 6544//7380
f 6554//4754 6403//4756 6555//7382
f 6403//4756 6404//4686 6555//7382
f 6555//7382 6404//4686 6556//7383
f 6404//4686 6405//4685 6556//7383
f 6554//4754 6555//7382 6562//7384
f 6553//4755 6554//4754 6552//4757
f 6554//4754 6562//7384 6561//4758
f 6562//7384 6555//7382 6563//4762
f 6555//7382 6556//7383 6563//4762
f 6563//4762 6556//7383 6565//7385
f 6556//7383 6557//7386 6565//7385
f 6563//4762 6565//7385 6564//4760
f 6567//7387 6568//4765 6566//4764
f 6561//4758 6562//7384 6570//4767
f 6554//4754 6569//4759 6552//4757
f 6561//4758 6570//4767 6569//4759
f 6562//7384 6563//4762 6571//4761
f 6571//4761 6564//4760 6572//4769
f 6566//4764 6573//4763 6564//4760
f 6562//7384 6571//4761 6570//4767
f 6577//4766 6572//4769 6578//4768
f 6547//4774 6544//7380 6552//4757
f 6569//4759 6575//7388 6552//4757
f 6570//4767 6575//7388 6569//4759
f 6577//4766 6576//4771 6570//4767
f 6572//4769 6577//4766 6571//4761
f 6570//4767 6580//4772 6575//7388
f 6552//4757 6579//7389 6582//4773
f 6575//7388 6579//7389 6552//4757
f 6581//4776 6577//4766 6673//4778
f 6577//4766 6581//4776 6576//4771
f 6578//4768 6673//4778 6577//4766
f 6431//4781 6432//4782 6558//4779
f 6558//4779 6432//4782 6559//4784
f 6432//4782 6433//5551 6560//4783
f 6587//6525 4609//5157 4605//1543
f 6590//6526 6591//6527 6596//6528
f 6603//7390 6605//4785 6633//4811
f 6604//7391 6605//4785 6606//4788
f 6609//4789 6606//4788 6605//4785
f 6609//4789 6605//4785 6608//4787
f 6607//4817 6611//4792 6635//4791
f 6611//4792 6614//4793 6608//4787
f 6615//4915 6611//4792 6607//4817
f 6615//4915 6612//4912 6754//4911
f 6615//4915 6607//4817 6612//4912
f 6468//4796 6619//4798 6621//4797
f 6621//4797 6626//7392 6622//4799
f 6622//4799 6625//4801 6617//4795
f 6619//4798 6626//7392 6621//4797
f 6626//7392 6623//4828 6781//4941
f 6627//4810 6628//4804 6517//4803
f 6518//4807 6514//4725 6520//4726
f 6629//4809 6628//4804 6627//4810
f 6634//4812 6519//4724 6630//4813
f 6603//7390 6633//4811 6627//4810
f 6631//4806 6636//4786 6627//4810
f 6630//4813 6637//4816 6634//4812
f 6632//4808 6638//4814 6518//4807
f 6608//4787 6636//4786 6635//4791
f 6640//4818 6639//4815 6638//4814
f 6616//4910 6612//4912 6640//4818
f 6640//4818 6612//4912 6637//4816
f 6534//4736 6619//4798 6466//4697
f 6789//4821 6641//4820 6624//4819
f 6642//4740 6538//4742 6648//4826
f 6642//4740 6645//4825 6531//4741
f 6644//4822 6536//4739 6645//4825
f 6623//4828 6619//4798 6644//4822
f 6645//4825 6648//4826 6647//4830
f 6648//4826 6649//7393 6651//7394
f 6645//4825 6650//4834 6644//4822
f 6645//4825 6647//4830 6650//4834
f 6650//4834 6652//4827 6644//4822
f 6648//4826 6651//7394 6653//4829
f 6651//7394 6649//7393 6654//4833
f 6646//4831 6654//4833 6649//7393
f 6652//4827 6779//4940 6623//4828
f 6647//4830 6656//7395 6655//4835
f 6659//7396 6549//4753 6661//4838
f 6551//4750 6659//7396 6550//4840
f 6549//4753 6659//7396 6551//4750
f 6662//4837 6660//4839 6663//4842
f 6662//4837 6663//4842 6667//4847
f 6667//4847 6646//4831 6662//4837
f 6667//4847 6663//4842 6668//4845
f 6646//4831 6666//4846 6658//4832
f 6667//4847 6666//4846 6646//4831
f 6579//7389 6580//4772 6676//4852
f 6664//4843 6661//4838 6547//4774
f 6583//4775 6676//4852 6580//4772
f 6581//4776 6673//4778 6672//4849
f 6583//4775 6680//4850 6676//4852
f 6582//4773 6675//4855 6677//4853
f 6673//4778 6679//4858 6672//4849
f 6674//4777 6679//4858 6673//4778
f 6674//4777 6681//4857 6679//4858
f 6678//4851 6680//4850 6682//4854
f 6683//4856 6688//4864 6680//4850
f 6683//4856 6686//4860 6685//4863
f 6687//4861 6670//4848 6664//4843
f 6688//4864 6685//4863 6833//7397
f 6685//4863 6686//4860 6833//7397
f 6595//1550 6689//4867 6594//6529
f 6599//6530 6690//1548 6595//1550
f 4720//4865 6694//7398 4728//7063
f 6689//4867 6694//7398 4720//4865
f 6695//4868 6694//7398 6689//4867
f 6595//1550 6695//4868 6689//4867
f 6698//6532 6699//7399 6697//1554
f 6699//7399 6698//6532 6701//7400
f 6694//7398 6702//4875 6711//4874
f 6695//4868 6703//4869 6702//4875
f 6696//4870 6704//4872 6703//4869
f 6706//7401 6701//7400 6705//7402
f 6702//4875 6703//4869 6707//4876
f 6703//4869 6708//7403 6707//4876
f 6704//4872 6708//7403 6703//4869
f 6700//4871 6701//7400 6709//4880
f 6701//7400 6706//7401 6710//7404
f 6706//7401 6705//7402 6710//7404
f 6713//4877 6704//4872 6709//4880
f 6715//4886 6710//7404 6714//7405
f 6707//4876 6717//4884 6716//7406
f 6707//4876 6716//7406 6712//4873
f 6718//4878 6717//4884 6708//7403
f 6708//7403 6717//4884 6707//4876
f 6715//4886 6719//4879 6710//7404
f 6704//4872 6718//4878 6708//7403
f 6710//7404 6719//4879 6709//4880
f 6720//4883 6840//4882 6716//7406
f 6718//4878 6713//4877 6721//4980
f 6717//4884 6720//4883 6716//7406
f 6731//4888 6734//4933 6730//7407
f 6729//4889 6735//4891 6728//5644
f 6744//4898 6743//4902 6740//4926
f 6743//4902 6747//4901 6749//4903
f 6753//4908 6609//4789 6752//4906
f 6753//4908 6610//4790 6609//4789
f 6611//4792 6755//4907 6614//4793
f 6616//4910 6764//4917 6754//4911
f 6758//4914 6761//4919 6756//7408
f 6761//4919 6767//4921 6760//5655
f 6768//4922 6762//4918 6773//4929
f 6768//4922 6763//4923 6762//4918
f 6759//4916 6770//4925 6764//4917
f 6766//4920 6774//4928 6771//4931
f 6772//4930 6767//4921 6766//4920
f 6774//4928 6768//4922 6773//4929
f 6725//7409 6772//4930 6727//4932
f 6773//4929 6775//4934 6732//4895
f 6733//4892 6773//4929 6732//4895
f 6732//4895 6776//4935 6738//4936
f 6626//7392 6782//4938 6622//4799
f 6778//4939 6782//4938 6783//4942
f 6779//4940 6784//4943 6781//4941
f 6783//4942 6739//4896 6780//4937
f 6782//4938 6742//4899 6783//4942
f 6783//4942 6741//4897 6739//4896
f 6787//4945 6785//4949 6948//4948
f 6784//4943 6788//7410 6786//4944
f 6788//7410 6748//4946 6786//4944
f 6784//4943 6947//7411 6788//7410
f 6787//4945 6947//7411 6784//4943
f 6796//4947 6951//5049 6948//4948
f 6789//4821 6759//4916 6616//4910
f 6656//7395 6790//7412 6655//4835
f 6785//4949 6650//4834 6655//4835
f 6655//4835 6790//7412 6793//4951
f 6790//7412 6791//4836 6792//4950
f 6792//4950 6795//7413 6790//7412
f 6793//4951 6794//7414 6797//7415
f 6658//4832 6798//4953 6792//4950
f 6792//4950 6799//5062 6794//7414
f 6799//5062 6801//5051 6797//7415
f 6792//4950 6800//4952 6803//5064
f 6801//5051 6952//5048 6796//4947
f 6802//5058 6804//5060 6800//4952
f 6792//4950 6803//5064 6799//5062
f 6803//5064 6804//5060 6959//5059
f 6800//4952 6804//5060 6803//5064
f 6666//4846 6668//4845 6805//4955
f 6807//4957 6806//4954 6669//4844
f 6658//4832 6808//4956 6809//7416
f 6658//4832 6809//7416 6798//4953
f 6800//4952 6808//4956 6802//5058
f 6670//4848 6671//4862 6811//4960
f 6670//4848 6813//4962 6807//4957
f 6812//7417 6814//7418 6813//4962
f 6811//4960 6815//4959 6812//7417
f 6814//7418 6815//4959 6817//4961
f 6806//4954 6810//5082 6808//4956
f 6807//4957 6810//5082 6806//4954
f 6819//7419 6815//4959 6822//7420
f 6817//4961 6819//7419 6818//4965
f 6816//4963 6820//7421 6815//4959
f 6807//4957 6821//4964 6810//5082
f 6815//4959 6831//7422 6822//7420
f 6825//7423 6821//4964 6826//4968
f 6810//5082 6825//7423 6824//5083
f 6821//4964 6825//7423 6810//5082
f 6831//7422 6827//4966 6822//7420
f 6831//7422 6830//5085 6827//4966
f 6688//4864 6832//4958 6811//4960
f 6686//4860 6834//7424 6833//7397
f 6833//7397 6834//7424 6832//4958
f 6832//4958 6835//7425 6816//4963
f 6834//7424 6835//7425 6832//4958
f 6853//4984 6838//4971 6836//4970
f 6718//4878 6841//4974 6720//4883
f 6723//4885 6842//4972 6719//4879
f 4745//3410 6711//4874 4886//3503
f 6840//4882 6720//4883 6843//4975
f 6844//4976 6851//4982 6842//4972
f 6851//4982 6852//4994 6850//4981
f 6848//4978 6854//7426 6843//4975
f 6856//4983 6855//4985 6849//4979
f 6850//4981 6852//4994 6856//4983
f 6848//4978 6859//7427 6854//7426
f 6855//4985 6856//4983 6857//7428
f 6854//7426 6859//7427 6858//4986
f 6855//4985 6861//4989 6859//7427
f 6859//7427 6860//4988 6858//4986
f 6865//4990 6867//4992 6864//5008
f 6871//5030 6880//4996 6870//7429
f 6873//7430 6882//7431 6872//4995
f 6873//7430 6874//7432 6882//7431
f 6877//4998 6878//4997 6876//5743
f 6878//4997 6880//4996 6924//7433
f 6852//4994 6881//7434 6856//4983
f 6880//4996 6877//4998 6870//7429
f 6885//7435 6888//7436 6884//7437
f 6876//5743 6888//7436 6875//5748
f 6876//5743 6899//5000 6886//7438
f 6876//5743 6886//7438 6887//7439
f 6876//5743 6887//7439 6888//7436
f 6878//4997 6899//5000 6876//5743
f 6896//7440 6899//5000 6895//7441
f 6886//7438 6897//7442 6883//7443
f 6930//5006 6900//5002 6891//5001
f 6894//7444 6903//5004 6901//5009
f 6903//5004 6890//5003 6900//5002
f 6912//5014 6911//5015 7028//5018
f 6900//5002 6865//4990 6864//5008
f 6902//7445 6901//5009 6863//7446
f 6902//7445 6863//7446 6862//7447
f 6901//5009 6867//4992 6866//5121
f 6864//5008 6901//5009 6903//5004
f 6908//5012 6907//5011 6905//5010
f 6908//5012 6909//4993 6907//5011
f 6940//5016 6910//5013 6908//5012
f 6911//5015 6912//5014 6910//5013
f 6912//5014 6868//4991 6909//4993
f 6913//5046 6914//5017 6911//5015
f 6735//4891 6918//4890 6916//7448
f 6919//5024 6736//4894 6737//4893
f 6920//5028 6737//4893 6738//4936
f 6918//4890 6917//5022 6925//5020
f 6918//4890 6915//5019 6916//7448
f 6919//5024 6920//5028 6923//5025
f 6919//5024 6737//4893 6920//5028
f 6926//5029 6871//5030 6869//7449
f 6925//5020 6922//5023 6924//7433
f 6904//5027 6928//5031 6920//5028
f 6924//7433 6880//4996 6925//5020
f 6923//5025 6879//5033 6927//5026
f 6928//5031 6929//5032 6923//5025
f 6891//5001 6929//5032 6930//5006
f 6929//5032 6891//5001 6879//5033
f 6905//5010 6930//5006 6929//5032
f 6936//5038 6932//5035 6750//4905
f 6932//5035 6747//4901 6750//4905
f 6933//5036 6745//4900 6748//4946
f 6932//5035 6934//5037 6749//4903
f 6933//5036 6936//5038 6750//4905
f 6904//5027 6934//5037 6905//5010
f 6904//5027 6931//5034 6934//5037
f 6908//5012 6934//5037 6936//5038
f 6935//7450 6937//5039 6933//5036
f 6938//5040 6908//5012 6936//5038
f 6935//7450 6939//5043 6937//5039
f 6937//5039 6938//5040 6936//5038
f 6950//5044 6939//5043 6935//7450
f 6937//5039 6939//5043 6941//5041
f 6941//5041 6940//5016 6938//5040
f 6940//5016 6943//5045 6913//5046
f 6942//5042 6941//5041 6939//5043
f 6954//5053 6946//5143 6945//7451
f 6954//5053 6945//7451 6942//5042
f 6738//4936 6931//5034 6904//5027
f 6788//7410 6947//7411 6935//7450
f 6935//7450 6947//7411 6950//5044
f 6951//5049 6947//7411 6948//4948
f 6947//7411 6951//5049 6950//5044
f 6954//5053 6942//5042 6950//5044
f 6952//5048 6954//5053 6951//5049
f 6956//5052 6953//5065 6958//5056
f 6949//5050 6955//5054 6952//5048
f 6957//5055 6956//5052 7041//5057
f 6801//5051 6799//5062 6956//5052
f 6799//5062 6961//5063 6960//5061
f 6959//5059 6802//5058 6962//5067
f 6808//4956 6964//5066 6802//5058
f 6961//5063 6953//5065 6960//5061
f 6963//5068 6964//5066 6967//5070
f 6965//5069 6963//5068 7053//5071
f 6964//5066 6968//5174 6967//5070
f 6964//5066 6969//5072 6968//5174
f 6967//5070 7054//5158 7053//5071
f 6980//5087 6966//5073 6964//5066
f 6966//5073 6971//5076 6970//5080
f 6966//5073 6970//5080 6969//5072
f 6970//5080 6976//5079 6975//5177
f 6970//5080 6975//5177 6969//5072
f 6978//5081 6981//7452 6810//5082
f 6810//5082 6981//7452 6980//5087
f 6983//5091 6984//5090 6987//5095
f 6827//4966 6829//5086 6990//5093
f 6986//5094 6988//7453 6991//5092
f 6993//5097 6992//5098 6990//5093
f 6991//5092 6988//7453 6993//5097
f 6993//5097 6988//7453 6994//5099
f 6972//5074 6993//5097 7077//5178
f 7077//5178 6993//5097 6977//5100
f 5000//7121 4892//7103 6995//7454
f 6977//5100 6994//5099 7078//5848
f 6837//4969 6995//7454 4892//7103
f 6838//4971 6997//5105 6996//5101
f 6837//4969 6996//5101 6995//7454
f 7002//5106 7006//5102 7001//5104
f 6839//7455 6998//7456 7003//5107
f 6998//7456 6999//7457 7004//5109
f 7004//5109 7002//5106 6998//7456
f 7002//5106 7008//5108 7007//5112
f 7010//5113 7009//5111 7007//5112
f 7011//5114 5010//3613 7009//5111
f 7020//5116 7011//5114 7010//5113
f 7012//5117 5011//5115 7011//5114
f 7025//5119 5013//3671 7012//5117
f 6999//7457 6998//7456 7013//4987
f 6867//4992 6868//4991 7014//5120
f 6866//5121 7014//5120 7005//5110
f 7014//5120 7015//5122 7016//5123
f 7005//5110 7016//5123 7008//5108
f 7016//5123 7015//5122 7017//5125
f 7018//5127 7017//5125 7029//5133
f 7010//5113 7021//5124 7020//5116
f 7019//5128 7018//5127 7029//5133
f 7021//5124 7010//5113 7008//5108
f 7022//5126 7033//5130 7023//5129
f 7023//5129 7012//5117 7020//5116
f 7023//5129 7033//5130 7025//5119
f 7023//5129 7025//5119 7012//5117
f 7026//5131 7024//5118 7033//5130
f 6901//5009 6866//5121 6999//7457
f 6901//5009 6999//7457 6863//7446
f 7028//5018 7015//5122 6912//5014
f 7030//7458 7029//5133 6914//5017
f 7028//5018 7017//5125 7015//5122
f 7030//7458 7019//5128 7029//5133
f 7017//5125 7028//5018 7029//5133
f 7035//5145 7034//5132 7032//5140
f 7019//5128 7033//5130 7022//5126
f 7034//5132 7036//5136 7026//5131
f 7045//5137 7036//5136 7035//5145
f 7026//5131 7036//5136 7027//5203
f 6945//7451 6946//5143 7040//5141
f 6957//5055 6946//5143 6954//5053
f 7040//5141 6946//5143 7042//5139
f 7031//5134 7040//5141 7032//5140
f 7043//5142 7041//5057 7045//5137
f 7041//5057 7056//5147 7044//5144
f 7045//5137 7044//5144 7047//5148
f 7057//5151 7059//5153 7135//5149
f 7047//5148 7049//5150 7048//5226
f 7052//5154 7053//5071 7059//5153
f 7054//5158 7055//5161 7058//5160
f 7052//5154 7057//5151 7051//5155
f 7057//5151 7046//5146 7056//5147
f 7060//5162 7058//5160 7061//7459
f 7058//5160 7062//5163 7061//7459
f 7061//7459 7062//5163 7063//5169
f 7061//7459 7063//5169 7064//5229
f 7069//7460 7066//5166 7070//5170
f 7066//5166 7069//7460 7068//5167
f 6975//5177 6976//5079 7079//5175
f 6968//5174 7073//5173 7055//5161
f 6969//5072 6975//5177 7075//5176
f 7076//5077 7077//5178 7084//5180
f 7073//5173 7075//5176 7081//5182
f 6977//5100 7085//5179 7077//5178
f 7073//5173 7081//5182 7074//5159
f 7079//5175 7083//5183 7082//5181
f 7085//5179 7080//7461 7086//5186
f 7087//5168 7082//5181 7089//5185
f 7074//5159 7081//5182 7065//5164
f 7082//5181 7087//5168 7081//5182
f 7082//5181 7083//5183 7090//5171
f 7084//5180 7088//5184 7083//5183
f 7084//5180 7085//5179 7091//5188
f 7093//5934 7092//5187 7086//5186
f 7071//5172 7088//5184 7091//5188
f 7092//5187 7094//5189 7091//5188
f 7090//5171 7088//5184 7071//5172
f 7071//5172 7094//5189 7072//5256
f 5087//3670 5013//3671 7024//5118
f 5087//3670 7096//5190 5088//5192
f 7096//5190 5087//3670 7024//5118
f 5088//5192 7097//5191 5089//3672
f 7097//5191 7108//5196 7098//5195
f 5089//3672 7098//5195 5090//3673
f 7098//5195 7099//5194 7100//5198
f 7099//5194 7101//5201 7102//5200
f 7102//5200 7104//5197 7100//5198
f 5092//3677 7104//5197 5094//7139
f 7104//5197 7102//5200 7105//5266
f 7026//5131 7027//5203 7106//5193
f 7106//5193 7108//5196 7097//5191
f 7108//5196 7109//5204 7099//5194
f 7110//5216 7109//5204 7107//5202
f 7112//5206 7115//5208 7114//5280
f 7101//5201 7112//5206 7103//5199
f 7125//5207 7113//5209 7112//5206
f 7112//5206 7114//5280 7103//5199
f 7037//5135 7039//5211 7107//5202
f 7039//5211 7119//5213 7118//5210
f 7039//5211 7117//7462 7119//5213
f 7107//5202 7118//5210 7110//5216
f 7121//5217 7122//5212 7125//5207
f 7123//5219 7124//5222 7126//5220
f 7126//5220 7130//5308 7129//5223
f 7128//5218 7126//5220 7129//5223
f 7129//5223 7130//5308 7113//5209
f 7131//5224 7130//5308 7126//5220
f 7113//5209 7130//5308 7116//5286
f 7131//5224 7153//5237 7132//5309
f 7132//5309 7153//5237 7133//5249
f 7039//5211 7048//5226 7117//7462
f 7136//5225 7050//5152 7137//5228
f 7064//5229 7137//5228 7050//5152
f 7139//5230 7137//5228 7141//5231
f 7138//5214 7135//5149 7120//5215
f 7136//5225 7137//5228 7139//5230
f 7123//5219 7136//5225 7124//5222
f 7140//5227 7141//5231 7137//5228
f 7124//5222 7141//5231 7127//5221
f 7127//5221 7141//5231 7131//5224
f 7141//5231 7144//5233 7153//5237
f 7169//5234 7145//5236 7143//5258
f 7144//5233 7145//5236 7149//5238
f 7145//5236 7146//5235 7155//5239
f 7153//5237 7149//5238 7154//5244
f 7150//5240 7147//5241 7151//5243
f 7156//5245 7151//5243 7157//5247
f 7151//5243 7148//5242 7160//5246
f 7154//5244 7133//5249 7153//5237
f 7161//7463 7160//5246 7158//7464
f 7067//5165 7162//5252 7063//5169
f 7067//5165 7068//5167 7163//5251
f 7068//5167 7069//7460 7165//5257
f 7166//5253 7070//5170 7071//5172
f 7164//5255 7167//5260 7166//5253
f 7162//5252 7142//5232 7140//5227
f 7162//5252 7169//5234 7143//5258
f 7163//5251 7169//5234 7162//5252
f 7171//5254 7166//5253 7173//5261
f 7164//5255 7172//5263 7167//5260
f 7172//5263 7168//5262 7174//5264
f 7171//5254 7173//5261 7170//5259
f 7173//5261 7167//5260 7147//5241
f 7169//5234 7170//5259 7146//5235
f 7148//5242 7174//5264 7152//7465
f 7179//5284 7178//5268 7177//5269
f 7181//5271 7178//5268 7182//5272
f 7178//5268 7181//5271 7176//5267
f 7187//7466 7182//5272 7179//5284
f 7183//5287 7187//7466 7179//5284
f 7185//5276 7181//5271 7186//5270
f 7184//5275 5161//7467 7180//7468
f 7187//7466 7188//7469 7182//5272
f 7190//7470 7188//7469 7187//7466
f 7188//7469 7189//5273 7182//5272
f 7186//5270 7192//7471 7191//5320
f 7186//5270 7191//5320 7185//5276
f 7192//7471 7196//5279 7191//5320
f 7191//5320 7195//5274 7185//5276
f 7189//5273 7196//5279 7192//7471
f 7195//5274 7201//5324 7184//5275
f 7199//7472 7256//7473 7198//7474
f 7103//5199 7114//5280 7176//5267
f 7114//5280 7202//5281 7177//5269
f 7203//5282 7202//5281 7115//5208
f 7202//5281 7179//5284 7177//5269
f 7207//5285 7204//5283 7203//5282
f 7205//5289 7183//5287 7204//5283
f 7204//5283 7207//5285 7205//5289
f 7207//5285 7209//5292 7214//5288
f 7207//5285 7208//5290 7209//5292
f 7211//7475 7212//7476 7190//7470
f 7211//7475 7214//5288 7212//7476
f 7215//7477 7214//5288 7216//7478
f 7216//7478 7210//5291 7217//5314
f 7217//5314 7218//5299 7224//5296
f 7219//7479 7212//7476 7213//7480
f 7215//7477 7216//7478 7223//5293
f 7216//7478 7224//5296 7223//5293
f 7224//5296 7225//5300 7222//5297
f 7226//6064 7225//5300 7224//5296
f 7194//7481 7228//7482 7229//7483
f 7231//5302 7232//7484 7236//5303
f 7236//5303 7232//7484 7237//5305
f 7232//7484 7233//7485 7237//5305
f 7199//7472 7235//5304 7256//7473
f 7132//5309 7240//7486 7239//5307
f 7116//5286 7239//5307 7206//7487
f 7130//5308 7239//5307 7116//5286
f 7133//5249 7240//7486 7132//5309
f 7134//5248 7159//5250 7241//5310
f 7239//5307 7242//7488 7206//7487
f 7206//7487 7242//7488 7208//5290
f 7240//7486 7242//7488 7239//5307
f 7246//5313 7243//5311 7241//5310
f 7242//7488 7243//5311 7217//5314
f 7217//5314 7246//5313 7218//5299
f 7244//5312 7245//6084 7248//5317
f 7247//5316 7250//7489 7246//5313
f 7159//5250 7252//5318 7241//5310
f 7252//5318 7244//5312 7241//5310
f 7196//5279 7254//5319 7191//5320
f 7197//5277 7198//7474 7255//5331
f 5179//3737 7200//7490 7259//5323
f 7235//5304 7257//5306 7256//7473
f 7201//5324 7259//5323 7200//7490
f 7197//5277 7260//5321 7196//5279
f 7197//5277 7255//5331 7260//5321
f 7256//7473 7257//5306 7261//7491
f 7238//7492 7268//5326 7258//5328
f 7254//5319 7264//5325 7195//5274
f 7255//5331 7198//7474 7266//7493
f 7255//5331 7266//7493 7265//5330
f 7256//7473 7266//7493 7198//7474
f 7255//5331 7269//5329 7260//5321
f 7269//5329 7272//5332 7264//5325
f 7268//5326 7271//5333 7262//5327
f 7265//5330 7275//5337 7269//5329
f 7266//7493 7277//5338 7265//5330
f 7237//5305 7258//5328 7257//5306
f 7278//1913 7285//1917 7283//1911
f 7290//1918 7288//1920 7285//1917
f 7286//1922 5219//478 5218//479
f 7276//1909 7288//1920 7293//6624
f 7288//1920 7289//1919 7295//6625
f 7293//6624 7294//6638 7297//6639
f 5225//6640 7296//6641 5230//6242
f 7299//6642 7300//6643 7296//6641
f 7293//6624 7300//6643 7292//6644
f 7293//6624 7297//6639 7302//6645
f 7296//6641 7300//6643 7303//2001
f 7300//6643 7301//6646 7304//6647
f 7309//6648 5237//6245 5239//2002
f 4033//2925 7318//7494 7319//5341
f 4033//2925 4032//2924 7318//7494
f 7322//5344 7317//5343 7316//7495
f 7326//5349 7319//5341 7318//7494
f 7323//7496 7327//7497 7322//5344
f 6274//7498 7323//7496 6268//7331
f 7327//7497 7328//5354 7322//5344
f 7328//5354 7326//5349 7325//7499
f 7331//5360 7330//7500 7329//7501
f 4068//2951 4067//2952 7335//5346
f 7332//5348 7319//5341 7326//5349
f 7339//5353 7334//5345 7333//5352
f 7333//5352 7332//5348 7337//5350
f 7330//7500 7341//5355 7328//5354
f 7343//7502 7326//5349 7342//7503
f 7339//5353 7338//5351 7345//5357
f 7350//5358 7352//5361 7348//5359
f 7344//5365 7342//7503 7351//5362
f 7344//5365 7345//5357 7343//7502
f 6301//4588 7349//5372 6296//7504
f 7350//5358 7349//5372 7355//5363
f 7355//5363 7356//5368 7352//5361
f 7357//5364 7358//5366 7351//5362
f 7359//5376 7353//5374 7344//5365
f 6309//4594 7349//5372 6301//4588
f 7356//5368 7355//5363 7360//5367
f 7349//5372 6309//4594 7363//5371
f 7360//5367 7361//5369 7357//5364
f 7349//5372 7362//5370 7355//5363
f 7359//5376 7365//5375 7353//5374
f 7366//5377 7367//5378 7359//5376
f 7360//5367 7368//5379 7361//5369
f 7363//5371 7371//7505 7362//5370
f 7369//5381 7370//5403 7367//5378
f 7364//5380 7373//5384 7374//5385
f 7369//5381 7374//5385 7375//7506
f 7375//7506 7370//5403 7369//5381
f 7375//7506 7376//7507 7370//5403
f 4098//2976 4068//2951 7335//5346
f 7379//5388 4112//2990 4099//2991
f 7377//5386 7335//5346 7380//5390
f 7382//5391 7379//5388 7378//2977
f 7383//5394 4112//2990 7379//5388
f 7385//5395 7382//5391 7381//5392
f 7385//5395 7380//5390 7384//7508
f 7381//5392 7380//5390 7385//5395
f 7354//5373 7384//7508 7347//7509
f 7386//5396 7385//5395 7384//7508
f 7382//5391 7385//5395 7387//5397
f 7400//5393 7382//5391 7388//5398
f 7370//5403 7393//7510 7390//5400
f 7386//5396 7354//5373 7365//5375
f 7367//5378 7390//5400 7365//5375
f 7390//5400 7391//5401 7386//5396
f 7393//7510 7391//5401 7390//5400
f 7391//5401 7394//5404 7387//5397
f 7376//7507 7395//5499 7393//7510
f 7402//5410 7398//5405 7401//5408
f 7398//5405 4111//2988 4110//2989
f 7398//5405 4113//2983 4111//2988
f 7383//5394 7397//5406 4112//2990
f 7383//5394 7400//5393 7397//5406
f 7398//5405 7402//5410 7399//5407
f 7404//7511 7405//7512 7401//5408
f 7401//5408 7400//5393 7404//7511
f 7402//5410 7401//5408 7405//7512
f 7406//5416 7405//7512 7407//5415
f 7406//5416 7412//5411 7402//5410
f 7411//5414 7406//5416 7407//5415
f 7416//5505 7408//5409 7412//5411
f 7411//5414 7410//5413 7415//7513
f 7399//5407 7417//5507 7403//7514
f 4115//2997 4121//5517 4119//5419
f 7421//7515 4117//2993 7403//7514
f 7420//7516 7418//5418 7422//5420
f 4118//2996 7419//7517 4121//5517
f 7426//5424 7427//7518 7425//7519
f 7426//5424 7425//7519 7424//5421
f 7431//5425 7432//5432 7429//5426
f 7429//5426 7427//7518 7426//5424
f 7431//5425 7426//5424 7428//5427
f 7436//5429 7431//5425 7430//5428
f 7435//7520 7436//5429 7434//5430
f 7441//5436 7438//5433 7439//5434
f 7442//5435 7441//5436 7440//5463
f 4140//3043 4148//5438 7423//5422
f 7444//5423 4148//5438 7443//5437
f 7444//5423 7423//5422 4148//5438
f 7445//5439 7424//5421 7444//5423
f 7446//5442 7448//5441 7447//5440
f 7447//5440 7445//5439 7446//5442
f 7430//5428 7450//5544 7434//5430
f 7430//5428 7428//5427 7447//5440
f 7450//5544 7430//5428 7448//5441
f 7451//5444 4177//3042 4140//3043
f 7449//5443 7446//5442 7420//7516
f 7453//5446 7451//5444 7423//5422
f 7455//5448 7452//5445 7451//5444
f 7457//5449 7454//5447 7453//5446
f 7427//7518 7456//5450 7425//7519
f 7460//5452 7457//5449 7456//5450
f 7459//7521 7463//7522 7462//5475
f 7427//7518 7429//5426 7460//5452
f 7460//5452 7464//5451 7461//7523
f 7466//5453 7463//7522 7464//5451
f 7433//5459 7464//5451 7429//5426
f 7472//7524 7467//5456 7473//5454
f 7467//5456 7468//5455 7473//5454
f 7470//3901 7467//5456 7469//7525
f 7442//5435 7465//5457 7433//5459
f 7471//5458 7466//5453 7442//5435
f 7475//7526 7473//5454 7471//5458
f 7471//5458 7593//7527 7475//7526
f 7480//5469 7479//5468 4201//6962
f 7483//7528 4207//7529 7482//7530
f 4207//7529 7483//7528 4206//7531
f 4207//7529 4204//7197 7482//7530
f 7485//5470 7481//5466 7479//5468
f 7487//7198 7486//7199 7481//5466
f 7493//5473 7495//5472 7459//7521
f 7484//5467 7458//5471 7459//7521
f 7503//7532 7462//5475 7501//3903
f 6457//7533 7504//7534 6456//7535
f 7494//7536 7504//7534 7496//7537
f 6459//7538 7483//7528 6438//4688
f 7373//5384 7510//7539 7374//5385
f 7510//7539 7375//7506 7374//5385
f 7512//7540 7376//7507 7375//7506
f 7507//7541 7514//7542 7508//7543
f 7514//7542 7516//7544 7517//7545
f 7514//7542 7517//7545 7515//7546
f 7515//7546 7518//7547 7510//7539
f 7521//7548 7513//5500 7512//7540
f 7523//7549 6487//5482 7530//5481
f 7413//5498 7513//5500 7522//5478
f 7522//5478 7521//7548 7529//5479
f 7531//5485 7524//7550 7530//5481
f 7531//5485 7525//5484 7524//7550
f 7532//5486 7526//7551 7525//5484
f 7527//7552 7526//7551 7532//5486
f 7534//7553 7533//7554 7542//7555
f 6494//5483 7536//7556 7530//5481
f 7538//5489 7531//5485 7537//5487
f 7531//5485 7530//5481 7537//5487
f 7538//5489 7532//5486 7531//5485
f 7541//5492 7542//7555 7533//7554
f 7545//5495 7538//5489 7544//5488
f 7540//5491 7539//5490 7546//5497
f 7548//5494 7545//5495 7544//5488
f 7550//7557 6515//4802 7549//7558
f 7548//5494 7543//5493 7550//7557
f 7551//5496 7545//5495 7548//5494
f 7662//5504 7547//5502 7659//5570
f 7554//5501 7542//7555 7547//5502
f 7557//7559 7554//5501 7556//5503
f 7559//5417 7560//5506 7412//5411
f 7561//7560 7414//7561 7413//5498
f 7558//7562 7562//7563 7559//5417
f 7563//5513 7416//5505 7560//5506
f 7416//5505 7564//5508 7408//5409
f 7553//5480 7565//7564 7561//7560
f 7566//7565 7562//7563 7558//7562
f 7535//5512 7565//7564 7553//5480
f 7555//5511 7565//7564 7535//5512
f 7570//5514 7563//5513 7562//7563
f 7575//7566 7564//5508 7571//5510
f 7570//5514 7572//5516 7574//7567
f 7573//5591 7564//5508 7575//7566
f 7567//5509 7564//5508 7573//5591
f 7576//5518 4121//5517 7419//7517
f 7421//7515 7417//5507 7568//5605
f 7577//5520 7422//5420 7576//5518
f 7578//5604 7419//7517 7421//7515
f 7577//5520 7576//5518 7580//7568
f 7580//7568 7576//5518 7419//7517
f 7580//7568 7419//7517 7578//5604
f 7700//5521 7577//5520 7580//7568
f 7434//5430 7584//5523 7435//7520
f 7584//5523 7583//5525 7435//7520
f 7583//5525 7437//5431 7435//7520
f 7441//5436 7439//5434 7585//7569
f 7440//5463 7441//5436 7590//7570
f 7585//7569 7586//5527 7598//7571
f 7602//7572 7587//7573 7600//7574
f 7591//5550 7588//5528 7601//5530
f 7584//5523 7604//5531 7583//5525
f 7604//5531 7584//5523 7594//5524
f 7605//7575 7607//5532 7599//5529
f 7601//5530 7607//5532 6573//4763
f 7607//5532 7605//7575 7613//5535
f 7612//7576 7615//5539 7611//5536
f 7612//7576 7608//7577 7614//5540
f 6574//4770 7613//5535 6578//4768
f 7611//5536 7617//5542 7616//5537
f 7609//7578 7614//5540 7608//7577
f 7616//5537 6578//4768 7613//5535
f 7615//5539 7617//5542 7611//5536
f 7609//7578 7610//5533 7620//5534
f 7618//5538 7621//5541 7615//5539
f 7616//5537 6674//4777 6578//4768
f 7617//5542 7621//5541 7616//5537
f 7434//5430 7450//5544 7594//5524
f 7623//7579 7448//5441 7449//5443
f 7603//5547 7594//5524 7622//5545
f 7579//5519 7624//5548 7623//7579
f 7623//7579 7624//5548 7622//5545
f 7625//5546 7619//5627 7603//5547
f 7592//7580 7478//5464 7593//7527
f 6584//6720 7626//7581 6585//1542
f 7626//7581 5636//6722 5637//5552
f 7626//7581 5637//5552 7628//5554
f 7636//6723 7635//6724 7634//7582
f 7647//5557 7646//5560 7651//5558
f 7646//5560 6606//4788 6610//4790
f 7649//5562 7648//5559 7651//5558
f 7650//5561 7646//5560 6610//4790
f 7551//5496 7548//5494 7656//7583
f 7552//5568 7551//5496 7658//5567
f 7659//5570 7540//5491 7552//5568
f 6628//4804 7660//7584 7549//7558
f 7656//7583 7549//7558 7660//7584
f 7658//5567 7657//5566 7661//5569
f 7659//5570 7661//5569 7662//5504
f 7660//7584 7663//5573 7664//5556
f 7657//5566 7551//5496 7656//7583
f 7662//5504 7661//5569 7670//5572
f 7663//5573 7645//5555 7664//5556
f 7667//7585 7657//5566 7656//7583
f 7667//7585 7664//5556 7666//5574
f 7656//7583 7664//5556 7667//7585
f 7667//7585 7665//5571 7657//5566
f 7666//5574 7664//5556 7647//5557
f 7666//5574 7668//7586 7667//7585
f 7668//7586 7670//5572 7665//5571
f 7649//5562 7671//5576 7648//5559
f 7670//5572 7668//7586 7672//7587
f 7673//5584 7670//5572 7672//7587
f 7674//5579 7556//5503 7662//5504
f 7677//5586 7678//5581 7676//5578
f 7676//5578 7674//5579 7677//5586
f 7680//5580 7675//7588 7676//5578
f 7677//5586 7674//5579 7670//5572
f 7682//5583 7680//5580 7681//5587
f 7677//5586 7670//5572 7673//5584
f 7680//5580 7678//5581 7677//5586
f 7681//5587 7677//5586 7679//5585
f 7685//5582 7572//5516 7684//7589
f 7574//7567 7572//5516 7685//5582
f 7573//5591 7686//5590 7567//5509
f 7567//5509 7686//5590 7568//5605
f 7680//5580 7685//5582 7684//7589
f 7685//5582 7687//5595 7574//7567
f 7691//5594 7575//7566 7687//5595
f 7685//5582 7690//5593 7687//5595
f 7682//5583 7683//5673 7690//5593
f 7693//5598 7686//5590 7688//5592
f 7691//5594 7693//5598 7688//5592
f 7578//5604 7701//5607 7580//7568
f 7581//5549 7702//5522 7706//5612
f 7582//5610 7581//5549 7703//5609
f 7689//5606 7705//5611 7701//5607
f 7703//5609 7581//5549 7706//5612
f 7704//5608 7706//5612 7702//5522
f 7703//5609 7706//5612 7707//5615
f 7696//5603 7703//5609 7697//5601
f 7692//5597 7694//5600 7705//5611
f 7850//7590 7697//5601 7707//5615
f 7704//5608 7848//5614 7708//5711
f 7697//5601 7703//5609 7707//5615
f 7710//5613 7709//5616 7706//5612
f 7621//5541 7712//5617 7616//5537
f 7715//5621 7714//5620 7711//5543
f 7618//5538 7718//5622 7621//5541
f 7714//5620 7716//5618 7711//5543
f 7621//5541 7718//5622 7712//5617
f 7713//7591 7619//5627 7696//5603
f 7720//5619 7715//5621 7713//7591
f 7718//5622 7717//7592 7712//5617
f 7716//5618 7721//5624 7718//5622
f 7714//5620 7719//5623 7716//5618
f 7722//7593 7718//5622 7723//7594
f 7721//5624 7723//7594 7718//5622
f 7619//5627 7582//5610 7696//5603
f 7699//5625 7724//5626 7719//5623
f 7721//5624 7855//7595 7723//7594
f 7721//5624 7724//5626 7855//7595
f 7725//2286 5758//758 5759//4163
f 6602//6726 7644//6727 6693//6728
f 7726//6729 7644//6727 7641//6730
f 7727//2283 7643//2282 7729//2289
f 7731//6731 7737//5630 7736//2291
f 7743//5634 7734//5631 7744//5635
f 7746//5640 7735//5629 7745//7596
f 7735//5629 7746//5640 7737//5630
f 7740//2300 7747//5633 7739//7597
f 7752//7598 7747//5633 7750//5638
f 7747//5633 7741//5632 7750//5638
f 7745//7596 7755//5721 7746//5640
f 7752//7598 7750//5638 7757//7599
f 7756//5641 7753//5639 7748//5637
f 7758//7600 7752//7598 7757//7599
f 7752//7598 7758//7600 7751//5741
f 6714//7405 7751//5741 6724//7601
f 7758//7600 7757//7599 7759//5642
f 7757//7599 7750//5638 7759//5642
f 7762//5662 6725//7409 6727//4932
f 7765//5645 6729//4889 6728//5644
f 7763//7602 7765//5645 7766//5647
f 7764//5663 7762//5662 7763//7602
f 7775//7603 7653//5563 7650//5561
f 7775//7603 7650//5561 7778//5651
f 6756//7408 7777//7604 6758//4914
f 7774//5653 7779//5652 7776//7605
f 6760//5655 7780//5657 6761//4919
f 7780//5657 7777//7604 6756//7408
f 7781//5659 7773//5650 7780//5657
f 7778//5651 7773//5650 7781//5659
f 7794//5666 7779//5652 7785//5654
f 7786//5660 7783//5656 6765//7606
f 7788//5658 7780//5657 7783//5656
f 7784//7607 7789//5668 7782//7608
f 7785//5654 7782//7608 7789//5668
f 7764//5663 7790//5661 7786//5660
f 7764//5663 7791//5648 7790//5661
f 7789//5668 7792//5664 7772//5665
f 7764//5663 7763//7602 7766//5647
f 7764//5663 7766//5647 7791//5648
f 7791//5648 7772//5665 7792//5664
f 7957//5789 7789//5668 7772//5665
f 7795//5669 7789//5668 7957//5789
f 7794//5666 7785//5654 7795//5669
f 7794//5666 7795//5669 7796//5670
f 7801//5588 7673//5584 7672//7587
f 7679//5585 7803//5589 7681//5587
f 7800//7609 7672//7587 7779//5652
f 7800//7609 7779//5652 7793//5667
f 7800//7609 7801//5588 7672//7587
f 7793//5667 7806//5679 7800//7609
f 7802//5674 7803//5589 7806//5679
f 7808//5675 7683//5673 7806//5679
f 7797//7610 7806//5679 7958//5671
f 7804//5596 7809//5676 7807//5678
f 7808//5675 7806//5679 7959//5680
f 7808//5675 7975//5681 7809//5676
f 7797//7610 7959//5680 7806//5679
f 7807//5678 7812//7611 7810//7612
f 7691//5594 7813//5682 7693//5598
f 7695//5599 7814//5684 7694//5600
f 7695//5599 7820//5683 7815//5685
f 7815//5685 7817//5690 7814//5684
f 7820//5683 7819//5688 7815//5685
f 7810//7612 7818//5686 7807//5678
f 7977//5687 7820//5683 7810//7612
f 7825//5691 7817//5690 7821//7613
f 8001//5827 7822//5689 7825//5691
f 7819//5688 7977//5687 7976//5810
f 7829//5694 7697//5601 7850//7590
f 7698//5602 7826//7614 7699//5625
f 7829//5694 7827//5696 7698//5602
f 7830//5699 7826//7614 7827//5696
f 7836//5698 7835//5700 7724//5626
f 7834//5697 7838//5703 7839//5705
f 7831//5701 7837//7615 7833//7616
f 7832//5717 7838//5703 7834//5697
f 7834//5697 7839//5705 7828//5695
f 7835//5700 7843//5707 7831//5701
f 6820//7421 7837//7615 6823//7617
f 7841//5708 7837//7615 7831//5701
f 7846//5838 7847//5710 7835//5700
f 7708//5711 7848//5614 7851//5712
f 7710//5613 7849//5714 7709//5616
f 7709//5616 7849//5714 7850//7590
f 7709//5616 7850//7590 7707//5615
f 7853//5713 7710//5613 7851//5712
f 7822//5689 7848//5614 7817//5690
f 7853//5713 7852//5715 7849//5714
f 7849//5714 7852//5715 7832//5717
f 7849//5714 7832//5717 7850//7590
f 7852//5715 7823//5849 7854//5716
f 7838//5703 7832//5717 7854//5716
f 7855//7595 7856//7618 7723//7594
f 7724//5626 7831//5701 7855//7595
f 7859//5719 7754//5724 7744//5635
f 7863//7619 7761//7620 7758//7600
f 7760//5722 7756//5641 7861//5726
f 7759//5642 7863//7619 7758//7600
f 7759//5642 7753//5639 7862//5723
f 7863//7619 7759//5642 7865//5727
f 7751//5741 6845//5740 6724//7601
f 7866//7621 7859//5719 7742//5718
f 7868//7622 7861//5726 7867//5728
f 7862//5723 7760//5722 7868//7622
f 7863//7619 7865//5727 7869//7623
f 7863//7619 7869//7623 7761//7620
f 7864//5725 7872//5730 7867//5728
f 7870//7624 7862//5723 7876//7625
f 7874//5737 7859//5719 7866//7621
f 7871//5729 7754//5724 7874//5737
f 7873//5733 7867//5728 7877//5732
f 7873//5733 7879//5734 7878//7626
f 5948//5738 7866//7621 5933//7269
f 7880//5731 7871//5729 7874//5737
f 7874//5737 7866//7621 5948//5738
f 5951//5850 7886//5739 5948//5738
f 7887//5853 7880//5731 7874//5737
f 7869//7623 7889//7627 7761//7620
f 7892//7628 6869//7449 6871//5030
f 7896//7629 6874//7432 7893//7630
f 7890//5745 7898//5744 7906//5753
f 6877//4998 6876//5743 7890//5745
f 7890//5745 7906//5753 7899//5747
f 7905//5749 6875//5748 6888//7436
f 7903//7631 7907//5751 7906//5753
f 7911//5758 7899//5747 7910//5756
f 7898//5744 7905//5749 7906//5753
f 7909//5750 7906//5753 7907//5751
f 7910//5756 7899//5747 7909//5750
f 7914//7632 7899//5747 7912//5760
f 7921//5757 7909//5750 7920//7633
f 7909//5750 7908//5752 7920//7633
f 7910//5756 7909//5750 7921//5757
f 7911//5758 7921//5757 7922//7634
f 7912//5760 7911//5758 7922//7634
f 7917//7635 7923//7636 7919//7637
f 7925//5864 7921//5757 7919//7637
f 7922//7634 7921//5757 7925//5864
f 7926//5761 7912//5760 7922//7634
f 6915//5019 7929//5770 6916//7448
f 7927//7638 7926//5761 7922//7634
f 7933//5766 7769//5646 7931//5764
f 7933//5766 7771//5649 7770//5767
f 7772//5665 7771//5649 7933//5766
f 7934//5772 7892//7628 7891//5746
f 7945//5790 7772//5665 7943//5768
f 7935//5769 7934//5772 7939//5773
f 7935//5769 7939//5773 7940//5774
f 7929//5770 7935//5769 7940//5774
f 7942//5776 7941//7639 7913//5759
f 7913//5759 7944//7640 7914//7632
f 7913//5759 7941//7639 7944//7640
f 7947//5779 7942//5776 7913//5759
f 7947//5779 7913//5759 7928//5783
f 7947//5779 7928//5783 7948//5780
f 7950//5777 7948//5780 7949//5782
f 7949//5782 7948//5780 7928//5783
f 7955//5881 7951//5781 7953//5784
f 7798//5672 7795//5669 7962//5788
f 7962//5788 7795//5669 7957//5789
f 7799//5792 7959//5680 7797//7610
f 7957//5789 7772//5665 7945//5790
f 7958//5671 7965//5791 7960//5793
f 7962//5788 7945//5790 7961//5794
f 7963//5799 7959//5680 7960//5793
f 7945//5790 7950//5777 7961//5794
f 7965//5791 7968//5795 7964//5796
f 7969//5798 7963//5799 7966//5797
f 7975//5681 7973//5800 7967//5802
f 7968//5795 7951//5781 7952//5786
f 7954//5785 7971//5883 7969//5798
f 7970//5801 7963//5799 7969//5798
f 7973//5800 7970//5801 7972//5803
f 7974//5804 7980//5807 7967//5802
f 7976//5810 7977//5687 7979//5808
f 7982//5813 7976//5810 7985//5811
f 7981//5809 7985//5811 7979//5808
f 7986//5910 8090//5909 7988//5815
f 7988//5815 7982//5813 7987//5812
f 8090//5909 7983//5814 7988//5815
f 7984//5816 7981//5809 7980//5807
f 7995//5821 7992//5817 7994//5820
f 7999//5825 7819//5688 7976//5810
f 7823//5849 8002//5824 8004//5830
f 8003//5826 8001//5827 7983//5814
f 7983//5814 7999//5825 7982//5813
f 8006//5828 8090//5909 7989//5912
f 8008//5829 8003//5826 8006//5828
f 7991//5819 8101//5833 7994//5820
f 8091//5834 8006//5828 7989//5912
f 8012//5837 7847//5710 7846//5838
f 6830//5085 7847//5710 6829//5086
f 7845//5704 8010//5839 7842//5706
f 8012//5837 8011//5842 7847//5710
f 8014//5843 6986//5094 8015//5841
f 8017//5840 7845//5704 8009//5835
f 8013//5836 7846//5838 8010//5839
f 8017//5840 8009//5835 7992//5817
f 6986//5094 8014//5843 6988//7453
f 8017//5840 8016//5844 8010//5839
f 8012//5837 8018//7641 8014//5843
f 8012//5837 7997//5846 8019//7642
f 7995//5821 7993//5823 8017//5840
f 8019//7642 8018//7641 8012//5837
f 8016//5844 7997//5846 8012//5837
f 8019//7642 7998//5847 8018//7641
f 7991//5819 7854//5716 8004//5830
f 7885//7643 7884//5736 8021//7644
f 8021//7644 8026//5865 7885//7643
f 6022//4386 8027//7645 8022//5851
f 8027//7645 6028//4391 8028//5856
f 8028//5856 8024//5854 8023//5852
f 8024//5854 8028//5856 8025//7646
f 8021//7644 8020//7647 8031//5855
f 8026//5865 8021//7644 8031//5855
f 8029//7648 8032//7649 8030//5857
f 8027//7645 6022//4386 6028//4391
f 8033//5870 8026//5865 8031//5855
f 8033//5870 8031//5855 8030//5857
f 8032//7649 8033//5870 8030//5857
f 8029//7648 6028//4391 8035//5858
f 8037//5859 8038//5877 8036//5876
f 6031//4396 8035//5858 6030//4394
f 8037//5859 8032//7649 8035//5858
f 8037//5859 8036//5876 8032//7649
f 8039//5860 8037//5859 6031//4396
f 8038//5877 8037//5859 8040//5862
f 6034//4398 8040//5862 8039//5860
f 8041//5944 8042//5861 6034//4398
f 8026//5865 7924//7650 7885//7643
f 7925//5864 7924//7650 8026//5865
f 8044//5871 8045//5867 7927//7638
f 8044//5871 7927//7638 8043//5863
f 8046//5868 8045//5867 8044//5871
f 8048//5869 8034//5872 8044//5871
f 8049//5874 8046//5868 8034//5872
f 8059//5879 8051//5875 8038//5877
f 8050//5873 8049//5874 8051//5875
f 8040//5862 8052//5880 8038//5877
f 8052//5880 8059//5879 8038//5877
f 8042//5861 8052//5880 8040//5862
f 8061//5878 8052//5880 8053//7651
f 8045//5867 8047//5866 7955//5881
f 8054//5882 7954//5785 7956//5787
f 8047//5866 8050//5873 7956//5787
f 8054//5882 8057//5884 7971//5883
f 8050//5873 8056//5885 8054//5882
f 8059//5879 8056//5885 8051//5875
f 8057//5884 8060//5886 8058//5895
f 8060//5886 8062//5887 8058//5895
f 8055//5890 8066//5894 8065//5891
f 7970//5801 8057//5884 8055//5890
f 7984//5816 8067//5893 7987//5812
f 8057//5884 8058//5895 8055//5890
f 8068//5892 7984//5816 7974//5804
f 8058//5895 8069//5896 8066//5894
f 8068//5892 8069//5896 8067//5893
f 8069//5896 8068//5892 8066//5894
f 8071//5918 8089//5908 8067//5893
f 8073//5897 8070//7652 8069//5896
f 8070//7652 8074//5994 8071//5918
f 8064//5889 8073//5897 8062//5887
f 8073//5897 8074//5994 8070//7652
f 8075//5917 8174//5900 8072//5899
f 8084//5901 8078//7653 8080//5902
f 8081//5906 8087//5905 8086//5936
f 8092//5942 8096//5913 8098//5920
f 8090//5909 8095//5911 7989//5912
f 8091//5834 8096//5913 8092//5942
f 8095//5911 8094//5914 7989//5912
f 8089//5908 8095//5911 7986//5910
f 8092//5942 8098//5920 8097//5916
f 8092//5942 8097//5916 8093//5915
f 8075//5917 8095//5911 8089//5908
f 8099//5919 8096//5913 8094//5914
f 8075//5917 8072//5899 8094//5914
f 8099//5919 8076//5922 8098//5920
f 8097//5916 8082//5903 8080//5902
f 8082//5903 8097//5916 8100//5921
f 8102//5923 7995//5821 7994//5820
f 8019//7642 7997//5846 8106//7654
f 7996//5845 8103//5822 8109//5926
f 8105//5924 8106//7654 8110//7655
f 8102//5923 8108//5932 8103//5822
f 8108//5932 8111//5931 8103//5822
f 8078//7653 8079//5907 8108//5932
f 8115//5937 8113//5927 8116//5930
f 8110//7655 8113//5927 8114//5933
f 8110//7655 8114//5933 7086//5186
f 8088//6007 8116//5930 8085//5935
f 8115//5937 8117//5939 8114//5933
f 8112//5929 8081//5906 8086//5936
f 7095//7656 8117//5939 8182//5938
f 8115//5937 8088//6007 8181//5940
f 8182//5938 7072//5256 7095//7656
f 8093//5915 8007//5832 8091//5834
f 8118//5941 8080//5902 8078//7653
f 8118//5941 8078//7653 8107//5925
f 6103//4465 8120//5946 8119//5943
f 8041//5944 6101//4399 6103//4465
f 6105//4467 6103//4465 6102//4464
f 6105//4467 8120//5946 6103//4465
f 8121//5947 8125//5945 6105//4467
f 6109//4471 8121//5947 6106//4469
f 8123//5950 8122//5948 6109//4471
f 8053//7651 8042//5861 8119//5943
f 8120//5946 8136//5952 8119//5943
f 8127//5953 8126//5951 8125//5945
f 8122//5948 8127//5953 8121//5947
f 8129//6067 8145//5954 8128//5955
f 8124//5949 8145//5954 8122//5948
f 8129//6067 8259//5968 8148//5967
f 8133//5956 8156//5989 8131//5957
f 8137//5959 8064//5889 8063//5888
f 8136//5952 8063//5888 8053//7651
f 8137//5959 8140//7657 8138//5998
f 8138//5998 8140//7657 8141//5963
f 8142//5960 8140//7657 8139//5961
f 8143//6001 8144//5962 8146//5966
f 8144//5962 8147//5964 8146//5966
f 8149//5965 8147//5964 8148//5967
f 8148//5967 8142//5960 8145//5954
f 8131//5957 8146//5966 8150//5969
f 8146//5966 8131//5957 8143//6001
f 8150//5969 8132//5958 8131//5957
f 8150//5969 8146//5966 8149//5965
f 8149//5965 8259//5968 8130//5970
f 8149//5965 8130//5970 8150//5969
f 8180//6003 8154//5971 8152//6013
f 8160//5978 8155//6011 8159//5976
f 8154//5971 8180//6003 8151//5972
f 8158//5973 8151//5972 8153//6000
f 8154//5971 8158//5973 8157//5974
f 8161//5981 8172//5980 8166//5987
f 8170//5991 8165//5979 8276//5985
f 8163//5975 8157//5974 8135//5983
f 8163//5975 8164//5977 8159//5976
f 8168//5984 8135//5983 8134//5990
f 8135//5983 8167//5988 8133//5956
f 8171//5993 8172//5980 8267//5992
f 8276//5985 8164//5977 8168//5984
f 8064//5889 8173//5995 8073//5897
f 8073//5897 8173//5995 8074//5994
f 8077//5898 8177//5999 8076//5922
f 8075//5917 8173//5995 8174//5900
f 8064//5889 8138//5998 8173//5995
f 8076//5922 8177//5999 8175//6015
f 8177//5999 8077//5898 8179//5997
f 8173//5995 8138//5998 8176//5996
f 8177//5999 8151//5972 8175//6015
f 8179//5997 8174//5900 8176//5996
f 8179//5997 8178//6002 8177//5999
f 8144//5962 8176//5996 8141//5963
f 8178//6002 8153//6000 8177//5999
f 8156//5989 8153//6000 8143//6001
f 8086//5936 8187//6012 8185//6005
f 8181//5940 8088//6007 8190//6006
f 8085//5935 8086//5936 8185//6005
f 8184//6004 8083//5904 8183//6008
f 8187//6012 8184//6004 8155//6011
f 8190//6006 8185//6005 8162//5982
f 7168//5262 8188//6010 7174//5264
f 8155//6011 8183//6008 8154//5971
f 8187//6012 8160//5978 8162//5982
f 8188//6010 8186//6009 8189//6014
f 8188//6010 8189//6014 7174//5264
f 8076//5922 8175//6015 8100//5921
f 8082//5903 8175//6015 8180//6003
f 8195//7658 8191//6035 8193//6038
f 8198//7659 8196//6044 8194//7660
f 8202//6024 8206//6023 8203//6027
f 8209//7661 6180//6040 6184//7316
f 8207//6016 8205//6018 8203//6027
f 8123//5950 8215//6030 8124//5949
f 8278//6026 8203//6027 8206//6023
f 8214//6028 8204//6017 8207//6016
f 8123//5950 6109//4471 6187//4522
f 8216//6031 8128//5955 8215//6030
f 8217//6032 8215//6030 8221//6037
f 8191//6035 8218//6033 8217//6032
f 8220//6034 8219//6069 8218//6033
f 8199//6022 6187//4522 6193//6039
f 8200//6019 8217//6032 8221//6037
f 8200//6019 8201//7662 8193//6038
f 8227//6041 8225//6046 8226//6042
f 8227//6041 8222//7663 8225//6046
f 8227//6041 8224//6074 8222//7663
f 8226//6042 8192//6036 8231//6045
f 8228//6051 8232//6047 8243//6049
f 8233//6050 8243//6049 8234//6058
f 8196//6044 8236//7664 8231//6045
f 8230//6055 8241//6048 8232//6047
f 8204//6017 8246//7665 8205//6018
f 8234//6058 8252//6063 8242//6059
f 8234//6058 8243//6049 8252//6063
f 7227//5298 8244//6057 8242//6059
f 8249//7666 8248//7667 8237//6053
f 8249//7666 8246//7665 8245//6065
f 8247//6061 8251//6060 8248//7667
f 8252//6063 8251//6060 8250//6062
f 7226//6064 8252//6063 7225//5300
f 8253//7668 8255//7669 8247//6061
f 8254//7670 8257//7671 8253//7668
f 8213//6092 8245//6065 8208//6029
f 8255//7669 8253//7668 8256//7672
f 8253//7668 8257//7671 8256//7672
f 8216//6031 8258//6068 8128//5955
f 8258//6068 8129//6067 8128//5955
f 8219//6069 8260//6066 8218//6033
f 8260//6066 8258//6068 8216//6031
f 8222//7663 8219//6069 8225//6046
f 8222//7663 8130//5970 8259//5968
f 8192//6036 8225//6046 8220//6034
f 8269//6072 8134//5990 8262//6073
f 8132//5958 8224//6074 8261//6071
f 8132//5958 8261//6071 8133//5956
f 8263//6070 8261//6071 8262//6073
f 8263//6070 8135//5983 8133//5956
f 8224//6074 8264//6076 8261//6071
f 8262//6073 8265//6077 8264//6076
f 8267//5992 8269//6072 8271//6080
f 8262//6073 8264//6076 8268//6078
f 8269//6072 8272//6079 8273//6083
f 8266//7673 8271//6080 7245//6084
f 8234//6058 8272//6079 8233//6050
f 8233//6050 8268//6078 8228//6051
f 8273//6083 8244//6057 7249//7674
f 7251//5315 8274//6081 7247//5316
f 7251//5315 8270//6082 8274//6081
f 7218//5299 7249//7674 8244//6057
f 8130//5970 8224//6074 8132//5958
f 8276//5985 8134//5990 8267//5992
f 8279//6086 8206//6023 8212//6025
f 8278//6026 8282//6089 8207//6016
f 8282//6089 8214//6028 8207//6016
f 8283//6087 8282//6089 8281//2640
f 8279//6086 8212//6025 8277//7675
f 8279//6086 8282//6089 8278//6026
f 8282//6089 8283//6087 8214//6028
f 8284//6096 8210//6020 8209//7661
f 8286//6099 8279//6086 8277//7675
f 8280//6094 8213//6092 8287//6091
f 8280//6094 8288//6093 8307//7676
f 8286//6099 8289//6088 8279//6086
f 8289//6088 8282//6089 8279//6086
f 8283//6087 8290//6090 8213//6092
f 8292//6098 8293//2658 8289//6088
f 8292//6098 8289//6088 8286//6099
f 8296//2652 8290//6090 8294//6100
f 8287//6091 8290//6090 8296//2652
f 8297//2646 8285//6095 8291//6097
f 8297//2646 8286//6099 8285//6095
f 8281//2640 8298//2649 8290//6090
f 8299//7677 8297//2646 8291//6097
f 8293//2658 8301//2655 8281//2640
f 8294//6100 8298//2649 8303//2657
f 8301//2655 8298//2649 8281//2640
f 8299//7677 8305//6824 8297//2646
f 8305//6824 8292//6098 8297//2646
f 8257//7671 8307//7676 8256//7672
f 8307//7676 8257//7671 8280//6094
f 8312//7678 8305//6824 8299//7677
f 8309//2659 8293//2658 8305//6824
f 8308//6826 8306//2653 8309//2659
f 8306//2653 8308//6826 8300//2654
f 8312//7678 8304//6105 8311//6104
f 8312//7678 8313//7679 8305//6824
f 8308//6826 8309//2659 8315//6829
f 8316//6830 8315//6829 8314//2660
f 8304//6105 6223//7326 6236//6102
f 8317//7680 8312//7678 8311//6104
f 8317//7680 8313//7679 8312//7678
f 8321//7681 8317//7680 8311//6104
f 8317//7680 8323//7682 8318//7683
f 7295//6625 8319//6855 7298//6856
f 8327//7684 8326//6858 8317//7680
f 8327//7684 8317//7680 8321//7681
f 8322//6859 8323//7682 8328//6860
f 8326//6858 8323//7682 8317//7680
f 8324//6861 6245//7328 6249//6431
f 8324//6861 8330//6862 8326//6858
f 8329//6863 8330//6862 8334//6864
f 8333//6865 6249//6431 6254//2752
f 8335//2751 7311//6866 7309//6648
f 8//5156 6//6108 2//7685 4//1544
f 16//7686 15//6110 12//6111 13//6113
f 5//6106 7//5157 11//6109
f 16//7686 10//6107 5//6106 15//6110
f 16//7686 13//6113 9//7687 10//6107
f 11//6109 17//6116 14//6115 15//6110
f 22//7688 20//6112 12//6111 21//6117
f 15//6110 19//6114 12//6111
f 26//6118 18//6316 22//7688 27//6119
f 18//6316 20//6112 22//7688
f 30//3 21//6117 19//6114 29//6125
f 30//3 27//6119 22//7688 21//6117
f 34//6320 26//6118 25//6120 33//6123
f 19//6114 28//6122 29//6125
f 23//1545 31//6121 24//1546
f 32//2 44//6132 40//6131 33//6123
f 25//6120 27//6119 33//6123
f 30//3 29//6125 35//6124
f 33//6123 41//6130 34//6320
f 48//7689 41//6130 40//6131 47//6133
f 35//6124 46//5 45//4
f 31//6121 51//6543 50//13 43//6126
f 42//1 49//9 32//2
f 44//6132 32//2 49//9
f 43//6126 50//13 46//5
f 57//6 63//17 53//16 45//4
f 49//9 42//1 53//16
f 56//7690 48//7689 47//6133 55//6134
f 49//9 61//8 52//14 44//6132
f 51//6543 66//1568 60//10 50//13
f 37//6129 56//7690 55//6134 36//6127
f 59//11 64//75 57//6 54//12
f 68//6136 82//31 71//117 70//6158
f 39//6128 99//6139 96//6141 97//43
f 70//6158 192//19 68//6136
f 83//27 78//6138 75//22
f 68//6136 67//18 78//6138
f 82//31 68//6136 83//27
f 72//34 71//117 85//30
f 38//72 98//71 101//6146 102//6140
f 36//6127 99//6139 39//6128
f 108//6145 122//6144 105//41 109//40
f 38//72 96//6141 99//6139
f 105//41 106//6142 100//42
f 101//6146 108//6145 102//6140
f 109//40 96//6141 102//6140 108//6145
f 101//6146 98//71 103//76 107//6155
f 119//6143 118//50 114//49 117//48
f 115//45 117//48 112//46
f 104//44 106//6142 115//45
f 105//41 119//6143 117//48 115//45
f 121//7691 120//54 116//51 118//50
f 122//6144 121//7691 118//50 119//6143
f 101//6146 107//6155 121//7691 122//6144
f 110//6147 120//54 121//7691 107//6155
f 128//6149 131//57 130//61 125//59
f 125//59 76//29 126//53
f 125//59 130//61 87//6150 86//58
f 125//59 126//53 128//6149
f 103//76 61//8 62//7 143//73
f 135//65 145//6153 136//6151
f 141//68 90//35 139//66
f 141//68 140//67 142//69
f 147//77 151//79 146//6152 65//6135
f 64//75 147//77 65//6135
f 110//6147 107//6155 149//6154
f 146//6152 151//79 148//6156
f 133//64 144//74 145//6153 135//65
f 110//6147 149//6154 148//6156 150//6157
f 153//78 152//80 129//56 123//6148
f 148//6156 153//78 150//6157
f 152//80 139//66 90//35 129//56
f 123//6148 150//6157 153//78
f 164//852 165//85 168//92 169//98
f 164//852 158//83 165//85
f 171//84 170//90 277//163 174//161
f 168//92 171//84 174//161 175//99
f 173//94 172//93 177//102 277//163
f 180//106 182//111 186//110 184//197
f 197//6159 201//122 193//118 72//34
f 184//197 155//108 181//107
f 196//119 194//120 70//6158
f 200//128 159//88 199//123 201//122
f 197//6159 88//33 198//126
f 202//124 179//105 181//107 204//127
f 200//128 197//6159 203//125
f 209//134 210//133 182//111 180//106
f 211//6161 212//143 213//136 214//112
f 220//144 212//143 211//6161 221//138
f 215//208 212//143 217//142
f 207//131 179//105 202//124
f 218//6160 206//132 94//37
f 221//138 211//6161 218//6160 219//139
f 220//144 221//138 229//141 222//151
f 252//934 246//931 249//166 258//171
f 228//145 223//6162 224//146
f 142//69 138//70 231//149
f 248//167 251//169 253//175 254//170
f 250//165 257//173 249//166
f 251//169 280//196 241//178 253//175
f 256//172 257//173 264//180 261//245
f 283//6166 188//199 190//114 284//6170
f 155//108 281//183 266//181
f 270//190 271//186 282//187
f 274//189 276//191 271//186
f 284//6170 286//202 285//198 283//6166
f 286//202 284//6170 287//213 290//270
f 289//215 291//6167 287//213 288//212
f 293//7692 290//270 291//6167 292//204
f 310//205 292//204 291//6167 289//215
f 297//207 284//6170 216//135 215//208
f 190//114 216//135 284//6170
f 306//216 288//212 300//214 303//6171
f 297//207 298//6168 301//210
f 298//6168 299//6169 302//211
f 300//214 301//210 303//6171
f 307//217 306//216 303//6171 304//209
f 314//6175 311//219 312//228 313//6173
f 308//218 311//219 295//206
f 317//227 316//221 227//223 228//145
f 299//6169 217//142 226//222
f 226//222 316//221 315//225
f 321//6172 313//6173 312//228 318//226
f 299//6169 315//225 302//211
f 318//226 319//239 320//232
f 323//231 321//6172 320//232 325//229
f 321//6172 323//231 313//6173
f 329//234 322//233 333//244 336//6176
f 326//6174 323//231 451//328
f 341//7693 338//6180 339//6177 340//6178
f 338//6180 337//243 339//6177
f 343//350 342//352 336//6176 337//243
f 338//6180 346//6182 344//6179 337//243
f 348//6181 347//6183 345//355 346//6182
f 348//6181 341//7693 340//6178 349//6184
f 353//7694 255//6163 262//6164 357//247
f 338//6180 341//7693 348//6181
f 358//253 365//255 360//382 355//268
f 357//247 364//251 353//7694
f 364//251 1415//1036 353//7694
f 368//7695 1415//1036 364//251 367//6186
f 358//253 359//269 366//254
f 559//267 378//262 375//261 380//274
f 375//261 372//193 275//188 383//273
f 377//263 379//259 560//266
f 382//6165 260//177 381//176
f 358//253 382//6165 359//269
f 384//201 383//273 275//188 272//200
f 385//271 290//270 293//7692 397//283
f 379//259 276//191 372//193
f 386//277 388//272 384//201
f 386//277 385//271 389//6189
f 389//6189 387//6188 391//6190
f 390//279 391//6190 392//281
f 391//6190 398//282 392//281
f 390//279 392//281 395//278
f 380//274 388//272 393//276
f 294//203 397//283 293//7692 292//204
f 399//284 295//206 296//303 400//286
f 314//6175 419//306 417//302 311//219
f 397//283 398//282 387//6188
f 406//293 407//312 408//296
f 407//312 427//311 422//305 425//308
f 8//5156 7//5157 5//6106 6//6108
f 434//327 433//316 435//318
f 439//326 411//295 429//6191 440//317
f 441//6192 436//321 437//349
f 441//6192 448//6224 447//325 435//318
f 440//317 433//316 434//327
f 442//6193 625//456 448//6224 441//6192
f 441//6192 437//349 444//322
f 446//6222 445//455 447//325
f 420//307 314//6175 326//6174 451//328
f 442//6193 444//322 449//324
f 456//331 327//330 454//6206 459//6196
f 451//328 324//230 452//329
f 327//330 328//235 454//6206
f 328//235 453//6195 454//6206
f 460//6198 457//337 456//331 459//6196
f 460//6198 461//339 458//335 457//337
f 464//7696 461//339 460//6198 463//6199
f 467//336 466//334 456//331 457//337
f 469//6200 477//345 468//344 458//335
f 471//338 472//342 469//6200 458//335
f 464//7696 463//6199 507//7697 474//7698
f 464//7696 474//7698 471//338 461//339
f 475//7699 472//342 471//338 474//7698
f 432//320 431//319 466//334 467//336
f 481//7700 473//340 472//342 475//7699
f 477//345 479//348 478//346
f 475//7699 474//7698 482//7701 483//7702
f 484//7703 485//7704 481//7700 475//7699
f 475//7699 483//7702 484//7703
f 487//6202 438//6194 444//322 486//347
f 484//7703 483//7702 489//6210 490//6209
f 485//7704 484//7703 490//6209 491//1154
f 493//6203 492//351 343//350 344//6179
f 494//7705 493//6203 344//6179 346//6182
f 494//7705 346//6182 345//355
f 495//6204 345//355 347//6183 349//6184
f 498//362 493//6203 494//7705 500//364
f 497//358 492//351 493//6203
f 345//355 499//354 500//364 494//7705
f 350//6185 501//357 453//6195 329//234
f 492//351 501//357 350//6185 342//352
f 453//6195 501//357 502//7706
f 502//7706 501//357 504//356 505//360
f 502//7706 505//360 503//6205 453//6195
f 503//6205 506//6207 462//6197 459//6196
f 505//360 506//6207 503//6205
f 507//7697 463//6199 462//6197 506//6207
f 507//7697 506//6207 511//6212 510//6211
f 482//7701 474//7698 507//7697 510//6211
f 489//6210 483//7702 482//7701 513//367
f 511//6212 506//6207 508//359
f 512//369 504//356 509//361
f 510//6211 513//367 482//7701
f 511//6212 508//359 515//6213 516//365
f 491//1154 490//6209 514//6208 519//1152
f 515//6213 508//359 512//369
f 518//366 489//6210 513//367
f 496//353 523//7707 522//370 499//354
f 516//365 515//6213 521//460
f 515//6213 512//369 520//368
f 528//6235 549//7708 551//394 662//481
f 518//366 524//6227 514//6208
f 366//254 351//372 530//6214 543//384
f 549//7708 528//6235 526//6385
f 540//379 536//393 534//374
f 681//499 536//393 539//500
f 539//500 536//393 540//379
f 546//6386 368//7695 367//6186 549//7708
f 367//6186 551//394 549//7708
f 552//388 545//386 550//385 554//389
f 541//380 547//387 548//395
f 558//392 553//390 543//384 530//6214
f 529//397 552//388 556//398 663//510
f 549//7708 526//6385 546//6386
f 556//398 554//389 555//391
f 565//401 561//6187 380//274 393//276
f 535//376 560//266 559//267 537//497
f 570//6216 700//407 566//403 568//405
f 537//497 561//6187 565//401
f 566//403 563//6215 568//405
f 564//406 563//6215 562//402 394//275
f 576//410 701//419 571//404 573//408
f 595//435 598//6217 603//433 593//430
f 585//417 588//420 577//411
f 599//438 605//443 598//6217 595//435
f 595//435 596//434 599//438
f 605//443 613//447 604//6218 598//6217
f 616//449 620//454 619//7709 607//6219
f 613//447 607//6219 604//6218
f 612//429 607//6219 619//7709
f 447//325 448//6224 623//6223 446//6222
f 597//436 446//6222 623//6223
f 449//324 450//1096 626//6225 625//456
f 626//6225 628//457 625//456
f 628//457 627//442 601//441 624//458
f 600//437 623//6223 624//458
f 629//6226 630//1260 627//442 628//457
f 600//437 624//458 601//441
f 637//6228 639//468 640//6229 519//1152
f 514//6208 524//6227 519//1152
f 633//464 520//368 525//371
f 525//371 517//363 634//467
f 637//6228 631//459 635//462
f 524//6227 631//459 637//6228
f 641//465 632//461 636//463 644//476
f 523//7707 646//7710 645//473 522//370
f 643//469 641//465 647//471 648//470
f 643//469 648//470 649//6409 640//6229
f 644//476 650//472 647//471 641//465
f 654//6408 649//6409 648//470 653//6230
f 653//6230 648//470 650//472
f 655//477 652//6231 650//472 644//476
f 656//479 651//474 645//473 646//7710
f 653//6230 658//6233 659//6240 654//6408
f 660//480 757//6232 655//477 651//474
f 661//7711 526//6385 528//6235 664//6234
f 668//483 529//397 663//510 667//6237
f 662//481 665//482 666//485
f 664//6234 670//6236 669//7712 661//7711
f 676//491 669//7712 670//6236 672//484
f 667//6237 675//513 671//489
f 677//486 665//482 668//483 680//492
f 688//505 690//504 685//496 683//495
f 686//6238 687//502 694//508 778//6247
f 683//495 684//515 688//505
f 685//496 690//504 689//501
f 682//498 685//496 689//501
f 693//512 686//6238 778//6247
f 691//506 816//507 687//502 689//501
f 681//499 699//511 557//399 558//392
f 696//584 816//507 691//506
f 818//591 692//514 698//520
f 715//528 716//533 721//539 720//538
f 700//407 570//6216 703//518
f 702//532 708//541 707//522
f 718//531 588//420 717//529
f 732//545 731//547 734//544 727//562
f 708//541 718//531 719//536
f 722//535 720//538 725//537
f 739//554 736//558 735//550 731//547
f 732//545 727//562 730//546
f 736//558 743//557 742//6239 735//550
f 749//7713 747//563 612//429 619//7709
f 620//454 748//565 749//7713 619//7709
f 748//565 747//563 749//7713
f 751//7714 750//560 621//448 622//6221
f 748//565 728//564 752//561 747//563
f 730//546 748//565 753//7715 754//1358
f 748//565 750//560 753//7715
f 756//6241 652//6231 762//7716 759//7717
f 652//6231 756//6241 658//6233
f 660//480 657//478 758//6640
f 757//6232 660//480 760//6244 761//6243
f 757//6232 761//6243 762//7716 652//6231
f 758//6640 763//6242 760//6244 660//480
f 762//7716 761//6243 765//7718 766//7719
f 762//7716 766//7719 764//7720 759//7717
f 763//6242 767//2003 765//7718 761//6243
f 766//7719 765//7718 768//7721 769//7722
f 770//6245 769//7722 768//7721 767//2003
f 768//7721 765//7718 767//2003
f 675//513 693//512 777//570 678//487
f 771//7723 769//7722 770//6245
f 673//488 784//571 679//494
f 796//6437 793//6252 792//572 795//7724
f 786//6248 784//571 801//574
f 791//6249 790//6251 797//579 798//578
f 797//579 790//6251 786//6248 801//574
f 795//7724 792//572 799//576
f 788//577 799//576 792//572
f 806//7725 804//7726 805//6258 807//6254
f 803//6246 794//6253 802//6255
f 796//6437 795//7724 807//6254 794//6253
f 805//6258 802//6255 807//6254
f 795//7724 809//6256 806//7725 807//6254
f 799//576 798//578 809//6256 795//7724
f 775//6257 805//6258 804//7726 810//667
f 802//6255 776//636 803//6246
f 804//7726 812//583 811//640 810//667
f 775//6257 776//636 802//6255
f 813//581 812//583 806//7725 809//6256
f 806//7725 812//583 804//7726
f 808//580 813//581 797//579
f 742//6239 845//6263 741//555 733//551
f 830//597 828//6261 836//685
f 825//603 841//610 833//619
f 743//557 842//6262 845//6263 742//6239
f 745//556 846//607 842//6262 743//557
f 845//6263 848//604 741//555
f 859//620 858//615 852//611 855//613
f 849//614 845//6263 842//6262
f 850//612 853//6264 856//616
f 863//6265 862//6268 861//6266 856//616
f 860//617 866//6271 865//6267 859//620
f 857//618 854//609 858//615
f 861//6266 867//6270 866//6271 860//617
f 864//621 872//6293 871//623 858//615
f 861//6266 862//6268 867//6270
f 867//6270 870//6274 869//7727
f 867//6270 868//6269 870//6274
f 857//618 871//623 839//622
f 865//6267 873//6273 872//6293 864//621
f 869//7727 874//6272 866//6271 867//6270
f 865//6267 866//6271 873//6273
f 873//6273 874//6272 993//7728
f 995//704 874//6272 869//7727 875//705
f 876//6276 875//705 869//7727 870//6274
f 875//705 876//6276 879//706 878//703
f 880//7729 879//706 876//6276 877//6275
f 887//6277 886//6280 885//6279 888//6464
f 888//6464 883//6463 882//624 887//6277
f 893//6281 892//6278 904//7730 891//7731
f 887//6277 882//624 889//626
f 895//629 892//6278 889//626 896//627
f 892//6278 893//6281 886//6280
f 901//7732 900//7733 898//7734 899//7735
f 904//7730 903//6283 900//7733 901//7732
f 904//7730 901//7732 890//7736 891//7731
f 906//6282 905//632 902//6284 903//6283
f 906//6282 903//6283 904//7730 892//6278
f 905//632 906//6282 895//629 894//628
f 908//3044 899//7735 898//7734 909//3048
f 910//3049 909//3048 900//7733 903//6283
f 897//7737 899//7735 908//3044
f 898//7734 900//7733 909//3048
f 911//631 894//628 939//653 913//3057
f 902//6284 905//632 910//3049
f 776//636 775//6257 916//638 917//634
f 914//637 919//639 920//7738 915//635
f 919//639 924//646 923//6285 920//7738
f 916//638 914//637 917//634
f 922//648 927//647 884//625 882//624
f 922//648 882//624 883//6463 923//6285
f 896//627 889//626 884//625 927//647
f 927//647 925//643 930//649 896//627
f 931//651 930//649 929//6286 932//652
f 934//654 896//627 930//649 936//657
f 935//656 939//653 934//654 936//657
f 931//651 937//650 936//657
f 933//676 938//675 937//650
f 942//3059 913//3057 939//653 940//655
f 944//660 782//589 948//679 947//661
f 948//679 952//666 949//663 947//661
f 812//583 955//669 921//641 811//640
f 957//582 813//581 808//580 956//6287
f 957//582 955//669 812//583
f 958//6288 814//6259 781//568 943//670
f 958//6288 960//671 956//6287
f 959//668 961//673 932//652 929//6286
f 976//693 837//599 973//687 977//694
f 959//668 956//6287 961//673
f 960//671 958//6288 943//670
f 822//587 821//586 965//682
f 823//590 817//6260 966//3098
f 971//3082 951//678 967//677
f 837//599 835//600 973//687
f 978//696 984//691 827//598 830//597
f 973//687 974//699 977//694
f 983//700 980//698 979//692 982//701
f 836//685 975//684 981//695
f 993//7728 992//6294 872//6293 873//6273
f 871//623 872//6293 990//6292
f 990//6292 992//6294 991//710
f 992//6294 993//7728 994//6296 1001//714
f 994//6296 993//7728 874//6272 995//704
f 879//706 880//7729 999//1522 998//707
f 995//704 878//703 997//717
f 986//6291 990//6292 991//710 1006//709
f 974//699 839//622 986//6291
f 1001//714 1000//712 991//710 992//6294
f 1003//713 1001//714 994//6296 1004//716
f 1001//714 1002//711 1000//712
f 977//694 986//6291 1006//709 987//6289
f 1004//716 996//6295 997//717
f 878//703 1005//6297 997//717
f 1011//723 1015//724 988//702 1014//718
f 1007//708 991//710 1000//712
f 1002//711 1008//720 1010//719
f 1015//724 1011//723 1012//722 1016//726
f 1009//715 997//717 1005//6297 1021//732
f 1021//732 1005//6297 998//707 1022//730
f 1022//730 1020//729 1024//6302 1023//6299
f 1022//730 1023//6299 1021//732
f 1026//733 1023//6299 1028//6301 1027//735
f 1036//6304 1029//6300 1038//6307 1037//746
f 1041//6305 1032//738 1033//736 1034//740
f 1012//722 1039//737 1016//726
f 1032//738 1031//734 1033//736
f 1037//746 1042//741 1035//739 1036//6304
f 1019//6298 1043//742 1040//6306 1046//3136
f 1040//6306 1032//738 1041//6305
f 1019//6298 1017//727 1043//742
f 1054//7739 1042//741 1049//747 1050//7740
f 1040//6306 1044//745 1046//3136
f 1052//749 1045//743 1048//748 1053//751
f 1053//751 1048//748 1042//741 1054//7739
f 1055//754 1053//751 1054//7739 1056//7741
f 1051//7742 1056//7741 1054//7739 1050//7740
f 1057//752 1055//754 1056//7741 1058//7743
f 1055//754 1061//753 1060//750 1053//751
f 1062//7744 1061//753 1057//752 1058//7743
f 1063//3162 1061//753 1062//7744 1064//3163
f 1059//7745 1064//3163 1062//7744 1058//7743
f 1067//6722 4//1544 2//7685 1066//7746
f 1069//7747 1066//7746 2//7685 6//6108
f 1//7748 4//1544 1067//6722
f 1071//7749 1067//6722 1066//7746 1069//7747
f 1071//7749 1069//7747 1070//7750 1072//2280
f 1068//2279 1067//6722 1071//7749 1072//2280
f 1074//6310 10//6107 9//7687 1073//7751
f 1069//7747 6//6108 10//6107 1074//6310
f 1070//7750 1069//7747 1074//6310 1075//6309
f 1076//6315 1073//7751 9//7687 13//6113
f 1070//7750 1075//6309 1072//2280
f 1078//6308 1074//6310 1073//7751 1076//6315
f 1078//6308 1076//6315 1077//6314 1075//6309
f 1082//6313 20//6112 18//6316 1081//6318
f 1076//6315 13//6113 20//6112 1082//6313
f 1075//6309 1083//7752 1084//759 1079//6312
f 1077//6314 1083//7752 1075//6309
f 1085//7753 1080//6311 1079//6312 1084//759
f 1088//6319 1082//6313 1081//6318 1086//6317
f 1088//6319 1086//6317 1087//757 1077//6314
f 1086//6317 18//6316 26//6118 1091//755
f 1084//759 1089//758 1085//7753
f 1083//7752 1077//6314 1093//764 1094//765
f 1095//760 1084//759 1083//7752 1094//765
f 1090//761 1095//760 1098//767 1099//2295
f 34//6320 41//6130 1103//769 1091//755
f 37//6129 39//6128 1100//6324
f 1096//762 1091//755 1103//769 1104//768
f 1104//768 1106//770 1107//776 1108//771
f 1108//771 1109//777 1110//772 1097//763
f 1105//766 1094//765 1110//772 1111//779
f 1103//769 41//6130 48//7689 1113//773
f 1105//766 1111//779 1098//767
f 1113//773 48//7689 56//7690 1119//781
f 1116//784 1098//767 1111//779
f 1098//767 1116//784 1117//6322
f 1113//773 1119//781 1120//780 1114//774
f 1118//775 1128//6323 1115//6321 1107//776
f 1101//782 1124//6325 1118//775 1120//780
f 1121//778 1125//819 1122//818 1111//779
f 1119//781 56//7690 37//6129 1100//6324
f 1132//7754 67//18 69//20 1133//6355
f 1128//6323 1118//775 1124//6325
f 1132//7754 1133//6355 1241//873 1135//6328
f 1137//798 74//23 1145//786 1138//806
f 79//6137 78//6138 1143//7755 1144//787
f 1139//788 1141//790 1140//807
f 1144//787 1143//7755 1148//6329 1145//786
f 1143//7755 78//6138 67//18 1132//7754
f 79//6137 1144//787 74//23
f 1143//7755 1132//7754 1135//6328 1148//6329
f 1135//6328 1134//862 1149//6330 1148//6329
f 1147//795 1151//794 1155//895 1152//6332
f 1149//6330 1150//789 1148//6329
f 1101//782 1100//6324 1157//6331 1158//6334
f 1157//6331 1160//6333 1161//7756 1158//6334
f 1159//6349 1102//6326 1162//6339 1164//6341
f 1162//6339 1158//6334 1161//7756
f 1162//6339 1102//6326 1158//6334
f 1163//6338 1164//6341 1162//6339
f 106//6142 104//44 1165//797 1166//799
f 1168//6335 100//42 106//6142 1166//799
f 1168//6335 1167//802 1170//6337 1160//6333
f 1162//6339 1161//7756 1170//6337 1169//6336
f 1170//6337 1161//7756 1160//6333
f 1165//797 1137//798 1138//806 1175//800
f 1171//6344 1172//6340 1163//6338
f 1176//801 1174//804 1178//803 1167//802
f 1177//6342 1174//804 1183//808
f 1179//805 1177//6342 1184//7757 1180//6345
f 1178//803 1169//6336 1167//802
f 1178//803 1179//805 1181//6343 1169//6336
f 1183//808 1141//790 1142//792 1184//7757
f 1181//6343 1163//6338 1169//6336
f 1179//805 1171//6344 1181//6343
f 1180//6345 1173//6346 1171//6344
f 1184//7757 1185//809 1186//7758 1180//6345
f 1184//7757 1177//6342 1183//808
f 1184//7757 1142//792 1188//6348 1185//809
f 1186//7758 1182//6347 1180//6345
f 1187//812 1182//6347 1186//7758
f 1147//795 1188//6348 1142//792
f 1186//7758 1185//809 1190//811 1187//812
f 1159//6349 1164//6341 1200//826 1129//825
f 1152//6332 1189//810 1188//6348
f 1156//817 1192//814 1152//6332
f 1209//833 1202//6350 1206//828 1208//6354
f 1130//6327 1198//824 1201//827
f 1201//827 1125//819 1130//6327
f 1173//6346 1200//826 1172//6340
f 1205//829 1206//828 1201//827
f 1182//6347 1204//6351 1173//6346
f 1208//6354 1206//828 1207//830
f 1191//813 1208//6354 1207//830 1211//6353
f 1213//832 1292//837 1217//840 1214//834
f 1208//6354 1191//813 1215//835
f 1218//843 1220//842 1223//844 1219//875
f 1133//6355 69//20 191//116 1236//6356
f 1226//856 1234//955 1228//859
f 1232//857 1227//845 1229//853
f 1325//858 1233//854 1230//850
f 157//81 1240//874 1236//6356 191//116
f 1242//868 1134//862 1241//873
f 1239//872 1248//871 1250//879 1266//6357
f 1218//843 1240//874 157//81
f 1219//875 1240//874 1218//843
f 1252//880 1257//861 1235//888 1258//882
f 1224//847 1245//876 1221//846
f 1222//849 1225//848 1251//877
f 1254//881 1253//900 1250//879
f 1252//880 1254//881 1250//879
f 1267//894 1266//6357 1271//901 1269//899
f 1267//894 1156//817 1155//895
f 1269//899 1268//897 1267//894
f 1281//909 1277//905 1276//889 1280//907
f 1269//899 1271//901 1272//904
f 1276//889 1277//905 1274//903
f 1279//908 1288//917 1278//906
f 1287//916 1288//917 1289//924 1294//920
f 1232//857 1229//853 1302//928 1303//957
f 1290//918 1373//919 1291//6359
f 1305//933 1310//932 1308//942 1302//928
f 244//100 1305//933 1301//927
f 1310//932 252//934 255//6163 1314//947
f 1309//935 1303//957 1302//928
f 1314//947 1319//949 1308//942 1310//932
f 1304//937 1311//930 1317//950 1318//944
f 1319//949 1408//948 1406//6364 1315//943
f 1315//943 1320//951 1316//936
f 1326//855 1304//937 1307//939 1327//956
f 1327//956 1234//955 1326//855
f 1235//888 1331//959 1332//961 1339//891
f 1307//939 1329//940 1327//956
f 1341//972 1262//890 1264//893 1340//971
f 1333//960 1331//959 1330//958
f 1342//964 1334//968 1343//970
f 1345//973 1340//971 1343//970 1344//974
f 1345//973 1344//974 1336//967 1442//977
f 1346//978 1349//980 1348//6361
f 1353//1061 1349//980 1350//979 1352//7759
f 1355//989 1348//6361 1349//980 1353//1061
f 1356//981 1280//907 1262//890 1341//972
f 1361//988 1359//6360 1357//983 1360//984
f 1373//919 1358//982 1359//6360 1375//987
f 1359//6360 1361//988 1375//987
f 1346//978 1348//6361 1360//984
f 1370//1100 1369//1099 1366//994
f 1375//987 1362//986 1376//1010 1374//995
f 1383//6362 1380//999 1382//1000 1381//1002
f 1368//1003 1381//1002 1382//1000 1369//1099
f 1374//995 1299//1011 1300//6358 1291//6359
f 1368//1003 1371//1098 1387//1004
f 1368//1003 1387//1004 1384//1001
f 1395//1013 1380//999 1383//6362 1399//1018
f 1403//1020 1400//1017 1399//1018 1402//6363
f 1399//1018 1396//1014 1395//1013
f 1399//1018 1386//1023 1402//6363
f 1407//1025 1314//947 255//6163 353//7694
f 1386//1023 1390//1008 1391//1024
f 1406//6364 1412//1032 1410//1031 1320//951
f 1416//1026 1423//1037 1420//6365 1412//1032
f 353//7694 1415//1036 1407//1025
f 1410//1031 1419//1038 1409//1027
f 1591//1048 1592//1191 1434//1045 1435//1049
f 368//7695 1422//1177 1415//1036
f 1411//1030 1414//1035 1426//1040
f 1434//1045 1604//1200 1436//1046
f 1437//1052 1438//1051 1605//7760 1439//1198
f 1445//1059 1338//969 1437//1052 1439//1198
f 1447//1058 1451//1057 1443//1055 1618//1207
f 1450//1056 1447//1058 1446//1208 1454//1063
f 1451//1057 1352//7759 1350//979 1443//1055
f 1353//1061 1352//7759 1451//1057 1450//1056
f 1453//1065 1367//992 1354//993 1452//1062
f 438//6194 1473//1091 1478//1090 443//323
f 1457//1068 1456//1066 1462//1070
f 1467//1078 1465//1110 1466//1076
f 1472//1082 1512//1133 1467//1078
f 1467//1078 1471//1085 1472//1082
f 1470//1079 1512//1133 1472//1082
f 1469//1077 1474//1083 1471//1085
f 1511//6369 1503//1121 1509//6368 1510//6376
f 1475//1087 1471//1085 1483//1092
f 1484//1093 1486//1088 1476//1094
f 1487//1105 1488//1097 1455//1064
f 1490//1102 1491//1104 1489//1103
f 1468//1111 1461//1075 1474//1083
f 1514//1123 1506//6367 1500//1115
f 1508//1120 1502//1118 1506//6367
f 1501//1113 1506//6367 1502//1118
f 1514//1123 1465//1110 1467//1078 1513//1124
f 1505//1126 1519//1127 1507//1132 1508//1120
f 1517//1128 1519//1127 1505//1126
f 1516//1122 1505//1126 1506//6367
f 1520//1131 470//341 473//340 1522//6371
f 1523//6373 1521//1130 1520//1131 1522//6371
f 1524//6370 1507//1132 1521//1130 1523//6373
f 1525//7761 1526//7762 1524//6370 1523//6373
f 1510//6376 1509//6368 1524//6370 1526//7762
f 1529//1134 1527//1136 478//346 479//348
f 1513//1124 1467//1078 1512//1133
f 1528//1135 1517//1128 1535//1081
f 480//6201 1520//1131 1518//1129 1529//1134
f 480//6201 470//341 1520//1131
f 1522//6371 473//340 481//7700 1530//6372
f 485//7704 1531//6374 1530//6372 481//7700
f 1523//6373 1530//6372 1525//7761
f 1532//6375 1533//7763 1525//7761 1530//6372
f 1534//6379 1526//7762 1525//7761 1533//7763
f 485//7704 491//1154 1537//1153 1531//6374
f 1536//1137 487//6202 488//1138
f 478//346 1527//1136 488//1138
f 1532//6375 1531//6374 1537//1153 1538//1162
f 1539//1156 1533//7763 1532//6375 1538//1162
f 1543//1140 1504//1119 1511//6369 1547//1144
f 1387//1004 1371//1098 1540//1101
f 1388//1005 1496//1114 1389//1007
f 1543//1140 1544//1143 1498//1141
f 1552//7764 1548//6377 1544//1143 1547//1144
f 1551//6381 1510//6376 1526//7762 1534//6379
f 1552//7764 1547//1144 1510//6376 1551//6381
f 1555//1170 1550//1149 1559//1150 1560//6396
f 1552//7764 1551//6381 1553//6382
f 1552//7764 1553//6382 1548//6377
f 1548//6377 1553//6382 1554//6378
f 1548//6377 1554//6378 1545//1142
f 1553//6382 1556//6380 1557//1159
f 1558//1158 1549//1146 1554//6378
f 1558//1158 1563//1147 1549//1146
f 1561//1155 1534//6379 1533//7763 1539//1156
f 1568//1163 1538//1162 1537//1153 1567//1161
f 1556//6380 1562//1164 1557//1159
f 1566//1151 1563//1147 1569//1160 1675//1165
f 1422//1177 368//7695 546//6386 1581//6384
f 1574//1171 1581//6384 526//6385
f 1579//1178 1583//1183 1420//6365
f 1579//1178 1422//1177 1581//6384 1582//1182
f 1439//1198 1605//7760 1607//1201 1614//1199
f 1576//1039 1585//1185 1584//1179
f 1593//1189 1578//1176 1587//1181
f 1596//6388 1587//1181 1590//1188
f 1607//1201 1605//7760 1438//1051 1608//1202
f 1598//1192 1438//1051 1604//1200
f 1610//1205 1606//7765 1440//1060 1612//6391
f 1611//1203 1608//1202 1598//1192 1601//1196
f 1736//1206 1610//1205 1612//6391 1616//1300
f 1623//1204 1736//1206 1615//1305 1613//1213
f 1443//1055 1440//1060 1606//7765 1618//1207
f 1623//1204 1622//1212 1446//1208 1447//1058
f 1627//1211 1624//1214 1620//1245 1621//1210
f 1623//1204 1618//1207 1606//7765 1610//1205
f 1633//1219 1629//1217 1631//1218 1775//1340
f 1625//1209 1629//1217 1627//1211
f 1626//6392 1624//1214 1627//1211
f 1642//1229 1636//6394 1635//1250 1640//1227
f 1632//6424 1626//6392 1633//1219
f 1644//1233 1653//1232 1648//1238 1643//1261
f 1636//6394 1642//1229 1639//1257
f 1659//6393 1661//1243 1656//1241 1649//1235
f 1647//1224 1641//1223 1651//1230
f 602//446 1643//1261 611//445
f 1652//1237 610//451 615//450
f 606//444 1648//1238 615//450
f 1635//1250 1449//1112 1461//1075 1464//1074
f 618//453 610//451 1652//1237
f 614//452 1657//1242 617//6220
f 1481//1253 1482//1084 1449//1112 1635//1250
f 450//1096 1485//1095 1670//1259 626//6225
f 1486//1088 1484//1093 1670//1259 1485//1095
f 1670//1259 1671//1258 629//6226 626//6225
f 1637//1225 1668//1254 1638//1226
f 629//6226 1671//1258 1673//6395 630//1260
f 1644//1233 1673//6395 1671//1258 1672//1256
f 1565//6383 1561//1155 1564//1157 1674//6400
f 1674//6400 1564//1157 1568//1163 1676//6399
f 1681//6397 1567//1161 519//1152
f 1679//1262 1562//1164 1677//1266 1678//6401
f 1677//1266 1562//1164 1565//6383
f 519//1152 640//6229 1684//6402 1681//6397
f 1682//1264 1675//1165 1679//1262
f 1690//6410 1683//6398 1680//1263 1687//1265
f 1685//6403 1676//6399 1686//6404
f 1684//6402 640//6229 649//6409 1691//6406
f 1677//1266 1689//1270 1678//6401
f 1689//1270 1682//1264 1678//6401
f 1692//1267 1686//6404 1695//6407 1696//1269
f 1697//6411 1698//1271 1693//1268 1696//1269
f 1700//6427 1691//6406 654//6408 659//6240
f 1696//1269 1691//6406 1700//6427 1701//6412
f 1574//1171 526//6385 661//7711 1705//6413
f 1705//6413 661//7711 669//7712 1709//6414
f 1706//1277 1708//1280 1575//1187
f 1709//6414 669//7712 676//491 1715//6415
f 1709//6414 1710//1275 1705//6413
f 1711//1278 1714//1281 1708//1280
f 1708//1280 1712//1279 1721//1289 1589//1186
f 1589//1186 1721//1289 1588//1184
f 1723//6421 1601//1196 1603//1197 1722//6420
f 1603//1197 1726//1194 1728//6418 1731//6419
f 1722//6420 1729//1308 1723//6421
f 1734//1293 1729//1308 1731//6419 1849//1379
f 1603//1197 1731//6419 1722//6420
f 1759//1327 1765//6423 1761//1322 1762//1320
f 1611//1203 1723//6421 1739//1299
f 1729//1308 1739//1299 1723//6421
f 1738//1304 1743//1310 1744//1314
f 1747//1315 1750//1309 1742//1307
f 1759//1327 1762//1320 1760//1325
f 1759//1327 1764//1326 1771//1335 1765//6423
f 1774//1333 746//559 744//553 1772//1330
f 1772//1330 744//553 740//552
f 737//549 1767//1331 740//552
f 1768//1332 1765//6423 1773//1336
f 1781//1342 1779//1341 1746//1313 1860//1347
f 1786//6425 751//7714 622//6221 1662//1244
f 1754//6422 1860//1347 1746//1313
f 1659//6393 1785//1351 1661//1243
f 750//560 751//7714 1786//6425
f 1788//1354 753//7715 750//560 1786//6425
f 1757//1321 1763//1324 1787//1352 1785//1351
f 1789//1355 754//1358 753//7715 1788//1354
f 756//6241 1792//7766 1791//6426 659//6240
f 1701//6412 1700//6427 1791//6426 1792//7766
f 1793//7767 1697//6411 1701//6412 1792//7766
f 1794//6428 1698//1271 1697//6411 1793//7767
f 756//6241 759//7717 1795//7768 1792//7766
f 1796//7769 1793//7767 1792//7766 1795//7768
f 1794//6428 1793//7767 1796//7769 1797//7770
f 1799//7771 1795//7768 759//7717 764//7720
f 1794//6428 1797//7770 1702//1273
f 1702//1273 1797//7770 1798//6429
f 766//7719 1800//7772 1799//7771 764//7720
f 1796//7769 1795//7768 1799//7771 1800//7772
f 1801//6432 1797//7770 1796//7769 1800//7772
f 1798//6429 1797//7770 1801//6432 1802//6431
f 1803//7773 1800//7772 766//7719 769//7722
f 1804//6430 1801//6432 1800//7772 1803//7773
f 1805//7774 1803//7773 769//7722 771//7723
f 770//6245 1806//2753 1805//7774 771//7723
f 1804//6430 1803//7773 1805//7774 1806//2753
f 1807//2752 1802//6431 1804//6430 1806//2753
f 1828//6442 803//6246 774//633 1808//6479
f 1720//1283 1812//1285 1819//1362 1820//6438
f 1808//6479 1809//6478 1828//6442
f 1720//1283 1814//1359 1714//1281
f 1811//6434 1817//6435 1818//1361 1815//1360
f 1814//1359 1720//1283 1820//6438 1816//1363
f 1823//6436 1817//6435 793//6252 796//6437
f 787//573 793//6252 1817//6435
f 1818//1361 1817//6435 1823//6436 1824//1368
f 1819//1362 1825//1367 1826//6439 1820//6438
f 1824//1368 1825//1367 1818//1361
f 1818//1361 1825//1367 1819//1362
f 1830//6441 794//6253 803//6246 1828//6442
f 1830//6441 1829//6440 1833//7775 1823//6436
f 794//6253 1830//6441 1823//6436
f 1833//7775 1829//6440 1831//6444 1834//6443
f 1833//7775 1824//1368 1823//6436
f 1834//6443 1832//1372 1835//1369 1824//1368
f 1833//7775 1834//6443 1824//1368
f 1826//6439 1835//1369 1836//1374 1821//1370
f 1816//1363 1837//1371 1843//6445 1827//1366
f 1831//6444 1810//1455 1838//1456 1832//1372
f 1809//6478 1829//6440 1828//6442
f 1810//1455 1829//6440 1809//6478
f 1810//1455 1831//6444 1829//6440
f 1832//1372 1838//1456 1839//1459 1840//1373
f 1836//1374 1841//1375 1842//1461 1837//1371
f 1841//1375 1835//1369 1840//1373
f 1848//1381 1851//1297 1845//1376 1847//1377
f 1853//1380 1733//1298 1851//1297
f 1855//1386 1856//1383 1849//1379
f 1854//1384 1850//1392 1735//1294
f 1858//1389 1750//1309 1747//1315 1850//1392
f 1866//1421 1860//1347 1754//6422 1865//1397
f 1867//1395 1858//1389 1863//1393 1872//1492
f 1850//1392 1854//1384 1863//1393
f 1859//6446 1868//6447 1861//1391
f 1862//1400 1861//1391 1868//6447
f 1872//1492 1863//1393 1854//1384
f 1886//1407 847//605 843//608 1881//1404
f 1881//1404 843//608 844//1403
f 746//559 1774//1333 844//1403
f 1883//1408 1882//1405 1769//1349
f 1884//1411 1880//1337 1878//1406
f 1882//1405 1887//1410 1878//1406 1879//1334
f 1885//6448 851//606 847//605 1886//1407
f 1889//6450 1894//1416 1897//6452 1892//6449
f 1887//1410 1882//1405 1888//1414
f 1891//6451 1887//1410 1895//7776
f 1887//1410 1888//1414 1895//7776
f 1888//1414 1893//1412 1895//7776
f 1892//6449 1896//6453 862//6268 863//6265
f 1900//1420 1893//1412 1890//1413 1898//1422
f 863//6265 853//6264 1892//6449
f 1901//1417 1894//1416 1891//6451 1902//7777
f 1895//7776 1899//1419 1902//7777 1891//6451
f 1895//7776 1893//1412 1900//1420 1899//1419
f 1896//6453 1903//6454 868//6269 862//6268
f 1905//1415 1904//6455 1897//6452 1894//1416
f 1904//6455 1896//6453 1897//6452
f 1906//7778 870//6274 868//6269 1903//6454
f 1906//7778 1903//6454 1904//6455 1907//6460
f 1910//7779 1909//6456 1902//7777 1899//1419
f 1909//6456 1901//1417 1902//7777
f 1905//1415 1911//6458 1907//6460 1904//6455
f 1899//1419 1908//1418 1910//7779
f 1905//1415 1901//1417 1909//6456 1911//6458
f 1913//7780 877//6275 870//6274 1906//7778
f 1914//6459 1913//7780 1906//7778 1907//6460
f 1916//1505 1915//1504 1907//6460 1911//6458
f 1917//6495 880//7729 877//6275 1913//7780
f 1917//6495 1913//7780 1914//6459 1918//1502
f 1919//1500 1918//1502 1914//6459 1915//1504
f 888//6464 885//6279 1927//6461 1922//1423
f 1922//1423 1927//6461 1928//6469 1929//1426
f 1925//6465 1924//1425 1923//1424 1929//1426
f 1932//6468 891//7731 890//7736 1931//7781
f 891//7731 1932//6468 1934//6467 893//6281
f 1934//6467 1926//6462 885//6279 893//6281
f 1928//6469 1927//6461 1926//6462 1934//6467
f 1930//1428 1929//1426 1928//6469 1933//6466
f 1935//6475 1936//1429 1933//6466
f 897//7737 1939//7782 1940//7783 899//7735
f 901//7732 899//7735 1940//7783 1942//6473
f 1942//6473 1931//7781 890//7736 901//7732
f 1942//6473 1940//7783 1941//6476 1943//6471
f 1944//6472 1932//6468 1931//7781 1942//6473
f 1933//6466 1932//6468 1944//6472 1943//6471
f 1946//1431 1936//1429 1935//6475 1945//6474
f 1933//6466 1943//6471 1935//6475
f 897//7737 908//3044 1947//7158 1939//7782
f 1946//1431 1937//6470 1936//1429
f 881//7784 1947//7158 908//3044
f 1941//6476 1940//7783 1939//7782 1947//7158
f 1941//6476 1947//7158 1948//3766 1949//3765
f 1945//6474 1950//6477 1951//3768 1946//1431
f 1943//6471 1949//3765 1950//6477
f 915//635 1954//1433 1808//6479 774//633
f 920//7738 1958//1436 1954//1433 915//635
f 1956//1435 1955//1434 1963//6480 1810//1455
f 923//6285 1960//1438 1958//1436 920//7738
f 1964//1441 1839//1459 1957//1442
f 1963//6480 1955//1434 1959//1437 1962//1440
f 1963//6480 1965//6481 1966//1443 1957//1442
f 883//6463 1922//1423 1960//1438 923//6285
f 1967//1445 1964//1441 1966//1443
f 1965//6481 1962//1440 1961//1439 1924//1425
f 1967//1445 1972//1448 1969//6482 1968//1444
f 1965//6481 1925//6465 1966//1443
f 1925//6465 1930//1428 1971//1446 1966//1443
f 1979//1452 1978//1454 1953//1430 1981//6484
f 1975//1453 1973//1450 1972//1448
f 1973//1450 1970//1468 1969//6482
f 1938//1427 1974//1447 1971//1446
f 1974//1447 1975//1453 1972//1448
f 1937//6470 1946//1431 1977//6483
f 1977//6483 1978//1454 1974//1447
f 1839//1459 1985//1458 1982//1457 1840//1373
f 1843//6445 1837//1371 1983//1460 1984//1464
f 1842//1461 1841//1375 1982//1457
f 1985//1458 1989//6485 1986//7785 1982//1457
f 1842//1461 1982//1457 1986//7785 1987//1462
f 1987//1462 1970//1468 1991//6486 1993//1466
f 1984//1464 1983//1460 1987//1462
f 1989//6485 1970//1468 1986//7785
f 1986//7785 1970//1468 1987//1462
f 1987//1462 1990//1465 1984//1464
f 1980//1449 1981//6484 1996//1476 1995//1475
f 1992//1467 1993//1466 1991//6486
f 2001//1472 1993//1466 1994//1469 2002//1474
f 1998//1470 1848//1381 1847//1377
f 1990//1465 2001//1472 1988//1463
f 2013//3831 1857//1385 2008//1478 2012//3833
f 2009//1480 2003//1473 2011//1481
f 2018//1485 2019//1488 1874//1487 1873//1482
f 1875//1401 2015//1484 1876//1402
f 2023//6490 2015//1484 2020//1491 2022//1490
f 2021//1489 1867//1395 1872//1492
f 2024//1494 2018//1485 2016//1483 2028//6488
f 1910//7779 2032//6493 1912//6457 1909//6456
f 2026//6491 2022//1490 2019//1488
f 1910//7779 1908//1418 2031//1499 2032//6493
f 2034//7786 2035//6494 1912//6457 2032//6493
f 2035//6494 1911//6458 1912//6457
f 999//1522 880//7729 1917//6495 2039//1520
f 2034//7786 2032//6493 2040//6496 2041//6497
f 2015//1484 2033//6492 2030//1498
f 2040//6496 2032//6493 2033//6492
f 2041//6497 2035//6494 2034//7786
f 2037//1503 2035//6494 2041//6497 2042//1507
f 2052//6500 2051//6503 2054//1510 2055//1512
f 2038//1506 2037//1503 2043//6498
f 2045//6501 2033//6492 2015//1484
f 2033//6492 2045//6501 2046//6499
f 2052//6500 2056//1536 2048//1509
f 2056//1536 2055//1512 2059//1514 2060//6509
f 2059//1514 2058//1511 2061//1516 2060//6509
f 2050//6502 2023//6490 2025//6489 2053//6504
f 2050//6502 2045//6501 2023//6490
f 2066//1525 2065//1523 2039//1520 2044//1519
f 1024//6302 1020//729 2065//1523 2069//1530
f 2064//1521 2043//6498 2049//1527
f 2070//1531 2069//1530 2065//1523 2067//1524
f 2074//1533 2073//1529 2070//1531 2068//1528
f 2071//1526 2072//1537 2049//1527
f 1029//6300 1024//6302 2069//1530 2076//7787
f 2076//7787 2069//1530 2073//1529 2077//6505
f 2079//6506 2078//6508 2076//7787 2077//6505
f 2076//7787 2078//6508 1029//6300
f 1029//6300 2078//6508 2083//7788 1038//6307
f 2072//1537 2075//1532 2074//1533
f 2080//1535 2086//6510 2072//1537
f 2077//6505 2082//6507 2079//6506
f 2084//7789 2083//7788 2078//6508 2082//6507
f 2084//7789 2082//6507 2081//1538 2088//6516
f 2086//6510 2087//6512 2081//1538
f 2089//6514 2088//6516 2081//1538 2087//6512
f 2096//6517 1049//747 1038//6307 2095//7790
f 2093//1541 2091//6511 2090//6513
f 2083//7788 2095//7790 1038//6307
f 2095//7790 2083//7788 2084//7789 2096//6517
f 2097//6515 2096//6517 2084//7789 2088//6516
f 1050//7740 1049//747 2096//6517 2098//6518
f 1051//7742 1050//7740 2098//6518 2099//7791
f 2097//6515 2101//6519 2100//7792 2098//6518
f 2103//6521 1056//7741 1051//7742 2099//7791
f 2099//7791 2098//6518 2100//7792 2103//6521
f 2104//6522 2103//6521 2100//7792 2101//6519
f 1056//7741 2103//6521 2105//6523 1058//7743
f 1059//7745 1058//7743 2105//6523 2106//7793
f 2102//6520 2107//3909 2108//3911 2101//6519
f 2089//6514 2094//1540 2107//3909
f 2104//6522 2101//6519 2108//3911 2109//7197
f 2104//6522 2109//7197 2110//7794 2105//6523
f 2111//3914 1064//3163 1059//7745 2106//7793
f 2106//7793 2105//6523 2110//7794 2111//3914
f 2112//3912 2111//3914 2110//7794 2109//7197
f 2114//1542 4//1544 1//7748 2113//6720
f 2117//7795 2116//6525 3//1543 2114//1542
f 2115//7796 2118//7797 2117//7795 2114//1542
f 2119//6526 11//6109 7//5157 2116//6525
f 2117//7795 2120//6527 2119//6526 2116//6525
f 2121//7798 2120//6527 2117//7795 2118//7797
f 2123//6529 17//6116 11//6109 2119//6526
f 2124//1550 2123//6529 2119//6526 2125//6528
f 2126//7799 2125//6528 2120//6527 2121//7798
f 2122//7800 2127//7801 2126//7799 2121//7798
f 2126//7799 2129//7802 2128//6530 2125//6528
f 2124//1550 2125//6528 2128//6530
f 2130//7803 2129//7802 2126//7799 2127//7801
f 24//1546 17//6116 2123//6529 2132//1547
f 2134//7804 2133//1548 2128//6530 2129//7802
f 2135//7805 2134//7804 2129//7802 2130//7803
f 2131//6726 2136//6728 2135//7805 2130//7803
f 2139//1552 2133//1548 2134//7804 2140//1554
f 2140//1554 2135//7805 2136//6728 2141//6532
f 2134//7804 2135//7805 2140//1554
f 2142//6533 2144//6534 2143//1553 2140//1554
f 2137//6531 2138//1549 2145//1558
f 2152//6538 2151//1560 2144//6534 2153//6537
f 2141//6532 2147//6536 2144//6534
f 2150//1555 2143//1553 2151//1560
f 2137//6531 2154//1569 51//6543 31//6121
f 2155//1557 2154//1569 2137//6531 2145//1558
f 2161//6542 2152//6538 2153//6537 2162//6541
f 2147//6536 2157//6539 2153//6537
f 2167//1564 2158//1566 2164//1562 2170//1575
f 2156//1559 2152//6538 2165//1573
f 2165//1573 2152//6538 2161//6542
f 2160//1561 2168//1571 2164//1562
f 2162//6541 2169//1574 2165//1573
f 2177//1567 2154//1569 2166//1565
f 2175//1577 2162//6541 2163//6540 2176//1578
f 2169//1574 2162//6541 2175//1577
f 2190//6546 2180//1580 136//6151 132//6545
f 2200//1590 2183//6554 2182//1582 2179//1579
f 2190//6546 2191//1581 2180//1580
f 136//6151 2181//1583 138//70
f 2182//1582 2180//1580 2179//1579
f 2186//1584 2182//1582 2183//6554 2187//1592
f 132//6545 145//6153 66//1568 2177//1567
f 2174//1572 2169//1574 2193//6556
f 2196//6548 2195//6547 2172//1587 2173//6544
f 2202//6562 2201//6551 2198//6549 2199//6550
f 2195//6547 2196//6548 2199//6550
f 2209//6557 2193//6556 2207//6555 2210//7806
f 2169//1574 2175//1577 2193//6556
f 2175//1577 2207//6555 2193//6556
f 2178//1576 2210//7806 2207//6555
f 2174//1572 2208//6558 2196//6548
f 2213//6559 2212//6560 2196//6548 2208//6558
f 2178//1576 2211//6739 2210//7806
f 2199//6550 2212//6560 2202//6562
f 2214//6563 2210//7806 2211//6739 2215//6741
f 2209//6557 2214//6563 2213//6559
f 2209//6557 2210//7806 2214//6563
f 2226//6565 2216//7807 2215//6741 2217//6745
f 2216//7807 2223//6564 2214//6563
f 2215//6741 2216//7807 2214//6563
f 2219//6553 2202//6562 2221//7808 2234//1597
f 2212//6560 2220//6561 2202//6562
f 2221//7808 2202//6562 2220//6561 2222//7809
f 2222//7809 2220//6561 2213//6559 2223//6564
f 2235//6569 2221//7808 2222//7809 2224//7810
f 2224//7810 2222//7809 2223//6564 2225//6566
f 2226//6565 2225//6566 2223//6564 2216//7807
f 2235//6569 2224//7810 2228//1599 2227//1605
f 2224//7810 2225//6566 2229//1600 2228//1599
f 2230//6567 2226//6565 2217//6745 2218//6568
f 2184//1602 2203//6552 2219//6553 2234//1597
f 2230//6567 2233//1606 2231//1601
f 2238//1603 2227//1605 2228//1599 2239//1609
f 2221//7808 2235//6569 2234//1597
f 2205//1595 2240//1596 2236//1598 2241//1621
f 2237//1604 2241//1621 2236//1598
f 2248//1624 2237//1604 2238//1603 2249//1614
f 2242//1622 2241//1621 2248//1624 2298//1623
f 2241//1621 2237//1604 2248//1624
f 2249//1614 2254//1619 2248//1624
f 2250//1615 2256//1625 2255//1620
f 2259//1626 2251//1616 2253//1618 2260//7811
f 2255//1620 2258//1673 2257//1657
f 2263//1628 2259//1626 2260//7811 2264//7812
f 2256//1625 2262//1627 2261//1675
f 2272//1645 2206//1593 2205//1595 2273//1643
f 2267//1632 2266//1631 2279//1638
f 2277//1639 2275//1637 2274//6570 2278//1646
f 2189//1630 2272//1645 2274//6570
f 2283//6571 2271//1636 2270//1635 2282//1642
f 2272//1645 2278//1646 2274//6570
f 2279//1638 2275//1637 2280//1640
f 2290//1653 2294//1665 2293//1655 2277//1639
f 2282//1642 2281//1641 2284//6572
f 2286//1652 2285//1649 2288//1648
f 2315//1677 2263//1628 2311//7813 2316//1684
f 2281//1641 2296//1656 2295//6573
f 2242//1622 2298//1623 2273//1643
f 2254//1619 2299//1658 2298//1623
f 2285//1649 2298//1623 2300//1647
f 2292//1659 2322//1663 2302//1662
f 2302//1662 2306//1668 2305//1666
f 2264//7812 2311//7813 2263//1628
f 2317//1678 2323//1682 2322//1663 2312//1672
f 2314//1676 2321//6575 2320//1681
f 2328//6576 2321//6575 2334//6578 2336//1689
f 2320//1681 2329//1688 2327//1686
f 2321//6575 2315//1677 2330//6577
f 2328//6576 2336//1689 2329//1688
f 2342//6588 2336//1689 2334//6578 2343//1752
f 2330//6577 2334//6578 2321//6575
f 2330//6577 2337//1690 2334//6578
f 2351//1719 2349//1701 2346//1702 2347//1714
f 340//6178 334//242 2348//1700 2352//7814
f 2350//1704 2349//1701 2351//1719 2358//1705
f 2348//1700 2354//6579 2352//7814
f 2353//7815 2352//7814 2354//6579
f 2354//6579 2355//1703 2356//7816
f 349//6184 340//6178 2352//7814 2359//6594
f 2360//7817 2359//6594 2352//7814 2353//7815
f 2447//1777 2359//6594 2360//7817 2361//7818
f 2360//7817 2353//7815 2354//6579
f 2356//7816 2361//7818 2360//7817 2354//6579
f 2362//6580 2361//7818 2356//7816 2355//1703
f 2357//1706 2364//1774 2363//1773 2355//1703
f 2283//6571 2366//1709 2344//1698 2271//1636
f 2376//1798 2373//1715 2374//1716 2377//6582
f 2283//6571 2284//6572 2366//1709
f 2380//1799 2376//1798 2377//6582 2378//1727
f 2295//6573 2382//1721 2381//1720 2368//1710
f 2284//6572 2295//6573 2368//1710
f 2296//1656 2293//1655 2297//6574
f 2387//1725 2371//1712 2383//1722 2384//6583
f 2382//1721 2295//6573 2296//1656
f 2381//1720 2383//1722 2371//1712
f 2382//1721 2296//1656 2384//6583
f 2396//1732 2400//1745 2399//1733 2394//1728
f 2384//6583 2385//1731 2386//6584
f 2391//6586 2378//1727 2389//1724
f 2385//1731 2307//1669 2394//1728
f 2385//1731 2399//1733 2398//1738
f 2407//1737 2406//1734 2401//6587 2398//1738
f 2386//6584 2398//1738 2401//6587
f 2411//1744 2413//1850 2404//1747 2400//1745
f 2309//1741 2412//1743 2410//1746
f 2420//1761 2340//1695 2335//1696 2421//1764
f 2412//1743 2415//1760 2414//1748
f 2339//1694 2419//1742 2409//1740
f 2422//1755 2421//1764 2335//1696 2341//1697
f 2425//1753 2337//1690 2338//1692 2426//6590
f 2428//6589 2427//1766 2418//1754 2342//6588
f 2435//1759 2420//1761 2421//1764 2436//1763
f 2429//1757 2430//1756 2425//1753
f 2435//1759 2436//1763 2440//6592 2439//1871
f 2423//1751 2435//1759 2439//1871 2424//6622
f 2441//6591 2432//1762 2437//1765
f 2362//6580 2449//6595 2448//7819 2361//7818
f 2443//6593 2438//1768 2445//1880
f 2447//1777 2361//7818 2448//7819
f 2363//1773 2450//1772 2449//6595 2362//6580
f 2452//1789 2451//1775 2447//1777 2448//7819
f 2453//1782 2452//1789 2448//7819 2449//6595
f 2454//1779 2364//1774 2365//6581 2455//1780
f 2456//1718 2455//1780 2365//6581 2358//1705
f 2458//7820 2462//1784 2455//1780 2456//1718
f 2459//6603 2463//6596 2462//1784 2458//7820
f 2494//7821 2466//6599 2465//6597 2463//6596
f 2460//1781 2457//1778 2464//1785
f 523//7707 496//353 2446//1776 2476//1896
f 2460//1781 2464//1785 2468//1786
f 2471//6598 2466//6599 2473//1791
f 2475//1899 2481//1898 2479//6601 2474//6600
f 2451//1775 2452//1789 2477//1795
f 2478//1793 2472//1787 2471//6598
f 2483//1797 2482//7822 2456//1718 2375//1717
f 2458//7820 2456//1718 2482//7822
f 2459//6603 2458//7820 2482//7822
f 2487//6606 2459//6603 2482//7822 2483//1797
f 2484//6604 2485//7823 2494//7821 2463//6596
f 2488//6605 2484//6604 2459//6603 2487//6606
f 2489//1802 2485//7823 2484//6604 2488//6605
f 2491//1806 2488//6605 2487//6606 2379//1796
f 2486//7824 2485//7823 2489//1802
f 2495//7825 2467//1792 2466//6599 2494//7821
f 2486//7824 2495//7825 2494//7821 2485//7823
f 2497//1801 2495//7825 2486//7824 2489//1802
f 2498//6608 2496//6609 2495//7825 2497//1801
f 2500//1805 2498//6608 2497//1801 2490//1800
f 2491//1806 2510//1803 2500//1805 2490//1800
f 2499//7826 2498//6608 2501//1804
f 2469//1790 2467//1792 2495//7825 2496//6609
f 2492//6607 2502//1809 2503//1807
f 2493//1817 2504//1810 2502//1809
f 2496//6609 2508//6610 2506//6611 2469//1790
f 2506//6611 2475//1899 2474//6600 2469//1790
f 2498//6608 2499//7826 2508//6610
f 2475//1899 2506//6611 2507//6612 2512//6602
f 2516//1816 2380//1799 2390//6585 2391//6586
f 2521//1822 2518//1819 2519//6613 2520//1820
f 2523//1823 2521//1822 2520//1820 2522//6614
f 2530//1827 2531//1829 2533//6617 2534//6615
f 2504//1810 2524//1824 2505//1808
f 2528//1828 2524//1824 2525//1821
f 2538//1835 2537//6618 2533//6617 2525//1821
f 2533//6617 2531//1829 2525//1821
f 2539//1924 2534//6615 2537//6618 2538//1835
f 2407//1737 2545//1836 2543//6619 2406//1734
f 2552//1841 2548//1839 2549//6621 2551//1844
f 2548//1839 2547//6620 2549//6621
f 2549//6621 2550//1847 2551//1844
f 2550//1847 2522//6614 2542//1837
f 2542//1837 2544//1838 2554//1845
f 2413//1850 2561//1855 2408//1739 2404//1747
f 2576//1862 2561//1855 2413//1850 2562//1849
f 2566//1857 2569//1956 2560//1953 2554//1845
f 2543//6619 2567//1856 2566//1857
f 2572//1859 2423//1751 2424//6622 2573//7827
f 2573//7827 2424//6622 2579//1875 2578//6623
f 2573//7827 2575//1861 2572//1859
f 2440//6592 2441//6591 2585//1868 2584//1873
f 2573//7827 2578//6623 2575//1861
f 2561//1855 2576//1862 2565//1854
f 2580//1866 2577//1860 2575//1861
f 2439//1871 2440//6592 2584//1873 2586//1869
f 2439//1871 2574//1870 2424//6622
f 2597//1882 2584//1873 2588//1872 2601//1887
f 2591//1879 2593//1878 2595//1885
f 2591//1879 2596//1884 2594//1881
f 2611//1904 2610//1902 2480//1794 2478//1793
f 2480//1794 2609//1908 2477//1795
f 2479//6601 2612//7828 2618//1903 2473//1791
f 2611//1904 2471//6598 2618//1903
f 2479//6601 2481//1898 2615//1906 2612//7828
f 2608//1895 2477//1795 2609//1908
f 2611//1904 2614//1900 2610//1902
f 2621//1912 2620//1909 2614//1900 2618//1903
f 2610//1902 2617//1901 2609//1908
f 2623//7829 2621//1912 2618//1903 2612//7828
f 2624//1915 2622//1913 2621//1912 2623//7829
f 2615//1906 2624//1915 2623//7829 2612//7828
f 2616//1905 2628//1914 2624//1915 2615//1906
f 2625//7830 646//7710 523//7707 2476//1896
f 2619//1907 2625//7830 2476//1896 2608//1895
f 2628//1914 2633//1919 2629//1917 2622//1913
f 2614//1900 2626//1910 2617//1901
f 2630//1922 656//479 646//7710 2625//7830
f 2630//1922 2625//7830 2619//1907 2631//1916
f 2636//6644 2635//1921 2631//1916 2626//1910
f 2620//1909 2629//1917 2632//1920
f 2620//1909 2637//6624 2636//6644 2626//1910
f 2632//1920 2639//6625 2638//6638 2637//6624
f 2540//1834 2643//6628 2641//6627 2538//1835
f 2642//1926 2645//6832 2640//6626
f 2644//1923 2541//1925 2641//6627 2643//6628
f 2655//1935 2656//6630 2647//6629 2643//6628
f 2655//1935 2540//1834 2552//1841
f 2648//1929 2644//1923 2647//6629 2656//6630
f 2655//1935 2659//1938 2657//1937 2656//6630
f 2667//1941 2658//1940 2648//1929 2657//1937
f 2666//6836 2665//2680 2663//1942 2667//1941
f 2676//6631 2679//2004 2678//1950 2673//1948
f 2667//1941 2669//2685 2666//6836
f 2670//1946 2669//2685 2667//1941
f 2688//1959 2652//1954 2560//1953 2569//1956
f 2682//1951 2563//1851 2571//1970
f 2652//1954 2683//1957 2559//1932
f 2694//1965 2683//1957 2686//6633 2693//1963
f 2570//1952 2685//1975 2681//1955
f 2652//1954 2686//6633 2683//1957
f 2590//1876 2600//1888 2714//6636 2718//1980
f 2690//1962 2684//1958 2681//1955
f 2682//1951 2571//1970 2700//1972
f 2716//6844 2715//1987 2604//1891 2603//1890
f 2730//7831 2729//1995 2715//1987 2721//6846
f 2607//1894 2602//1889 2717//1994
f 2715//1987 2716//6844 2720//6845
f 2715//1987 2720//6845 2721//6846
f 2718//1980 2724//1990 2707//1981
f 758//6640 657//478 2630//1922 2737//6641
f 2729//1995 2730//7831 2733//6849
f 2736//2000 2734//6637 2735//2066
f 2739//6856 2738//6639 2638//6638 2639//6625
f 2737//6641 2630//1922 2635//1921
f 2741//6643 2740//6642 2635//1921 2636//6644
f 2737//6641 2635//1921 2740//6642
f 2637//6624 2743//6645 2742//6646 2741//6643
f 767//2003 763//6242 2737//6641 2744//2001
f 2746//7832 2745//6647 2742//6646 2743//6645
f 2748//7833 2749//7834 2747//7835 2744//2001
f 2744//2001 2741//6643 2748//7833
f 2745//6647 2749//7834 2748//7833 2741//6643
f 2747//7835 2750//6648 772//2002 2744//2001
f 2751//7836 2750//6648 2747//7835 2749//7834
f 2752//6866 773//6433 770//6245 2750//6648
f 2755//2005 2759//2011 2758//2010 2756//2007
f 2754//2006 2753//7837 2675//1949
f 2680//2026 2679//2004 2676//6631
f 2766//2015 2694//1965 2693//1963 2765//2021
f 2777//2029 2775//2025 2680//2026 2776//2027
f 2778//2028 2757//2008 2775//2025 2777//2029
f 2757//2008 2759//2011 2755//2005
f 2780//2038 2778//2028 2777//2029 2779//2030
f 2782//2033 2783//2032 2792//2081 2790//6658
f 2776//2027 2781//2031 2779//2030
f 2781//2031 2788//2039 2787//2037
f 2782//2033 2789//7838 2786//2036
f 2792//2081 2783//2032 2784//2034 2791//2082
f 2787//2037 2791//2082 2784//2034
f 2793//2040 2798//2045 2765//2021 2695//6634
f 2803//2049 2774//2024 2771//2020 2765//2021
f 2799//6649 2802//2046 2794//2041
f 2799//6649 2704//6635 2796//2042
f 2800//2051 2805//2050 2804//2106 2798//2045
f 2801//2048 2804//2106 2803//2049
f 2711//1971 2808//6651 2797//2044 2701//1973
f 2712//1985 2814//2059 2809//2052 2709//1984
f 2711//1971 2709//1984 2808//6651
f 2810//2053 2808//6651 2709//1984
f 2811//2060 2814//2059 2712//1985
f 2795//2043 2797//2044 2816//2119 2815//2056
f 2837//2074 2841//2129 2831//2068 2825//2064
f 2817//2055 2810//2053 2809//2052
f 2823//2063 2731//1998 2828//2070
f 2829//2067 2826//2065 2827//6875
f 2832//6653 2833//6877 2835//6654
f 2834//2071 2836//6656 2824//6655
f 2841//2129 2840//2128 2834//2071 2831//2068
f 2789//7838 2782//2033 2790//6658 2849//6660
f 2787//2037 2788//2039 2850//2080 2851//6659
f 2791//2082 2787//2037 2851//6659 2852//2084
f 2851//6659 2850//2080 2854//2085 2858//2088
f 2790//6658 2856//2092 2857//2091 2849//6660
f 2855//2086 2790//6658 2792//2081
f 2864//2095 2863//2094 2866//6662 2867//7839
f 2852//2084 2859//2087 2853//2083
f 2863//2094 2855//2086 2859//2087
f 2860//2089 2865//6661 2869//2102 2870//2096
f 2867//7839 2868//7840 2864//2095
f 2868//7840 2862//2093 2864//2095
f 2867//7839 2866//6662 2874//6664 2875//7841
f 2861//2090 2847//2097 2871//2099
f 2876//7842 2875//7841 2872//7843 2873//7844
f 2876//7842 2868//7840 2867//7839 2875//7841
f 2878//7845 2870//2096 2869//2102 2877//2101
f 2886//7846 2885//7847 2882//2196 2881//2104
f 2878//7845 2879//6663 2870//2096
f 2848//2098 2880//2100 2871//2099
f 2887//7848 2886//7846 2881//2104 2883//2103
f 2887//7848 2873//7844 2872//7843 2886//7846
f 2889//7849 2885//7847 2886//7846 2872//7843
f 2885//7847 2889//7849 2884//6697
f 2875//7841 2874//6664 2889//7849 2872//7843
f 2892//7850 2891//6666 2888//6698 2884//6697
f 2892//7850 2878//7845 2877//2101 2891//6666
f 2892//7850 2884//6697 2889//7849 2874//6664
f 2879//6663 2878//7845 2892//7850 2874//6664
f 2894//6668 2897//6670 2846//6657 2844//2078
f 2890//7851 2891//6666 2893//6665
f 2774//2024 2894//6668 2844//2078
f 2804//2106 2894//6668 2803//2049
f 2898//2108 2897//6670 2894//6668 2804//2106
f 2906//6701 3019//6667 2848//2098 2904//6669
f 2806//6650 2899//2109 2802//2046
f 2806//6650 2796//2042 2807//2057
f 2895//2047 2802//2046 2900//2110
f 2901//2111 2846//6657 2897//6670
f 2806//6650 2905//2223 2899//2109
f 2907//2113 2908//2115 2906//6701 2904//6669
f 2821//2058 2819//2061 2921//2137 2920//6671
f 2900//2110 2899//2109 2909//2208
f 2818//2054 2814//2059 2912//2121
f 2821//2058 2915//2126 2912//2121
f 2938//2141 2930//2130 2935//2139 2939//2142
f 2920//6671 2921//2137 2923//6672
f 2923//6672 2932//2136 2924//6673
f 2841//2129 2837//2074 2926//6674
f 2839//2076 2927//2135 2842//2073
f 2926//6674 2842//2073 2931//2132
f 2931//2132 2933//2138 2928//2127
f 2944//6677 2936//2140 2937//6675 2945//7852
f 2942//2144 2943//2145 2946//2146 2952//6681
f 2946//2146 2943//2145 2944//6677 2947//7853
f 2954//2147 2947//7853 2945//7852 2948//6915
f 2945//7852 2947//7853 2944//6677
f 3092//2247 2950//6679 2940//6676 2951//6680
f 2932//2136 2949//6678 2924//6673
f 2956//2148 2954//2147 2948//6915 2957//2916
f 2947//7853 2954//2147 2946//2146
f 2946//2146 2955//2255 2952//6681
f 2969//6916 2968//6685 2965//7854 2966//7855
f 2969//6916 2961//2151 2960//6683 2968//6685
f 2968//6685 2963//2150 2962//7856 2970//6686
f 2976//7857 2975//7858 2973//7859 2974//7860
f 2960//6683 2963//2150 2968//6685
f 2976//7857 2966//7855 2965//7854 2975//7858
f 2976//7857 2974//7860 2964//7861 2966//7855
f 2977//4553 2975//7858 2965//7854 2968//6685
f 2979//4556 2977//4553 2967//6684 2970//6686
f 2970//6686 2971//6694 2980//4559 2979//4556
f 2988//2157 2991//2156 2995//6687 2993//2161
f 2991//2156 2986//2197 2990//2163
f 2987//2158 2990//2163 2986//2197
f 2995//6687 2991//2156 3000//2164
f 2993//2161 2958//2152 2959//2149 2994//2162
f 3000//2164 2990//2163 2992//2160
f 2999//6690 3000//2164 2992//2160 2996//2165
f 2998//6688 2997//2166 2995//6687
f 2999//6690 2998//6688 3000//2164
f 2999//6690 2996//2165 3001//6689
f 2958//2152 3003//2167 2962//7856 2963//2150
f 3001//6689 3047//2180 3002//6691
f 3009//6693 2970//6686 2962//7856 3003//2167
f 3009//6693 3003//2167 2998//6688
f 3009//6693 2999//6690 3004//2169
f 2998//6688 2999//6690 3009//6693
f 3001//6689 3002//6691 3006//2172
f 2971//6694 2970//6686 3009//6693
f 3012//2177 3011//2168 3005//2170 3006//2172
f 3008//2175 2971//6694 3010//2176
f 3015//4564 3014//2174 3010//2176 3011//2168
f 3016//2178 3013//2171 2981//2194 2982//6696
f 3012//2177 3013//2171 3016//2178
f 3031//2190 3026//2182 3058//2187 3032//6695
f 3018//7862 3017//7863 3019//6667
f 3021//2184 3020//2181 3017//7863
f 3018//7862 3021//2184 3017//7863
f 3023//2183 3027//6692 3025//2179
f 3030//2192 3028//2186 3031//2190
f 3033//2195 2981//2194 3007//2173 3030//2192
f 3040//6699 2885//7847 2884//6697 3041//2198
f 3030//2192 3034//2189 3033//2195
f 3035//2191 3031//2190 3032//6695
f 3039//4599 3032//6695 3036//4600
f 2891//6666 2890//7851 3043//6700 2888//6698
f 2885//7847 3040//6699 2882//2196
f 3042//2200 3041//2198 2884//6697
f 3042//2200 2888//6698 3043//6700
f 2890//7851 2893//6665 3019//6667 3017//7863
f 3043//6700 2890//7851 3017//7863
f 2983//2105 2881//2104 2986//2197 2985//2154
f 2882//2196 3040//6699 2987//2158 2986//2197
f 2908//2115 2903//2112 3049//2116 3050//2205
f 3044//2159 2987//2158 3041//2198
f 3042//2200 3045//2199 3041//2198
f 3043//6700 3046//2201 3042//2200
f 3017//7863 3020//2181 3043//6700
f 3047//2180 2996//2165 3046//2201
f 3027//6692 3002//6691 3047//2180
f 3018//7862 3019//6667 3048//6702
f 3019//6667 2906//6701 3048//6702
f 3053//2203 3052//2202 3022//2185 3021//2184
f 3053//2203 3021//2184 3018//7862 3048//6702
f 2908//2115 3054//2204 3053//2203 3048//6702
f 3050//2205 3056//2211 3055//6703 3054//2204
f 2909//2208 2899//2109 3068//2227
f 3059//6704 3058//2187 3024//2188 3055//6703
f 3061//2216 3060//2214 3058//2187 3059//6704
f 3058//2187 3060//2214 3029//2213
f 3063//6705 3061//2216 3059//6704 3056//2211
f 3062//2210 3063//6705 3056//2211
f 3072//4627 3063//6705 3062//2210 3071//2219
f 3036//4600 3065//2212 3069//6706
f 3063//6705 3072//4627 3070//2217 3066//2215
f 3076//2232 3075//2224 2916//2124 2919//2125
f 3082//2233 3084//2240 3079//2238 2922//2234
f 3079//2238 2915//2126 2922//2234
f 3085//2253 3087//2252 3088//4644 3084//2240
f 3084//2240 3083//2239 3085//2253
f 2950//6679 3091//2244 3090//2243 2938//2141
f 3088//4644 3087//2252 3089//2273
f 2949//6678 2938//2141 3090//2243
f 3095//2245 3092//2247 2951//6680 2953//6682
f 3092//2247 3098//2246 3091//2244
f 2955//2255 3093//2254 2953//6682 2952//6681
f 3094//2236 3080//2235 2924//6673 3090//2243
f 3097//2259 3100//2258 3096//6708 3095//2245
f 3094//2236 3090//2243 3081//2237
f 3096//6708 3103//2250 3099//2249 3098//2246
f 2956//2148 2957//2916 3107//6711 3106//2257
f 3083//2239 3101//2242 3099//2249
f 3097//2259 2953//6682 3093//2254 3108//6709
f 3110//2260 3097//2259 3108//6709 3111//6713
f 3111//6713 3108//6709 3105//2256 3112//2263
f 3112//2263 3105//2256 3106//2257 3113//6712
f 3113//6712 3109//6710 3115//6715 3114//6714
f 3113//6712 3114//6714 3112//2263
f 3120//2264 3114//6714 3122//6716 3121//2268
f 3110//2260 3111//6713 3118//2265
f 3123//2267 3119//2262 3120//2264 3125//2269
f 3130//4664 3129//2272 3128//6717 3131//4687
f 3123//2267 3126//2274 3124//2271
f 3104//2251 3129//2272 3087//2252
f 3134//6719 3132//6300 3136//6307 3135//2275
f 3135//2275 3137//741 3125//2269 3134//6719
f 3146//7739 3137//741 3139//747 3140//7740
f 3144//749 3143//2277 3138//2276 3145//751
f 3145//751 3138//2276 3137//741 3146//7739
f 3147//754 3145//751 3146//7739 3148//7741
f 3141//7742 3148//7741 3146//7739 3140//7740
f 3149//752 3147//754 3148//7741 3150//7743
f 3147//754 3154//753 3153//750 3145//751
f 3128//6717 3142//2278 3131//4687
f 3155//7744 3154//753 3149//752 3150//7743
f 3156//3162 3154//753 3155//7744 3157//4689
f 3151//7745 3157//4689 3155//7744 3150//7743
f 2113//6720 1//7748 1067//6722 3159//6721
f 2115//7796 2114//1542 3159//6721 3160//7864
f 3162//7865 2118//7797 2115//7796 3160//7864
f 3163//7866 3162//7865 3159//6721 3161//2281
f 3159//6721 3162//7865 3160//7864
f 3164//7867 2121//7798 2118//7797 3162//7865
f 3163//7866 3165//7868 3164//7867 3162//7865
f 2122//7800 2121//7798 3164//7867 3166//7869
f 3161//2281 3165//7868 3163//7866
f 3161//2281 1072//2280 1080//6311 3167//6725
f 3165//7868 3168//6724 3171//7870 3164//7867
f 3165//7868 3161//2281 3167//6725 3168//6724
f 3170//7871 2127//7801 2122//7800 3166//7869
f 3166//7869 3164//7867 3171//7870 3170//7871
f 3172//7872 3167//6725 1080//6311 1085//7753
f 3169//6723 3173//2285 3176//2282 3168//6724
f 3169//6723 3167//6725 3172//7872 3173//2285
f 2130//7803 2127//7801 3170//7871 3174//6730
f 3171//7870 3175//2284 3174//6730 3170//7871
f 3171//7870 3168//6724 3176//2282 3175//2284
f 2131//6726 2130//7803 3174//6730 3177//6727
f 1085//7753 1089//758 3178//2286 3172//7872
f 3175//2284 3180//2283 3179//6729 3174//6730
f 3172//7872 3178//2286 3173//2285
f 3173//2285 3181//2287 3182//2289 3176//2282
f 3183//7873 2141//6532 2136//6728 3177//6727
f 3184//6731 3183//7873 3177//6727 3179//6729
f 3189//2291 3185//7874 3183//7873 3184//6731
f 3184//6731 3179//6729 3180//2283
f 3183//7873 3185//7874 2141//6532
f 3178//2286 1090//761 1099//2295 3186//2294
f 3178//2286 3186//2294 3187//2293 3181//2287
f 3182//2289 3188//2288 3190//2292 3180//2283
f 3184//6731 3180//2283 3190//2292
f 2147//6536 2141//6532 3185//7874 3192//6733
f 3193//2300 3192//6733 3185//7874 3189//2291
f 3191//2290 3194//2298 3193//2300 3189//2291
f 3194//2298 3190//2292 3197//6732 3199//2303
f 3190//2292 3194//2298 3191//2290
f 3187//2293 3196//2305 3188//2288
f 3204//6735 2157//6539 2147//6536 3192//6733
f 3196//2305 3187//2293 3201//2302
f 3196//2305 3202//2306 3197//6732
f 3205//6734 3204//6735 3192//6733 3198//2299
f 3212//2315 3211//2342 3204//6735 3205//6734
f 3222//2343 3217//2314 3206//2313 3223//6737
f 3212//2315 3205//6734 3206//2313
f 3214//2311 3207//2309 3200//2301
f 3213//2310 3215//2323 3208//2308
f 2176//1578 2163//6540 3211//2342
f 3211//2342 3212//2315 3217//2314
f 3227//7875 3219//2317 3230//2327 3231//2325
f 3219//2317 3208//2308 3215//2323
f 3226//6738 3206//2313 3216//2312
f 3227//7875 3220//2321 3219//2317
f 3227//7875 3225//2322 3220//2321
f 3229//6736 3230//2327 3219//2317
f 3225//2322 3227//7875 3231//2325
f 3225//2322 3232//2326 3248//6742 3221//2318
f 3218//2319 3224//2320 3237//2331 3238//2329
f 3233//2330 3229//6736 3228//2324
f 3233//2330 3230//2327 3229//6736
f 3230//2327 3235//2337 3234//2328
f 3232//2326 3231//2325 3236//6747
f 3234//2328 3236//6747 3231//2325
f 3237//2331 3224//2320 1212//831
f 3248//6742 3226//6738 3216//2312 3221//2318
f 3228//2324 3218//2319 3233//2330
f 3240//2333 3243//2335 3239//2334
f 3247//2344 3222//2343 3223//6737
f 3249//6740 2211//6739 2178//1576 3246//2341
f 3251//7876 3250//7877 3223//6737 3226//6738
f 3249//6740 3246//2341 3247//2344
f 3247//2344 3223//6737 3250//7877
f 3248//6742 3252//6743 3251//7876 3226//6738
f 3250//7877 3254//7878 3253//7879 3247//2344
f 3249//6740 3247//2344 3253//7879
f 3258//7880 3254//7878 3251//7876 3252//6743
f 3250//7877 3251//7876 3254//7878
f 3255//7881 3249//6740 3253//7879 3256//7882
f 2215//6741 3249//6740 3255//7881
f 3256//7882 3253//7879 3254//7878 3261//7883
f 3257//6744 2217//6745 2215//6741 3255//7881
f 3259//6746 3258//7880 3252//6743 3232//2326
f 3255//7881 3256//7882 3257//6744
f 3260//2348 3259//6746 3232//2326 3236//6747
f 3262//7884 3261//7883 3254//7878 3258//7880
f 3263//2350 3262//7884 3258//7880 3259//6746
f 3264//7885 3257//6744 3256//7882 3261//7883
f 3271//2349 3264//7885 3262//7884 3263//2350
f 3261//7883 3262//7884 3264//7885
f 3266//2355 3264//7885 3271//2349 3267//2353
f 3257//6744 3264//7885 3265//2347
f 3264//7885 3266//2355 3265//2347
f 3266//2355 3267//2353 3274//2358 3273//2354
f 3257//6744 3268//2346 2218//6568
f 3270//6748 3234//2328 3235//2337 3241//2336
f 3277//6749 3276//2352 3272//2351 3275//6751
f 3241//2336 3275//6751 3270//6748
f 3272//2351 3270//6748 3275//6751
f 3281//2373 3277//6749 3275//6751 3280//2356
f 2243//1608 2232//1607 3268//2346 3282//6752
f 3284//6753 3290//6754 2252//1617 2247//1613
f 3282//6752 3284//6753 2245//1612
f 3276//2352 3286//2366 3274//2358
f 3284//6753 3269//2345 3288//2362
f 2253//1618 2252//1617 3290//6754 3291//2368
f 3279//2370 3294//2365 3286//2366 3278//6750
f 2260//7811 2253//1618 3291//2368 3298//6756
f 2264//7812 2260//7811 3298//6756 3301//7886
f 3302//2402 3301//7886 3298//6756 3299//6755
f 1297//925 1298//926 3310//2380 3309//2379
f 3304//2332 3305//2375 3242//2339
f 3314//6757 3313//2372 3281//2373 3312//2357
f 3326//6759 3325//2415 3295//2369 3323//6758
f 3337//2407 3336//2412 3300//2403 3297//2400
f 3332//2395 3334//2397 3329//2390
f 2311//7813 2264//7812 3301//7886 3338//7887
f 3338//7887 3301//7886 3302//2402 3339//2408
f 2316//1684 2311//7813 3338//7887 3343//6761
f 3343//6761 3338//7887 3339//2408 3344//2414
f 3355//2490 3352//2417 3350//2416 3358//2422
f 3345//2406 3346//2410 3337//2407
f 3350//2416 3352//2417 3341//2405
f 3365//2426 3364//2488 3361//2421 3359//2423
f 3362//2424 3333//2396 3334//2397
f 2331//1691 2326//1685 3366//6762 3370//6763
f 3343//6761 3366//6762 2326//1685
f 3366//6762 3344//2414 3368//2427
f 2338//1692 2331//1691 3370//6763 3377//6766
f 3368//2427 3348//2413 3372//2431
f 3375//6765 3368//2427 3372//2431
f 3371//2429 3369//2428 3376//2482
f 3445//2483 3380//6777 3375//6765 3372//2431
f 3373//2432 3371//2429 3379//2436
f 3375//6765 3380//6777 3377//6766
f 3402//2447 3385//2437 3386//6768 3387//2450
f 1299//1011 3383//2442 1300//6358
f 1398//1016 3386//6768 3385//2437
f 3387//2450 3386//6768 3389//6767 3390//2452
f 3396//6796 3393//6770 3388//2438 3395//6771
f 3388//2438 3393//6770 3389//6767
f 3382//6784 3394//6769 3393//6770 3381//6785
f 3396//6796 3381//6785 3393//6770
f 3406//2451 3390//2452 3394//6769 3408//2456
f 3399//2443 3400//2446 3398//2441
f 3408//2456 3394//6769 3382//6784 3397//2557
f 3417//2460 3420//2462 3422//2478 3423//2477
f 3408//2456 3397//2557 3411//2458
f 3411//2458 3412//2561 3413//2459
f 3414//2454 3413//2459 3415//2560
f 3418//2461 3417//2460 3423//2477 3435//2473
f 3430//2471 3363//2425 3362//2424
f 3434//2475 3430//2471 3432//6774
f 3435//2473 3423//2477 3439//2479 3440//6818
f 3436//2474 3435//2473 3440//6818 3441//2480
f 3451//2491 3450//6776 3364//2488 3365//2426
f 3438//6775 3436//2474 3442//2481
f 3444//2506 3378//2434 3448//2487
f 2426//6590 2338//1692 3377//6766 3461//6778
f 3449//2489 3450//6776 3453//2493
f 3452//2492 3454//2494 3451//2491
f 3453//2493 3451//2491 3455//2495
f 3437//2476 3456//2496 3452//2492
f 3459//2499 3457//2497 3456//2496
f 3468//2504 3462//6779 3461//6778 3380//6777
f 3461//6778 3462//6779 2426//6590
f 3467//2507 3464//2501 3379//2436 3446//2484
f 2431//1758 2429//1757 3466//6780 3469//6782
f 3462//6779 3466//6780 2429//1757
f 3471//7888 3469//6782 3466//6780 3468//2504
f 3464//2501 3475//2510 3474//2509 3463//2502
f 3471//7888 3468//2504 3465//2503
f 3465//2503 3476//2511 3482//2516 3471//7888
f 3469//6782 3471//7888 3482//2516
f 3477//6781 2438//1768 2431//1758 3469//6782
f 3480//2514 3473//2513 3478//2519 3481//2613
f 3484//2515 2445//1880 2438//1768 3477//6781
f 3475//2510 3479//2512 3483//2606
f 3488//6798 3487//6783 3496//6788 3491//6789
f 3484//2515 3477//6781 3482//2516
f 3382//6784 3487//6783 3488//6798
f 3490//6786 3496//6788 3487//6783
f 3381//6785 3490//6786 3487//6783
f 1555//1170 3501//7889 3502//2531 3492//2521
f 3494//6787 3495//6790 3496//6788
f 1560//6396 3501//7889 1555//1170
f 3518//2648 3506//2529 3511//2532 3517//2536
f 3492//2521 3502//2531 3503//2522
f 3515//2533 3510//2526 3516//6793
f 2613//1897 2512//6602 3555//6795 3520//2644
f 3523//2558 3397//2557 3522//6797 3525//7890
f 3492//2521 3521//2537 3395//6771
f 3491//6789 3524//7891 3522//6797
f 3522//6797 3524//7891 3525//7890
f 3528//7892 3524//7891 3491//6789 3495//6790
f 3525//7890 3526//2541 3523//2558
f 3495//6790 3527//6801 3528//7892
f 3530//2539 3531//7893 3528//7892 3527//6801
f 3527//6801 3529//2540 3530//2539
f 3525//7890 3524//7891 3528//7892 3531//7893
f 3533//6800 3531//7893 3530//2539 3532//2538
f 3534//2542 3525//7890 3531//7893 3533//6800
f 3535//6799 3536//2543 3534//2542 3533//6800
f 3534//2542 3526//2541 3525//7890
f 3540//6802 3539//6808 3542//6807 3543//6803
f 3499//2527 3540//6802 3500//2528
f 3543//6803 3529//2540 3527//6801 3540//6802
f 3541//7894 2499//7826 2501//1804 3544//6809
f 3545//2547 3542//6807 3541//7894 3544//6809
f 3546//2546 3532//2538 3543//6803 3542//6807
f 3542//6807 3545//2547 3546//2546
f 3505//2530 3539//6808 3540//6802 3499//2527
f 2508//6610 2499//7826 3541//7894 3549//6804
f 3542//6807 3551//6806 3549//6804 3541//7894
f 3539//6808 3505//2530 3550//6805 3551//6806
f 3544//6809 2509//1811 3552//2551 3545//2547
f 2510//1803 3552//2551 2509//1811
f 3555//6795 2512//6602 2507//6612 3549//6804
f 2510//1803 3553//2550 3552//2551
f 3550//6805 3556//2556 3555//6795 3549//6804
f 3509//2535 3556//2556 3550//6805 3505//2530
f 3554//2555 3553//2550 2511//2552 2513//1812
f 3558//2566 3554//2555 2513//1812 2514//1813
f 3412//2561 3411//2458 3523//2558 3526//2541
f 3557//2553 3563//2562 3548//2548 3547//2554
f 3564//6811 3565//2563 3563//2562 3557//2553
f 3563//2562 3562//2549 3548//2548
f 3568//6812 3569//2567 3565//2563 3564//6811
f 3567//2565 2527//1830 2529//1825 3572//6810
f 3569//2567 3566//2564 3565//2563
f 2527//1830 3567//2565 2515//1831
f 3573//6813 3574//6815 3570//2568 3568//6812
f 3580//2666 3588//2582 3571//2569 3579//2571
f 3570//2568 3574//6815 3571//2569
f 2532//1832 3575//6814 2535//1833
f 2532//1832 2536//6616 3575//6814
f 3441//2480 3440//6818 3594//2586 3595//2585
f 3582//2574 3561//2575 3585//2581
f 3582//2574 3585//2581 3583//2577
f 3591//2583 3421//2464 3427//2468
f 3421//2464 3592//2584 3439//2479
f 3593//2592 3592//2584 3591//2583
f 3598//2591 3604//2696 3605//2701 3600//2594
f 3598//2591 3593//2592 3591//2583
f 3580//2666 3603//2595 3589//2579
f 3442//2481 3441//2480 3595//2585 3608//2600
f 3607//2599 3454//2494 3457//2497
f 3610//2601 3609//6819 3606//2598 3442//2481
f 3606//2598 3609//6819 3611//2619 3459//2499
f 3612//2602 3595//2585 3596//2587 3613//2699
f 3615//2603 3614//2718 3609//6819 3610//2601
f 3617//2605 3480//2514 3481//2613 3618//2608
f 3640//2630 3638//2627 3636//6821 3634//6822
f 3625//2612 3628//2618 3627//2617
f 3609//6819 3629//2714 3611//2619
f 3630//2620 3623//2614 3626//2616
f 3484//2515 3636//6821 3633//2622
f 3634//6822 3485//2517 3616//2604
f 3638//2627 3646//2631 3645//2634 3642//2628
f 3641//2626 3634//6822 3635//2623
f 2595//1885 3633//2622 3642//2628
f 3637//2625 3622//2611 3643//2629
f 3639//2624 3648//2722 3643//2629
f 3641//2626 3747//2636 3646//2631 3640//2630
f 3651//2638 3627//2617 3631//6820 3767//2743
f 2603//1890 3645//2634 3649//2633
f 1560//6396 1683//6398 3660//7895 3501//7889
f 3653//2642 3516//6793 3513//2640
f 3502//2531 3501//7889 3660//7895 3654//2645
f 2616//1905 2613//1897 3520//2644 3658//2651
f 3652//2639 3656//2658 3513//2640
f 3659//2652 3658//2651 3520//2644 3519//2643
f 3660//7895 1683//6398 1690//6410 3668//6827
f 3654//2645 3660//7895 3668//6827 3663//6823
f 2628//1914 2616//1905 3658//2651 3666//2656
f 3667//2657 3666//2656 3658//2651 3657//2650
f 3665//2655 3664//2654 3667//2657 3662//2649
f 3673//2661 2633//1919 2628//1914 3666//2656
f 3655//2647 3669//6824 3656//2658
f 3656//2658 3670//2653 3665//2655
f 3673//2661 3666//2656 3664//2654 3671//6826
f 3679//6830 3677//2660 3673//2661 3671//6826
f 3668//6827 3675//6825 3663//6823
f 3669//6824 3676//6828 3672//2659
f 3680//6831 3681//6854 3672//2659 3676//6828
f 3671//6826 3678//6829 3679//6830
f 3674//2662 3668//6827 1703//2663
f 2639//6625 2633//1919 3677//2660 3682//6855
f 3683//7896 3682//6855 3677//2660 3678//6829
f 3683//7896 3678//6829 3672//2659 3681//6854
f 3576//6816 3575//6814 2536//6616 2640//6626
f 3684//2668 3580//2666 3685//2665 3578//6817
f 3686//6833 2642//1926 2646//1927 3687//2669
f 2642//1926 3686//6833 2645//6832
f 3684//2668 3576//6816 3686//6833 3687//2669
f 2649//1928 2658//1940 3690//6834 3687//2669
f 3687//2669 2646//1927 2649//1928
f 3692//2673 3693//2672 3688//2671 3684//2668
f 3691//2670 3693//2672 3694//2674 3696//2675
f 3698//2683 3715//2693 3691//2670 3697//2676
f 2663//1942 3699//2678 3690//6834 2658//1940
f 3707//2686 3711//6839 3712//6840 3714//6842
f 3695//6835 3700//2679 3697//2676
f 2665//2680 3699//2678 2663//1942
f 2666//6836 3701//2677 2665//2680
f 3702//2684 3700//2679 3705//6837
f 3702//2684 3705//6837 3706//6838
f 2677//6632 3708//2687 2674//2689
f 2677//6632 2675//1949 3709//2692
f 3716//2694 3601//2596 3715//2693 3718//2698
f 3601//2596 3603//2595 3715//2693
f 3724//2704 3721//2702 3730//2711 3732//2792
f 3722//2703 3723//2710 3605//2701
f 3612//2602 3613//2699 3736//2720 3615//2603
f 3823//2713 3728//2708 3719//2697
f 3731//2712 3726//2706 3733//2783
f 3734//2715 3614//2718 3737//2717 3741//2746
f 3740//6843 3739//2721 3736//2720
f 3740//6843 3736//2720 3727//2707 3743//2789
f 3727//2707 3724//2704 3742//2800
f 3745//2723 3648//2722 3644//2637 3746//2733
f 3647//2632 3643//2629 3745//2723
f 3752//2728 3751//2725 3646//2631 3747//2636
f 2716//6844 3649//2633 3748//2730
f 2720//6845 2716//6844 3748//2730 3755//2729
f 3756//2731 3745//2723 3746//2733 3760//2739
f 3759//6847 2730//7831 2721//6846 3755//2729
f 3758//2736 3756//2731 3760//2739 3766//2820
f 3759//6847 3755//2729 3752//2728
f 3758//2736 3764//2742 3761//2738
f 3774//6850 2734//6637 2729//1995 3762//2737
f 3651//2638 3749//2734 3644//2637
f 2730//7831 3759//6847 2733//6849
f 3775//2819 2735//2066 2734//6637 3774//6850
f 3674//2662 1699//2664 1798//6429 3777//6852
f 3779//6853 3778//6859 3683//7896 3681//6854
f 3682//6855 3778//6859 2738//6639 2739//6856
f 3783//6857 3777//6852 3780//6861 3782//6858
f 3683//7896 3778//6859 3682//6855
f 1798//6429 3780//6861 3777//6852
f 3784//6860 2743//6645 2738//6639 3778//6859
f 3779//6853 3782//6858 3781//7897 3784//6860
f 3786//6862 3785//6863 3781//7897 3782//6858
f 3787//7898 3785//6863 2745//6647 2746//7832
f 3787//7898 2746//7832 2743//6645 3784//6860
f 3787//7898 3784//6860 3781//7897 3785//6863
f 3790//6864 2749//7834 2745//6647 3785//6863
f 3789//6865 3780//6861 1802//6431
f 3786//6862 3789//6865 3788//7899 3790//6864
f 1807//2752 3791//2751 3788//7899 3789//6865
f 3780//6861 3789//6865 3786//6862
f 3792//7900 3791//2751 2750//6648 2751//7836
f 3792//7900 2751//7836 2749//7834 3790//6864
f 3792//7900 3790//6864 3788//7899 3791//2751
f 3791//2751 1806//2753 773//6433 2752//6866
f 2675//1949 2753//7837 3793//2690 3709//2692
f 3793//2690 2753//7837 2754//2006 3794//2756
f 3796//6868 3714//6842 3713//6841 3795//2755
f 3707//2686 3714//6842 3796//6868 3797//6867
f 3799//2754 3794//2756 2756//2007 2758//2010
f 3795//2755 3798//2757 3797//6867
f 3801//2759 2761//2012 2762//2035 3802//2760
f 3805//2763 3803//2762 3798//2757 3804//2765
f 3797//6867 3803//2762 3707//2686
f 3822//2834 3817//2788 3809//2773 3813//2771
f 3803//2762 3806//2761 3707//2686
f 2762//2035 3810//2768 3802//2760
f 3802//2760 3810//2768 3811//2775
f 2785//2769 3810//2768 2762//2035
f 2785//2769 2786//2036 3814//2770
f 3810//2768 3814//2770 3811//2775
f 3818//2832 3814//2770 2786//2036 2789//7838
f 3811//2775 3814//2770 3818//2832 3819//2776
f 3823//2713 3707//2686 3806//2761 3828//2780
f 3820//2839 3821//2777 3812//2767
f 3847//2805 3841//2799 3829//2785 3846//2866
f 3827//2782 3733//2783 3829//2785
f 3833//2790 3834//2797 3743//2789
f 3771//2748 3854//2813 3853//2811 3772//6848
f 3772//6848 3853//2811 3763//2740
f 3763//2740 3855//2812 3851//2809
f 3857//2810 3773//2750 3856//6869 3858//6872
f 3855//2812 3853//2811 3859//2814
f 3855//2812 3852//6870 3851//2809
f 2826//2065 2735//2066 3775//2819 3869//2818
f 3838//2795 3860//6871 3856//6869
f 3863//2880 3857//2810 3858//6872
f 3861//6873 3866//6874 3860//6871
f 3873//2825 3867//6851 3868//2817 3875//2824
f 2826//2065 3869//2818 2827//6875
f 3869//2818 3871//6876 2827//6875
f 3871//6876 3876//2826 2832//6653 2829//2067
f 3875//2824 3882//2831 3881//2827 3873//2825
f 3871//6876 3869//2818 3876//2826
f 3877//6878 2833//6877 3876//2826
f 3872//2822 3878//2829 3874//2823
f 3877//6878 3883//6880 2838//2075 2835//6654
f 3883//6880 3877//6878 3876//2826 3884//2830
f 3885//2833 3818//2832 2789//7838 2849//6660
f 3819//2776 3885//2833 3889//2842 3890//2838
f 2849//6660 3889//2842 3885//2833
f 3887//2836 3892//2847 3893//2843 3888//2837
f 3821//2777 3895//2845 3886//2835
f 3899//2846 3891//2840 3890//2838 3898//6884
f 3886//2835 3896//2848 3892//2847
f 3894//2841 3898//6884 3890//2838
f 3902//6882 3894//2841 2857//2091 2862//2093
f 3904//7901 3900//6881 3899//2846 3903//6883
f 3894//2841 3902//6882 3898//6884
f 3896//2848 3900//6881 3905//2851 3906//6886
f 3904//7901 3905//2851 3900//6881
f 3901//2849 3896//2848 3906//6886 3907//6887
f 3939//2862 3897//2844 3908//2854 3909//2864
f 3907//6887 3908//2854 3901//2849
f 3902//6882 2862//2093 2868//7840 3910//6885
f 3912//2852 3904//7901 3903//6883 3911//7902
f 3903//6883 3910//6885 3911//7902
f 3907//6887 3906//6886 3913//2850 3914//2855
f 3904//7901 3912//2852 3905//2851
f 2876//7842 2873//7844 3916//6890 3918//6889
f 3918//6889 3910//6885 2868//7840 2876//7842
f 3911//7902 3910//6885 3918//6889 3917//6888
f 3919//7903 3912//2852 3911//7902 3917//6888
f 3920//7904 3913//2850 3912//2852 3919//7903
f 3914//2855 3913//2850 3921//7905 3922//2857
f 3913//2850 3920//7904 3921//7905
f 3927//6892 2887//7848 2883//2103 3923//2953
f 3916//6890 2873//7844 2887//7848 3927//6892
f 3925//6891 3924//2954 3928//6893 3927//6892
f 3917//6888 3916//6890 3927//6892 3928//6893
f 3928//6893 3926//2956 3931//7906 3917//6888
f 3931//7906 3926//2956 3929//6896 3932//6895
f 3931//7906 3919//7903 3917//6888
f 3920//7904 3919//7903 3931//7906 3932//6895
f 3932//6895 3930//6894 3934//6897 3920//7904
f 3922//2857 3921//7905 3934//6897 3933//2858
f 3920//7904 3934//6897 3921//7905
f 3948//2867 3849//2807 3938//2861 3940//2873
f 3936//2859 3941//2863 3915//2853
f 3944//6899 3948//2867 3949//6900 3950//2878
f 3940//2873 3949//6900 3948//2867
f 3848//2806 3946//2869 3951//2874 3952//2871
f 3944//6899 3950//2878 3945//2868
f 3954//2876 3953//2872 3956//6901 3957//2877
f 3954//2876 3949//6900 3953//2872
f 3863//2880 3858//6872 3866//6874 3960//2881
f 3862//2816 3968//2888 3965//2890 3861//6873
f 3947//2870 3964//2887 3943//2865
f 3866//6874 3965//2890 3966//2892 3960//2881
f 3973//6903 3972//6904 3882//2831 3880//2828
f 3947//2870 3955//2981 3964//2887
f 3980//2895 3884//2830 3974//2893 3978//2898
f 3884//2830 3881//2827 3974//2893
f 3988//6906 3987//2901 3984//2903 3985//2899
f 3981//2912 3973//6903 3976//2909
f 3981//2912 3991//2906 3977//2904
f 3982//2897 3989//2905 3988//6906 3985//2899
f 3990//7907 2937//6675 2934//2134 3983//2902
f 3996//6909 2945//7852 2937//6675 3990//7907
f 3990//7907 3983//2902 3987//2901
f 3988//6906 3993//6905 3987//2901
f 3986//2900 3995//2908 3994//6907 3989//2905
f 3994//6907 3988//6906 3989//2905
f 3997//7908 3996//6909 3990//7907 3987//2901
f 4000//6913 3999//6908 3997//7908 3993//6905
f 3997//7908 3987//2901 3993//6905
f 3994//6907 3998//7909 3993//6905
f 3994//6907 4002//6912 3998//7909
f 3997//7908 3999//6908 3996//6909
f 4000//6913 3993//6905 3998//7909 4004//7910
f 4001//2917 2948//6915 2945//7852 3996//6909
f 4003//6910 4002//6912 3994//6907 3995//2908
f 4002//6912 4005//6911 4004//7910 3998//7909
f 2961//2151 4015//2918 4013//7911 2959//2149
f 4006//3018 4000//6913 4004//7910
f 4004//7910 4005//6911 4007//3002
f 4006//3018 4004//7910 4125//3001
f 4001//2917 4008//6914 4012//2915
f 4013//7911 4015//2918 4017//2920 4014//6923
f 4014//6923 4017//2920 4018//7912 4019//2943
f 2964//7861 4020//6918 4021//6917 2966//7855
f 2969//6916 2966//7855 4021//6917 4015//2918
f 4018//7912 4017//2920 4016//2919 4022//2921
f 4018//7912 4022//2921 4023//6920 4024//6922
f 4025//6921 4019//2943 4018//7912 4024//6922
f 2972//7913 4027//7914 4028//6919 2974//7860
f 4020//6918 2964//7861 2974//7860 4028//6919
f 4021//6917 4028//6919 4030//2923 4022//2921
f 4029//7915 4030//2923 4028//6919
f 4032//2924 4024//6922 4023//6920 4031//2922
f 4025//6921 4032//2924 4034//2926 4026//6926
f 4035//2928 2984//2153 2989//2155 4040//2930
f 4038//2955 4042//2935 4043//2934 4069//2959
f 4042//2935 4038//2955 4037//2929
f 4069//2959 4043//2934 4044//2964 4039//2960
f 2994//2162 4046//2932 4040//2930 2989//2155
f 2959//2149 4013//7911 4046//2932 2994//2162
f 4048//2937 4042//2935 4041//2931
f 4050//2940 4045//2963 4044//2964
f 4046//2932 4013//7911 4014//6923 4047//2933
f 4019//2943 4025//6921 4055//2939 4054//2938
f 4050//2940 4044//2964 4049//2936
f 4019//2943 4048//2937 4014//6923
f 4055//2939 4025//6921 4026//6926 4056//6924
f 4062//2947 4058//2946 4057//2941
f 4058//2946 4052//2945 4051//2942
f 4059//2944 4053//2967 4052//2945
f 4061//2948 4057//2941 4056//6924 4060//6925
f 4063//2950 4058//2946 4062//2947 4061//2948
f 4066//6928 4061//2948 4060//6925 4065//6927
f 4026//6926 4034//2926 4065//6927
f 4063//2950 4066//6928 4067//2952 4064//2949
f 4038//2955 4069//2959 4070//2957 3924//2954
f 4070//2957 4071//2958 3929//6896 3926//2956
f 4069//2959 4071//2958 4070//2957
f 4039//2960 4045//2963 4075//2962 4071//2958
f 3929//6896 4072//2961 3930//6894
f 4073//6929 3933//2858 3930//6894
f 4074//7916 3933//2858 4073//6929
f 3933//2858 4074//7916 3935//2856
f 4076//7917 4078//6930 4077//6937 4073//6929
f 4045//2963 4076//7917 4075//2962
f 4076//7917 4072//2961 4075//2962
f 4072//2961 4076//7917 4073//6929
f 4076//7917 4045//2963 4079//2965 4078//6930
f 4077//6937 4074//7916 4073//6929
f 4079//2965 4050//2940 4051//2942 4080//6931
f 4082//6933 4085//6932 4083//6936 3942//6898
f 4082//6933 3935//2856 4074//7916
f 3935//2856 4082//6933 3942//6898
f 4093//2969 4096//2974 4097//5387 4094//2970
f 4084//6934 4074//7916 4077//6937
f 4084//6934 4082//6933 4074//7916
f 4080//6931 4084//6934 4078//6930
f 4089//2971 4094//2970 4090//2973
f 4081//2966 4064//2949 4095//2975
f 4095//2975 4093//2969 4081//2966
f 4094//2970 4097//5387 4099//2991 4092//2972
f 3956//6901 3936//2859 3942//6898 4083//6936
f 4088//2978 4101//2980 4100//6939 4087//6938
f 4083//6936 4100//6939 3956//6901
f 3956//6901 4100//6939 3957//2877
f 3959//2879 3958//2875 4102//6940
f 4087//6938 4100//6939 4086//6935
f 4100//6939 4101//2980 3957//2877
f 4103//2982 3952//2871 3951//2874 4102//6940
f 4120//2995 4114//2992 4119//5419 7418//5418
f 4104//2979 4105//2987 4101//2980
f 4104//2979 4088//2978 4106//6941
f 4107//2986 4104//2979 4106//6941
f 4110//2989 4107//2986 4092//2972
f 4117//2993 4118//2996 3970//6902
f 4115//2997 4119//5419 4114//2992
f 4127//6943 4124//6942 4003//6910 4126//2999
f 4003//6910 3992//2907 4126//2999
f 4124//6942 4005//6911 4003//6910
f 4007//3002 4128//3025 4129//3024 4151//3000
f 4125//3001 4004//7910 4007//3002
f 4127//6943 4132//3005 4128//3025
f 4122//3004 4130//3015 4133//6944 4131//3003
f 4120//2995 4148//5438 4147//3011 4145//3017
f 4134//3007 4131//3003 4133//6944
f 4135//3006 4136//6947 4132//3005
f 4130//3015 4122//3004 4141//2914
f 4147//3011 4146//3008 4145//3017
f 4150//3019 4149//3022 4008//6914 4006//3018
f 3107//6711 2957//2916 4012//2915 4152//3021
f 4153//3026 4154//3020 4149//3022 4150//3019
f 3109//6710 3107//6711 4152//3021 4156//6946
f 4157//6945 4156//6946 4152//3021 4154//3020
f 3115//6715 3109//6710 4156//6946 4161//3032
f 4162//3033 4161//3032 4156//6946 4159//3030
f 4166//3035 4165//3031 4162//3033 4160//3029
f 4163//6948 4164//3028 4158//3023
f 4168//3038 4169//3037 4164//3028 4163//6948
f 4135//3006 4168//3038 4136//6947
f 4163//6948 4136//6947 4168//3038
f 4166//3035 4164//3028 4170//6952 4167//3034
f 4170//6952 4164//3028 4169//3037 4174//6949
f 4171//3039 4172//3040 4168//3038 4137//3010
f 3132//6300 3115//6715 4161//3032 4178//7918
f 4173//3036 4172//3040 4175//3041
f 4175//3041 4176//6950 4173//3036
f 4173//3036 4176//6950 4174//6949
f 4178//7918 4161//3032 4165//3031 4179//6951
f 4181//6506 4180//6508 4178//7918 4179//6951
f 4178//7918 4180//6508 3132//6300
f 4183//6956 4182//6953 4179//6951 4170//6952
f 4179//6951 4182//6953 4181//6506
f 3132//6300 4180//6508 4184//7788 3136//6307
f 4185//6957 4184//7788 4180//6508 4182//6953
f 4183//6956 4170//6952 4174//6949 4187//6955
f 4184//7788 4186//7790 3136//6307
f 4189//6960 3139//747 3136//6307 4186//7790
f 4183//6956 4187//6955 4188//6958
f 4186//7790 4184//7788 4185//6957 4189//6960
f 4190//6959 4189//6960 4185//6957 4183//6956
f 3139//747 4189//6960 4191//6518 3140//7740
f 3141//7742 3140//7740 4191//6518 4192//7791
f 4190//6959 4195//6519 4194//7792 4191//6518
f 3148//7741 3141//7742 4192//7791 4197//6521
f 4192//7791 4191//6518 4194//7792 4197//6521
f 4198//6522 4197//6521 4194//7792 4195//6519
f 3148//7741 4197//6521 4199//6961 3150//7743
f 3150//7743 4199//6961 4200//7793 3151//7745
f 4176//6950 4177//3042 4201//6962 4193//6954
f 4196//6520 4202//5465 4203//3911 4195//6519
f 4188//6958 4201//6962 4202//5465
f 4198//6522 4195//6519 4203//3911 4204//7197
f 4198//6522 4204//7197 4205//7794 4199//6961
f 3157//4689 3151//7745 4200//7793 4206//7531
f 4200//7793 4199//6961 4205//7794 4206//7531
f 4207//7529 4206//7531 4205//7794 4204//7197
f 4209//3046 4208//7919 881//7784 908//3044
f 3157//4689 4206//7531 3158//7920
f 4211//7921 4209//3046 907//3045 4210//3047
f 4214//3052 4213//3050 910//3049 912//630
f 909//3048 910//3049 4212//3051
f 4211//7921 4210//3047 4217//6963 4218//6965
f 4211//7921 4218//6965 4216//7922 4209//3046
f 4212//3051 4213//3050 4220//6967 4221//6966
f 4217//6963 4210//3047 4212//3051
f 4222//7923 4219//6964 4217//6963 4221//6966
f 4222//7923 4221//6966 4226//3056 4227//6971
f 4213//3050 4214//3052 4223//3054
f 4222//7923 4227//6971 4225//7924 4219//6964
f 4231//7925 4229//6970 4226//3056 4230//6972
f 4221//6966 4223//3054 4226//3056
f 4232//6974 4228//3055 4223//3054 4224//6969
f 4233//3072 4230//6972 4228//3055 4232//6974
f 4231//7925 4235//7926 4234//7927 4229//6970
f 4233//3072 4236//6976 4231//7925 4230//6972
f 4237//6977 4235//7926 4231//7925 4236//6976
f 4241//7165 4237//6977 4239//6978 4238//6975
f 4233//3072 4232//6974 4247//6973
f 4239//6978 4236//6976 4238//6975
f 4250//3069 4255//3068 4254//3066 4249//3062
f 4244//6968 4245//3063 4248//3065
f 4250//3069 4249//3062 4246//3061
f 4247//6973 4248//3065 4253//3064
f 4241//7165 4238//6975 4256//6979 4257//6982
f 4240//3071 4263//6984 4262//6983 4256//6979
f 4265//7928 4257//6982 4262//6983 4264//6985
f 4240//3071 4258//6980 4263//6984
f 4258//6980 4268//3080 4267//6986 4263//6984
f 4270//3075 4265//7928 4264//6985 4269//3076
f 4267//6986 4271//6995 4272//3077 4269//3076
f 4268//3080 4258//6980 4259//6981
f 4268//3080 4273//3079 4271//6995 4267//6986
f 4277//3083 4243//3060 953//658 954//3081
f 4277//3083 4276//3085 4275//6988 4243//3060
f 4284//6989 4285//3092 4282//3091 4281//6990
f 4279//3086 4278//3084 4281//6990
f 4282//3091 4279//3086 4281//6990
f 4290//6994 4288//3090 4287//6992 4282//3091
f 4280//3099 4283//6991 4284//6989
f 4243//3060 4275//6988 4246//3061
f 4251//3067 4246//3061 4275//6988
f 4288//3090 4286//3087 4287//6992
f 4294//7929 4291//6993 4289//3088 4293//3168
f 4274//3078 4259//6981 4291//6993
f 4266//3089 4289//3088 4291//6993
f 4295//3093 4293//3168 4289//3088 4290//6994
f 4296//3095 4300//3102 4283//6991 4280//3099
f 4309//3106 4310//3110 4305//697 4302//3103
f 980//698 983//700 4302//3103
f 4318//3109 4309//3106 4315//3105 4448//3199
f 4302//3103 4307//3104 4309//3106
f 4320//3114 4303//3116 983//700 989//725
f 4315//3105 4317//3111 4448//3199
f 4336//7000 4342//3134 4341//3220 4340//3132
f 4311//3121 4307//3104 4308//6997
f 4323//3138 1018//728 1019//6298
f 4321//3117 4320//3114 4323//3138
f 4321//3117 4325//3119 4322//3115
f 4321//3117 4324//3137 4325//3119
f 4325//3119 4326//3141 4328//3123
f 4331//6998 4328//3123 4332//6999
f 4331//6998 4335//3125 4330//3120
f 4347//3217 4319//3113 4333//3131 4334//3126
f 4343//3133 4349//7001 4341//3220 4342//3134
f 4343//3133 4351//7003 4350//7036 4349//7001
f 4354//7005 4353//7004 4378//3154 4346//3160
f 4345//3130 4352//3157 4343//3133
f 4351//7003 4343//3133 4352//3157
f 4352//3157 4378//3154 4353//7004
f 4361//7007 4367//7009 4359//7006 4360//3140
f 4356//3139 1019//6298 1046//3136
f 4326//3141 4359//7006 4367//7009
f 4365//7019 4370//3151 4363//3143 4364//7008
f 4367//7009 4361//7007 4369//3144
f 4367//7009 4369//3144 4368//3147
f 4365//7019 4372//7930 4371//3149 4370//3151
f 4373//7010 4339//3129 4368//3147 4369//3144
f 4339//3129 4338//3127 4366//3146
f 4376//3148 4374//3150 4373//7010 4370//3151
f 4369//3144 4363//3143 4373//7010
f 4382//3156 4375//3155 4381//3159 4379//3153
f 4383//7015 4357//3135 1047//744 1060//750
f 4384//7011 4383//7015 1060//750 1061//753
f 1063//3162 4386//3161 4385//7018 4384//7011
f 4387//7196 4386//3161 1064//3163 1065//6524
f 4388//7013 4360//3140 4357//3135 4383//7015
f 4385//7018 4393//7931 4392//7017 4390//7014
f 4383//7015 4384//7011 4390//7014
f 4394//7932 4393//7931 4385//7018 4386//3161
f 4389//7012 4362//3145 4360//3140 4388//7013
f 4391//7016 4396//7021 4364//7008 4390//7014
f 4364//7008 4362//3145 4389//7012
f 4389//7012 4390//7014 4364//7008
f 4397//7933 4396//7021 4391//7016 4392//7017
f 4398//7934 4372//7930 4365//7019 4395//7020
f 4400//7022 4271//6995 4407//7935 4412//7025
f 4400//7022 4272//3077 4271//6995
f 4405//3166 4407//7935 4271//6995
f 4294//7929 4293//3168 4409//3167 4410//7936
f 4292//3094 4408//7024 4405//3166
f 4410//7936 4408//7024 4291//6993 4294//7929
f 4415//7028 4407//7935 4405//3166 4414//7027
f 4416//3169 4412//7025 4407//7935 4415//7028
f 4410//7936 4418//3172 4414//7027 4408//7024
f 4409//3167 4417//7029 4410//7936
f 4417//7029 4418//3172 4410//7936
f 4411//3182 4419//3179 4409//3167 4295//3093
f 4418//3172 4423//3174 4420//3170 4415//7028
f 4413//7026 4416//3169 4421//3171
f 4417//7029 4409//3167 4419//3179 4424//3178
f 4301//3187 969//683 4435//7030 4436//3190
f 4466//3216 4467//3212 4454//3203 4449//3201
f 4437//3100 4442//3205 4435//7030
f 4444//2106 4445//3256 4438//3189
f 4447//3198 4448//3199 4452//3202
f 4350//7036 4472//7937 4348//7002 4349//7001
f 4471//3219 4341//3220 4348//7002
f 4350//7036 4474//7037 4473//7938 4472//7937
f 4353//7004 4354//7005 4475//7939 4474//7037
f 4476//7940 4475//7939 4354//7005 4477//3880
f 4470//7035 4469//3218 4471//3219 4478//3223
f 4479//3221 4478//3223 4348//7002 4472//7937
f 4471//3219 4348//7002 4478//3223
f 4473//7938 4480//7941 4479//3221 4472//7937
f 4473//7938 4483//7942 4481//7943 4480//7941
f 4475//7939 4483//7942 4473//7938 4474//7037
f 4483//7942 4484//7944 4482//7945 4481//7943
f 4476//7940 4484//7944 4483//7942 4475//7939
f 4485//7039 4467//3212 4466//3216 4470//7035
f 4489//3225 4488//3222 4479//3221 4480//7941
f 4481//7943 4490//7946 4489//3225 4480//7941
f 4493//7043 4492//7041 4485//7039 4486//7038
f 4481//7943 4482//7945 4490//7946
f 4495//7044 4487//7040 4488//3222 4496//3224
f 4486//7038 4487//7040 4494//7042
f 4497//3227 4496//3224 4489//3225 4490//7946
f 4498//3986 4497//3227 4490//7946 4491//3978
f 4502//7047 4501//7045 4494//7042 4495//7044
f 4499//3215 4467//3212 4492//7041
f 4493//7043 4500//7046 4492//7041
f 4502//7047 4495//7044 4496//3224 4503//3226
f 4501//7045 4502//7047 4509//3235 4508//7053
f 4492//7041 4500//7046 4504//3229
f 4507//3234 4501//7045 4508//7053 4575//3298
f 4431//3185 4429//3180 4516//3239 4432//3186
f 4520//3244 4432//3186 4516//3239 4519//7947
f 4522//3247 4519//7947 4516//3239 4433//3238
f 4536//7049 4444//2106 4540//3262 4541//3263
f 4519//7947 4522//3247 4520//3244
f 4521//3242 4528//3243 4526//3251
f 4527//3248 4530//3250 4523//3245
f 4440//3191 4533//3255 4444//2106
f 4440//3191 4436//3190 4533//3255
f 4444//2106 4536//7049 4445//3256
f 4539//3261 4534//3257 4543//3264 4544//3325
f 4542//7050 4537//3259 4551//3345
f 4547//3272 4462//7033 4549//7051 4548//3270
f 4545//3266 4524//3249 4538//3260
f 4455//7031 4457//3207 4547//3272
f 4551//3345 4441//3254 4442//3205 4550//3348
f 4553//3273 4460//3210 4464//3209 4554//3275
f 4555//3271 4554//3275 4465//7034 4547//3272
f 4564//3281 4567//3284 4549//7051 4560//3279
f 4555//3271 4548//3270 4556//3276
f 4552//3269 4553//3273 4559//3346
f 4462//7033 4463//3208 4549//7051
f 4575//3298 4508//7053 4576//3294 4583//3297
f 4569//3286 4573//7052 4572//3357
f 4506//3230 4579//3292 4561//3277
f 4583//3297 4576//3294 4584//3301 4586//3307
f 4610//5156 4609//5157 4607//6106 4608//6108
f 4587//3300 4591//3303 4584//3301
f 4593//3306 4595//3309 4592//3305
f 4594//3308 4591//3303 4599//3311
f 4599//3311 4601//3314 4594//3308
f 4610//5156 4606//1544 4605//1543 4609//5157
f 4610//5156 4608//6108 4604//7685 4606//1544
f 4618//7686 4617//6110 4614//6111 4615//6113
f 4607//6106 4609//5157 4613//6109
f 4618//7686 4612//6107 4607//6106 4617//6110
f 4618//7686 4615//6113 4611//7687 4612//6107
f 4613//6109 4619//6116 4616//6115 4617//6110
f 4529//3253 4625//3318 4626//3319 4623//3316
f 4617//6110 4621//6114 4614//6111
f 4646//3337 4625//3318 4652//3335 4648//7948
f 4543//3264 4629//3326 4544//3325
f 4629//3326 4634//3323 4544//3325
f 4638//3330 4624//3317 4532//3265
f 4638//3330 4639//7055 4624//3317
f 4640//3331 4642//3334 4639//7055
f 4625//3318 4644//3336 4641//7056
f 4551//3345 4655//3344 4630//3351 4542//7050
f 4643//3332 4649//3340 4647//3338
f 4659//3367 4553//3273 4557//3274 4656//3359
f 4662//7059 4658//3347 4559//3346 4659//3367
f 4655//3344 4558//3343 4657//3354
f 4664//3353 4632//3350 4660//3349 4657//3354
f 4670//3363 4572//3357 4573//7052 4671//7058
f 4658//3347 4774//3429 4661//3352
f 4568//3287 4665//3358 4571//3288
f 4574//3289 4666//7057 4573//7052
f 4574//3289 4595//3309 4678//3384 4666//7057
f 4665//3358 4673//3364 4668//3362
f 4669//3361 4667//3360 4668//3362
f 4694//3388 4678//3384 4688//3383 4695//3390
f 4679//3374 4680//3372 4671//7058
f 4601//3314 4689//3381 4685//3376
f 4678//3384 4679//3374 4666//7057
f 4697//3386 4696//3389 4692//3385 4689//3381
f 4702//3391 4701//3393 4696//3389 4697//3386
f 4706//3401 4705//3396 4701//3393 4707//3397
f 4707//3397 4703//3394 4712//3403 4711//3402
f 4719//7688 4622//6112 4614//6111 4718//6117
f 4717//7060 4827//3475 4712//3403
f 4723//4164 4620//6316 4719//7688 4724//7061
f 4620//6316 4622//6112 4719//7688
f 4727//3 4718//6117 4621//6114 4726//6125
f 4727//3 4724//7061 4719//7688 4718//6117
f 4731//4165 4723//4164 4722//7062 4730//7065
f 4621//6114 4725//7064 4726//6125
f 4720//4865 4728//7063 4721//4866
f 4731//4165 4730//7065 4735//7067 4734//7068
f 4722//7062 4724//7061 4730//7065
f 4727//3 4726//6125 4732//7066
f 4729//3409 4738//7070 4733//7069 4735//7067
f 4742//7949 4734//7068 4733//7069 4741//7071
f 4732//7066 4740//3414 4739//3413
f 4750//3504 4742//7949 4741//7071 4749//3505
f 4729//3409 4743//3507 4738//7070
f 4737//3412 4744//3411 4740//3414
f 4743//3507 4751//7105 4746//3512 4738//7070
f 4651//3339 4755//3418 4756//7073 4652//3335
f 4652//3335 4754//7072 4648//7948
f 4762//3423 4755//3418 4757//7074 4761//3421
f 4757//7074 4654//3341 4758//3420
f 4760//3419 4767//3438 4766//7076 4761//3421
f 4763//3424 4765//4202 4759//7075
f 4764//3422 4762//3423 4766//7076 4767//3438
f 4763//3424 4768//3425 4769//4203 4765//4202
f 4769//4203 4768//3425 4788//3527 4789//7950
f 4767//3438 4770//3441 4764//3422
f 4775//3427 4773//3428 4778//3433
f 4772//3426 4779//3434 4777//3432
f 4767//3438 4785//3440 4770//3441
f 4791//3444 4658//3347 4662//7059 4674//3366
f 4785//3440 4790//3525 4787//3442
f 4810//3463 4813//7078 4811//3462 4808//3461
f 4776//3430 4795//3446 4781//3549
f 4781//3549 4795//3446 4937//3547
f 4794//3465 4792//3369 4799//3450
f 4799//3450 4681//3375 4806//3457
f 4822//3472 4813//7078 4810//3463 4809//3458
f 4798//3447 4791//3444 4796//3460
f 4796//3460 4807//3459 4958//3570
f 4803//3455 4818//3471 4817//3469
f 4818//3471 4819//3473 4817//3469
f 4825//3477 4714//3406 4711//3402 4826//3474
f 4833//3481 4831//3476 4828//7079 4829//4260
f 4826//3474 4830//3479 4825//3477
f 4835//3478 4834//3482 4802//3467 4815//3466
f 4837//3485 4836//3483 4830//3479 4838//7080
f 4840//3484 4837//3485 4838//7080 4839//3490
f 4851//3494 4840//3484 4839//3490 4852//3492
f 4860//7083 4859//3516 4855//7089 4856//7084
f 4860//7083 4845//3511 4850//3510 4859//3516
f 4846//7106 4845//3511 4860//7083 4857//7082
f 4862//3497 4861//3496 4852//3492 4863//7086
f 4851//3494 4861//3496 4841//3486
f 4865//7098 4864//7085 4853//7081 4866//7088
f 4868//7096 4865//7098 4866//7088 4869//7090
f 4853//7081 4854//4289 4867//7087
f 4857//7082 4856//7084 4869//7090 4870//7091
f 4866//7088 4867//7087 4869//7090
f 4872//7101 4868//7096 4869//7090 4855//7089
f 4859//3516 4858//3518 4872//7101 4855//7089
f 4878//7951 4877//7095 4875//7093 4864//7085
f 4863//7086 4875//7093 4874//7092
f 4863//7086 4864//7085 4875//7093
f 4864//7085 4865//7098 4879//7097 4878//7951
f 4880//7952 4877//7095 4878//7951 4881//7100
f 4881//7100 4879//7097 4868//7096 4872//7101
f 4878//7951 4879//7097 4881//7100
f 4882//7102 4873//3495 4874//7092 4876//7094
f 4883//7111 4882//7102 4877//7095 4884//7112
f 4882//7102 4876//7094 4877//7095
f 4885//3500 4985//3499 4882//7102 4883//7111
f 4877//7095 4880//7952 4884//7112
f 4895//3521 4898//3515 4747//3415 4748//3417
f 4890//7120 4887//3522 4905//3502
f 4905//3502 4891//7104 4890//7120
f 4893//3506 4749//3505 4746//3512
f 4895//3521 4748//3417 4901//3416
f 4751//7105 4743//3507 4897//3509
f 4871//7099 4896//3517 4897//3509 4902//7108
f 4871//7099 4858//3518 4896//3517
f 4886//3503 4905//3502 4901//3416 4745//3410
f 4871//7099 4872//7101 4858//3518
f 4895//3521 4901//3416 4905//3502
f 4884//7112 4907//7109 4906//7114 4910//7113
f 4880//7952 4881//7100 4907//7109
f 4906//7114 4907//7109 4908//7110
f 4917//3531 4786//3526 4783//3437 4920//3536
f 4880//7952 4907//7109 4884//7112
f 4885//3500 4883//7111 4911//3615
f 4910//7113 4906//7114 4911//3615
f 4790//3525 4917//3531 4915//3530
f 4920//3536 4924//3552 4922//7117 4917//3531
f 4912//3524 4920//3536 4783//3437
f 4788//3527 4918//7116 4789//7950
f 4925//3542 4919//3532 4922//7117 4924//3552
f 4927//3543 4924//3552 4932//3553 4933//7953
f 4925//3542 4926//3535 4919//3532
f 4934//3541 4926//3535 4927//3543 4933//7953
f 4930//3539 4929//3538 4936//3556 4935//3557
f 4938//3545 4937//3547 4795//3446 4793//3445
f 4944//3551 4950//3575 4949//3617 4945//7119
f 4939//3546 4940//3550 4780//3435
f 4942//7118 4937//3547 4938//3545
f 4945//7119 4940//3550 4944//3551
f 4947//3574 4941//3548 4942//7118
f 4933//7953 4932//3553 4951//3560 4952//3562
f 4955//3559 4934//3541 4933//7953 4952//3562
f 4943//3537 4953//3555 4951//3560 4932//3553
f 4957//3563 4952//3562 4951//3560 4956//3561
f 4965//3590 4963//3567 4958//3570 4962//3566
f 4948//3616 4953//3555 4946//3554
f 4963//3567 4968//3589 4969//3572 4966//3568
f 4971//3577 4973//3583 4960//3564 4823//3578
f 4998//3608 4997//7123 4889//7115 4887//3522
f 4965//3590 4962//3566 4961//3565
f 4998//3608 5003//7122 5002//3606 4997//7123
f 4998//3608 4887//3522 4890//7120
f 4891//7104 4892//7103 5000//7121
f 5001//3604 5002//3606 5003//7122
f 5005//3612 5003//7122 5004//3607 5006//7954
f 5006//7954 5004//3607 4999//3609 5000//7121
f 5009//3611 4990//3596 5007//3605 5001//3604
f 4996//3602 5012//3614 5011//5115 5013//3671
f 5008//3610 5003//7122 5005//3612
f 5018//7124 4957//3563 4956//3561 5017//3621
f 4997//7123 4911//3615 4889//7115
f 4936//3556 5015//3619 4954//3558
f 5019//3622 4955//3559 4957//3563 5018//7124
f 5028//3625 5016//3620 5019//3622 5027//3627
f 4954//3558 5023//3632 4935//3557
f 5024//3626 5017//3621 5022//3630
f 5018//7124 5024//3626 5019//3622
f 5023//3632 5026//4412 4935//3557
f 5047//3649 5043//3646 5042//3645 5046//7127
f 5037//3638 5039//7126 5032//3634
f 5031//7125 5030//3633 5048//3650 5049//7955
f 5053//7136 5046//7127 5040//3644 5052//7128
f 5046//7127 5050//3654 5047//3649
f 5047//3649 5050//3654 5045//3648
f 5058//3663 5060//7130 5059//3656 4982//3588
f 5051//3652 5046//7127 5053//7136
f 5051//3652 5053//7136 5056//3653
f 4970//3635 4982//3588 5033//3636
f 5060//7130 5065//3665 5063//3657 5059//3656
f 5071//7132 5072//3660 5074//3693 5075//7133
f 5065//3665 5060//7130 5062//3662
f 5034//3639 5063//3657 5064//3658
f 5068//7131 5039//7126 5064//3658
f 5071//7132 5067//3640 5068//7131
f 5077//3679 5056//3653 5053//7136 5076//7135
f 5090//3673 5092//3677 5091//3675 5081//3674
f 5073//7134 5070//3641 5071//7132
f 5081//3674 5061//3661 5079//7137
f 5081//3674 5079//7137 5089//3672
f 5096//7956 5095//7291 5055//7129 5057//3655
f 5095//7291 5048//3650 5055//7129
f 5052//7128 5073//7134 5098//7141 5099//7140
f 5100//3680 5077//3679 5076//7135 5099//7140
f 5105//3684 5103//3685 5099//7140 5098//7141
f 5116//3717 5118//3694 5117//3692 5115//3691
f 5107//7142 5105//3684 5098//7141
f 5113//4500 5114//7295 5110//3689
f 5115//3691 5084//3669 5086//7138
f 5085//3718 5116//3717 5086//7138
f 5123//7143 5108//3687 5107//7142 5120//3699
f 5120//3699 5098//7141 5117//3692
f 5125//3698 5121//3695 5122//3696 5126//3701
f 5108//3687 5123//7143 5112//3686
f 5110//3689 5112//3686 5113//4500
f 5123//7143 5125//3698 5124//3703
f 5131//7144 5129//3700 5133//3706 5134//3707
f 5136//3708 5134//3707 5133//3706 5135//7146
f 5140//7957 5138//7147 5132//7145 5139//3709
f 5132//7145 5138//7147 5128//3702
f 5132//7145 5134//3707 5139//3709
f 5143//3710 5139//3709 5136//3708 5141//7148
f 5140//7957 5142//7958 5138//7147
f 5140//7957 5139//3709 5144//3711 5145//3714
f 5140//7957 5145//3714 5146//3713 5142//7958
f 5085//3718 5082//3667 5083//3668 5150//3719
f 5151//7149 5156//7959 5155//3722 5150//3719
f 5151//7149 5093//3676 5094//7139
f 5156//7959 5158//7152 5159//3729 5155//3722
f 5152//3720 5154//3723 5163//7151 5162//3725
f 5164//7150 5167//7153 5141//7148 5135//7146
f 5165//3728 5163//7151 5154//3723
f 5163//7151 5169//3735 5167//7153 5164//7150
f 5141//7148 5167//7153 5168//3734
f 5165//3728 5170//3727 5169//3735 5163//7151
f 5167//7153 5169//3735 5172//3732
f 5170//3727 5166//3726 5173//3742 5174//3741
f 5158//7152 5171//3730 5159//3729
f 5147//3712 5141//7148 5168//3734
f 5168//3734 5176//3733 5177//7154 5147//3712
f 5145//3714 5180//3739 5181//7155 5148//3715
f 5149//3716 5177//7154 5176//3733 5183//3744
f 5192//3750 5191//3759 5175//3731 5188//3747
f 5182//3740 5178//3736 5184//3748
f 5191//3759 5173//3742 5175//3731
f 5186//3745 5187//3746 5193//3755 5194//3754
f 5186//3745 5194//3754 5195//3753 5181//7155
f 5198//7156 5197//3756 5190//3757 5185//3743
f 5193//3755 5201//3762 5202//7157 5195//3753
f 5198//7156 5185//3743 5191//3759
f 5198//7156 5191//3759 5200//3758
f 5203//465 5189//3749 5197//3756 5207//3764
f 5208//3763 5207//3764 5197//3756 5200//3758
f 5206//469 5203//465 5209//471 5210//470
f 5208//3763 5200//3758 5204//3760
f 5206//469 5210//470 5211//7325 5202//7157
f 5207//3764 5212//472 5209//471 5203//465
f 5216//6408 5211//7325 5210//470 5215//6230
f 5215//6230 5210//470 5212//472
f 5217//477 5214//6231 5212//472 5207//3764
f 5218//479 5213//474 5204//3760 5205//3761
f 5215//6230 5220//6233 5221//6240 5216//6408
f 5222//480 5224//6232 5217//477 5213//474
f 5223//6241 5214//6231 5229//7716 5226//7717
f 5214//6231 5223//6241 5220//6233
f 5222//480 5219//478 5225//6640
f 5224//6232 5222//480 5227//6244 5228//6243
f 5224//6232 5228//6243 5229//7716 5214//6231
f 5225//6640 5230//6242 5227//6244 5222//480
f 5229//7716 5228//6243 5232//7718 5233//7719
f 5229//7716 5233//7719 5231//7720 5226//7717
f 5230//6242 5234//2003 5232//7718 5228//6243
f 5233//7719 5232//7718 5235//7721 5236//7722
f 5237//6245 5236//7722 5235//7721 5234//2003
f 5235//7721 5232//7718 5234//2003
f 1947//7158 881//7784 4208//7919 5241//7159
f 5238//7723 5236//7722 5237//6245
f 4208//7919 4209//3046 5241//7159
f 5242//7960 5243//3767 1948//3766 5241//7159
f 1949//3765 5243//3767 5244//3773 1950//6477
f 1950//6477 5244//3773 5245//3769 1951//3768
f 5247//7961 5241//7159 4209//3046 4216//7922
f 5247//7961 4216//7922 4218//6965 5248//7962
f 5242//7960 5241//7159 5247//7961 5248//7962
f 5249//3770 5243//3767 5242//7960 5248//7962
f 5250//7963 5248//7962 4218//6965 4219//6964
f 5250//7963 5251//3771 5249//3770 5248//7962
f 5259//7964 5252//3774 5251//3771 5250//7963
f 5244//3773 5243//3767 5251//3771 5252//3774
f 5254//3780 5255//3775 5253//3772 5252//3774
f 5257//7965 5250//7963 4219//6964 4225//7924
f 4227//6971 5258//7966 5257//7965 4225//7924
f 5259//7964 5250//7963 5257//7965 5258//7966
f 5258//7966 4227//6971 4229//6970 5260//3779
f 5260//3779 5261//3778 5259//7964 5258//7966
f 5252//3774 5259//7964 5261//3778 5254//3780
f 5265//7161 5260//3779 4229//6970 4234//7927
f 5266//7162 5265//7161 4235//7926 4237//6977
f 5265//7161 4234//7927 4235//7926
f 5267//7164 5262//3777 5265//7161 5266//7162
f 5268//3790 5261//3778 5267//7164 5271//3791
f 5262//3777 5267//7164 5261//3778
f 5271//3791 5267//7164 5269//7163 5270//7166
f 1981//6484 1953//1430 5272//7167 5273//3782
f 5272//7167 5246//7160 5274//7168 5275//3783
f 5266//7162 4241//7165 4257//6982 5282//7170
f 5264//3785 5275//3783 5274//7168
f 5284//3792 5271//3791 5270//7166 5283//7171
f 5266//7162 5282//7170 5270//7166
f 5279//3795 5268//3790 5284//3792 5285//3794
f 5282//7170 4257//6982 4265//7928 5291//7173
f 5287//3797 5281//3789 5280//3788
f 5288//3798 5289//3812 5281//3789
f 5292//7172 5283//7171 5282//7170 5291//7173
f 5291//7173 4265//7928 4270//3075 5298//7174
f 5295//3796 5296//3801 5287//3797
f 5299//3802 5297//3804 5291//7173 5298//7174
f 5296//3801 5294//3799 5300//3806 5302//3800
f 5293//3803 5300//3806 5294//3799
f 1996//1476 1981//6484 5273//3782 5306//3823
f 5301//3805 5304//3809 5300//3806
f 5289//3812 5288//3798 5287//3797 5310//3814
f 5289//3812 5309//3816 5308//3811
f 5311//3813 5287//3797 5302//3800 5313//3819
f 5313//3819 5302//3800 5304//3809 5316//7175
f 5319//3821 5311//3813 5317//3820 5318//7207
f 5325//3827 5323//3825 5307//3810 5308//3811
f 1996//1476 5306//3823 2004//1477
f 2004//1477 5321//3824 2003//1473
f 5307//3810 5323//3825 5322//3822
f 5331//3834 5321//3824 5324//3826 5334//3837
f 5329//7177 5326//7176 5328//3829
f 5330//3832 2006//6487 1857//1385
f 5321//3824 5331//3834 2011//1481
f 2029//1496 2026//6491 5341//3850 5342//3844
f 2026//6491 5340//3840 5344//3851
f 2024//1494 2028//6488 5343//3847 5340//3840
f 5348//3845 5347//3849 5351//7178 5352//3884
f 5349//3848 5341//3850 5344//3851
f 5346//3842 5354//7182 5355//7180 5350//3852
f 5345//3841 5354//7182 5346//3842
f 5349//3848 5350//3852 5355//7180 5356//7179
f 5351//7178 5349//3848 5356//7179
f 5352//3884 5351//7178 5356//7179 5338//3871
f 5373//7183 5376//3874 5388//7188 5378//3877
f 5395//3863 5366//3864 5364//3862
f 5372//3869 5369//3872 5368//3870
f 5374//3907 5371//3867 5373//7183
f 5338//3871 5339//3857 5375//3873
f 5375//3873 5385//3875 5372//3869
f 5383//7218 5385//3875 5375//3873 5381//3856
f 5370//3868 5376//3874 5373//7183
f 5385//3875 5383//7218 5382//7219 5384//7185
f 5388//7188 5384//7185 5516//3967 5387//7187
f 2029//1496 5342//3844 5391//3882 2063//1518
f 5376//3874 5384//7185 5388//7188
f 5386//7967 5377//3878 5387//7187
f 5378//3877 5387//7187 5377//3878
f 5361//3859 2062//1517 2063//1518 5391//3882
f 5393//3860 5392//3843 5394//3883 5395//3863
f 5391//3882 5392//3843 5393//3860
f 5401//3892 5396//3885 5362//3858 5399//3886
f 5395//3863 5352//3884 5368//3870
f 5396//3885 5398//1539 2093//1541
f 5398//1539 5396//3885 5401//3892 5402//3887
f 5405//3893 5401//3892 5400//3891 5404//3890
f 5403//3889 5402//3887 5407//3894 5409//3915
f 5407//3894 5405//3893 5412//3904 5406//3916
f 5415//7192 5406//3916 5412//3904
f 5414//3906 4371//3149 4372//7930 5416//7201
f 5415//7192 5414//3906 5416//7201 5408//7200
f 5411//7191 5367//3866 5417//3897 5410//3896
f 5415//7192 5408//7200 5406//3916
f 5367//3866 5371//3867 5417//3897
f 5420//3899 5412//3904 5410//3896 5418//3895
f 5423//3905 5421//7194 4375//3155 4371//3149
f 5422//3901 5421//7194 5423//3905 5413//3903
f 5424//3902 5420//3899 5422//3901 5413//3903
f 5413//3903 5423//3905 5414//3906 5415//7192
f 5412//3904 5420//3899 5424//3902
f 5421//7194 5429//7968 4381//3159 4375//3155
f 5417//3897 5374//3907 5426//3908
f 5427//7193 5429//7968 5421//7194 5419//3900
f 5430//3879 4355//3881 4381//3159 5429//7968
f 5431//3910 2107//3909 2094//1540 5397//3888
f 5430//3879 5429//7968 5380//7190
f 5380//7190 5429//7968 5427//7193
f 5430//3879 5380//7190 5390//7189
f 5432//7195 2109//7197 2108//3911 5431//3910
f 1065//6524 2111//3914 5433//3913 4387//7196
f 5435//7198 5403//3889 5409//3915 5434//7199
f 5437//7969 5434//7199 5444//7970 5436//7971
f 5431//3910 5403//3889 5435//7198
f 5437//7969 5432//7195 5431//3910 5434//7199
f 5436//7971 4392//7017 4393//7931 5438//7972
f 5439//7973 5437//7969 5436//7971 5438//7972
f 5439//7973 5438//7972 5433//3913 5432//7195
f 5440//7974 5438//7972 4393//7931 4394//7932
f 5432//7195 5437//7969 5439//7973
f 5440//7974 4394//7932 4386//3161 5433//3913
f 5442//3917 5406//3916 5408//7200 5441//7202
f 5433//3913 5438//7972 5440//7974
f 5443//7975 5441//7202 4395//7020 4396//7021
f 5444//7970 5442//3917 5441//7202 5443//7975
f 5444//7970 5434//7199 5409//3915 5442//3917
f 5445//7976 5443//7975 4396//7021 4397//7933
f 4397//7933 4392//7017 5436//7971 5445//7976
f 5445//7976 5436//7971 5444//7970 5443//7975
f 4398//7934 4395//7020 5441//7202 5416//7201
f 4372//7930 4398//7934 5416//7201
f 4406//7023 5446//3920 5298//7174 4399//6987
f 5447//3918 5303//3807 5298//7174 5446//3920
f 5316//7175 5304//3809 5305//3808 5449//7204
f 5305//3808 5448//7203 5449//7204
f 5315//3817 5319//3821 5452//7208 5460//3925
f 5453//3940 5320//3830 5315//3817 5460//3925
f 5454//3919 5446//3920 4406//7023 4413//7026
f 5455//7209 5456//3923 5448//7203 5447//3918
f 5457//3922 5449//7204 5448//7203 5456//3923
f 5452//7208 5318//7207 5459//3926 5460//3925
f 5462//7210 5454//3919 4413//7026 4421//3171
f 5455//7209 5454//3919 5462//7210 5463//3928
f 5465//3924 5459//3926 5451//7206 5464//3927
f 5468//3932 5462//7210 4421//3171 4425//3175
f 5469//3933 5465//3924 5464//3927 5471//3931
f 5476//3939 5474//3938 4426//3176 4430//3184
f 5465//3924 5469//3933 5466//3930
f 5469//3933 5475//3934 5472//3935
f 5471//3931 5476//3939 5475//3934
f 5481//7212 5467//3942 5470//3936 5478//7229
f 5470//3936 5473//3937 5477//7228
f 5453//3940 5461//3929 5480//3941
f 5480//3941 5481//7212 5329//7177
f 5486//3945 5335//3838 5479//7211 5485//7213
f 5482//3947 5483//3956 5333//3836
f 5495//4005 5489//3949 5492//7214 5494//4006
f 5492//7214 5485//7213 5481//7212
f 5498//3954 5500//3953 5358//3855 5355//7180
f 5354//7182 5497//3958 5498//3954 5355//7180
f 5360//7181 5353//3846 5359//3854 5499//3964
f 5506//3965 5499//3964 5359//3854 5502//3957
f 5502//3957 5359//3854 5357//3853
f 5509//3963 5503//3959 5499//3964 5510//4040
f 5503//3959 5507//3962 5501//3955
f 5512//7217 5513//7220 5382//7219 5383//7218
f 5513//7220 5514//3968 5516//3967 5384//7185
f 5516//3967 5515//3969 5386//7967 5387//7187
f 5386//7967 5515//3969 5529//7977 5519//7978
f 5386//7967 5519//7978 5389//7186 5377//3878
f 5389//7186 5519//7978 5518//7223 5520//7222
f 4476//7940 4477//3880 5517//7221
f 5517//7221 5430//3879 5390//7189 5520//7222
f 5513//7220 5522//3972 5523//7226 5514//3968
f 5513//7220 5512//7217 5522//3972
f 5526//7225 5525//7224 5529//7977 5515//3969
f 5526//7225 5515//3969 5514//3968 5523//7226
f 5527//7979 5524//7980 4482//7945 4484//7944
f 5517//7221 5527//7979 4484//7944 4476//7940
f 5527//7979 5528//7981 5525//7224 5524//7980
f 5518//7223 5528//7981 5527//7979 5517//7221
f 5529//7977 5528//7981 5518//7223 5519//7978
f 5525//7224 5528//7981 5529//7977
f 5532//3982 5531//3977 5523//7226 5522//3972
f 5534//3979 4490//7946 4482//7945 5524//7980
f 5535//3975 5534//3979 5524//7980 5525//7224
f 5526//7225 5531//3977 5536//3976 5525//7224
f 5541//3984 5543//3991 5542//3983 5539//3981
f 4490//7946 5534//3979 4491//3978
f 5544//7227 4511//3233 4505//3232 5540//3985
f 5547//4024 4513//3236 4511//3233 5544//7227
f 5610//4035 5549//3992 5504//3960 5507//3962
f 4513//3236 5547//4024 4577//3290
f 5476//3939 4430//3184 4515//3237 5550//3998
f 5476//3939 5550//3998 5554//3997 5475//3934
f 5473//3937 5472//3935 5551//3995 5552//3994
f 5475//3934 5554//3997 5551//3995
f 5555//3999 5553//7230 4518//3240 4521//3242
f 4517//3241 4518//3240 5553//7230
f 5556//3996 5551//3995 5554//3997 5558//4001
f 5555//3999 5550//3998 5553//7230
f 5478//7229 5477//7228 5552//3994 5557//7231
f 5558//4001 5562//4062 5563//4003 5556//3996
f 4525//7048 4526//3251 5559//7232
f 4525//7048 5559//7232 5555//3999
f 4526//3251 5561//4004 5559//7232
f 5568//7234 5557//7231 5560//4002 5569//4069
f 5562//4062 5566//4067 5563//4003
f 5563//4003 5566//4067 5567//4066
f 5571//4009 5490//3950 5489//3949 5495//4005
f 5496//3952 5571//4009 5577//4010 5578//4016
f 5478//7229 5568//7234 5493//7215
f 5494//4006 5576//4012 5573//4007
f 5595//4031 5594//4025 5593//3989 5546//3990
f 5511//3966 5584//7236 5510//4040
f 5505//7216 5585//7237 5581//4018
f 5584//7236 5587//7238 5510//4040
f 5575//4008 5588//4094 5582//4019
f 5590//4091 5585//7237 5583//7235
f 5585//7237 5591//4108 5586//4020
f 5593//3989 5542//3983 5546//3990
f 4577//3290 5592//4023 4578//3291
f 5596//4026 4581//3295 4578//3291 5592//4023
f 5602//4051 4589//3304 4588//7054 5598//4027
f 4581//3295 5596//4026 4585//3299
f 5598//4027 4585//3299 5596//4026
f 5599//4030 5594//4025 5595//4031
f 5601//4029 5595//4031 5597//4022 5605//4033
f 5600//4028 5599//4030 5604//4032
f 5623//4048 5603//4043 5618//4038 5616//4042
f 5604//4032 5601//4029 5606//4055
f 5613//4039 5610//4035 5509//3963
f 5628//4057 4600//3315 4596//3312 5625//4052
f 5587//7238 5621//4100 5613//4039
f 5630//4059 5629//4117 5626//4058 5607//4054
f 5627//4053 5606//4055 5608//4034 5631//4114
f 4686//3378 4600//3315 5634//4061 5712//7243
f 4600//3315 5628//4057 5634//4061
f 5636//6722 4606//1544 4604//7685 5635//7746
f 5638//7982 5635//7746 4604//7685 4608//6108
f 4603//7748 4606//1544 5636//6722
f 5640//7983 5636//6722 5635//7746 5638//7982
f 5640//7983 5638//7982 5639//7984 5641//5553
f 5637//5552 5636//6722 5640//7983 5641//5553
f 5643//6310 4612//6107 4611//7687 5642//7751
f 5643//6310 5638//7982 4608//6108 4612//6107
f 5639//7984 5638//7982 5643//6310 5644//6309
f 5645//6315 5642//7751 4611//7687 4615//6113
f 5639//7984 5644//6309 5641//5553
f 5647//6308 5643//6310 5642//7751 5645//6315
f 5647//6308 5645//6315 5646//6314 5644//6309
f 5651//6313 4622//6112 4620//6316 5650//6318
f 4615//6113 4622//6112 5651//6313 5645//6315
f 5644//6309 5652//7752 5653//759 5648//6312
f 5646//6314 5652//7752 5644//6309
f 5654//7753 5649//7239 5648//6312 5653//759
f 5655//7985 5565//7233 4531//3252 4623//3316
f 5656//4063 5564//4000 5565//7233 5655//7985
f 5657//7240 5655//7985 4623//3316 4626//3319
f 5667//7986 5661//7241 4641//7056 4644//3336
f 5655//7985 5657//7240 5656//4063
f 5562//4062 5658//4064 5659//4073
f 4626//3319 4627//3320 5657//7240
f 4627//3320 4641//7056 5661//7241
f 5664//4072 5663//4070 5666//4075 5670//4079
f 5661//7241 5667//7986 5660//4065
f 5673//4085 5667//7986 4646//3337 4648//7948
f 4644//3336 4646//3337 5667//7986
f 5674//4081 5660//4065 5667//7986 5673//4085
f 5679//4188 5668//4076 5674//4081 5678//4084
f 5666//4075 5676//4189 5670//4079
f 5579//4015 5576//4012 5680//4011 5681//4087
f 5668//4076 5679//4188 5789//7242
f 5587//7238 5586//4020 5591//4108 5687//4112
f 5590//4091 5686//4109 5585//7237
f 5682//4086 5684//4089 5694//4213 5695//4215
f 5690//4095 5692//4096 5696//4221 5693//4097
f 5698//4104 5623//4048 5620//4044 5699//4102
f 5700//4144 5624//4049 5698//4104 5703//4103
f 5609//4050 5624//4049 5700//4144
f 5714//4120 4687//3379 4686//3378 5712//7243
f 5699//4102 5706//4148 5703//4103
f 5709//4237 5708//4111 5704//4106
f 5721//4125 5719//4122 5720//4118 5723//4127
f 5631//4114 5715//4130 5711//4115
f 5713//4116 5633//4060 5718//4123
f 5728//4139 5727//4134 5724//4129 5722//4126
f 4699//3392 5725//4133 4700//4132
f 5734//4138 5728//4139 5732//4131 5735//4158
f 5715//4130 5631//4114 5700//4144 5738//4146
f 5745//4153 5737//4142 5731//4140 5740//4145
f 5733//4136 4708//3398 4704//3395 5729//4137
f 4713//3404 4708//3398 5746//7244 5747//4155
f 4708//3398 5733//4136 5746//7244
f 4715//3407 4713//3404 5747//4155 5749//4154
f 5730//4135 5727//4134 5748//4156
f 5753//4255 4716//4157 5748//4156 5859//4252
f 4827//3475 4717//7060 5752//7245 5754//4254
f 5757//6319 5651//6313 5650//6318 5755//7246
f 5757//6319 5755//7246 5756//757 5646//6314
f 5755//7246 4620//6316 4723//4164 5760//4161
f 5653//759 5758//758 5654//7753
f 5652//7752 5646//6314 5762//4168 5763//765
f 5764//4162 5653//759 5652//7752 5763//765
f 5759//4163 5764//4162 5767//4170 5768//7987
f 4731//4165 4734//7068 5769//4172 5760//4161
f 5765//4166 5760//4161 5769//4172 5770//4171
f 5772//4173 5773//7247 5774//4174 5770//4171
f 5774//4174 5780//4181 5775//4175 5766//4167
f 5777//4184 5768//7987 5767//4170 5776//4176
f 5769//4172 4734//7068 4742//7949 5778//4179
f 5772//4173 5769//4172 5778//4179 5779//4178
f 5779//4178 5782//4180 5783//4306 5773//7247
f 5781//4177 5767//4170 5771//4169
f 5778//4179 4742//7949 4750//3504 5787//4300
f 5786//4185 5776//4176 5781//4177
f 5783//4306 5928//4309 5780//4181 5773//7247
f 5794//4190 5675//4082 5789//7242 5793//4197
f 4648//7948 4754//7072 5673//4085
f 5671//4078 5789//7242 5675//4082
f 5796//4193 5791//4186 4754//7072 4759//7075
f 5800//4201 5790//4191 5794//4190 5803//4207
f 5796//4193 4759//7075 4765//4202 5802//4199
f 5798//4196 5802//4199 5805//7249 5806//7250
f 5797//4195 5804//4326 5799//4198
f 5805//7249 4769//4203 4789//7950 5814//4330
f 5814//4330 5815//4329 5806//7250 5805//7249
f 5825//4222 5837//7252 5838//7274 5832//4230
f 5819//4217 5820//4218 5694//4213
f 5819//4217 5821//4219 5822//4224
f 5819//4217 5823//4225 5820//4218
f 5848//4242 5845//4239 5745//4153 5744//4151
f 5709//4237 5710//4113 5833//7251 5846//4243
f 4828//7079 4827//3475 5754//4254 5862//4253
f 5848//4242 5844//4241 5849//4269
f 5850//7253 5843//4238 5847//4244
f 5851//4245 5833//7251 5831//4229
f 5851//4245 5854//4273 5852//4246
f 5855//7256 5850//7253 5853//4247
f 5751//4160 5750//4159 5860//7254
f 4832//3480 4833//3481 5866//4259 5867//4278
f 5864//4257 5865//4258 5861//4251 5860//7254
f 5879//4274 5883//4366 5882//4365 5855//7256
f 5865//4258 5864//4257 5868//7255
f 5876//4268 5882//4365 5884//7277 5885//4276
f 5890//4280 4848//3493 4847//3491 5888//4279
f 4848//3493 5890//4280 5893//4284 4849//4283
f 5892//4287 5889//4281 5869//4262 5872//4265
f 5898//7259 5886//7265 4846//7106 4857//7082
f 5896//7257 5898//7259 4857//7082
f 5887//4301 5886//7265 5898//7259 5899//7258
f 5899//7258 5896//7257 5897//7262 5900//4310
f 5891//4307 5887//4301 5899//7258 5900//4310
f 5906//4291 5895//4285 5904//4288 5907//4294
f 5894//4282 5902//4286 5903//7260
f 4870//7091 4867//7087 5905//4290 5908//7988
f 4857//7082 4870//7091 5908//7988 5896//7257
f 5910//4293 5909//7261 5906//4291 5907//4294
f 5905//4290 5909//7261 5908//7988
f 5896//7257 5908//7988 5909//7261
f 5909//7261 5910//4293 5911//7989 5897//7262
f 5900//4310 5897//7262 5911//7989 5901//4311
f 5916//7990 5911//7989 5910//4293 5915//4295
f 5913//7263 5920//7271 5914//7264
f 5937//7991 5911//7989 5916//7990 5917//7992
f 5915//4295 5917//7992 5916//7990
f 5918//7993 5917//7992 5915//4295 5914//7264
f 5913//7263 5919//4297 5921//4296 5920//7271
f 5787//4300 4750//3504 4846//7106 5886//7265
f 5920//7271 5918//7993 5914//7264
f 5920//7271 5921//4296 5922//4319
f 5783//4306 5782//4180 5887//4301
f 5784//4182 5924//4303 5785//4183
f 5785//4183 5925//4304 5781//4177
f 5911//7989 5937//7991 5929//7267 5901//4311
f 5930//7266 5934//7268 5931//4308
f 5937//7991 5917//7992 5918//7993 5938//7270
f 5931//4308 5940//4313 5935//4312
f 5932//4305 5942//4316 5936//4322
f 5934//7268 5929//7267 5937//7991 5938//7270
f 5943//4318 5938//7270 5918//7993 5920//7271
f 5938//7270 5940//4313 5934//7268
f 5947//7272 5939//4315 5943//4318 5946//4320
f 5936//4322 5950//4387 5951//5850 5948//5738
f 4918//7116 5955//4328 5814//4330 4789//7950
f 5813//4209 5811//4208 5956//4333
f 5967//4338 5809//4205 5813//4209 5956//4333
f 5956//4333 5960//4334 5961//4339
f 5962//4337 5955//4328 5964//4402
f 5838//7274 5837//7252 5836//4234 5975//4360
f 5959//4343 5969//4342 5960//4334
f 5959//4343 5958//4332 5970//4341
f 5975//4360 5836//4234 5973//4347 5979//4361
f 5979//4361 5973//4347 5974//4348 5980//4362
f 5980//4362 5974//4348 5978//4350 5981//7276
f 6010//7285 6009//4378 6006//7278 6011//7279
f 5985//4353 5856//4248 5857//4249
f 5976//4355 5839//4235 5838//7274
f 5986//4354 5985//4353 5983//4351
f 5989//4374 5990//4372 5986//4354
f 5993//4376 5988//4357 5991//4358
f 5980//4362 5981//7276 5994//4363
f 5984//4352 5996//4369 5883//4366
f 6005//4379 5885//4276 5884//7277
f 6005//4379 5884//7277 6006//7278
f 6004//7280 5922//4319 6007//4298
f 6007//4298 6009//4378 6004//7280
f 6009//4378 6005//4379 6006//7278
f 6010//7285 6004//7280 6009//4378
f 6019//7273 5944//4321 5947//7272 6018//7281
f 6008//4380 6011//7279 6006//7278
f 5949//4323 5945//4317 6020//7282 6021//4388
f 6018//7281 6004//7280 6010//7285 6023//7284
f 6046//4411 6038//4405 6044//4409 6045//4417
f 6021//4388 6020//7282 6025//4389
f 6023//7284 6027//4390 6024//7283
f 6047//4415 6048//4413 6037//4403 6041//4406
f 6035//4401 4935//3557 5026//4412
f 6051//4437 6046//4411 6054//4420 6073//4421
f 5049//7955 6060//4425 6055//4427 5031//7125
f 6049//4426 5026//4412 6055//4427
f 6047//4415 6042//7286 6056//4429
f 6060//4425 6062//4428 6056//4429 6049//4426
f 6015//4383 6001//4373 6078//4443 6087//4453
f 6060//4425 5049//7955 5048//3650
f 6050//4438 6070//7288 5994//4363
f 6003//4377 6079//4444 6080//4445 6089//4457
f 6015//4383 6087//4453 6017//4400
f 6088//4454 6003//4377 6089//4457 6090//4456
f 6099//4463 6093//7289 6083//4449 6082//4448
f 6091//4455 6090//4456 6092//4468
f 6082//4448 6085//4451 6098//4461 6099//4463
f 6093//7289 6096//4472 6094//4458
f 6111//7294 6065//7287 5095//7291 5096//7956
f 6108//4470 6106//4469 6107//7290
f 6111//7294 6112//7292 6066//4433 6065//7287
f 6122//4480 6117//4474 6113//4440 6068//4434
f 5096//7956 6114//7293 6111//7294
f 6114//7293 5096//7956 5057//3655
f 6068//4434 6115//4481 6122//4480
f 6077//4442 6076//4441 6118//4476 6119//4477
f 6121//7994 6114//7293 5057//3655 5101//3681
f 6121//7994 6115//4481 6112//7292 6114//7293
f 6121//7994 5101//3681 6127//4486 6115//4481
f 6117//4474 6123//4482 6118//4476
f 6137//4497 6138//4494 6131//4493 6132//4488
f 6124//4489 6131//4493 6125//4483
f 6133//4492 5114//7295 6134//4491
f 5113//4500 6134//4491 5114//7295
f 6139//4525 6136//7315 6135//4513 6138//4494
f 6144//7296 6145//7298 6143//4499 6141//4495
f 6137//4497 6140//4496 6138//4494
f 6139//4525 6138//4494 6143//4499 6145//7298
f 6153//7299 6146//4502 5130//3705 5138//7147
f 6144//7296 6150//4506 6152//7995
f 6151//7297 6144//7296 6152//7995
f 6155//7300 6154//4507 6153//7299 5142//7958
f 6150//4506 6149//4505 6154//4507 6156//7301
f 6152//7995 6150//4506 6156//7301 6157//7303
f 6155//7300 5142//7958 6158//4509 6159//4508
f 5142//7958 6153//7299 5138//7147
f 5142//7958 5146//3713 6158//4509
f 6160//7305 6156//7301 6155//7300 6159//4508
f 6158//4509 5146//3713 5148//3715 6163//4510
f 6160//7305 6161//7302 6156//7301
f 6136//7315 6168//4515 6166//4512 6135//4513
f 6159//4508 6164//4528 6160//7305
f 6173//7310 6152//7995 6157//7303 6175//4530
f 6145//7298 6172//7309 6171//4524
f 6151//7297 6152//7995 6173//7310
f 6151//7297 6173//7310 6145//7298
f 6172//7309 6173//7310 6176//7313 6177//4533
f 6173//7310 6175//4530 6176//7313
f 6174//7307 6172//7309 6177//4533 6178//4519
f 6174//7307 6178//4519 6179//4517 6189//4527
f 6162//7304 6161//7302 6164//4528 6181//4531
f 6180//6040 6192//7311 6183//4518 6184//7316
f 6096//4472 6167//7306 6185//7314 6110//4473
f 6185//7314 6188//4523 6190//4526 6191//4516
f 6185//7314 6186//4521 6110//4473
f 6110//4473 6186//4521 6097//4460
f 6169//4514 6188//4523 6185//7314
f 6168//4515 6171//4524 6170//7308
f 6168//4515 6170//7308 6188//4523
f 6189//4527 6188//4523 6170//7308
f 6189//4527 6190//4526 6188//4523
f 6186//4521 6185//7314 6191//4516 6192//7311
f 6163//4510 5148//3715 5181//7155 6194//7318
f 6159//4508 6163//4510 6194//7318 6195//4529
f 6202//4538 6196//4532 6200//4537 6201//4546
f 6203//4535 6198//4520 6205//4540 6207//4542
f 6194//7318 6204//4539 6195//4529
f 6201//4546 6200//4537 6199//4536 6206//7320
f 5181//7155 5195//3753 6213//7317 6194//7318
f 6202//4538 6209//4543 6197//4534
f 6206//7320 6199//4536 6204//4539 6208//7319
f 5195//3753 5202//7157 6217//7322 6213//7317
f 6209//4543 6202//4538 6201//4546
f 6209//4543 6210//7321 6211//4544
f 6215//4548 6207//4542 6211//4544
f 6223//7326 6216//4541 6212//4545 6220//4549
f 6218//7323 6208//7319 6219//6404
f 6217//7322 5202//7157 5211//7325 6224//6406
f 6214//4547 6222//1270 6210//7321
f 6222//1270 6215//4548 6210//7321
f 6225//1267 6219//6404 6228//6407 6229//1269
f 6230//6411 6231//4550 6226//1268 6229//1269
f 6233//6427 6224//6406 5216//6408 5221//6240
f 6229//1269 6224//6406 6233//6427 6234//6412
f 5223//6241 6238//7766 6237//6426 5221//6240
f 6234//6412 6233//6427 6237//6426 6238//7766
f 6239//7767 6230//6411 6234//6412 6238//7766
f 6240//7327 6231//4550 6230//6411 6239//7767
f 5223//6241 5226//7717 6241//7768 6238//7766
f 6242//7769 6239//7767 6238//7766 6241//7768
f 6240//7327 6239//7767 6242//7769 6243//7996
f 6244//7329 6235//4552 6240//7327 6243//7996
f 6246//7771 6241//7768 5226//7717 5231//7720
f 6244//7329 6243//7996 6245//7328
f 5233//7719 6247//7772 6246//7771 5231//7720
f 6242//7769 6241//7768 6246//7771 6247//7772
f 6248//7330 6243//7996 6242//7769 6247//7772
f 6245//7328 6243//7996 6248//7330 6249//6431
f 5233//7719 5236//7722 6250//7773 6247//7772
f 6251//6430 6248//7330 6247//7772 6250//7773
f 6252//7774 6250//7773 5236//7722 5238//7723
f 5237//6245 6253//2753 6252//7774 5238//7723
f 6251//6430 6250//7773 6252//7774 6253//2753
f 6254//2752 6249//6431 6251//6430 6253//2753
f 2974//7860 2973//7859 6256//7997 6257//7998
f 6255//7999 2972//7913 2974//7860 6257//7998
f 6258//8000 6256//7997 2973//7859 2975//7858
f 6259//8001 6257//7998 6256//7997 6258//8000
f 6261//4555 6258//8000 2975//7858 2977//4553
f 6263//8002 6260//4554 2978//4557 6262//4558
f 6259//8001 6258//8000 6265//4561 6266//7332
f 6259//8001 6266//7332 6264//8003 6257//7998
f 6270//7334 6265//4561 6267//4560 6269//7333
f 6265//4561 6258//8000 6261//4555
f 6263//8002 6271//4565 6269//7333 6260//4554
f 6271//4565 6263//8002 6262//4558
f 6274//7498 6268//7331 6272//7335 6270//7334
f 6272//7335 6265//4561 6270//7334
f 6274//7498 6270//7334 6275//4571 6276//7336
f 6273//4572 6269//7333 6271//4565
f 6280//4563 6262//4558 2980//4559 3014//2174
f 6278//4568 6282//4567 3016//2178 2982//6696
f 6280//4563 6281//4562 6283//4574 6271//4565
f 6287//4573 6271//4565 6289//4576 6294//4580
f 6271//4565 6283//4574 6289//4576
f 6292//4616 6291//4581 6285//4566 6286//4570
f 6288//4575 6283//4574 6284//4578
f 6287//4573 6293//7338 6277//7337 6275//4571
f 6296//7504 6276//7336 6277//7337 6295//7339
f 6287//4573 6294//4580 6293//7338
f 6301//4588 6296//7504 6295//7339 6300//4582
f 6289//4576 6288//4575 6294//4580
f 6303//4590 6299//4583 6294//4580 6302//4617
f 6278//4568 3037//2193 3038//4595 6312//4597
f 6303//4590 6305//4584 6299//4583
f 6297//4579 6304//4586 6302//4617
f 6302//4617 6307//4589 6303//4590
f 2982//6696 3037//2193 6278//4568
f 6313//4596 3039//4599 6314//4598 6317//4606
f 6317//4606 6314//4598 6321//7344 6322//7340
f 6315//4603 6279//4569 6278//4568
f 6318//4602 6279//4569 6315//4603
f 6312//4597 6316//4604 6319//4601
f 6335//7350 6334//7362 6329//4611 6333//4633
f 6324//4607 6318//4602 6319//4601
f 6326//4610 6323//4608 6324//4607
f 6329//4611 6334//7362 6332//4615
f 6279//4569 6318//4602 6292//4616 6286//4570
f 6347//8004 6342//4624 6328//4609 6332//4615
f 6326//4610 6298//4585 6323//4608
f 6310//4592 6338//4621 6339//4620
f 6342//4624 6347//8004 6348//8005 6341//4623
f 6311//4593 6343//5382 6309//4594
f 6346//7342 6340//4622 6341//4623
f 6470//7368 6346//7342 6341//4623 6348//8005
f 6476//4699 6347//8004 6332//4615 6334//7362
f 6349//2218 6353//7346 6351//7343 3069//6706
f 3070//2217 6352//4628 6353//7346 6349//2218
f 6367//8006 6366//7349 6362//4632 6363//4635
f 6356//7347 6352//4628 6358//4631
f 6360//4634 6356//7347 6358//4631
f 6358//4631 6357//4630 6361//7348
f 6367//8006 6363//4635 6361//7348 6522//4728
f 3064//2222 6371//4641 6354//4734 6350//2226
f 6385//4654 6384//4658 6381//4648 6382//4647
f 3077//2229 6369//6707 6373//7351
f 6376//4745 6373//7351 6374//4743
f 6370//2231 6379//4642 6381//4648
f 6382//4647 6379//4642 6377//4643
f 6553//4755 6395//4662 6400//7355 6403//4756
f 6398//7352 6397//4661 6396//4673
f 6401//7354 6398//7352 6399//4675
f 6418//4671 6412//4670 6413//7357 6415//4691
f 6407//4663 3130//4664 3131//4687
f 6378//4646 6407//4663 6394//4666
f 6416//4672 6414//4668 6411//4665
f 6420//7358 6419//4681 6418//4671 6415//4691
f 6417//4676 6418//4671 6419//4681
f 6427//4678 6422//4677 6426//4683 6425//4682
f 6419//4681 6420//7358 6424//7359
f 6429//7360 6428//4680 6419//4681 6424//7359
f 6425//4682 6430//4684 6429//7360 6424//7359
f 6435//7015 6434//3135 3152//744 3153//750
f 6428//4680 6429//7360 6431//4781
f 6433//5551 6432//4782 6430//4684
f 6436//7011 6435//7015 3153//750 3154//753
f 3156//3162 6438//4688 6437//7018 6436//7011
f 6440//7013 6439//4690 6434//3135 6435//7015
f 6437//7018 6445//7931 6444//7017 6442//7014
f 6435//7015 6436//7011 6442//7014
f 6446//8007 6445//7931 6437//7018 6438//4688
f 6441//7012 6447//4692 6439//4690 6440//7013
f 6409//7356 6439//4690 6413//7357
f 6443//7016 6452//7021 6449//7008 6442//7014
f 6449//7008 6447//4692 6441//7012
f 6441//7012 6442//7014 6449//7008
f 6453//8008 6452//7021 6443//7016 6444//7017
f 6450//7019 6454//3151 6448//3143 6449//7008
f 6450//7019 6456//7535 6455//4694 6454//3151
f 6457//7533 6456//7535 6450//7019 6451//7361
f 6458//4693 6421//4679 6420//7358 6454//3151
f 6415//4691 6448//3143 6420//7358
f 6459//7538 6438//4688 3157//4689 3158//7920
f 6344//4625 6345//4626 6471//7364 6472//8009
f 6469//7363 6311//4593 6344//4625
f 6470//7368 6471//7364 6346//7342
f 6473//7365 6469//7363 6344//4625 6472//8009
f 6479//8010 6472//8009 6471//7364 6475//8011
f 6470//7368 6474//7367 6471//7364
f 6471//7364 6474//7367 6475//8011
f 6348//8005 6347//8004 6476//4699 6477//4702
f 6478//7366 6470//7368 6348//8005 6477//4702
f 6472//8009 6479//8010 6480//8012 6473//7365
f 6475//8011 6481//7369 6482//7372 6479//8010
f 6474//7367 6481//7369 6475//8011
f 6480//8012 6479//8010 6482//7372 6483//7371
f 6478//7366 6477//4702 6484//4701 6485//4706
f 6489//7370 6482//7372 6481//7369 6488//4705
f 6485//4706 6484//4701 6490//7374 6491//4707
f 6483//7371 6489//7370 6487//5482
f 6498//7375 6493//7377 6494//5483 6487//5482
f 6481//7369 6485//4706 6488//4705
f 6489//7370 6497//4708 6498//7375
f 6495//8013 6491//4707 6490//7374 6499//8014
f 6496//4709 6488//4705 6491//4707 6495//8013
f 6499//8014 6490//7374 6492//7373 6500//7376
f 6496//4709 6495//8013 6503//4716 6504//4714
f 6497//4708 6496//4709 6504//4714 6501//4712
f 6498//7375 6497//4708 6501//4712 6493//7377
f 6505//4717 6499//8014 6500//7376 6463//4698
f 6503//4716 6495//8013 6505//4717
f 6499//8014 6505//4717 6495//8013
f 6494//5483 6493//7377 6508//4720 6509//4719
f 6500//7376 6462//4710 6463//4698
f 6515//4802 6511//4721 6508//4720 6517//4803
f 6503//4716 6514//4725 6512//4723
f 6502//4711 6507//4713 6516//4805 6517//4803
f 6512//4723 6514//4725 6518//4807 6519//4724
f 6521//8015 6460//4703 6335//7350 6366//7349
f 6367//8006 6522//4728 6521//8015 6366//7349
f 6521//8015 6524//7379 6461//4704 6460//4703
f 6525//4730 6524//7379 6521//8015 6522//4728
f 6532//4735 6529//4729 6528//4731 6533//4737
f 6525//4730 6529//4729 6524//7379
f 6524//7379 6529//4729 6462//4710
f 6543//4749 6375//4640 6376//4745 6546//4752
f 6536//4739 6534//4736 6533//4737
f 6536//4739 6530//4738 6531//4741
f 6375//4640 6373//7351 6376//4745
f 6535//4732 6354//4734 6541//4747 6545//7381
f 6537//4824 6535//4732 6545//7381 6548//4751
f 6544//7380 6547//4774 6549//4753 6542//4748
f 6550//4840 6662//4837 6548//4751 6551//4750
f 6393//4660 6389//4656 6402//7353 6553//4755
f 6540//4746 6372//4652 6393//4660
f 6405//4685 6406//4780 6557//7386 6556//7383
f 6557//7386 6567//7387 6566//4764 6565//7385
f 6557//7386 6406//4780 6558//4779
f 6567//7387 6557//7386 6558//4779 6559//4784
f 6559//4784 6560//4783 6568//4765 6567//7387
f 6573//4763 6574//4770 6572//4769 6564//4760
f 6564//4760 6565//7385 6566//4764
f 6585//1542 4606//1544 4603//7748 6584//6720
f 6579//7389 6575//7388 6580//4772
f 6588//7795 6587//6525 4605//1543 6585//1542
f 6586//7796 6589//7797 6588//7795 6585//1542
f 6590//6526 4613//6109 4609//5157 6587//6525
f 6588//7795 6591//6527 6590//6526 6587//6525
f 6592//7798 6591//6527 6588//7795 6589//7797
f 6594//6529 4619//6116 4613//6109 6590//6526
f 6595//1550 6594//6529 6590//6526 6596//6528
f 6597//7799 6596//6528 6591//6527 6592//7798
f 6593//7800 6598//7801 6597//7799 6592//7798
f 6597//7799 6600//7802 6599//6530 6596//6528
f 6595//1550 6596//6528 6599//6530
f 6601//7803 6600//7802 6597//7799 6598//7801
f 6625//4801 6622//4799 6778//4939 6780//4937
f 6624//4819 6620//4800 6625//4801
f 6623//4828 6626//7392 6619//4798
f 6516//4805 6631//4806 6627//4810 6517//4803
f 6519//4724 6631//4806 6513//4718
f 6635//4791 6631//4806 6634//4812 6637//4816
f 6518//4807 6630//4813 6519//4724
f 6627//4810 6636//4786 6603//7390
f 6657//8016 6656//7395 6647//4830 6653//4829
f 6635//4791 6636//4786 6631//4806
f 6636//4786 6605//4785 6603//7390
f 6637//4816 6612//4912 6607//4817
f 6538//4742 6643//4823 6646//4831
f 6538//4742 6649//7393 6648//4826
f 6649//7393 6538//4742 6646//4831
f 6653//4829 6651//7394 6654//4833
f 6654//4833 6791//4836 6657//8016 6653//4829
f 6660//4839 6550//4840 6659//7396 6661//4838
f 6643//4823 6537//4824 6548//4751
f 6676//4852 6675//4855 6582//4773 6579//7389
f 6665//4841 6660//4839 6661//4838
f 6663//4842 6665//4841 6669//4844
f 6684//4859 6671//4862 6687//4861 6677//4853
f 6678//4851 6675//4855 6676//4852
f 6675//4855 6678//4851 6682//4854
f 6683//4856 6672//4849 6679//4858
f 6684//4859 6677//4853 6682//4854
f 4721//4866 4619//6116 6594//6529 6689//4867
f 6671//4862 6670//4848 6687//4861
f 6671//4862 6680//4850 6688//4864
f 6691//7804 6690//1548 6599//6530 6600//7802
f 6692//7805 6691//7804 6600//7802 6601//7803
f 6602//6726 6693//6728 6692//7805 6601//7803
f 6696//4870 6690//1548 6691//7804 6697//1554
f 6697//1554 6692//7805 6693//6728 6698//6532
f 6691//7804 6692//7805 6697//1554
f 6699//7399 6701//7400 6700//4871 6697//1554
f 6694//7398 6695//4868 6702//4875
f 6711//4874 4745//3410 4728//7063 6694//7398
f 6723//4885 6715//4886 6714//7405 6724//7601
f 6698//6532 6705//7402 6701//7400
f 6704//4872 6700//4871 6709//4880
f 6701//7400 6710//7404 6709//4880
f 6705//7402 6714//7405 6710//7404
f 6716//7406 6840//4882 6712//4873
f 6719//4879 6722//4973 6713//4877
f 6726//4887 6727//4932 6771//4931 6731//4888
f 6730//7407 6917//5022 6918//4890 6731//4888
f 6736//4894 6917//5022 6730//7407
f 6733//4892 6736//4894 6730//7407 6734//4933
f 6739//4896 6744//4898 6740//4926 6777//4927
f 6752//4906 6755//4907 6763//4923 6757//4913
f 6615//4915 6755//4907 6611//4792
f 6752//4906 6758//4914 6751//8017 6753//4908
f 6763//4923 6755//4907 6754//4911 6762//4918
f 6761//4919 6758//4914 6757//4913
f 6782//4938 6781//4941 6786//4944 6742//4899
f 6765//7606 6767//4921 6772//4930
f 6734//4933 6771//4931 6774//4928
f 6731//4888 6771//4931 6734//4933
f 6777//4927 6624//4819 6780//4937
f 6781//4941 6782//4938 6626//7392
f 6791//4836 6790//7412 6656//7395 6657//8016
f 6948//4948 6947//7411 6787//4945
f 6785//4949 6787//4945 6652//4827 6650//4834
f 6795//7413 6794//7414 6793//4951 6790//7412
f 6796//4947 6785//4949 6793//4951 6797//7415
f 6808//4956 6800//4952 6798//4953 6809//7416
f 6795//7413 6792//4950 6794//7414
f 6794//7414 6799//5062 6797//7415
f 6797//7415 6801//5051 6796//4947
f 6669//4844 6806//4954 6668//4845
f 6658//4832 6666//4846 6805//4955
f 6806//4954 6808//4956 6805//4955
f 6822//7420 6821//4964 6818//4965 6819//7419
f 6812//7417 6670//4848 6811//4960
f 6670//4848 6812//7417 6813//4962
f 6817//4961 6813//4962 6814//7418
f 6814//7418 6812//7417 6815//4959
f 6807//4957 6817//4961 6818//4965
f 6819//7419 6817//4961 6815//4959
f 6826//4968 6821//4964 6822//7420 6827//4966
f 6820//7421 6823//7617 6815//4959
f 6826//4968 6828//4967 6824//5083 6825//7423
f 4892//7103 4888//3501 6836//4970 6837//4969
f 6832//4958 6688//4864 6833//7397
f 4888//3501 4886//3503 6836//4970
f 6721//4980 6713//4877 6722//4973 6849//4979
f 6838//4971 6853//4984 6858//4986
f 6841//4974 6718//4878 6721//4980
f 6844//4976 6723//4885 6724//7601 6845//5740
f 6842//4972 6850//4981 6722//4973
f 6847//4977 6853//4984 6836//4970 6846//4881
f 6863//7446 7013//4987 6861//4989 6862//7447
f 6859//7427 6848//4978 6855//4985
f 6855//4985 6857//7428 6861//4989
f 6858//4986 6843//4975 6854//7426
f 6859//7427 6861//4989 6860//4988
f 6861//4989 6857//7428 6862//7447
f 6858//4986 6860//4988 6839//7455
f 6873//7430 6872//4995 6851//4982 6844//4976
f 6845//5740 6874//7432 6873//7430 6844//4976
f 6881//7434 6852//4994 6872//4995 6882//7431
f 6881//7434 6882//7431 6884//7437 6883//7443
f 6874//7432 6885//7435 6884//7437 6882//7431
f 6887//7439 6886//7438 6883//7443 6884//7437
f 6878//4997 6891//5001 6890//5003 6889//4999
f 6884//7437 6888//7436 6887//7439
f 6924//7433 6879//5033 6891//5001 6878//4997
f 6881//7434 6893//8018 6857//7428 6856//4983
f 6857//7428 6893//8018 6892//8019
f 6896//7440 6895//7441 6892//8019 6893//8018
f 6883//7443 6897//7442 6893//8018 6881//7434
f 6893//8018 6897//7442 6896//7440
f 6898//5005 6894//7444 6895//7441 6899//5000
f 6886//7438 6899//5000 6896//7440 6897//7442
f 6889//4999 6890//5003 6898//5005 6899//5000
f 6736//4894 6919//5024 6927//5026 6922//5023
f 6862//7447 6892//8019 6902//7445
f 6862//7447 6857//7428 6892//8019
f 6902//7445 6894//7444 6901//5009
f 6902//7445 6892//8019 6894//7444
f 6892//8019 6895//7441 6894//7444
f 6898//5005 6903//5004 6894//7444
f 6925//5020 6917//5022 6922//5023
f 6925//5020 6880//4996 6926//5029 6921//5021
f 6924//7433 6922//5023 6927//5026 6879//5033
f 6935//7450 6933//5036 6748//4946 6788//7410
f 6904//5027 6905//5010 6928//5031
f 6738//4936 6776//4935 6746//4904 6931//5034
f 6941//5041 6944//5047 6943//5045
f 6945//7451 6944//5047 6942//5042
f 6965//5069 7051//5155 6958//5056 6953//5065
f 6963//5068 6961//5063 6962//5067 6964//5066
f 6954//5053 6955//5054 6957//5055
f 6961//5063 6959//5059 6962//5067
f 6968//5174 7055//5161 7054//5158 6967//5070
f 6953//5065 6961//5063 6965//5069
f 6974//5075 6972//5074 6973//5078 6970//5080
f 6970//5080 6971//5076 6974//5075
f 6828//4967 6979//5084 6978//5081 6824//5083
f 7076//5077 6972//5074 7077//5178
f 6978//5081 6979//5084 6982//5088 6981//7452
f 6985//5089 6983//5091 6980//5087 6981//7452
f 6982//5088 6984//5090 6985//5089 6981//7452
f 6984//5090 6827//4966 6990//5093 6987//5095
f 6989//5096 6980//5087 6983//5091 6987//5095
f 6966//5073 6980//5087 6989//5096
f 6992//5098 6971//5076 6966//5073 6989//5096
f 6839//7455 6997//5105 6838//4971 6858//4986
f 6972//5074 6971//5076 6992//5098
f 6992//5098 6989//5096 6990//5093
f 6995//7454 7000//5103 5006//7954 5000//7121
f 7001//5104 7000//5103 6995//7454 6996//5101
f 7003//5107 7001//5104 6997//5105 6839//7455
f 5005//3612 5006//7954 7000//5103 7006//5102
f 7003//5107 6998//7456 7002//5106
f 6999//7457 7005//5110 7004//5109
f 7009//5111 5009//3611 5005//3612 7006//5102
f 7006//5102 7002//5106 7007//5112
f 6998//7456 6839//7455 6860//4988 7013//4987
f 7017//5125 7018//5127 7020//5116 7021//5124
f 6999//7457 7013//4987 6863//7446
f 6999//7457 6866//5121 7005//5110
f 7015//5122 7014//5120 6868//4991
f 7031//5134 7032//5140 7034//5132 7033//5130
f 7022//5126 7020//5116 7018//5127
f 6914//5017 6913//5046 7030//7458
f 7030//7458 7031//5134 7019//5128
f 7030//7458 6913//5046 6943//5045 7031//5134
f 7035//5145 7036//5136 7034//5132
f 7037//5135 7038//5138 7039//5211
f 7031//5134 6944//5047 6945//7451 7040//5141
f 7057//5151 7049//5150 7044//5144 7046//5146
f 7032//5140 7042//5139 7035//5145
f 7042//5139 7043//5142 7035//5145
f 7044//5144 7049//5150 7047//5148
f 7048//5226 7039//5211 7038//5138 7047//5148
f 7056//5147 7041//5057 6958//5056 7051//5155
f 7064//5229 7050//5152 7060//5162 7061//7459
f 7056//5147 7051//5155 7057//5151
f 7057//5151 7052//5154 7059//5153
f 7068//5167 7067//5165 7065//5164 7087//5168
f 7078//5848 7080//7461 7085//5179 6977//5100
f 7095//7656 7094//5189 7092//5187 7093//5934
f 7083//5183 7079//5175 7076//5077
f 7091//5188 7088//5184 7084//5180
f 7065//5164 7081//5182 7087//5168
f 7091//5188 7085//5179 7092//5187
f 7087//5168 7089//5185 7066//5166
f 7066//5166 7089//5185 7090//5171
f 7100//5198 5092//3677 5090//3673 7098//5195
f 7072//5256 7094//5189 7095//7656
f 5089//3672 7097//5191 7098//5195
f 7026//5131 7106//5193 7096//5190 7024//5118
f 7099//5194 7102//5200 7100//5198
f 7110//5216 7111//5205 7101//5201 7109//5204
f 7106//5193 7107//5202 7108//5196
f 7122//5212 7121//5217 7118//5210 7119//5213
f 7119//5213 7117//7462 7138//5214
f 7118//5210 7121//5217 7110//5216
f 7145//5236 7144//5233 7142//5232 7143//5258
f 7120//5215 7123//5219 7122//5212
f 7122//5212 7128//5218 7125//5207
f 7130//5308 7131//5224 7132//5309
f 7117//7462 7048//5226 7138//5214
f 7148//5242 7152//7465 7158//7464 7160//5246
f 7159//5250 7134//5248 7155//5239 7156//5245
f 7162//5252 7140//5227 7064//5229 7063//5169
f 7069//7460 7070//5170 7171//5254 7165//5257
f 7165//5257 7170//5259 7169//5234 7163//5251
f 7168//5262 7164//5255 7072//5256
f 7170//5259 7173//5261 7150//5240 7146//5235
f 7172//5263 7148//5242 7147//5241 7167//5260
f 7147//5241 7150//5240 7173//5261
f 7104//5197 7175//5265 5151//7149 5094//7139
f 7175//5265 7180//7468 5156//7959 5151//7149
f 7105//5266 7102//5200 7176//5267
f 7184//5275 7180//7468 7175//5265 7105//5266
f 7181//5271 7184//5275 7105//5266 7176//5267
f 7180//7468 5161//7467 5160//3738 5158//7152
f 7178//5268 7179//5284 7182//5272
f 5158//7152 5156//7959 7180//7468
f 7184//5275 7181//5271 7185//5276
f 7228//7482 7194//7481 7193//5278 7190//7470
f 7186//5270 7189//5273 7192//7471
f 7189//5273 7188//7469 7193//5278
f 7188//7469 7190//7470 7193//5278
f 7198//7474 7197//5277 7193//5278 7194//7481
f 7200//7490 5179//3737 5160//3738 5161//7467
f 7184//5275 7201//5324 7200//7490 5161//7467
f 7211//7475 7190//7470 7187//7466 7183//5287
f 7203//5282 7113//5209 7116//5286
f 7116//5286 7206//7487 7207//5285
f 7211//7475 7183//5287 7205//5289 7214//5288
f 7215//7477 7213//7480 7212//7476 7214//5288
f 7209//5292 7210//5291 7216//7478 7214//5288
f 7212//7476 7219//7479 7228//7482 7190//7470
f 7224//5296 7216//7478 7217//5314
f 7213//7480 7220//5295 7230//8020 7219//7479
f 7215//7477 7223//5293 7220//5295 7213//7480
f 7230//8020 7229//7483 7228//7482 7219//7479
f 7221//5294 7223//5293 7222//5297
f 7226//6064 7224//5296 7227//5298
f 7221//5294 7231//5302 7230//8020 7220//5295
f 7231//5302 7229//7483 7230//8020
f 7232//7484 7231//5302 7221//5294 7222//5297
f 7234//5301 7233//7485 7232//7484 7222//5297
f 7199//7472 7198//7474 7194//7481 7229//7483
f 7231//5302 7235//5304 7199//7472 7229//7483
f 7133//5249 7134//5248 7243//5311 7240//7486
f 7235//5304 7236//5303 7257//5306
f 7237//5305 7233//7485 7238//7492
f 7217//5314 7210//5291 7208//5290 7242//7488
f 7208//5290 7207//5285 7206//7487
f 7243//5311 7242//7488 7240//7486
f 7248//5317 7247//5316 7246//5313 7244//5312
f 7250//7489 7249//7674 7218//5299 7246//5313
f 7160//5246 7161//7463 7253//8021 7252//5318
f 7252//5318 7157//5247 7160//5246
f 7252//5318 7253//8021 7245//6084 7244//5312
f 7258//5328 7262//5327 7261//7491 7257//5306
f 7264//5325 7263//5322 7201//5324 7195//5274
f 7261//7491 7267//8022 7266//7493 7256//7473
f 7261//7491 7262//5327 7270//5334 7267//8022
f 5199//3752 5179//3737 7259//5323
f 7273//5335 5205//3761 5199//3752 7259//5323
f 7277//5338 7276//1909 7275//5337 7265//5330
f 7272//5332 7269//5329 7275//5337
f 7279//8023 7277//5338 7266//7493 7267//8022
f 7280//1915 7278//1913 7277//5338 7279//8023
f 7270//5334 7280//1915 7279//8023 7267//8022
f 7271//5333 7284//1914 7280//1915 7270//5334
f 7281//5340 7272//5332 7275//5337 7282//1910
f 7274//5336 7272//5332 7281//5340
f 7284//1914 7289//1919 7285//1917 7278//1913
f 7258//5328 7237//5305 7238//7492
f 7286//1922 5218//479 5205//3761 7273//5335
f 7286//1922 7273//5335 7274//5336 7287//5339
f 7292//6644 7291//1921 7287//5339 7282//1910
f 7276//1909 7285//1917 7288//1920
f 7276//1909 7293//6624 7292//6644 7282//1910
f 7288//1920 7295//6625 7294//6638 7293//6624
f 5225//6640 5219//478 7286//1922 7296//6641
f 7298//6856 7297//6639 7294//6638 7295//6625
f 7296//6641 7286//1922 7291//1921
f 7300//6643 7299//6642 7291//1921 7292//6644
f 7296//6641 7291//1921 7299//6642
f 7293//6624 7302//6645 7301//6646 7300//6643
f 5234//2003 5230//6242 7296//6641 7303//2001
f 7305//7832 7304//6647 7301//6646 7302//6645
f 7307//7833 7308//7834 7306//7835 7303//2001
f 7303//2001 7300//6643 7307//7833
f 7304//6647 7308//7834 7307//7833 7300//6643
f 7306//7835 7309//6648 5239//2002 7303//2001
f 7310//7836 7309//6648 7306//7835 7308//7834
f 7311//6866 5240//6433 5237//6245 7309//6648
f 4027//7914 2972//7913 6255//7999 7312//8024
f 7312//8024 6255//7999 6257//7998 7313//8025
f 4027//7914 7312//8024 7313//8025 4028//6919
f 7314//8026 4029//7915 4028//6919 7313//8025
f 7315//8027 7316//7495 7314//8026 7313//8025
f 4030//2923 4029//7915 7314//8026 7316//7495
f 4031//2922 4030//2923 7316//7495 7317//5343
f 4031//2922 7317//5343 7318//7494 4032//2924
f 7313//8025 6257//7998 6264//8003 7320//8028
f 6266//7332 7321//8029 7320//8028 6264//8003
f 7315//8027 7313//8025 7320//8028 7321//8029
f 7322//5344 7316//7495 7315//8027 7321//8029
f 7323//7496 7321//8029 6266//7332 6268//7331
f 7328//5354 7325//7499 7324//5342 7322//5344
f 7322//5344 7321//8029 7323//7496
f 7318//7494 7317//5343 7324//5342 7325//7499
f 7323//7496 6274//7498 6276//7336 7329//7501
f 7325//7499 7326//5349 7318//7494
f 7330//7500 7327//7497 7323//7496 7329//7501
f 4065//6927 4034//2926 7319//5341 7332//5348
f 7328//5354 7327//7497 7330//7500
f 4065//6927 7332//5348 7333//5352 4066//6928
f 4067//2952 4066//6928 7333//5352 7334//5345
f 7343//7502 7337//5350 7336//5347 7326//5349
f 7335//5346 7334//5345 7339//5353 7340//5389
f 7345//5357 7338//5351 7337//5350 7343//7502
f 7341//5355 7342//7503 7326//5349
f 7342//7503 7344//5365 7343//7502
f 7340//5389 7339//5353 7346//5356 7347//7509
f 7341//5355 7330//7500 7331//5360 7348//5359
f 7329//7501 6276//7336 6296//7504 7349//5372
f 7350//5358 7331//5360 7329//7501 7349//5372
f 7342//7503 7341//5355 7348//5359 7351//5362
f 7346//5356 7345//5357 7344//5365 7353//5374
f 7347//7509 7346//5356 7353//5374 7354//5373
f 7372//5383 7360//5367 7362//5370 7371//7505
f 7352//5361 7356//5368 7357//5364
f 7358//5366 7359//5376 7344//5365
f 7361//5369 7364//5380 7358//5366
f 7378//2977 7377//5386 7380//5390 7381//5392
f 7378//2977 7379//5388 4097//5387
f 7384//7508 7380//5390 7340//5389 7347//7509
f 7396//8030 7391//5401 7393//7510 7395//5499
f 7354//5373 7386//5396 7384//7508
f 7370//5403 7376//7507 7393//7510
f 7391//5401 7396//8030 7409//5412 7394//5404
f 7407//5415 7405//7512 7404//7511 7389//5399
f 7397//5406 4110//2989 4112//2990
f 7389//5399 7404//7511 7400//5393
f 7406//5416 7402//5410 7405//7512
f 7392//5402 7410//5413 7407//5415 7389//5399
f 7392//5402 7394//5404 7409//5412
f 7413//5498 7414//7561 7409//5412 7396//8030
f 7411//5414 7559//5417 7406//5416
f 7415//7513 7410//5413 7409//5412 7414//7561
f 4117//2993 4113//2983 7399//5407 7403//7514
f 7399//5407 7408//5409 7417//5507
f 7419//7517 4118//2996 4117//2993 7421//7515
f 4121//5517 7422//5420 4119//5419
f 7445//5439 7444//5423 7443//5437 7446//5442
f 7417//5507 7421//7515 7403//7514
f 7422//5420 7577//5520 7420//7516
f 7433//5459 7429//5426 7432//5432
f 7431//5425 7437//5431 7432//5432
f 7432//5432 7438//5433 7433//5459
f 7435//7520 7437//5431 7436//5429
f 7418//5418 7443//5437 4120//2995
f 7424//5421 7445//5439 7428//5427 7426//5424
f 7446//5442 7443//5437 7418//5418 7420//7516
f 7424//5421 7425//7519 7456//5450 7453//5446
f 7451//5444 7453//5446 7454//5447
f 7457//5449 7461//7523 7458//5471 7455//5448
f 7463//7522 7458//5471 7461//7523 7464//5451
f 7454//5447 7457//5449 7455//5448
f 7456//5450 7427//7518 7460//5452
f 7457//5449 7460//5452 7461//7523
f 7468//5455 7462//5475 7463//7522 7466//5453
f 7463//7522 7459//7521 7458//5471
f 7464//5451 7465//5457 7466//5453
f 7469//7525 7474//5462 6426//4683 6422//4677
f 7433//5459 7465//5457 7464//5451
f 7472//7524 7474//5462 7469//7525 7467//5456
f 7474//5462 7477//5461 6433//5551 6426//4683
f 7476//5460 7472//7524 7473//5454 7475//7526
f 7478//5464 7476//5460 7475//7526 7593//7527
f 7472//7524 7476//5460 7474//5462
f 7440//5463 7593//7527 7471//5458
f 4201//6962 4177//3042 7452//5445 7480//5469
f 7481//5466 4202//5465 4201//6962 7479//5468
f 7482//7530 4204//7197 4203//3911 7481//5466
f 7480//5469 7452//5445 7455//5448 7484//5467
f 7487//7198 7485//5470 7495//5472 7486//7199
f 7489//7969 7486//7199 7499//7970 7488//7971
f 7481//5466 7485//5470 7487//7198
f 7489//7969 7482//7530 7481//5466 7486//7199
f 7488//7971 6444//7017 6445//7931 7490//7972
f 7491//7973 7489//7969 7488//7971 7490//7972
f 7491//7973 7490//7972 7483//7528 7482//7530
f 7492//8031 7490//7972 6445//7931 6446//8007
f 7482//7530 7489//7969 7491//7973
f 7492//8031 6446//8007 6438//4688 7483//7528
f 7485//5470 7484//5467 7459//7521 7495//5472
f 7483//7528 7490//7972 7492//8031
f 7497//3917 7493//5473 7494//7536 7496//7537
f 7496//7537 6451//7361 6452//7021 7498//7975
f 7499//7970 7497//3917 7496//7537 7498//7975
f 7499//7970 7486//7199 7495//5472 7497//3917
f 7500//7976 7498//7975 6452//7021 6453//8008
f 7500//7976 6453//8008 6444//7017 7488//7971
f 7500//7976 7488//7971 7499//7970 7498//7975
f 7502//5476 6455//4694 6456//7535 7504//7534
f 7503//7532 7493//5473 7462//5475
f 7462//5475 7493//5473 7459//7521
f 7503//7532 7502//5476 7504//7534 7494//7536
f 7504//7534 6457//7533 6451//7361 7496//7537
f 7503//7532 7494//7536 7493//5473
f 7505//3905 7469//7525 6422//4677 6455//4694
f 7470//3901 7469//7525 7505//3905 7501//3903
f 7506//5474 7468//5455 7470//3901 7501//3903
f 7501//3903 7505//3905 7502//5476 7503//7532
f 7462//5475 7468//5455 7506//5474
f 3158//7920 4206//7531 7483//7528 6459//7538
f 7507//7541 7363//5371 6343//5382 6473//7365
f 7507//7541 7508//7543 7371//7505 7363//5371
f 7509//5477 7368//5379 7372//5383 7508//7543
f 7372//5383 7371//7505 7508//7543
f 7515//7546 7510//7539 7373//5384 7509//5477
f 7509//5477 7508//7543 7515//7546
f 7511//8032 7512//7540 7375//7506 7510//7539
f 7510//7539 7518//7547 7511//8032
f 7507//7541 6473//7365 6480//8012 7514//7542
f 7376//7507 7512//7540 7513//5500
f 6483//7371 7516//7544 7514//7542 6480//8012
f 7514//7542 7515//7546 7508//7543
f 7511//8032 7518//7547 7519//8033 7520//8034
f 7517//7545 7518//7547 7515//7546
f 7521//7548 7512//7540 7511//8032 7520//8034
f 7523//7549 7516//7544 6483//7371 6487//5482
f 7513//5500 7521//7548 7522//5478
f 7524//7550 7517//7545 7516//7544 7523//7549
f 7518//7547 7517//7545 7524//7550 7525//5484
f 7519//8033 7518//7547 7525//5484 7526//7551
f 7520//8034 7519//8033 7526//7551 7527//7552
f 7528//8035 7521//7548 7520//8034 7527//7552
f 7528//8035 7527//7552 7532//5486 7533//7554
f 7528//8035 7529//5479 7521//7548
f 7530//5481 7524//7550 7523//7549
f 7534//7553 7529//5479 7528//8035 7533//7554
f 7535//5512 7553//5480 7529//5479 7534//7553
f 7533//7554 7532//5486 7539//5490 7541//5492
f 7536//7556 7537//5487 7530//5481
f 7535//5512 7534//7553 7542//7555 7554//5501
f 7543//5493 7536//7556 6494//5483 6509//4719
f 7543//5493 6509//4719 6506//7378
f 7544//5488 7537//5487 7536//7556 7543//5493
f 7538//5489 7545//5495 7546//5497 7539//5490
f 7542//7555 7541//5492 7540//5491 7547//5502
f 7550//7557 7543//5493 6511//4721 6515//4802
f 6511//4721 7543//5493 6506//7378
f 7659//5570 7547//5502 7540//5491
f 7551//5496 7552//5568 7540//5491 7546//5497
f 7559//5417 7411//5414 7415//7513 7558//7562
f 7376//7507 7513//5500 7395//5499
f 7395//5499 7413//5498 7396//8030
f 7554//5501 7557//7559 7555//5511
f 7414//7561 7558//7562 7415//7513
f 7560//5506 7559//5417 7562//7563 7563//5513
f 7553//5480 7561//7560 7413//5498
f 7414//7561 7561//7560 7558//7562
f 7566//7565 7558//7562 7561//7560 7565//7564
f 7569//5515 7566//7565 7565//7564 7555//5511
f 7417//5507 7567//5509 7568//5605
f 7563//5513 7571//5510 7416//5505
f 7562//7563 7566//7565 7569//5515 7570//5514
f 7569//5515 7555//5511 7557//7559 7572//5516
f 7687//5595 7571//5510 7570//5514 7574//7567
f 7449//5443 7420//7516 7577//5520 7579//5519
f 7571//5510 7687//5595 7575//7566
f 7583//5525 7586//5527 7439//5434 7437//5431
f 7568//5605 7578//5604 7421//7515
f 7581//5549 7579//5519 7702//5522
f 7441//5436 7585//7569 7587//7573 7590//7570
f 7585//7569 7439//5434 7586//5527
f 7589//8036 7588//5528 7592//7580 7593//7527
f 7440//5463 7590//7570 7589//8036 7593//7527
f 7597//8037 7596//8038 7600//7574 7587//7573
f 7585//7569 7598//7571 7597//8037 7587//7573
f 7602//7572 7600//7574 7599//5529 7588//5528
f 7587//7573 7602//7572 7589//8036 7590//7570
f 7588//5528 7589//8036 7602//7572
f 7591//5550 7601//5530 6568//4765 6560//4783
f 7595//5526 7606//8039 7598//7571 7586//5527
f 7591//5550 7592//7580 7588//5528
f 7596//8038 7597//8037 7606//8039
f 7597//8037 7598//7571 7606//8039
f 7605//7575 7599//5529 7600//7574 7596//8038
f 7610//5533 7609//7578 7595//5526 7604//5531
f 7604//5531 7594//5524 7603//5547
f 7612//7576 7611//5536 7605//7575 7596//8038
f 7608//7577 7606//8039 7595//5526 7609//7578
f 7596//8038 7606//8039 7612//7576
f 7606//8039 7608//7577 7612//7576
f 7607//5532 7613//5535 6574//4770 6573//4763
f 7619//5627 7620//5534 7604//5531 7603//5547
f 7611//5536 7613//5535 7605//7575
f 7612//7576 7614//5540 7615//5539
f 7448//5441 7623//7579 7622//5545 7450//5544
f 7614//5540 7609//7578 7711//5543
f 7581//5549 7582//5610 7625//5546 7624//5548
f 7579//5519 7623//7579 7449//5443
f 7592//7580 7591//5550 7477//5461 7478//5464
f 6584//6720 4603//7748 5636//6722 7626//7581
f 6586//7796 6585//1542 7626//7581 7627//7864
f 7629//8040 6589//7797 6586//7796 7627//7864
f 7630//8041 7629//8040 7626//7581 7628//5554
f 7626//7581 7629//8040 7627//7864
f 7631//7867 6592//7798 6589//7797 7629//8040
f 7630//8041 7632//8042 7631//7867 7629//8040
f 6593//7800 6592//7798 7631//7867 7633//7869
f 7628//5554 7632//8042 7630//8041
f 5641//5553 5649//7239 7634//7582 7628//5554
f 7632//8042 7635//6724 7638//7870 7631//7867
f 7632//8042 7628//5554 7634//7582 7635//6724
f 7637//7871 6598//7801 6593//7800 7633//7869
f 7633//7869 7631//7867 7638//7870 7637//7871
f 7639//8043 7634//7582 5649//7239 5654//7753
f 7636//6723 7640//2285 7643//2282 7635//6724
f 7636//6723 7634//7582 7639//8043 7640//2285
f 7641//6730 6601//7803 6598//7801 7637//7871
f 7638//7870 7642//2284 7641//6730 7637//7871
f 7638//7870 7635//6724 7643//2282 7642//2284
f 6602//6726 6601//7803 7641//6730 7644//6727
f 7647//5557 7645//5555 6604//7391 7646//5560
f 6604//7391 7645//5555 6605//4785
f 6604//7391 6606//4788 7646//5560
f 7652//5577 7649//5562 7653//5563 7655//5565
f 6613//4909 7650//5561 6610//4790
f 7650//5561 7653//5563 7651//5558
f 7550//7557 7549//7558 7656//7583 7548//5494
f 6515//4802 6628//4804 7549//7558
f 7663//5573 7660//7584 6629//4809 6633//4811
f 7660//7584 6628//4804 6629//4809
f 7666//5574 7648//5559 7669//5575 7668//7586
f 7664//5556 7656//7583 7660//7584
f 7668//7586 7665//5571 7667//7585
f 7668//7586 7669//5575 7671//5576 7672//7587
f 7655//5565 7779//5652 7672//7587 7671//5576
f 7556//5503 7676//5578 7675//7588 7557//7559
f 7684//7589 7572//5516 7557//7559 7675//7588
f 7682//5583 7803//5589 7683//5673
f 7573//5591 7575//7566 7691//5594 7688//5592
f 7675//7588 7680//5580 7684//7589
f 7704//5608 7700//5521 7701//5607 7705//5611
f 7690//5593 7804//5596 7687//5595
f 7683//5673 7804//5596 7690//5593
f 7693//5598 7813//5682 7695//5599
f 7697//5601 7829//5694 7698//5602
f 7701//5607 7700//5521 7580//7568
f 7711//5543 7609//7578 7620//5534 7715//5621
f 7708//5711 7710//5613 7704//5608
f 7694//5600 7848//5614 7705//5611
f 7620//5534 7619//5627 7713//7591 7715//5621
f 7717//7592 6681//4857 6674//4777 7712//5617
f 7696//5603 7698//5602 7720//5619 7713//7591
f 7722//7593 6686//4860 6681//4857 7717//7592
f 7698//5602 7699//5625 7714//5620 7720//5619
f 7722//7593 7717//7592 7718//5622
f 5654//7753 5758//758 7725//2286 7639//8043
f 7722//7593 7723//7594 6686//4860
f 7642//2284 7727//2283 7726//6729 7641//6730
f 7639//8043 7725//2286 7640//2285
f 7640//2285 7728//5628 7729//2289 7643//2282
f 7730//7873 6698//6532 6693//6728 7644//6727
f 7731//6731 7730//7873 7644//6727 7726//6729
f 7736//2291 7732//7874 7730//7873 7731//6731
f 7731//6731 7726//6729 7727//2283
f 7730//7873 7732//7874 6698//6532
f 7725//2286 5759//4163 5768//7987 7733//8044
f 7725//2286 7733//8044 7734//5631 7728//5628
f 7729//2289 7735//5629 7737//5630 7727//2283
f 7731//6731 7727//2283 7737//5630
f 6705//7402 6698//6532 7732//7874 7739//7597
f 7740//2300 7739//7597 7732//7874 7736//2291
f 7738//2290 7741//5632 7740//2300 7736//2291
f 7733//8044 5768//7987 5777//4184 7742//5718
f 7737//5630 7741//5632 7738//2290
f 7734//5631 7733//8044 7742//5718 7744//5635
f 7735//5629 7734//5631 7743//5634 7745//7596
f 7741//5632 7737//5630 7746//5640 7748//5637
f 7751//5741 6714//7405 6705//7402 7739//7597
f 7745//7596 7743//5634 7749//5636
f 7752//7598 7751//5741 7739//7597 7747//5633
f 6727//4932 6726//4887 7763//7602 7762//5662
f 7744//5635 7754//5724 7749//5636
f 7755//5721 7745//7596 7749//5636
f 7756//5641 7746//5640 7755//5721
f 7756//5641 7760//5722 7753//5639
f 7751//5741 7758//7600 7761//7620
f 6726//4887 6729//4889 7765//5645 7763//7602
f 7765//5645 7768//5643 7931//5764 7769//5646
f 6735//4891 7767//5762 7768//5643
f 7766//5647 7769//5646 7770//5767 7771//5649
f 7775//7603 7778//5651 7774//5653 7776//7605
f 7773//5650 6753//4908 6751//8017
f 6613//4909 6753//4908 7773//5650
f 6613//4909 7773//5650 7650//5561
f 7654//5564 7653//5563 7775//7603 7776//7605
f 7779//5652 7655//5565 7654//5564 7776//7605
f 7778//5651 7781//5659 7782//7608 7785//5654
f 6751//8017 6758//4914 7777//7604
f 6751//8017 7777//7604 7773//5650
f 6756//7408 6761//4919 7780//5657
f 7780//5657 7773//5650 7777//7604
f 7786//5660 6772//4930 6725//7409 7762//5662
f 7778//5651 7785//5654 7774//5653
f 6765//7606 7783//5656 6767//4921
f 6767//4921 7783//5656 6760//5655
f 7784//7607 7782//7608 7781//5659
f 7784//7607 7781//5659 7788//5658 7789//5668
f 6772//4930 7786//5660 6765//7606
f 7787//8045 7789//5668 7788//5658
f 7787//8045 7788//5658 7790//5661 7792//5664
f 7803//5589 7801//5588 7800//7609 7806//5679
f 7787//8045 7792//5664 7789//5668
f 7798//5672 7796//5670 7795//5669
f 7799//5792 7797//7610 7958//5671
f 7801//5588 7803//5589 7679//5585
f 7802//5674 7806//5679 7683//5673
f 7807//5678 7809//5676 7811//5806 7812//7611
f 7816//8046 7813//5682 7805//5677 7818//5686
f 7813//5682 7816//8046 7820//5683
f 7820//5683 7816//8046 7818//5686 7810//7612
f 7815//5685 7819//5688 7821//7613 7817//5690
f 7821//7613 7819//5688 7999//5825 7825//5691
f 7822//5689 8001//5827 8000//5693
f 7812//7611 7977//5687 7810//7612
f 7829//5694 7850//7590 7832//5717 7834//5697
f 7698//5602 7827//5696 7826//7614
f 7724//5626 7826//7614 7830//5699
f 7828//5695 7836//5698 7830//5699 7827//5696
f 7833//7616 7837//7615 6820//7421 6816//4963
f 7839//5705 7840//5702 7836//5698 7828//5695
f 6823//7617 7837//7615 7841//5708 6815//4959
f 7842//5706 7846//5838 7835//5700 7840//5702
f 7841//5708 7843//5707 6831//7422 6815//4959
f 7843//5707 7847//5710 6830//5085 6831//7422
f 7824//5692 7823//5849 7852//5715 7853//5713
f 7694//5600 7814//5684 7848//5614
f 7814//5684 7817//5690 7848//5614
f 7851//5712 7848//5614 7822//5689
f 7856//7618 6834//7424 6686//4860 7723//7594
f 7844//5709 7838//5703 7854//5716
f 7699//5625 7826//7614 7724//5626
f 7857//8047 6835//7425 6834//7424 7856//7618
f 7831//5701 7857//8047 7856//7618 7855//7595
f 6835//7425 7858//8048 7833//7616 6816//4963
f 7858//8048 7857//8047 7831//5701 7833//7616
f 6835//7425 7857//8047 7858//8048
f 7756//5641 7755//5721 7860//5720 7861//5726
f 7860//5720 7749//5636 7754//5724
f 7742//5718 5777//4184 5933//7269 7866//7621
f 7868//7622 7873//5733 7876//7625 7862//5723
f 7760//5722 7861//5726 7868//7622
f 7862//5723 7870//7624 7865//5727
f 7876//7625 7878//7626 7901//8049 7870//7624
f 7867//5728 7873//5733 7868//7622
f 7874//5737 7754//5724 7859//5719
f 7875//8050 7865//5727 7870//7624
f 7872//5730 7877//5732 7867//5728
f 7879//5734 7882//8051 7881//8052 7878//7626
f 7873//5733 7878//7626 7876//7625
f 7882//8051 7879//5734 7884//5736 7885//7643
f 7884//5736 7879//5734 7877//5732
f 7888//5742 7751//5741 7761//7620 7889//7627
f 7886//5739 7887//5853 7874//5737
f 6870//7429 6877//4998 7890//5745 7891//5746
f 6871//5030 6870//7429 7891//5746 7892//7628
f 7893//7630 6874//7432 6845//5740 7888//5742
f 7893//7630 7888//5742 7889//7627 7894//8053
f 7869//7623 7895//8054 7894//8053 7889//7627
f 7875//8050 7895//8054 7869//7623 7865//5727
f 7896//7629 7893//7630 7894//8053 7897//8055
f 7875//8050 7900//8056 7897//8055 7895//8054
f 7894//8053 7895//8054 7897//8055
f 6875//5748 7898//5744 6876//5743
f 7901//8049 7900//8056 7875//8050 7870//7624
f 6885//7435 6874//7432 7896//7629 7902//8057
f 7903//7631 7902//8057 7896//7629 7897//8055
f 7904//5754 7903//7631 7897//8055 7900//8056
f 6885//7435 7902//8057 7905//5749 6888//7436
f 7906//5753 7905//5749 7902//8057 7903//7631
f 7907//5751 7903//7631 7904//5754 7908//5752
f 7901//8049 7916//8058 7915//8059 7900//8056
f 7911//5758 7912//5760 7899//5747
f 7913//5759 7914//7632 7912//5760
f 7917//7635 7916//8058 7901//8049 7878//7626
f 7904//5754 7900//8056 7915//8059 7918//5755
f 7918//5755 7916//8058 7917//7635 7919//7637
f 7915//8059 7916//8058 7918//5755
f 7920//7633 7908//5752 7918//5755 7919//7637
f 7917//7635 7878//7626 7881//8052 7923//7636
f 7919//7637 7921//5757 7920//7633
f 7924//7650 7923//7636 7881//8052 7882//8051
f 7927//7638 7922//7634 7925//5864 8043//5863
f 7924//7650 7919//7637 7923//7636
f 7925//5864 7919//7637 7924//7650
f 7882//8051 7885//7643 7924//7650
f 6916//7448 7929//5770 7767//5762 6735//4891
f 6926//5029 7934//5772 7935//5769 6921//5021
f 6869//7449 7934//5772 6926//5029
f 7930//5763 7936//5771 7937//5775 7938//8060
f 6921//5021 7935//5769 6915//5019
f 7932//5765 7931//5764 7930//5763 7938//8060
f 7933//5766 7932//5765 7938//8060 7943//5768
f 7936//5771 7940//5774 7941//7639 7942//5776
f 7934//5772 6869//7449 7892//7628
f 7943//5768 7938//8060 7937//5775 7942//5776
f 7939//5773 7899//5747 7914//7632 7944//7640
f 7940//5774 7939//5773 7944//7640 7941//7639
f 7942//5776 7947//5779 7946//5778 7943//5768
f 7946//5778 7945//5790 7943//5768
f 7926//5761 8045//5867 7953//5784 7928//5783
f 7952//5786 7951//5781 7955//5881 7956//5787
f 7981//5809 7811//5806 7978//5805 7980//5807
f 7966//5797 7963//5799 7960//5793
f 7969//5798 7971//5883 7970//5801
f 7811//5806 7979//5808 7812//7611
f 7812//7611 7979//5808 7977//5687
f 7959//5680 7963//5799 7975//5681
f 8001//5827 7825//5691 7999//5825 7983//5814
f 7980//5807 7974//5804 7984//5816
f 7987//5812 7985//5811 7984//5816
f 7997//5846 7996//5845 8109//5926
f 7823//5849 7824//5692 8002//5824
f 8002//5824 8008//5829 8007//5832 8004//5830
f 8000//5693 8003//5826 8002//5824
f 7990//5818 7992//5817 8009//5835 7844//5709
f 8090//5909 8006//5828 7983//5814
f 8091//5834 8007//5832 8008//5829
f 6829//5086 7847//5710 8011//5842
f 8015//5841 6986//5094 6829//5086 8011//5842
f 7998//5847 6994//5099 6988//7453 8018//7641
f 8013//5836 8010//5839 8016//5844
f 6988//7453 8014//5843 8018//7641
f 7990//5818 7844//5709 7854//5716 7991//5819
f 7883//5735 8020//7647 8021//7644 7884//5736
f 7880//5731 7887//5853 8024//5854 8025//7646
f 5951//5850 6022//4386 8022//5851
f 7883//5735 7880//5731 8025//7646 8020//7647
f 8028//5856 8023//5852 8022//5851 8027//7645
f 8031//5855 8020//7647 8025//7646 8028//5856
f 6028//4391 8029//7648 8028//5856
f 8028//5856 8029//7648 8030//5857
f 8043//5863 8026//5865 8048//5869 8044//5871
f 8033//5870 8032//7649 8034//5872
f 8029//7648 8035//5858 8032//7649
f 8032//7649 8036//5876 8034//5872
f 8037//5859 8039//5860 8040//5862
f 7927//7638 8045//5867 7926//5761
f 8060//5886 8061//5878 8053//7651 8063//5888
f 8034//5872 8048//5869 8033//5870
f 8049//5874 8047//5866 8046//5868
f 8036//5876 8049//5874 8034//5872
f 8042//5861 8053//7651 8052//5880
f 8059//5879 8057//5884 8056//5885
f 8059//5879 8061//5878 8060//5886
f 8068//5892 7974//5804 8065//5891 8066//5894
f 7972//5803 8065//5891 7974//5804
f 8071//5918 8067//5893 8069//5896 8070//7652
f 8083//5904 8079//5907 8078//7653 8084//5901
f 8074//5994 8075//5917 8071//5918
f 7988//5815 7987//5812 8089//5908 7986//5910
f 8076//5922 8099//5919 8072//5899 8077//5898
f 8105//5924 7998//5847 8019//7642 8106//7654
f 8104//5928 7997//5846 8109//5926
f 7996//5845 7993//5823 8103//5822
f 8107//5925 8108//5932 8102//5923 7994//5820
f 8105//5924 8110//7655 7080//7461 7078//5848
f 8111//5931 8112//5929 8109//5926 8103//5822
f 8106//7654 7997//5846 8104//5928
f 8110//7655 8106//7654 8113//5927
f 8113//5927 8106//7654 8104//5928
f 8107//5925 8078//7653 8108//5932
f 8114//5933 8117//5939 7095//7656 7093//5934
f 7086//5186 7080//7461 8110//7655
f 8114//5933 8113//5927 8115//5937
f 8111//5931 8081//5906 8112//5929
f 8093//5915 8118//5941 8005//5831 8007//5832
f 8115//5937 8116//5930 8088//6007
f 8137//5959 8126//5951 8139//5961 8140//7657
f 8107//5925 8101//5833 8118//5941
f 6101//4399 8041//5944 6034//4398
f 8041//5944 8119//5943 8042//5861
f 8136//5952 8120//5946 8125//5945
f 8119//5943 8136//5952 8053//7651
f 8136//5952 8126//5951 8137//5959
f 8137//5959 8138//5998 8064//5889
f 8139//5961 8126//5951 8127//5953 8145//5954
f 8142//5960 8141//5963 8140//7657
f 8154//5971 8157//5974 8159//5976 8155//6011
f 8142//5960 8147//5964 8141//5963
f 8142//5960 8148//5967 8147//5964
f 8145//5954 8129//6067 8148//5967
f 8158//5973 8167//5988 8135//5983 8157//5974
f 8158//5973 8153//6000 8156//5989 8167//5988
f 8166//5987 8169//5986 7158//7464 7152//7465
f 8169//5986 8171//5993 7161//7463 7158//7464
f 8179//5997 8144//5962 8143//6001 8178//6002
f 8151//5972 8180//6003 8175//6015
f 8087//5905 8184//6004 8187//6012 8086//5936
f 8183//6008 8084//5901 8180//6003 8152//6013
f 8182//5938 8188//6010 7168//5262 7072//5256
f 8189//6014 8166//5987 7152//7465 7174//5264
f 8189//6014 8186//6009 8161//5981
f 8197//8061 8195//7658 8194//7660 8196//6044
f 8197//8061 8192//6036 8191//6035 8195//7658
f 8202//6024 8195//7658 8193//6038 8201//7662
f 8203//6027 8194//7660 8195//7658 8202//6024
f 8205//6018 8198//7659 8194//7660 8203//6027
f 6180//6040 8209//7661 8210//6020 8199//6022
f 8201//7662 8200//6019 8211//6021 8277//7675
f 8202//6024 8201//7662 8277//7675 8212//6025
f 8229//6043 8223//6075 8224//6074 8227//6041
f 8221//6037 8215//6030 6187//4522
f 8217//6032 8200//6019 8193//6038
f 8199//6022 8200//6019 8221//6037
f 8229//6043 8231//6045 8232//6047 8228//6051
f 8196//6044 8192//6036 8197//8061
f 8230//6055 8232//6047 8231//6045
f 8236//7664 8238//6056 8230//6055 8231//6045
f 8198//7659 8235//8062 8236//7664
f 8196//6044 8198//7659 8236//7664
f 8235//8062 8237//6053 8238//6056
f 8235//8062 8238//6056 8236//7664
f 8241//6048 8238//6056 8237//6053 8240//6052
f 8243//6049 8240//6052 8239//6054 8252//6063
f 8246//7665 8235//8062 8198//7659 8205//6018
f 8240//6052 8243//6049 8241//6048
f 8249//7666 8237//6053 8235//8062 8246//7665
f 8251//6060 8239//6054 8237//6053 8248//7667
f 7225//5300 8252//6063 8250//6062 7234//5301
f 8254//7670 8253//7668 8247//6061 8248//7667
f 8245//6065 8246//7665 8204//6017
f 8245//6065 8254//7670 8248//7667 8249//7666
f 8250//6062 8247//6061 8255//7669 7233//7485
f 7234//5301 8250//6062 7233//7485
f 8255//7669 8256//7672 7238//7492 7233//7485
f 8245//6065 8213//6092 8254//7670
f 8259//5968 8260//6066 8219//6069 8222//7663
f 8264//6076 8229//6043 8228//6051 8268//6078
f 8130//5970 8222//7663 8224//6074
f 8262//6073 8261//6071 8265//6077
f 8266//7673 8267//5992 8271//6080
f 8274//6081 8273//6083 7250//7489 7247//5316
f 8262//6073 8268//6078 8269//6072
f 7248//5317 8271//6080 8270//6082
f 8171//5993 8275//6085 7253//8021 7161//7463
f 7250//7489 8273//6083 7249//7674
f 8275//6085 8266//7673 7245//6084 7253//8021
f 8211//6021 8210//6020 8284//6096 8285//6095
f 8266//7673 8275//6085 8267//5992
f 8213//6092 8208//6029 8283//6087
f 8286//6099 8277//7675 8211//6021 8285//6095
f 7268//5326 7238//7492 8307//7676 8288//6093
f 6184//7316 6216//4541 8284//6096 8209//7661
f 8290//6090 8283//6087 8281//2640
f 7271//5333 7268//5326 8288//6093 8295//6101
f 8289//6088 8293//2658 8281//2640
f 8296//2652 8295//6101 8288//6093 8287//6091
f 8284//6096 6216//4541 6223//7326 8304//6105
f 8291//6097 8284//6096 8304//6105 8299//7677
f 7284//1914 7271//5333 8295//6101 8302//2656
f 8303//2657 8302//2656 8295//6101 8294//6100
f 8301//2655 8300//2654 8303//2657 8298//2649
f 8213//6092 8280//6094 8257//7671 8254//7670
f 8292//6098 8305//6824 8293//2658
f 8293//2658 8306//2653 8301//2655
f 8256//7672 8307//7676 7238//7492
f 8310//2661 7289//1919 7284//1914 8302//2656
f 8310//2661 8302//2656 8300//2654 8308//6826
f 8316//6830 8314//2660 8310//2661 8308//6826
f 8304//6105 8312//7678 8299//7677
f 8305//6824 8313//7679 8309//2659
f 8317//7680 8318//7683 8309//2659 8313//7679
f 8308//6826 8315//6829 8316//6830
f 7295//6625 7289//1919 8314//2660 8319//6855
f 8320//7896 8319//6855 8314//2660 8315//6829
f 8320//7896 8315//6829 8309//2659 8318//7683
f 6232//6103 6245//7328 8321//7681 8311//6104
f 8323//7682 8322//6859 8320//7896 8318//7683
f 8319//6855 8322//6859 7297//6639 7298//6856
f 8327//7684 8321//7681 8324//6861 8326//6858
f 8320//7896 8322//6859 8319//6855
f 6245//7328 8324//6861 8321//7681
f 7302//6645 7297//6639 8322//6859 8328//6860
f 8323//7682 8326//6858 8325//7897 8328//6860
f 8330//6862 8329//6863 8325//7897 8326//6858
f 8331//7898 8329//6863 7304//6647 7305//7832
f 8331//7898 7305//7832 7302//6645 8328//6860
f 8331//7898 8328//6860 8325//7897 8329//6863
f 7308//7834 7304//6647 8329//6863 8334//6864
f 8333//6865 8324//6861 6249//6431
f 8330//6862 8333//6865 8332//7899 8334//6864
f 6254//2752 8335//2751 8332//7899 8333//6865
f 8324//6861 8333//6865 8330//6862
f 8336//7900 8335//2751 7309//6648 7310//7836
f 8336//7900 7310//7836 7308//7834 8334//6864
f 8336//7900 8334//6864 8332//7899 8335//2751
f 8335//2751 6253//2753 5240//6433 7311//6866
